API Start (ns),API Dur (ns),Queue Start (ns),Queue Dur (ns),Kernel Start (ns),Kernel Dur (ns),Total Dur (ns),PID,TID,DevId,API Function,GridXYZ,BlockXYZ,Kernel Name
14512775175,288018,,,14513059408,864,288018,125,125,6,cudaLaunchKernel,   1    1    1,   1    1    1,<unnamed>::warmup_kernel(double *)
14513375944,38649,,,14513412908,2208,39172,125,125,6,cudaLaunchKernel, 576    1    1, 256    1    1,"<unnamed>::pack_face_x(const double *, double *, int, int, int, int, int)"
14513417063,26783,14513443846,1830,14513445676,2944,31557,125,125,6,cudaLaunchKernel, 576    1    1, 256    1    1,"<unnamed>::pack_face_y(const double *, double *, int, int, int, int, int)"
14513445844,22594,14513468438,1750,14513470188,7136,31480,125,125,6,cudaLaunchKernel, 576    1    1, 256    1    1,"<unnamed>::pack_face_z(const double *, double *, int, int, int, int, int)"
14523607876,229676,,,14523834421,896,229676,122,122,3,cudaLaunchKernel,   1    1    1,   1    1    1,<unnamed>::warmup_kernel(double *)
14524117893,35945,14524153838,964,14524154802,2208,39117,122,122,3,cudaLaunchKernel, 576    1    1, 256    1    1,"<unnamed>::pack_face_x(const double *, double *, int, int, int, int, int)"
14524156549,33505,14524190054,1804,14524191858,3104,38413,122,122,3,cudaLaunchKernel, 576    1    1, 256    1    1,"<unnamed>::pack_face_y(const double *, double *, int, int, int, int, int)"
14524192075,19076,14524211151,1123,14524212274,6976,27175,122,122,3,cudaLaunchKernel, 576    1    1, 256    1    1,"<unnamed>::pack_face_z(const double *, double *, int, int, int, int, int)"
14528680261,214780,,,14528894280,896,214915,120,120,1,cudaLaunchKernel,   1    1    1,   1    1    1,<unnamed>::warmup_kernel(double *)
14529169766,43676,14529213442,580,14529214022,2272,46528,120,120,1,cudaLaunchKernel, 576    1    1, 256    1    1,"<unnamed>::pack_face_x(const double *, double *, int, int, int, int, int)"
14529215810,36715,14529252525,2425,14529254950,2848,41988,120,120,1,cudaLaunchKernel, 576    1    1, 256    1    1,"<unnamed>::pack_face_y(const double *, double *, int, int, int, int, int)"
14529258072,24806,14529282878,2183,14529285061,6688,33677,120,120,1,cudaLaunchKernel, 576    1    1, 256    1    1,"<unnamed>::pack_face_z(const double *, double *, int, int, int, int, int)"
14596663542,289506,,,14596948032,864,289506,123,123,4,cudaLaunchKernel,   1    1    1,   1    1    1,<unnamed>::warmup_kernel(double *)
14597340013,42342,14597382355,906,14597383261,2240,45488,123,123,4,cudaLaunchKernel, 576    1    1, 256    1    1,"<unnamed>::pack_face_x(const double *, double *, int, int, int, int, int)"
14597385214,29978,14597415192,2725,14597417917,2752,35455,123,123,4,cudaLaunchKernel, 576    1    1, 256    1    1,"<unnamed>::pack_face_y(const double *, double *, int, int, int, int, int)"
14597417380,27760,,,14597443453,6784,32857,123,123,4,cudaLaunchKernel, 576    1    1, 256    1    1,"<unnamed>::pack_face_z(const double *, double *, int, int, int, int, int)"
14605635045,251299,,,14605885223,896,251299,124,124,5,cudaLaunchKernel,   1    1    1,   1    1    1,<unnamed>::warmup_kernel(double *)
14606237911,52372,,,14606288834,2176,53099,124,124,5,cudaLaunchKernel, 576    1    1, 256    1    1,"<unnamed>::pack_face_x(const double *, double *, int, int, int, int, int)"
14606293329,26971,14606320300,1398,14606321698,3008,31377,124,124,5,cudaLaunchKernel, 576    1    1, 256    1    1,"<unnamed>::pack_face_y(const double *, double *, int, int, int, int, int)"
14606322050,26182,14606348232,953,14606349185,6976,34111,124,124,5,cudaLaunchKernel, 576    1    1, 256    1    1,"<unnamed>::pack_face_z(const double *, double *, int, int, int, int, int)"
14617573419,228289,,,14617797852,896,228289,119,119,0,cudaLaunchKernel,   1    1    1,   1    1    1,<unnamed>::warmup_kernel(double *)
14618078716,38449,14618117165,1069,14618118234,2176,41694,119,119,0,cudaLaunchKernel, 576    1    1, 256    1    1,"<unnamed>::pack_face_x(const double *, double *, int, int, int, int, int)"
14618119791,31339,14618151130,1823,14618152953,3168,36330,119,119,0,cudaLaunchKernel, 576    1    1, 256    1    1,"<unnamed>::pack_face_y(const double *, double *, int, int, int, int, int)"
14618150928,241196,,,14618390609,896,241196,121,121,2,cudaLaunchKernel,   1    1    1,   1    1    1,<unnamed>::warmup_kernel(double *)
14618156858,33121,14618189979,1054,14618191033,6784,40959,119,119,0,cudaLaunchKernel, 576    1    1, 256    1    1,"<unnamed>::pack_face_z(const double *, double *, int, int, int, int, int)"
14618714625,42409,14618757034,1507,14618758541,2176,46092,121,121,2,cudaLaunchKernel, 576    1    1, 256    1    1,"<unnamed>::pack_face_x(const double *, double *, int, int, int, int, int)"
14618762950,28126,14618791076,872,14618791948,2912,31910,121,121,2,cudaLaunchKernel, 576    1    1, 256    1    1,"<unnamed>::pack_face_y(const double *, double *, int, int, int, int, int)"
14618796268,26037,14618822305,2251,14618824556,6880,35168,121,121,2,cudaLaunchKernel, 576    1    1, 256    1    1,"<unnamed>::pack_face_z(const double *, double *, int, int, int, int, int)"
14634524367,61954,,,14634585184,2080,62897,120,120,1,cudaLaunchKernel, 576    1    1, 256    1    1,"<unnamed>::unpack_face_x(const double *, double *, int, int, int, int, int)"
14634588953,33866,14634622819,1404,14634624223,1856,37126,120,120,1,cudaLaunchKernel, 576    1    1, 256    1    1,"<unnamed>::unpack_face_y(const double *, double *, int, int, int, int, int)"
14634628266,30108,14634658374,793,14634659167,4576,35477,120,120,1,cudaLaunchKernel, 576    1    1, 256    1    1,"<unnamed>::unpack_face_z(const double *, double *, int, int, int, int, int)"
14634807676,31534,14634839210,724,14634839934,1504,33762,120,120,1,cudaLaunchKernel,   1    2    2,  32    4    4,"<unnamed>::step_kernel_interior(const double *, const double *, double *, const double *, const double *, int, int, int, int, int, int, int, double, double)"
14634841260,34940,,,14634871806,1440,34940,120,120,1,cudaLaunchKernel,   1    1    1, 256    1    1,"<unnamed>::step_kernel_boundary_x_faces(const double *, const double *, double *, const double *, const double *, int, int, int, int, int, int, int, double, double)"
14634878417,26067,14634904484,1530,14634906014,1472,29069,120,120,1,cudaLaunchKernel,   1    1    1, 256    1    1,"<unnamed>::step_kernel_boundary_y_faces(const double *, const double *, double *, const double *, const double *, int, int, int, int, int, int, int, double, double)"
14634906329,24772,14634931101,1569,14634932670,1472,27813,120,120,1,cudaLaunchKernel,   1    1    1, 256    1    1,"<unnamed>::step_kernel_boundary_z_faces(const double *, const double *, double *, const double *, const double *, int, int, int, int, int, int, int, double, double)"
14634943666,10802,14634954468,1050,14634955518,1472,13324,120,120,1,cudaLaunchKernel,   1    2    2,  32    4    4,"<unnamed>::step_kernel_interior(const double *, const double *, double *, const double *, const double *, int, int, int, int, int, int, int, double, double)"
14634955602,9915,14634965517,944,14634966461,1408,12267,120,120,1,cudaLaunchKernel,   1    1    1, 256    1    1,"<unnamed>::step_kernel_boundary_x_faces(const double *, const double *, double *, const double *, const double *, int, int, int, int, int, int, int, double, double)"
14634966407,4903,14634971310,2255,14634973565,1472,8630,120,120,1,cudaLaunchKernel,   1    1    1, 256    1    1,"<unnamed>::step_kernel_boundary_y_faces(const double *, const double *, double *, const double *, const double *, int, int, int, int, int, int, int, double, double)"
14634975059,10655,,,14634984157,1408,10655,120,120,1,cudaLaunchKernel,   1    1    1, 256    1    1,"<unnamed>::step_kernel_boundary_z_faces(const double *, const double *, double *, const double *, const double *, int, int, int, int, int, int, int, double, double)"
14635285655,83964,,,14635365982,1920,83964,123,123,4,cudaLaunchKernel, 576    1    1, 256    1    1,"<unnamed>::unpack_face_x(const double *, double *, int, int, int, int, int)"
14635373488,25690,14635399178,820,14635399998,1984,28494,123,123,4,cudaLaunchKernel, 576    1    1, 256    1    1,"<unnamed>::unpack_face_y(const double *, double *, int, int, int, int, int)"
14635402153,39654,,,14635440573,4448,42868,123,123,4,cudaLaunchKernel, 576    1    1, 256    1    1,"<unnamed>::unpack_face_z(const double *, double *, int, int, int, int, int)"
14635594953,34140,14635629093,343,14635629436,1440,35923,123,123,4,cudaLaunchKernel,   1    2    2,  32    4    4,"<unnamed>::step_kernel_interior(const double *, const double *, double *, const double *, const double *, int, int, int, int, int, int, int, double, double)"
14635635280,35052,14635670332,672,14635671004,1408,37132,123,123,4,cudaLaunchKernel,   1    1    1, 256    1    1,"<unnamed>::step_kernel_boundary_x_faces(const double *, const double *, double *, const double *, const double *, int, int, int, int, int, int, int, double, double)"
14635672515,31910,14635704425,947,14635705372,1440,34297,123,123,4,cudaLaunchKernel,   1    1    1, 256    1    1,"<unnamed>::step_kernel_boundary_y_faces(const double *, const double *, double *, const double *, const double *, int, int, int, int, int, int, int, double, double)"
14635706627,32460,14635739087,1004,14635740091,1472,34936,123,123,4,cudaLaunchKernel,   1    1    1, 256    1    1,"<unnamed>::step_kernel_boundary_z_faces(const double *, const double *, double *, const double *, const double *, int, int, int, int, int, int, int, double, double)"
14635753280,12104,14635765384,915,14635766299,1472,14491,123,123,4,cudaLaunchKernel,   1    2    2,  32    4    4,"<unnamed>::step_kernel_interior(const double *, const double *, double *, const double *, const double *, int, int, int, int, int, int, int, double, double)"
14635766458,11491,14635777949,958,14635778907,1408,13857,123,123,4,cudaLaunchKernel,   1    1    1, 256    1    1,"<unnamed>::step_kernel_boundary_x_faces(const double *, const double *, double *, const double *, const double *, int, int, int, int, int, int, int, double, double)"
14635778849,5732,14635784581,2358,14635786939,1408,9498,123,123,4,cudaLaunchKernel,   1    1    1, 256    1    1,"<unnamed>::step_kernel_boundary_y_faces(const double *, const double *, double *, const double *, const double *, int, int, int, int, int, int, int, double, double)"
14635784961,10799,14635795760,1387,14635797147,1344,13530,123,123,4,cudaLaunchKernel,   1    1    1, 256    1    1,"<unnamed>::step_kernel_boundary_z_faces(const double *, const double *, double *, const double *, const double *, int, int, int, int, int, int, int, double, double)"
14639594387,237821,,,14639828413,896,237821,132,132,7,cudaLaunchKernel,   1    1    1,   1    1    1,<unnamed>::warmup_kernel(double *)
14639911652,57873,,,14639968741,1984,59073,121,121,2,cudaLaunchKernel, 576    1    1, 256    1    1,"<unnamed>::unpack_face_x(const double *, double *, int, int, int, int, int)"
14639926333,64215,,,14639989902,2016,65585,119,119,0,cudaLaunchKernel, 576    1    1, 256    1    1,"<unnamed>::unpack_face_x(const double *, double *, int, int, int, int, int)"
14639972487,35442,14640007929,875,14640008804,1792,38109,121,121,2,cudaLaunchKernel, 576    1    1, 256    1    1,"<unnamed>::unpack_face_y(const double *, double *, int, int, int, int, int)"
14639993701,34757,14640028458,772,14640029230,1920,37449,119,119,0,cudaLaunchKernel, 576    1    1, 256    1    1,"<unnamed>::unpack_face_y(const double *, double *, int, int, int, int, int)"
14640009981,30974,14640040955,1257,14640042212,4224,36455,121,121,2,cudaLaunchKernel, 576    1    1, 256    1    1,"<unnamed>::unpack_face_z(const double *, double *, int, int, int, int, int)"
14640030909,31852,14640062761,1028,14640063789,4288,37168,119,119,0,cudaLaunchKernel, 576    1    1, 256    1    1,"<unnamed>::unpack_face_z(const double *, double *, int, int, int, int, int)"
14640164431,50100,14640214531,1654,14640216185,2143,53897,132,132,7,cudaLaunchKernel, 576    1    1, 256    1    1,"<unnamed>::pack_face_x(const double *, double *, int, int, int, int, int)"
14640204660,41800,,,14640244097,1440,41800,121,121,2,cudaLaunchKernel,   1    2    2,  32    4    4,"<unnamed>::step_kernel_interior(const double *, const double *, double *, const double *, const double *, int, int, int, int, int, int, int, double, double)"
14640216834,40396,14640257230,874,14640258104,3072,44342,132,132,7,cudaLaunchKernel, 576    1    1, 256    1    1,"<unnamed>::pack_face_y(const double *, double *, int, int, int, int, int)"
14640235335,30729,,,14640263788,1440,30729,119,119,0,cudaLaunchKernel,   1    2    2,  32    4    4,"<unnamed>::step_kernel_interior(const double *, const double *, double *, const double *, const double *, int, int, int, int, int, int, int, double, double)"
14640249095,28311,,,14640276609,1440,28954,121,121,2,cudaLaunchKernel,   1    1    1, 256    1    1,"<unnamed>::step_kernel_boundary_x_faces(const double *, const double *, double *, const double *, const double *, int, int, int, int, int, int, int, double, double)"
14640259508,28035,14640287543,2049,14640289592,6912,36996,132,132,7,cudaLaunchKernel, 576    1    1, 256    1    1,"<unnamed>::pack_face_z(const double *, double *, int, int, int, int, int)"
14640268406,31054,14640299460,936,14640300396,1408,33398,119,119,0,cudaLaunchKernel,   1    1    1, 256    1    1,"<unnamed>::step_kernel_boundary_x_faces(const double *, const double *, double *, const double *, const double *, int, int, int, int, int, int, int, double, double)"
14640279150,33607,14640312757,1067,14640313824,1440,36114,121,121,2,cudaLaunchKernel,   1    1    1, 256    1    1,"<unnamed>::step_kernel_boundary_y_faces(const double *, const double *, double *, const double *, const double *, int, int, int, int, int, int, int, double, double)"
14640304993,25100,14640330093,1566,14640331659,1440,28106,119,119,0,cudaLaunchKernel,   1    1    1, 256    1    1,"<unnamed>::step_kernel_boundary_y_faces(const double *, const double *, double *, const double *, const double *, int, int, int, int, int, int, int, double, double)"
14640314586,29586,14640344172,1076,14640345248,1408,32070,121,121,2,cudaLaunchKernel,   1    1    1, 256    1    1,"<unnamed>::step_kernel_boundary_z_faces(const double *, const double *, double *, const double *, const double *, int, int, int, int, int, int, int, double, double)"
14640331930,31620,14640363550,1037,14640364587,1408,34065,119,119,0,cudaLaunchKernel,   1    1    1, 256    1    1,"<unnamed>::step_kernel_boundary_z_faces(const double *, const double *, double *, const double *, const double *, int, int, int, int, int, int, int, double, double)"
14640361087,7030,14640368117,2251,14640370368,1376,10657,121,121,2,cudaLaunchKernel,   1    2    2,  32    4    4,"<unnamed>::step_kernel_interior(const double *, const double *, double *, const double *, const double *, int, int, int, int, int, int, int, double, double)"
14640368723,4804,14640373527,2376,14640375903,1376,8556,121,121,2,cudaLaunchKernel,   1    1    1, 256    1    1,"<unnamed>::step_kernel_boundary_x_faces(const double *, const double *, double *, const double *, const double *, int, int, int, int, int, int, int, double, double)"
14640371580,10620,14640382200,787,14640382987,1408,12815,119,119,0,cudaLaunchKernel,   1    2    2,  32    4    4,"<unnamed>::step_kernel_interior(const double *, const double *, double *, const double *, const double *, int, int, int, int, int, int, int, double, double)"
14640373880,9128,14640383008,767,14640383775,1376,11271,121,121,2,cudaLaunchKernel,   1    1    1, 256    1    1,"<unnamed>::step_kernel_boundary_y_faces(const double *, const double *, double *, const double *, const double *, int, int, int, int, int, int, int, double, double)"
14640383292,14791,,,14640396587,1376,14791,119,119,0,cudaLaunchKernel,   1    1    1, 256    1    1,"<unnamed>::step_kernel_boundary_x_faces(const double *, const double *, double *, const double *, const double *, int, int, int, int, int, int, int, double, double)"
14640383896,10933,14640394829,1362,14640396191,1376,13671,121,121,2,cudaLaunchKernel,   1    1    1, 256    1    1,"<unnamed>::step_kernel_boundary_z_faces(const double *, const double *, double *, const double *, const double *, int, int, int, int, int, int, int, double, double)"
14640399189,7395,14640406584,2003,14640408587,1376,10774,119,119,0,cudaLaunchKernel,   1    1    1, 256    1    1,"<unnamed>::step_kernel_boundary_y_faces(const double *, const double *, double *, const double *, const double *, int, int, int, int, int, int, int, double, double)"
14640406989,5182,14640412171,3840,14640416011,1376,10398,119,119,0,cudaLaunchKernel,   1    1    1, 256    1    1,"<unnamed>::step_kernel_boundary_z_faces(const double *, const double *, double *, const double *, const double *, int, int, int, int, int, int, int, double, double)"
14650790211,61042,,,14650847097,1952,61042,122,122,3,cudaLaunchKernel, 576    1    1, 256    1    1,"<unnamed>::unpack_face_x(const double *, double *, int, int, int, int, int)"
14650854036,34094,14650888130,823,14650888953,1856,36773,122,122,3,cudaLaunchKernel, 576    1    1, 256    1    1,"<unnamed>::unpack_face_y(const double *, double *, int, int, int, int, int)"
14650890199,29410,,,14650918009,4288,32098,122,122,3,cudaLaunchKernel, 576    1    1, 256    1    1,"<unnamed>::unpack_face_z(const double *, double *, int, int, int, int, int)"
14651062708,28563,14651091271,720,14651091991,1472,30755,122,122,3,cudaLaunchKernel,   1    2    2,  32    4    4,"<unnamed>::step_kernel_interior(const double *, const double *, double *, const double *, const double *, int, int, int, int, int, int, int, double, double)"
14651093639,39063,,,14651131127,1407,39063,122,122,3,cudaLaunchKernel,   1    1    1, 256    1    1,"<unnamed>::step_kernel_boundary_x_faces(const double *, const double *, double *, const double *, const double *, int, int, int, int, int, int, int, double, double)"
14651135215,27222,14651162437,1105,14651163542,1440,29767,122,122,3,cudaLaunchKernel,   1    1    1, 256    1    1,"<unnamed>::step_kernel_boundary_y_faces(const double *, const double *, double *, const double *, const double *, int, int, int, int, int, int, int, double, double)"
14651167517,26794,14651194311,1775,14651196086,1408,29977,122,122,3,cudaLaunchKernel,   1    1    1, 256    1    1,"<unnamed>::step_kernel_boundary_z_faces(const double *, const double *, double *, const double *, const double *, int, int, int, int, int, int, int, double, double)"
14651206520,6118,14651212638,1976,14651214614,1408,9502,122,122,3,cudaLaunchKernel,   1    2    2,  32    4    4,"<unnamed>::step_kernel_interior(const double *, const double *, double *, const double *, const double *, int, int, int, int, int, int, int, double, double)"
14651213211,3935,14651217146,2268,14651219414,1344,7547,122,122,3,cudaLaunchKernel,   1    1    1, 256    1    1,"<unnamed>::step_kernel_boundary_x_faces(const double *, const double *, double *, const double *, const double *, int, int, int, int, int, int, int, double, double)"
14651217553,16532,,,14651227158,1408,16532,122,122,3,cudaLaunchKernel,   1    1    1, 256    1    1,"<unnamed>::step_kernel_boundary_y_faces(const double *, const double *, double *, const double *, const double *, int, int, int, int, int, int, int, double, double)"
14651237057,5993,14651243050,2155,14651245205,1408,9556,122,122,3,cudaLaunchKernel,   1    1    1, 256    1    1,"<unnamed>::step_kernel_boundary_z_faces(const double *, const double *, double *, const double *, const double *, int, int, int, int, int, int, int, double, double)"
14654113699,82564,,,14654195332,1984,83617,124,124,5,cudaLaunchKernel, 576    1    1, 256    1    1,"<unnamed>::unpack_face_x(const double *, double *, int, int, int, int, int)"
14654199541,46895,14654246436,480,14654246916,1984,49359,124,124,5,cudaLaunchKernel, 576    1    1, 256    1    1,"<unnamed>::unpack_face_y(const double *, double *, int, int, int, int, int)"
14654249855,32226,14654282081,66,14654282147,4352,36644,124,124,5,cudaLaunchKernel, 576    1    1, 256    1    1,"<unnamed>::unpack_face_z(const double *, double *, int, int, int, int, int)"
14654445932,37390,14654483322,519,14654483841,1440,39349,124,124,5,cudaLaunchKernel,   1    2    2,  32    4    4,"<unnamed>::step_kernel_interior(const double *, const double *, double *, const double *, const double *, int, int, int, int, int, int, int, double, double)"
14654486278,36532,14654522810,775,14654523585,1408,38715,124,124,5,cudaLaunchKernel,   1    1    1, 256    1    1,"<unnamed>::step_kernel_boundary_x_faces(const double *, const double *, double *, const double *, const double *, int, int, int, int, int, int, int, double, double)"
14654525099,35947,14654561046,138,14654561184,1408,37493,124,124,5,cudaLaunchKernel,   1    1    1, 256    1    1,"<unnamed>::step_kernel_boundary_y_faces(const double *, const double *, double *, const double *, const double *, int, int, int, int, int, int, int, double, double)"
14654563344,37434,14654600778,854,14654601632,1408,39696,124,124,5,cudaLaunchKernel,   1    1    1, 256    1    1,"<unnamed>::step_kernel_boundary_z_faces(const double *, const double *, double *, const double *, const double *, int, int, int, int, int, int, int, double, double)"
14654617469,12589,14654630058,1045,14654631103,1376,15010,124,124,5,cudaLaunchKernel,   1    2    2,  32    4    4,"<unnamed>::step_kernel_interior(const double *, const double *, double *, const double *, const double *, int, int, int, int, int, int, int, double, double)"
14654634577,12954,14654647531,724,14654648255,1376,15054,124,124,5,cudaLaunchKernel,   1    1    1, 256    1    1,"<unnamed>::step_kernel_boundary_x_faces(const double *, const double *, double *, const double *, const double *, int, int, int, int, int, int, int, double, double)"
14654648475,13711,,,14654661119,1376,14020,124,124,5,cudaLaunchKernel,   1    1    1, 256    1    1,"<unnamed>::step_kernel_boundary_y_faces(const double *, const double *, double *, const double *, const double *, int, int, int, int, int, int, int, double, double)"
14654664156,12639,14654676795,1156,14654677951,1376,15171,124,124,5,cudaLaunchKernel,   1    1    1, 256    1    1,"<unnamed>::step_kernel_boundary_z_faces(const double *, const double *, double *, const double *, const double *, int, int, int, int, int, int, int, double, double)"
14654945943,74652,,,14655017419,1952,74652,132,132,7,cudaLaunchKernel, 576    1    1, 256    1    1,"<unnamed>::unpack_face_x(const double *, double *, int, int, int, int, int)"
14654989508,63191,,,14655049252,1984,63191,125,125,6,cudaLaunchKernel, 576    1    1, 256    1    1,"<unnamed>::unpack_face_x(const double *, double *, int, int, int, int, int)"
14655024389,38093,,,14655061290,2016,38917,132,132,7,cudaLaunchKernel, 576    1    1, 256    1    1,"<unnamed>::unpack_face_y(const double *, double *, int, int, int, int, int)"
14655055609,27830,14655083439,1685,14655085124,1920,31435,125,125,6,cudaLaunchKernel, 576    1    1, 256    1    1,"<unnamed>::unpack_face_y(const double *, double *, int, int, int, int, int)"
14655065778,26962,,,14655091018,4032,29272,132,132,7,cudaLaunchKernel, 576    1    1, 256    1    1,"<unnamed>::unpack_face_z(const double *, double *, int, int, int, int, int)"
14655085675,25720,,,14655110404,4256,28985,125,125,6,cudaLaunchKernel, 576    1    1, 256    1    1,"<unnamed>::unpack_face_z(const double *, double *, int, int, int, int, int)"
14655270772,34952,,,14655304488,1440,35156,132,132,7,cudaLaunchKernel,   1    2    2,  32    4    4,"<unnamed>::step_kernel_interior(const double *, const double *, double *, const double *, const double *, int, int, int, int, int, int, int, double, double)"
14655286320,31918,,,14655318145,1408,33233,125,125,6,cudaLaunchKernel,   1    2    2,  32    4    4,"<unnamed>::step_kernel_interior(const double *, const double *, double *, const double *, const double *, int, int, int, int, int, int, int, double, double)"
14655309273,33744,14655343017,638,14655343655,1408,35790,132,132,7,cudaLaunchKernel,   1    1    1, 256    1    1,"<unnamed>::step_kernel_boundary_x_faces(const double *, const double *, double *, const double *, const double *, int, int, int, int, int, int, int, double, double)"
14655320527,29520,14655350047,162,14655350209,1408,31090,125,125,6,cudaLaunchKernel,   1    1    1, 256    1    1,"<unnamed>::step_kernel_boundary_x_faces(const double *, const double *, double *, const double *, const double *, int, int, int, int, int, int, int, double, double)"
14655345019,34547,14655379566,761,14655380327,1440,36748,132,132,7,cudaLaunchKernel,   1    1    1, 256    1    1,"<unnamed>::step_kernel_boundary_y_faces(const double *, const double *, double *, const double *, const double *, int, int, int, int, int, int, int, double, double)"
14655351789,30504,,,14655381601,1408,31220,125,125,6,cudaLaunchKernel,   1    1    1, 256    1    1,"<unnamed>::step_kernel_boundary_y_faces(const double *, const double *, double *, const double *, const double *, int, int, int, int, int, int, int, double, double)"
14655384739,24711,14655409450,1654,14655411104,1408,27773,125,125,6,cudaLaunchKernel,   1    1    1, 256    1    1,"<unnamed>::step_kernel_boundary_z_faces(const double *, const double *, double *, const double *, const double *, int, int, int, int, int, int, int, double, double)"
14655385210,34673,14655419883,763,14655420646,1408,36844,132,132,7,cudaLaunchKernel,   1    1    1, 256    1    1,"<unnamed>::step_kernel_boundary_z_faces(const double *, const double *, double *, const double *, const double *, int, int, int, int, int, int, int, double, double)"
14655423758,9325,,,14655432096,1376,9714,125,125,6,cudaLaunchKernel,   1    2    2,  32    4    4,"<unnamed>::step_kernel_interior(const double *, const double *, double *, const double *, const double *, int, int, int, int, int, int, int, double, double)"
14655434396,9700,,,14655442528,1376,9700,125,125,6,cudaLaunchKernel,   1    1    1, 256    1    1,"<unnamed>::step_kernel_boundary_x_faces(const double *, const double *, double *, const double *, const double *, int, int, int, int, int, int, int, double, double)"
14655435647,11889,14655447536,822,14655448358,1408,14119,132,132,7,cudaLaunchKernel,   1    2    2,  32    4    4,"<unnamed>::step_kernel_interior(const double *, const double *, double *, const double *, const double *, int, int, int, int, int, int, int, double, double)"
14655445036,9655,,,14655452768,1376,9655,125,125,6,cudaLaunchKernel,   1    1    1, 256    1    1,"<unnamed>::step_kernel_boundary_y_faces(const double *, const double *, double *, const double *, const double *, int, int, int, int, int, int, int, double, double)"
14655448645,11279,14655459924,914,14655460838,1344,13537,132,132,7,cudaLaunchKernel,   1    1    1, 256    1    1,"<unnamed>::step_kernel_boundary_x_faces(const double *, const double *, double *, const double *, const double *, int, int, int, int, int, int, int, double, double)"
14655455583,9054,,,14655463680,1408,9505,125,125,6,cudaLaunchKernel,   1    1    1, 256    1    1,"<unnamed>::step_kernel_boundary_z_faces(const double *, const double *, double *, const double *, const double *, int, int, int, int, int, int, int, double, double)"
14655460821,11116,14655471937,997,14655472934,1440,13553,132,132,7,cudaLaunchKernel,   1    1    1, 256    1    1,"<unnamed>::step_kernel_boundary_y_faces(const double *, const double *, double *, const double *, const double *, int, int, int, int, int, int, int, double, double)"
14655476051,11681,,,14655486373,1376,11698,132,132,7,cudaLaunchKernel,   1    1    1, 256    1    1,"<unnamed>::step_kernel_boundary_z_faces(const double *, const double *, double *, const double *, const double *, int, int, int, int, int, int, int, double, double)"
14655807897,10630,,,14655816636,2528,11267,125,125,6,cudaLaunchKernel, 576    1    1, 256    1    1,"<unnamed>::pack_face_x(const double *, double *, int, int, int, int, int)"
14655813380,17317,14655830697,539,14655831236,2336,20192,120,120,1,cudaLaunchKernel, 576    1    1, 256    1    1,"<unnamed>::pack_face_x(const double *, double *, int, int, int, int, int)"
14655819595,9884,14655829479,981,14655830460,2304,13169,125,125,6,cudaLaunchKernel, 576    1    1, 256    1    1,"<unnamed>::pack_face_y(const double *, double *, int, int, int, int, int)"
14655821406,13394,14655834800,657,14655835457,2688,16739,132,132,7,cudaLaunchKernel, 576    1    1, 256    1    1,"<unnamed>::pack_face_x(const double *, double *, int, int, int, int, int)"
14655828777,15332,14655844109,711,14655844820,2400,18443,123,123,4,cudaLaunchKernel, 576    1    1, 256    1    1,"<unnamed>::pack_face_x(const double *, double *, int, int, int, int, int)"
14655830599,9954,14655840553,819,14655841372,3712,14485,125,125,6,cudaLaunchKernel, 576    1    1, 256    1    1,"<unnamed>::pack_face_z(const double *, double *, int, int, int, int, int)"
14655831833,9984,14655841817,971,14655842788,2272,13227,120,120,1,cudaLaunchKernel, 576    1    1, 256    1    1,"<unnamed>::pack_face_y(const double *, double *, int, int, int, int, int)"
14655838730,12961,,,14655849672,2432,13374,122,122,3,cudaLaunchKernel, 576    1    1, 256    1    1,"<unnamed>::pack_face_x(const double *, double *, int, int, int, int, int)"
14655838879,11661,,,14655848769,2272,12162,132,132,7,cudaLaunchKernel, 576    1    1, 256    1    1,"<unnamed>::pack_face_y(const double *, double *, int, int, int, int, int)"
14655840584,15971,,,14655855442,2559,17417,119,119,0,cudaLaunchKernel, 576    1    1, 256    1    1,"<unnamed>::pack_face_x(const double *, double *, int, int, int, int, int)"
14655841786,10545,14655852331,881,14655853212,747703,759129,125,125,6,cudaLaunchKernel,  12   96   96,  32    4    4,"<unnamed>::step_kernel_interior(const double *, const double *, double *, const double *, const double *, int, int, int, int, int, int, int, double, double)"
14655842530,13051,14655855581,578,14655856159,2496,16125,121,121,2,cudaLaunchKernel, 576    1    1, 256    1    1,"<unnamed>::pack_face_x(const double *, double *, int, int, int, int, int)"
14655842736,17115,,,14655857554,2464,17282,124,124,5,cudaLaunchKernel, 576    1    1, 256    1    1,"<unnamed>::pack_face_x(const double *, double *, int, int, int, int, int)"
14655842834,10229,14655853063,925,14655853988,3744,14898,120,120,1,cudaLaunchKernel, 576    1    1, 256    1    1,"<unnamed>::pack_face_z(const double *, double *, int, int, int, int, int)"
14655845356,16534,14655861890,946,14655862836,2112,19592,123,123,4,cudaLaunchKernel, 576    1    1, 256    1    1,"<unnamed>::pack_face_y(const double *, double *, int, int, int, int, int)"
14655851659,13273,14655864932,925,14655865857,3552,17750,132,132,7,cudaLaunchKernel, 576    1    1, 256    1    1,"<unnamed>::pack_face_z(const double *, double *, int, int, int, int, int)"
14655852821,10245,14655863066,942,14655864008,2400,13587,122,122,3,cudaLaunchKernel, 576    1    1, 256    1    1,"<unnamed>::pack_face_y(const double *, double *, int, int, int, int, int)"
14655854321,10679,14655865000,924,14655865924,749275,760878,120,120,1,cudaLaunchKernel,  12   96   96,  32    4    4,"<unnamed>::step_kernel_interior(const double *, const double *, double *, const double *, const double *, int, int, int, int, int, int, int, double, double)"
14655858797,13373,14655872170,711,14655872881,2368,16452,119,119,0,cudaLaunchKernel, 576    1    1, 256    1    1,"<unnamed>::pack_face_y(const double *, double *, int, int, int, int, int)"
14655860074,12705,14655872779,340,14655873119,2368,15413,121,121,2,cudaLaunchKernel, 576    1    1, 256    1    1,"<unnamed>::pack_face_y(const double *, double *, int, int, int, int, int)"
14655860995,12894,14655873889,912,14655874801,2240,16046,124,124,5,cudaLaunchKernel, 576    1    1, 256    1    1,"<unnamed>::pack_face_y(const double *, double *, int, int, int, int, int)"
14655862861,13585,14655876446,886,14655877332,3520,17991,123,123,4,cudaLaunchKernel, 576    1    1, 256    1    1,"<unnamed>::pack_face_z(const double *, double *, int, int, int, int, int)"
14655864116,10434,14655874550,850,14655875400,3872,15156,122,122,3,cudaLaunchKernel, 576    1    1, 256    1    1,"<unnamed>::pack_face_z(const double *, double *, int, int, int, int, int)"
14655866177,12335,14655878512,881,14655879393,749143,762359,132,132,7,cudaLaunchKernel,  12   96   96,  32    4    4,"<unnamed>::step_kernel_interior(const double *, const double *, double *, const double *, const double *, int, int, int, int, int, int, int, double, double)"
14655873157,11893,,,14655883601,3680,14124,119,119,0,cudaLaunchKernel, 576    1    1, 256    1    1,"<unnamed>::pack_face_z(const double *, double *, int, int, int, int, int)"
14655873880,8107,14655881987,2107,14655884094,3744,13958,121,121,2,cudaLaunchKernel, 576    1    1, 256    1    1,"<unnamed>::pack_face_z(const double *, double *, int, int, int, int, int)"
14655875039,13008,14655888047,706,14655888753,3744,17458,124,124,5,cudaLaunchKernel, 576    1    1, 256    1    1,"<unnamed>::pack_face_z(const double *, double *, int, int, int, int, int)"
14655875821,5464,14655881285,2179,14655883464,750233,757876,122,122,3,cudaLaunchKernel,  12   96   96,  32    4    4,"<unnamed>::step_kernel_interior(const double *, const double *, double *, const double *, const double *, int, int, int, int, int, int, int, double, double)"
14655877743,11991,14655889734,1006,14655890740,750171,763168,123,123,4,cudaLaunchKernel,  12   96   96,  32    4    4,"<unnamed>::step_kernel_interior(const double *, const double *, double *, const double *, const double *, int, int, int, int, int, int, int, double, double)"
14655886420,8433,14655894853,2009,14655896862,748855,759297,121,121,2,cudaLaunchKernel,  12   96   96,  32    4    4,"<unnamed>::step_kernel_interior(const double *, const double *, double *, const double *, const double *, int, int, int, int, int, int, int, double, double)"
14655886465,11772,,,14655896529,748794,758858,119,119,0,cudaLaunchKernel,  12   96   96,  32    4    4,"<unnamed>::step_kernel_interior(const double *, const double *, double *, const double *, const double *, int, int, int, int, int, int, int, double, double)"
14655889448,12660,14655902108,789,14655902897,749464,762913,124,124,5,cudaLaunchKernel,  12   96   96,  32    4    4,"<unnamed>::step_kernel_interior(const double *, const double *, double *, const double *, const double *, int, int, int, int, int, int, int, double, double)"
14656024313,10929,14656035242,575701,14656610943,3744,590374,120,120,1,cudaLaunchKernel, 576    1    1, 256    1    1,"<unnamed>::unpack_face_x(const double *, double *, int, int, int, int, int)"
14656025319,10940,14656036259,560912,14656597171,4256,576108,125,125,6,cudaLaunchKernel, 576    1    1, 256    1    1,"<unnamed>::unpack_face_x(const double *, double *, int, int, int, int, int)"
14656032310,13736,14656046046,577946,14656623992,3968,595650,132,132,7,cudaLaunchKernel, 576    1    1, 256    1    1,"<unnamed>::unpack_face_x(const double *, double *, int, int, int, int, int)"
14656036498,10083,14656046581,569834,14656616415,2208,582125,120,120,1,cudaLaunchKernel, 576    1    1, 256    1    1,"<unnamed>::unpack_face_y(const double *, double *, int, int, int, int, int)"
14656037458,10709,14656048167,554956,14656603123,2272,567937,125,125,6,cudaLaunchKernel, 576    1    1, 256    1    1,"<unnamed>::unpack_face_y(const double *, double *, int, int, int, int, int)"
14656037979,10803,14656048782,580371,14656629153,3904,595078,122,122,3,cudaLaunchKernel, 576    1    1, 256    1    1,"<unnamed>::unpack_face_x(const double *, double *, int, int, int, int, int)"
14656047122,13536,14656060658,568614,14656629272,2240,584390,132,132,7,cudaLaunchKernel, 576    1    1, 256    1    1,"<unnamed>::unpack_face_y(const double *, double *, int, int, int, int, int)"
14656047293,11868,14656059161,577206,14656636367,4032,593106,123,123,4,cudaLaunchKernel, 576    1    1, 256    1    1,"<unnamed>::unpack_face_x(const double *, double *, int, int, int, int, int)"
14656047601,8761,14656056362,563381,14656619743,8320,580462,120,120,1,cudaLaunchKernel, 576    1    1, 256    1    1,"<unnamed>::unpack_face_z(const double *, double *, int, int, int, int, int)"
14656048731,14582,14656063313,578298,14656641611,4224,597104,119,119,0,cudaLaunchKernel, 576    1    1, 256    1    1,"<unnamed>::unpack_face_x(const double *, double *, int, int, int, int, int)"
14656049098,15488,14656064586,583487,14656648073,3648,602623,124,124,5,cudaLaunchKernel, 576    1    1, 256    1    1,"<unnamed>::unpack_face_x(const double *, double *, int, int, int, int, int)"
14656049139,8650,14656057789,548694,14656606483,9056,566400,125,125,6,cudaLaunchKernel, 576    1    1, 256    1    1,"<unnamed>::unpack_face_z(const double *, double *, int, int, int, int, int)"
14656049946,9690,14656059636,574797,14656634433,2272,586759,122,122,3,cudaLaunchKernel, 576    1    1, 256    1    1,"<unnamed>::unpack_face_y(const double *, double *, int, int, int, int, int)"
14656050236,14622,14656064858,576251,14656641109,3872,594745,121,121,2,cudaLaunchKernel, 576    1    1, 256    1    1,"<unnamed>::unpack_face_x(const double *, double *, int, int, int, int, int)"
14656057702,9979,14656067681,561854,14656629535,8608,580441,120,120,1,cudaLaunchKernel,1152    1    1, 256    1    1,"<unnamed>::step_kernel_boundary_x_faces(const double *, const double *, double *, const double *, const double *, int, int, int, int, int, int, int, double, double)"
14656059042,9639,14656068681,548298,14656616979,8576,566513,125,125,6,cudaLaunchKernel,1152    1    1, 256    1    1,"<unnamed>::step_kernel_boundary_x_faces(const double *, const double *, double *, const double *, const double *, int, int, int, int, int, int, int, double, double)"
14656060214,15952,14656076166,565833,14656641999,2176,583961,123,123,4,cudaLaunchKernel, 576    1    1, 256    1    1,"<unnamed>::unpack_face_y(const double *, double *, int, int, int, int, int)"
14656060653,9659,14656070312,567705,14656638017,7871,585235,122,122,3,cudaLaunchKernel, 576    1    1, 256    1    1,"<unnamed>::unpack_face_z(const double *, double *, int, int, int, int, int)"
14656061722,15829,14656077551,555273,14656632824,7872,578974,132,132,7,cudaLaunchKernel, 576    1    1, 256    1    1,"<unnamed>::unpack_face_z(const double *, double *, int, int, int, int, int)"
14656064844,13117,14656077961,569474,14656647435,2208,584799,119,119,0,cudaLaunchKernel, 576    1    1, 256    1    1,"<unnamed>::unpack_face_y(const double *, double *, int, int, int, int, int)"
14656066171,13110,14656079281,573816,14656653097,2208,589134,124,124,5,cudaLaunchKernel, 576    1    1, 256    1    1,"<unnamed>::unpack_face_y(const double *, double *, int, int, int, int, int)"
14656066480,12519,14656078999,567454,14656646453,2272,582245,121,121,2,cudaLaunchKernel, 576    1    1, 256    1    1,"<unnamed>::unpack_face_y(const double *, double *, int, int, int, int, int)"
14656068643,9542,14656078185,561174,14656639359,8832,579548,120,120,1,cudaLaunchKernel,1146    1    1, 256    1    1,"<unnamed>::step_kernel_boundary_y_faces(const double *, const double *, double *, const double *, const double *, int, int, int, int, int, int, int, double, double)"
14656069633,9369,14656079002,547737,14656626739,8736,565842,125,125,6,cudaLaunchKernel,1146    1    1, 256    1    1,"<unnamed>::step_kernel_boundary_y_faces(const double *, const double *, double *, const double *, const double *, int, int, int, int, int, int, int, double, double)"
14656074334,6396,14656080730,566278,14656647008,8832,581506,122,122,3,cudaLaunchKernel,1152    1    1, 256    1    1,"<unnamed>::step_kernel_boundary_x_faces(const double *, const double *, double *, const double *, const double *, int, int, int, int, int, int, int, double, double)"
14656077220,12379,14656089599,555920,14656645519,7872,576171,123,123,4,cudaLaunchKernel, 576    1    1, 256    1    1,"<unnamed>::unpack_face_z(const double *, double *, int, int, int, int, int)"
14656078824,11899,14656090723,551157,14656641880,9760,572816,132,132,7,cudaLaunchKernel,1152    1    1, 256    1    1,"<unnamed>::step_kernel_boundary_x_faces(const double *, const double *, double *, const double *, const double *, int, int, int, int, int, int, int, double, double)"
14656078948,11171,14656090119,560836,14656650955,8416,580423,119,119,0,cudaLaunchKernel, 576    1    1, 256    1    1,"<unnamed>::unpack_face_z(const double *, double *, int, int, int, int, int)"
14656079174,9708,14656088882,560525,14656649407,67456,637689,120,120,1,cudaLaunchKernel,1141    1    1, 256    1    1,"<unnamed>::step_kernel_boundary_z_faces(const double *, const double *, double *, const double *, const double *, int, int, int, int, int, int, int, double, double)"
14656079902,9106,14656089008,547651,14656636659,66463,623220,125,125,6,cudaLaunchKernel,1141    1    1, 256    1    1,"<unnamed>::step_kernel_boundary_z_faces(const double *, const double *, double *, const double *, const double *, int, int, int, int, int, int, int, double, double)"
14656079979,11021,14656091000,558781,14656649781,8192,577994,121,121,2,cudaLaunchKernel, 576    1    1, 256    1    1,"<unnamed>::unpack_face_z(const double *, double *, int, int, int, int, int)"
14656080387,15296,14656095683,561030,14656656713,8063,584389,124,124,5,cudaLaunchKernel, 576    1    1, 256    1    1,"<unnamed>::unpack_face_z(const double *, double *, int, int, int, int, int)"
14656081354,8780,14656090134,567146,14656657280,8768,584694,122,122,3,cudaLaunchKernel,1146    1    1, 256    1    1,"<unnamed>::step_kernel_boundary_y_faces(const double *, const double *, double *, const double *, const double *, int, int, int, int, int, int, int, double, double)"
14656090890,10550,14656101440,553359,14656654799,8672,572581,123,123,4,cudaLaunchKernel,1152    1    1, 256    1    1,"<unnamed>::step_kernel_boundary_x_faces(const double *, const double *, double *, const double *, const double *, int, int, int, int, int, int, int, double, double)"
14656091064,9635,14656100699,566437,14656667136,65696,641768,122,122,3,cudaLaunchKernel,1141    1    1, 256    1    1,"<unnamed>::step_kernel_boundary_z_faces(const double *, const double *, double *, const double *, const double *, int, int, int, int, int, int, int, double, double)"
14656091340,10388,14656101728,559051,14656660779,9728,579167,119,119,0,cudaLaunchKernel,1152    1    1, 256    1    1,"<unnamed>::step_kernel_boundary_x_faces(const double *, const double *, double *, const double *, const double *, int, int, int, int, int, int, int, double, double)"
14656091657,11217,14656102874,549886,14656652760,8576,569679,132,132,7,cudaLaunchKernel,1146    1    1, 256    1    1,"<unnamed>::step_kernel_boundary_y_faces(const double *, const double *, double *, const double *, const double *, int, int, int, int, int, int, int, double, double)"
14656092181,10157,14656102338,556723,14656659061,8640,575520,121,121,2,cudaLaunchKernel,1152    1    1, 256    1    1,"<unnamed>::step_kernel_boundary_x_faces(const double *, const double *, double *, const double *, const double *, int, int, int, int, int, int, int, double, double)"
14656097010,12043,14656109053,556875,14656665928,8256,577174,124,124,5,cudaLaunchKernel,1152    1    1, 256    1    1,"<unnamed>::step_kernel_boundary_x_faces(const double *, const double *, double *, const double *, const double *, int, int, int, int, int, int, int, double, double)"
14656099048,10179,14656109227,1347151,14657456378,3424,1360754,120,120,1,cudaLaunchKernel, 576    1    1, 256    1    1,"<unnamed>::pack_face_x(const double *, double *, int, int, int, int, int)"
14656100477,10425,14656110902,593820,14656704722,8608,612853,125,125,6,cudaLaunchKernel, 576    1    1, 256    1    1,"<unnamed>::pack_face_x(const double *, double *, int, int, int, int, int)"
14656102400,15895,14656118295,546424,14656664719,8768,571087,123,123,4,cudaLaunchKernel,1146    1    1, 256    1    1,"<unnamed>::step_kernel_boundary_y_faces(const double *, const double *, double *, const double *, const double *, int, int, int, int, int, int, int, double, double)"
14656103257,15268,14656118525,550328,14656668853,8608,574204,121,121,2,cudaLaunchKernel,1146    1    1, 256    1    1,"<unnamed>::step_kernel_boundary_y_faces(const double *, const double *, double *, const double *, const double *, int, int, int, int, int, int, int, double, double)"
14656103860,14990,14656118850,543702,14656662552,65215,623907,132,132,7,cudaLaunchKernel,1141    1    1, 256    1    1,"<unnamed>::step_kernel_boundary_z_faces(const double *, const double *, double *, const double *, const double *, int, int, int, int, int, int, int, double, double)"
14656105326,14134,14656119460,552519,14656671979,8928,575581,119,119,0,cudaLaunchKernel,1146    1    1, 256    1    1,"<unnamed>::step_kernel_boundary_y_faces(const double *, const double *, double *, const double *, const double *, int, int, int, int, int, int, int, double, double)"
14656110031,12309,14656122340,552932,14656675272,8960,574201,124,124,5,cudaLaunchKernel,1146    1    1, 256    1    1,"<unnamed>::step_kernel_boundary_y_faces(const double *, const double *, double *, const double *, const double *, int, int, int, int, int, int, int, double, double)"
14656110191,4664,14656114855,1346643,14657461498,2560,1353867,120,120,1,cudaLaunchKernel, 576    1    1, 256    1    1,"<unnamed>::pack_face_y(const double *, double *, int, int, int, int, int)"
14656110860,10905,14656121765,612795,14656734560,7872,631572,122,122,3,cudaLaunchKernel, 576    1    1, 256    1    1,"<unnamed>::pack_face_x(const double *, double *, int, int, int, int, int)"
14656111993,9481,14656121474,1323016,14657444490,4544,1337041,125,125,6,cudaLaunchKernel, 576    1    1, 256    1    1,"<unnamed>::pack_face_y(const double *, double *, int, int, int, int, int)"
14656118971,5910,14656124881,1340297,14657465178,9056,1355263,120,120,1,cudaLaunchKernel, 576    1    1, 256    1    1,"<unnamed>::pack_face_z(const double *, double *, int, int, int, int, int)"
14656119218,11508,14656130726,544233,14656674959,65535,621276,123,123,4,cudaLaunchKernel,1141    1    1, 256    1    1,"<unnamed>::step_kernel_boundary_z_faces(const double *, const double *, double *, const double *, const double *, int, int, int, int, int, int, int, double, double)"
14656119652,7025,14656126677,551968,14656678645,66847,625840,121,121,2,cudaLaunchKernel,1141    1    1, 256    1    1,"<unnamed>::step_kernel_boundary_z_faces(const double *, const double *, double *, const double *, const double *, int, int, int, int, int, int, int, double, double)"
14656120400,10771,14656131171,550952,14656682123,64832,626555,119,119,0,cudaLaunchKernel,1141    1    1, 256    1    1,"<unnamed>::step_kernel_boundary_z_faces(const double *, const double *, double *, const double *, const double *, int, int, int, int, int, int, int, double, double)"
14656122426,8471,14656130897,1319993,14657450890,8320,1336784,125,125,6,cudaLaunchKernel, 576    1    1, 256    1    1,"<unnamed>::pack_face_z(const double *, double *, int, int, int, int, int)"
14656122925,10243,14656133168,1340008,14657473176,4448,1354699,122,122,3,cudaLaunchKernel, 576    1    1, 256    1    1,"<unnamed>::pack_face_y(const double *, double *, int, int, int, int, int)"
14656123297,12394,14656135691,549629,14656685320,66463,628486,124,124,5,cudaLaunchKernel,1141    1    1, 256    1    1,"<unnamed>::step_kernel_boundary_z_faces(const double *, const double *, double *, const double *, const double *, int, int, int, int, int, int, int, double, double)"
14656125576,8372,14656133948,584771,14656718719,741595,1334738,120,120,1,cudaLaunchKernel,  12   96   96,  32    4    4,"<unnamed>::step_kernel_interior(const double *, const double *, double *, const double *, const double *, int, int, int, int, int, int, int, double, double)"
14656126122,11170,14656137292,591883,14656729175,7456,610509,132,132,7,cudaLaunchKernel, 576    1    1, 256    1    1,"<unnamed>::pack_face_x(const double *, double *, int, int, int, int, int)"
14656132076,9742,14656141818,563128,14656704946,743576,1316446,125,125,6,cudaLaunchKernel,  12   96   96,  32    4    4,"<unnamed>::step_kernel_interior(const double *, const double *, double *, const double *, const double *, int, int, int, int, int, int, int, double, double)"
14656134203,9592,14656143795,1335461,14657479256,8320,1353373,122,122,3,cudaLaunchKernel, 576    1    1, 256    1    1,"<unnamed>::pack_face_z(const double *, double *, int, int, int, int, int)"
14656138077,15480,14656153557,593535,14656747092,7968,616983,121,121,2,cudaLaunchKernel, 576    1    1, 256    1    1,"<unnamed>::pack_face_x(const double *, double *, int, int, int, int, int)"
14656141429,12321,14656153750,1315064,14657468814,3616,1331001,132,132,7,cudaLaunchKernel, 576    1    1, 256    1    1,"<unnamed>::pack_face_y(const double *, double *, int, int, int, int, int)"
14656142575,12578,14656155153,1331540,14657486693,3104,1347222,119,119,0,cudaLaunchKernel, 576    1    1, 256    1    1,"<unnamed>::pack_face_x(const double *, double *, int, int, int, int, int)"
14656142999,12731,14656155730,1323479,14657479209,3648,1339858,123,123,4,cudaLaunchKernel, 576    1    1, 256    1    1,"<unnamed>::pack_face_x(const double *, double *, int, int, int, int, int)"
14656144893,10038,14656154931,579853,14656734784,742360,1332251,122,122,3,cudaLaunchKernel,  12   96   96,  32    4    4,"<unnamed>::step_kernel_interior(const double *, const double *, double *, const double *, const double *, int, int, int, int, int, int, int, double, double)"
14656153171,12490,14656165661,587690,14656753351,8000,608180,124,124,5,cudaLaunchKernel, 576    1    1, 256    1    1,"<unnamed>::pack_face_x(const double *, double *, int, int, int, int, int)"
14656154559,10674,14656165233,1320025,14657485258,4064,1334763,121,121,2,cudaLaunchKernel, 576    1    1, 256    1    1,"<unnamed>::pack_face_y(const double *, double *, int, int, int, int, int)"
14656154720,11100,14656165820,1307922,14657473742,8384,1327406,132,132,7,cudaLaunchKernel, 576    1    1, 256    1    1,"<unnamed>::pack_face_z(const double *, double *, int, int, int, int, int)"
14656156101,10530,14656166631,1324638,14657491269,2560,1337728,119,119,0,cudaLaunchKernel, 576    1    1, 256    1    1,"<unnamed>::pack_face_y(const double *, double *, int, int, int, int, int)"
14656156718,10749,14656167467,1316798,14657484265,2592,1330139,123,123,4,cudaLaunchKernel, 576    1    1, 256    1    1,"<unnamed>::pack_face_y(const double *, double *, int, int, int, int, int)"
14656166164,16252,14656182416,1308314,14657490730,9760,1334326,121,121,2,cudaLaunchKernel, 576    1    1, 256    1    1,"<unnamed>::pack_face_z(const double *, double *, int, int, int, int, int)"
14656166633,19498,14656186131,1305676,14657491807,4032,1329206,124,124,5,cudaLaunchKernel, 576    1    1, 256    1    1,"<unnamed>::pack_face_y(const double *, double *, int, int, int, int, int)"
14656166926,17875,14656184801,544630,14656729431,743575,1306080,132,132,7,cudaLaunchKernel,  12   96   96,  32    4    4,"<unnamed>::step_kernel_interior(const double *, const double *, double *, const double *, const double *, int, int, int, int, int, int, int, double, double)"
14656167553,17659,14656185212,1309993,14657495205,8416,1336068,119,119,0,cudaLaunchKernel, 576    1    1, 256    1    1,"<unnamed>::pack_face_z(const double *, double *, int, int, int, int, int)"
14656171528,14998,14656186526,1301675,14657488201,8000,1324673,123,123,4,cudaLaunchKernel, 576    1    1, 256    1    1,"<unnamed>::pack_face_z(const double *, double *, int, int, int, int, int)"
14656184130,7010,14656191140,556176,14656747316,741494,1304680,121,121,2,cudaLaunchKernel,  12   96   96,  32    4    4,"<unnamed>::step_kernel_interior(const double *, const double *, double *, const double *, const double *, int, int, int, int, int, int, int, double, double)"
14656186356,6438,14656192794,555824,14656748618,741691,1303953,119,119,0,cudaLaunchKernel,  12   96   96,  32    4    4,"<unnamed>::step_kernel_interior(const double *, const double *, double *, const double *, const double *, int, int, int, int, int, int, int, double, double)"
14656187138,7114,14656194252,1302867,14657497119,8448,1318429,124,124,5,cudaLaunchKernel, 576    1    1, 256    1    1,"<unnamed>::pack_face_z(const double *, double *, int, int, int, int, int)"
14656187732,6097,14656193829,548329,14656742158,741403,1295829,123,123,4,cudaLaunchKernel,  12   96   96,  32    4    4,"<unnamed>::step_kernel_interior(const double *, const double *, double *, const double *, const double *, int, int, int, int, int, int, int, double, double)"
14656194938,12953,14656207891,545652,14656753543,742840,1301445,124,124,5,cudaLaunchKernel,  12   96   96,  32    4    4,"<unnamed>::step_kernel_interior(const double *, const double *, double *, const double *, const double *, int, int, int, int, int, int, int, double, double)"
14657566879,11712,,,14657577431,2048,12600,122,122,3,cudaLaunchKernel, 576    1    1, 256    1    1,"<unnamed>::unpack_face_x(const double *, double *, int, int, int, int, int)"
14657569329,10891,14657580220,1516,14657581736,2016,14423,125,125,6,cudaLaunchKernel, 576    1    1, 256    1    1,"<unnamed>::unpack_face_x(const double *, double *, int, int, int, int, int)"
14657577812,8273,14657586085,2244,14657588329,2080,12597,121,121,2,cudaLaunchKernel, 576    1    1, 256    1    1,"<unnamed>::unpack_face_x(const double *, double *, int, int, int, int, int)"
14657579537,5705,14657585242,2333,14657587575,2272,10310,122,122,3,cudaLaunchKernel, 576    1    1, 256    1    1,"<unnamed>::unpack_face_y(const double *, double *, int, int, int, int, int)"
14657580167,12299,14657592466,1362,14657593828,2112,15773,119,119,0,cudaLaunchKernel, 576    1    1, 256    1    1,"<unnamed>::unpack_face_x(const double *, double *, int, int, int, int, int)"
14657581206,8928,,,14657588552,1920,9266,125,125,6,cudaLaunchKernel, 576    1    1, 256    1    1,"<unnamed>::unpack_face_y(const double *, double *, int, int, int, int, int)"
14657584253,10878,14657595131,1407,14657596538,1984,14269,120,120,1,cudaLaunchKernel, 576    1    1, 256    1    1,"<unnamed>::unpack_face_x(const double *, double *, int, int, int, int, int)"
14657585661,8790,14657594451,1156,14657595607,4256,14202,122,122,3,cudaLaunchKernel, 576    1    1, 256    1    1,"<unnamed>::unpack_face_z(const double *, double *, int, int, int, int, int)"
14657589637,8817,14657598454,2071,14657600525,2080,12968,132,132,7,cudaLaunchKernel, 576    1    1, 256    1    1,"<unnamed>::unpack_face_x(const double *, double *, int, int, int, int, int)"
14657590505,6263,14657596768,2217,14657598985,2144,10624,121,121,2,cudaLaunchKernel, 576    1    1, 256    1    1,"<unnamed>::unpack_face_y(const double *, double *, int, int, int, int, int)"
14657591135,5612,14657596747,2461,14657599208,4320,12393,125,125,6,cudaLaunchKernel, 576    1    1, 256    1    1,"<unnamed>::unpack_face_z(const double *, double *, int, int, int, int, int)"
14657593438,9717,14657603155,1041,14657604196,2208,12966,119,119,0,cudaLaunchKernel, 576    1    1, 256    1    1,"<unnamed>::unpack_face_y(const double *, double *, int, int, int, int, int)"
14657593635,12470,14657606105,1456,14657607561,2016,15942,123,123,4,cudaLaunchKernel, 576    1    1, 256    1    1,"<unnamed>::unpack_face_x(const double *, double *, int, int, int, int, int)"
14657594991,12112,14657607103,1023,14657608126,2016,15151,124,124,5,cudaLaunchKernel, 576    1    1, 256    1    1,"<unnamed>::unpack_face_x(const double *, double *, int, int, int, int, int)"
14657595536,8659,14657604195,1780,14657605975,8512,18951,122,122,3,cudaLaunchKernel,1152    1    1, 256    1    1,"<unnamed>::step_kernel_boundary_x_faces(const double *, const double *, double *, const double *, const double *, int, int, int, int, int, int, int, double, double)"
14657596084,8933,14657605017,1121,14657606138,2112,12166,120,120,1,cudaLaunchKernel, 576    1    1, 256    1    1,"<unnamed>::unpack_face_y(const double *, double *, int, int, int, int, int)"
14657597191,9827,14657607018,1215,14657608233,4160,15202,121,121,2,cudaLaunchKernel, 576    1    1, 256    1    1,"<unnamed>::unpack_face_z(const double *, double *, int, int, int, int, int)"
14657597663,8817,14657606480,2488,14657608968,8672,19977,125,125,6,cudaLaunchKernel,1152    1    1, 256    1    1,"<unnamed>::step_kernel_boundary_x_faces(const double *, const double *, double *, const double *, const double *, int, int, int, int, int, int, int, double, double)"
14657602432,8500,14657610932,1912,14657612844,2144,12556,132,132,7,cudaLaunchKernel, 576    1    1, 256    1    1,"<unnamed>::unpack_face_y(const double *, double *, int, int, int, int, int)"
14657604107,6242,14657610349,2583,14657612932,4320,13145,119,119,0,cudaLaunchKernel, 576    1    1, 256    1    1,"<unnamed>::unpack_face_z(const double *, double *, int, int, int, int, int)"
14657605117,5546,14657610663,4976,14657615639,8640,19162,122,122,3,cudaLaunchKernel,1146    1    1, 256    1    1,"<unnamed>::step_kernel_boundary_y_faces(const double *, const double *, double *, const double *, const double *, int, int, int, int, int, int, int, double, double)"
14657605943,5096,14657611039,2746,14657613785,4128,11970,120,120,1,cudaLaunchKernel, 576    1    1, 256    1    1,"<unnamed>::unpack_face_z(const double *, double *, int, int, int, int, int)"
14657607108,11028,14657618136,336,14657618472,1984,13348,123,123,4,cudaLaunchKernel, 576    1    1, 256    1    1,"<unnamed>::unpack_face_y(const double *, double *, int, int, int, int, int)"
14657607374,3662,14657611036,8076,14657619112,8640,20378,125,125,6,cudaLaunchKernel,1146    1    1, 256    1    1,"<unnamed>::step_kernel_boundary_y_faces(const double *, const double *, double *, const double *, const double *, int, int, int, int, int, int, int, double, double)"
14657608086,11687,14657619773,705,14657620478,2048,14440,124,124,5,cudaLaunchKernel, 576    1    1, 256    1    1,"<unnamed>::unpack_face_y(const double *, double *, int, int, int, int, int)"
14657608159,5246,14657613405,3756,14657617161,8480,17482,121,121,2,cudaLaunchKernel,1152    1    1, 256    1    1,"<unnamed>::step_kernel_boundary_x_faces(const double *, const double *, double *, const double *, const double *, int, int, int, int, int, int, int, double, double)"
14657611045,8609,14657619654,2366,14657622020,8736,19711,119,119,0,cudaLaunchKernel,1152    1    1, 256    1    1,"<unnamed>::step_kernel_boundary_x_faces(const double *, const double *, double *, const double *, const double *, int, int, int, int, int, int, int, double, double)"
14657611053,8051,14657619104,6647,14657625751,66335,81033,122,122,3,cudaLaunchKernel,1141    1    1, 256    1    1,"<unnamed>::step_kernel_boundary_z_faces(const double *, const double *, double *, const double *, const double *, int, int, int, int, int, int, int, double, double)"
14657611494,8761,14657620255,8681,14657628936,65695,83137,125,125,6,cudaLaunchKernel,1141    1    1, 256    1    1,"<unnamed>::step_kernel_boundary_z_faces(const double *, const double *, double *, const double *, const double *, int, int, int, int, int, int, int, double, double)"
14657611548,9722,14657621270,1110,14657622380,4192,15024,132,132,7,cudaLaunchKernel, 576    1    1, 256    1    1,"<unnamed>::unpack_face_z(const double *, double *, int, int, int, int, int)"
14657611724,8044,14657619768,2497,14657622265,9024,19565,120,120,1,cudaLaunchKernel,1152    1    1, 256    1    1,"<unnamed>::step_kernel_boundary_x_faces(const double *, const double *, double *, const double *, const double *, int, int, int, int, int, int, int, double, double)"
14657616792,12675,,,14657627849,8480,19537,121,121,2,cudaLaunchKernel,1146    1    1, 256    1    1,"<unnamed>::step_kernel_boundary_y_faces(const double *, const double *, double *, const double *, const double *, int, int, int, int, int, int, int, double, double)"
14657619074,11482,14657630556,1164,14657631720,4416,17062,123,123,4,cudaLaunchKernel, 576    1    1, 256    1    1,"<unnamed>::unpack_face_z(const double *, double *, int, int, int, int, int)"
14657620581,11022,14657631603,1457,14657633060,8767,21246,119,119,0,cudaLaunchKernel,1146    1    1, 256    1    1,"<unnamed>::step_kernel_boundary_y_faces(const double *, const double *, double *, const double *, const double *, int, int, int, int, int, int, int, double, double)"
14657620682,8352,14657629034,3727,14657632761,8768,20847,120,120,1,cudaLaunchKernel,1146    1    1, 256    1    1,"<unnamed>::step_kernel_boundary_y_faces(const double *, const double *, double *, const double *, const double *, int, int, int, int, int, int, int, double, double)"
14657620705,12337,14657633042,1163,14657634205,4192,17692,124,124,5,cudaLaunchKernel, 576    1    1, 256    1    1,"<unnamed>::unpack_face_z(const double *, double *, int, int, int, int, int)"
14657622362,10778,14657633140,1464,14657634604,8448,20690,132,132,7,cudaLaunchKernel,1152    1    1, 256    1    1,"<unnamed>::step_kernel_boundary_x_faces(const double *, const double *, double *, const double *, const double *, int, int, int, int, int, int, int, double, double)"
14657625543,10008,14657635551,57847,14657693398,8736,76591,122,122,3,cudaLaunchKernel, 576    1    1, 256    1    1,"<unnamed>::pack_face_x(const double *, double *, int, int, int, int, int)"
14657629941,11039,14657640980,2053,14657643033,66528,79620,120,120,1,cudaLaunchKernel,1141    1    1, 256    1    1,"<unnamed>::step_kernel_boundary_z_faces(const double *, const double *, double *, const double *, const double *, int, int, int, int, int, int, int, double, double)"
14657630183,9689,14657639872,56423,14657696295,6912,73024,125,125,6,cudaLaunchKernel, 576    1    1, 256    1    1,"<unnamed>::pack_face_x(const double *, double *, int, int, int, int, int)"
14657630517,12318,14657642835,1333,14657644168,69024,82675,121,121,2,cudaLaunchKernel,1141    1    1, 256    1    1,"<unnamed>::step_kernel_boundary_z_faces(const double *, const double *, double *, const double *, const double *, int, int, int, int, int, int, int, double, double)"
14657631696,11093,14657642789,1539,14657644328,8288,20920,123,123,4,cudaLaunchKernel,1152    1    1, 256    1    1,"<unnamed>::step_kernel_boundary_x_faces(const double *, const double *, double *, const double *, const double *, int, int, int, int, int, int, int, double, double)"
14657632499,11485,14657643984,1491,14657645475,66304,79280,119,119,0,cudaLaunchKernel,1141    1    1, 256    1    1,"<unnamed>::step_kernel_boundary_z_faces(const double *, const double *, double *, const double *, const double *, int, int, int, int, int, int, int, double, double)"
14657634021,11033,14657645054,2670,14657647724,8832,22535,132,132,7,cudaLaunchKernel,1146    1    1, 256    1    1,"<unnamed>::step_kernel_boundary_y_faces(const double *, const double *, double *, const double *, const double *, int, int, int, int, int, int, int, double, double)"
14657634168,15029,,,14657648093,8544,22469,124,124,5,cudaLaunchKernel,1152    1    1, 256    1    1,"<unnamed>::step_kernel_boundary_x_faces(const double *, const double *, double *, const double *, const double *, int, int, int, int, int, int, int, double, double)"
14657636301,9552,14657645853,789266,14658435119,4448,803266,122,122,3,cudaLaunchKernel, 576    1    1, 256    1    1,"<unnamed>::pack_face_y(const double *, double *, int, int, int, int, int)"
14657640834,10749,14657651583,785536,14658437119,4448,800733,125,125,6,cudaLaunchKernel, 576    1    1, 256    1    1,"<unnamed>::pack_face_y(const double *, double *, int, int, int, int, int)"
14657643688,10850,14657654538,2430,14657656968,8928,22208,123,123,4,cudaLaunchKernel,1146    1    1, 256    1    1,"<unnamed>::step_kernel_boundary_y_faces(const double *, const double *, double *, const double *, const double *, int, int, int, int, int, int, int, double, double)"
14657645896,11176,14657657072,1276,14657658348,66111,78563,132,132,7,cudaLaunchKernel,1141    1    1, 256    1    1,"<unnamed>::step_kernel_boundary_z_faces(const double *, const double *, double *, const double *, const double *, int, int, int, int, int, int, int, double, double)"
14657646773,9162,14657655935,785072,14658441007,8128,802362,122,122,3,cudaLaunchKernel, 576    1    1, 256    1    1,"<unnamed>::pack_face_z(const double *, double *, int, int, int, int, int)"
14657650577,12539,14657663116,2321,14657665437,8544,23404,124,124,5,cudaLaunchKernel,1146    1    1, 256    1    1,"<unnamed>::step_kernel_boundary_y_faces(const double *, const double *, double *, const double *, const double *, int, int, int, int, int, int, int, double, double)"
14657651900,9823,14657661723,49726,14657711449,7264,66813,120,120,1,cudaLaunchKernel, 576    1    1, 256    1    1,"<unnamed>::pack_face_x(const double *, double *, int, int, int, int, int)"
14657652493,8938,14657661431,781736,14658443167,8000,798674,125,125,6,cudaLaunchKernel, 576    1    1, 256    1    1,"<unnamed>::pack_face_z(const double *, double *, int, int, int, int, int)"
14657653334,12425,14657665759,788031,14658453790,3264,803720,121,121,2,cudaLaunchKernel, 576    1    1, 256    1    1,"<unnamed>::pack_face_x(const double *, double *, int, int, int, int, int)"
14657655386,16229,,,14657670216,66784,81614,123,123,4,cudaLaunchKernel,1141    1    1, 256    1    1,"<unnamed>::step_kernel_boundary_z_faces(const double *, const double *, double *, const double *, const double *, int, int, int, int, int, int, int, double, double)"
14657655537,11842,14657667379,45904,14657713283,7808,65554,119,119,0,cudaLaunchKernel, 576    1    1, 256    1    1,"<unnamed>::pack_face_x(const double *, double *, int, int, int, int, int)"
14657657071,9652,14657666723,27155,14657693878,745177,781984,122,122,3,cudaLaunchKernel,  12   96   96,  32    4    4,"<unnamed>::step_kernel_interior(const double *, const double *, double *, const double *, const double *, int, int, int, int, int, int, int, double, double)"
14657662538,5675,14657668213,28466,14657696679,744376,778517,125,125,6,cudaLaunchKernel,  12   96   96,  32    4    4,"<unnamed>::step_kernel_interior(const double *, const double *, double *, const double *, const double *, int, int, int, int, int, int, int, double, double)"
14657662700,8298,14657670998,779743,14658450741,4256,792297,120,120,1,cudaLaunchKernel, 576    1    1, 256    1    1,"<unnamed>::pack_face_y(const double *, double *, int, int, int, int, int)"
14657664018,11777,14657675795,1290,14657677085,65791,78858,124,124,5,cudaLaunchKernel,1141    1    1, 256    1    1,"<unnamed>::step_kernel_boundary_z_faces(const double *, const double *, double *, const double *, const double *, int, int, int, int, int, int, int, double, double)"
14657666733,11087,14657677820,780642,14658458462,2560,794289,121,121,2,cudaLaunchKernel, 576    1    1, 256    1    1,"<unnamed>::pack_face_y(const double *, double *, int, int, int, int, int)"
14657667124,11440,14657678564,786814,14658465378,3744,801998,132,132,7,cudaLaunchKernel, 576    1    1, 256    1    1,"<unnamed>::pack_face_x(const double *, double *, int, int, int, int, int)"
14657671722,8066,14657679788,773617,14658453405,4480,786163,119,119,0,cudaLaunchKernel, 576    1    1, 256    1    1,"<unnamed>::pack_face_y(const double *, double *, int, int, int, int, int)"
14657672587,6220,14657678807,777918,14658456725,8448,792586,120,120,1,cudaLaunchKernel, 576    1    1, 256    1    1,"<unnamed>::pack_face_z(const double *, double *, int, int, int, int, int)"
14657678760,11727,14657690487,771495,14658461982,7808,791030,121,121,2,cudaLaunchKernel, 576    1    1, 256    1    1,"<unnamed>::pack_face_z(const double *, double *, int, int, int, int, int)"
14657679466,10935,14657690401,780161,14658470562,2592,793688,132,132,7,cudaLaunchKernel, 576    1    1, 256    1    1,"<unnamed>::pack_face_y(const double *, double *, int, int, int, int, int)"
14657679769,9113,14657688882,22759,14657711641,742844,774716,120,120,1,cudaLaunchKernel,  12   96   96,  32    4    4,"<unnamed>::step_kernel_interior(const double *, const double *, double *, const double *, const double *, int, int, int, int, int, int, int, double, double)"
14657680189,11288,14657691477,767784,14658459261,8096,787168,119,119,0,cudaLaunchKernel, 576    1    1, 256    1    1,"<unnamed>::pack_face_z(const double *, double *, int, int, int, int, int)"
14657680263,10925,14657691188,47476,14657738664,7360,65761,123,123,4,cudaLaunchKernel, 576    1    1, 256    1    1,"<unnamed>::pack_face_x(const double *, double *, int, int, int, int, int)"
14657686873,12781,14657699654,783342,14658482996,3712,799835,124,124,5,cudaLaunchKernel, 576    1    1, 256    1    1,"<unnamed>::pack_face_x(const double *, double *, int, int, int, int, int)"
14657691325,11542,14657702867,771311,14658474178,8224,791077,132,132,7,cudaLaunchKernel, 576    1    1, 256    1    1,"<unnamed>::pack_face_z(const double *, double *, int, int, int, int, int)"
14657691615,11090,14657702705,11447,14657714152,743478,766015,121,121,2,cudaLaunchKernel,  12   96   96,  32    4    4,"<unnamed>::step_kernel_interior(const double *, const double *, double *, const double *, const double *, int, int, int, int, int, int, int, double, double)"
14657692163,15361,14657707524,770399,14658477923,4160,789920,123,123,4,cudaLaunchKernel, 576    1    1, 256    1    1,"<unnamed>::pack_face_y(const double *, double *, int, int, int, int, int)"
14657692581,11881,14657704462,9045,14657713507,743866,764792,119,119,0,cudaLaunchKernel,  12   96   96,  32    4    4,"<unnamed>::step_kernel_interior(const double *, const double *, double *, const double *, const double *, int, int, int, int, int, int, int, double, double)"
14657700657,6677,14657707334,780782,14658488116,2592,790051,124,124,5,cudaLaunchKernel, 576    1    1, 256    1    1,"<unnamed>::pack_face_y(const double *, double *, int, int, int, int, int)"
14657703991,12537,14657716528,8955,14657725483,744151,765643,132,132,7,cudaLaunchKernel,  12   96   96,  32    4    4,"<unnamed>::step_kernel_interior(const double *, const double *, double *, const double *, const double *, int, int, int, int, int, int, int, double, double)"
14657707712,11259,14657718971,772793,14658491764,8256,792308,124,124,5,cudaLaunchKernel, 576    1    1, 256    1    1,"<unnamed>::pack_face_z(const double *, double *, int, int, int, int, int)"
14657708505,11028,14657719533,764182,14658483715,8064,783274,123,123,4,cudaLaunchKernel, 576    1    1, 256    1    1,"<unnamed>::pack_face_z(const double *, double *, int, int, int, int, int)"
14657720126,12044,14657732170,11794,14657743964,743256,767094,124,124,5,cudaLaunchKernel,  12   96   96,  32    4    4,"<unnamed>::step_kernel_interior(const double *, const double *, double *, const double *, const double *, int, int, int, int, int, int, int, double, double)"
14657720572,10938,14657731510,7378,14657738888,742683,760999,123,123,4,cudaLaunchKernel,  12   96   96,  32    4    4,"<unnamed>::step_kernel_interior(const double *, const double *, double *, const double *, const double *, int, int, int, int, int, int, int, double, double)"
14658566393,10913,14658577306,1411,14658578717,1984,14308,121,121,2,cudaLaunchKernel, 576    1    1, 256    1    1,"<unnamed>::unpack_face_x(const double *, double *, int, int, int, int, int)"
14658574572,6957,14658581529,1781,14658583310,2080,10818,122,122,3,cudaLaunchKernel, 576    1    1, 256    1    1,"<unnamed>::unpack_face_x(const double *, double *, int, int, int, int, int)"
14658578238,11542,14658589780,1289,14658591069,2112,14943,121,121,2,cudaLaunchKernel, 576    1    1, 256    1    1,"<unnamed>::unpack_face_y(const double *, double *, int, int, int, int, int)"
14658578614,9803,14658588417,1683,14658590100,2080,13566,120,120,1,cudaLaunchKernel, 576    1    1, 256    1    1,"<unnamed>::unpack_face_x(const double *, double *, int, int, int, int, int)"
14658579166,9993,14658589159,1334,14658590493,1952,13279,125,125,6,cudaLaunchKernel, 576    1    1, 256    1    1,"<unnamed>::unpack_face_x(const double *, double *, int, int, int, int, int)"
14658583502,7192,14658590694,2390,14658593084,1984,11566,119,119,0,cudaLaunchKernel, 576    1    1, 256    1    1,"<unnamed>::unpack_face_x(const double *, double *, int, int, int, int, int)"
14658585503,10401,,,14658594605,2112,11214,122,122,3,cudaLaunchKernel, 576    1    1, 256    1    1,"<unnamed>::unpack_face_y(const double *, double *, int, int, int, int, int)"
14658587535,12607,14658600142,1299,14658601441,1984,15890,132,132,7,cudaLaunchKernel, 576    1    1, 256    1    1,"<unnamed>::unpack_face_x(const double *, double *, int, int, int, int, int)"
14658587582,12773,14658600355,1055,14658601410,2048,15876,123,123,4,cudaLaunchKernel, 576    1    1, 256    1    1,"<unnamed>::unpack_face_x(const double *, double *, int, int, int, int, int)"
14658588160,12007,14658600167,1516,14658601683,1920,15443,124,124,5,cudaLaunchKernel, 576    1    1, 256    1    1,"<unnamed>::unpack_face_x(const double *, double *, int, int, int, int, int)"
14658589403,9968,14658599371,1161,14658600532,2080,13209,120,120,1,cudaLaunchKernel, 576    1    1, 256    1    1,"<unnamed>::unpack_face_y(const double *, double *, int, int, int, int, int)"
14658590142,9307,14658599449,1124,14658600573,2176,12607,125,125,6,cudaLaunchKernel, 576    1    1, 256    1    1,"<unnamed>::unpack_face_y(const double *, double *, int, int, int, int, int)"
14658590683,11151,14658601834,1427,14658603261,4096,16674,121,121,2,cudaLaunchKernel, 576    1    1, 256    1    1,"<unnamed>::unpack_face_z(const double *, double *, int, int, int, int, int)"
14658594963,12216,14658607179,1233,14658608412,2048,15497,119,119,0,cudaLaunchKernel, 576    1    1, 256    1    1,"<unnamed>::unpack_face_y(const double *, double *, int, int, int, int, int)"
14658597057,10175,14658607232,589,14658607821,4128,14892,122,122,3,cudaLaunchKernel, 576    1    1, 256    1    1,"<unnamed>::unpack_face_z(const double *, double *, int, int, int, int, int)"
14658600308,8999,14658609307,1305,14658610612,4288,14592,120,120,1,cudaLaunchKernel, 576    1    1, 256    1    1,"<unnamed>::unpack_face_z(const double *, double *, int, int, int, int, int)"
14658600378,8901,14658609279,1438,14658610717,4224,14563,125,125,6,cudaLaunchKernel, 576    1    1, 256    1    1,"<unnamed>::unpack_face_z(const double *, double *, int, int, int, int, int)"
14658601118,16143,,,14658615841,2016,16739,132,132,7,cudaLaunchKernel, 576    1    1, 256    1    1,"<unnamed>::unpack_face_y(const double *, double *, int, int, int, int, int)"
14658603924,14174,14658618098,1088,14658619186,2208,17470,124,124,5,cudaLaunchKernel, 576    1    1, 256    1    1,"<unnamed>::unpack_face_y(const double *, double *, int, int, int, int, int)"
14658604842,12498,14658617340,198,14658617538,2048,14744,123,123,4,cudaLaunchKernel, 576    1    1, 256    1    1,"<unnamed>::unpack_face_y(const double *, double *, int, int, int, int, int)"
14658606402,12652,14658619054,1166,14658620220,8800,22618,121,121,2,cudaLaunchKernel,1152    1    1, 256    1    1,"<unnamed>::step_kernel_boundary_x_faces(const double *, const double *, double *, const double *, const double *, int, int, int, int, int, int, int, double, double)"
14658608133,11618,14658619751,1301,14658621052,4128,17047,119,119,0,cudaLaunchKernel, 576    1    1, 256    1    1,"<unnamed>::unpack_face_z(const double *, double *, int, int, int, int, int)"
14658608348,10613,14658618961,2268,14658621229,8448,21329,122,122,3,cudaLaunchKernel,1152    1    1, 256    1    1,"<unnamed>::step_kernel_boundary_x_faces(const double *, const double *, double *, const double *, const double *, int, int, int, int, int, int, int, double, double)"
14658610392,9606,14658619998,1014,14658621012,8576,19196,120,120,1,cudaLaunchKernel,1152    1    1, 256    1    1,"<unnamed>::step_kernel_boundary_x_faces(const double *, const double *, double *, const double *, const double *, int, int, int, int, int, int, int, double, double)"
14658610441,8846,14658619287,902,14658620189,8480,18228,125,125,6,cudaLaunchKernel,1152    1    1, 256    1    1,"<unnamed>::step_kernel_boundary_x_faces(const double *, const double *, double *, const double *, const double *, int, int, int, int, int, int, int, double, double)"
14658618193,11307,14658629500,1157,14658630657,4447,16911,132,132,7,cudaLaunchKernel, 576    1    1, 256    1    1,"<unnamed>::unpack_face_z(const double *, double *, int, int, int, int, int)"
14658618307,10914,14658629221,1245,14658630466,4320,16479,123,123,4,cudaLaunchKernel, 576    1    1, 256    1    1,"<unnamed>::unpack_face_z(const double *, double *, int, int, int, int, int)"
14658619068,11893,14658630961,1217,14658632178,4160,17270,124,124,5,cudaLaunchKernel, 576    1    1, 256    1    1,"<unnamed>::unpack_face_z(const double *, double *, int, int, int, int, int)"
14658619864,9702,14658629566,1647,14658631213,8768,20117,122,122,3,cudaLaunchKernel,1146    1    1, 256    1    1,"<unnamed>::step_kernel_boundary_y_faces(const double *, const double *, double *, const double *, const double *, int, int, int, int, int, int, int, double, double)"
14658619921,11277,14658631198,1534,14658632732,8672,21483,121,121,2,cudaLaunchKernel,1146    1    1, 256    1    1,"<unnamed>::step_kernel_boundary_y_faces(const double *, const double *, double *, const double *, const double *, int, int, int, int, int, int, int, double, double)"
14658620169,9285,14658629454,2287,14658631741,8736,20308,125,125,6,cudaLaunchKernel,1146    1    1, 256    1    1,"<unnamed>::step_kernel_boundary_y_faces(const double *, const double *, double *, const double *, const double *, int, int, int, int, int, int, int, double, double)"
14658620871,12362,14658633233,1323,14658634556,8416,22101,119,119,0,cudaLaunchKernel,1152    1    1, 256    1    1,"<unnamed>::step_kernel_boundary_x_faces(const double *, const double *, double *, const double *, const double *, int, int, int, int, int, int, int, double, double)"
14658620882,9346,14658630228,1440,14658631668,8640,19426,120,120,1,cudaLaunchKernel,1146    1    1, 256    1    1,"<unnamed>::step_kernel_boundary_y_faces(const double *, const double *, double *, const double *, const double *, int, int, int, int, int, int, int, double, double)"
14658630339,10981,14658641320,1178,14658642498,8384,20543,123,123,4,cudaLaunchKernel,1152    1    1, 256    1    1,"<unnamed>::step_kernel_boundary_x_faces(const double *, const double *, double *, const double *, const double *, int, int, int, int, int, int, int, double, double)"
14658630386,10431,14658640817,1035,14658641852,66016,77482,125,125,6,cudaLaunchKernel,1141    1    1, 256    1    1,"<unnamed>::step_kernel_boundary_z_faces(const double *, const double *, double *, const double *, const double *, int, int, int, int, int, int, int, double, double)"
14658630437,9593,14658640030,1103,14658641133,67359,78055,122,122,3,cudaLaunchKernel,1141    1    1, 256    1    1,"<unnamed>::step_kernel_boundary_z_faces(const double *, const double *, double *, const double *, const double *, int, int, int, int, int, int, int, double, double)"
14658630602,11000,14658641602,990,14658642592,8704,20694,132,132,7,cudaLaunchKernel,1152    1    1, 256    1    1,"<unnamed>::step_kernel_boundary_x_faces(const double *, const double *, double *, const double *, const double *, int, int, int, int, int, int, int, double, double)"
14658631100,9773,14658640873,2442,14658643315,65888,78103,120,120,1,cudaLaunchKernel,1141    1    1, 256    1    1,"<unnamed>::step_kernel_boundary_z_faces(const double *, const double *, double *, const double *, const double *, int, int, int, int, int, int, int, double, double)"
14658632062,10496,14658642558,1278,14658643836,66623,78397,121,121,2,cudaLaunchKernel,1141    1    1, 256    1    1,"<unnamed>::step_kernel_boundary_z_faces(const double *, const double *, double *, const double *, const double *, int, int, int, int, int, int, int, double, double)"
14658632097,17370,14658649467,375,14658649842,8256,26001,124,124,5,cudaLaunchKernel,1152    1    1, 256    1    1,"<unnamed>::step_kernel_boundary_x_faces(const double *, const double *, double *, const double *, const double *, int, int, int, int, int, int, int, double, double)"
14658637309,15215,14658652524,1232,14658653756,8639,25086,119,119,0,cudaLaunchKernel,1146    1    1, 256    1    1,"<unnamed>::step_kernel_boundary_y_faces(const double *, const double *, double *, const double *, const double *, int, int, int, int, int, int, int, double, double)"
14658642221,10499,14658652720,1425,14658654145,8832,20756,123,123,4,cudaLaunchKernel,1146    1    1, 256    1    1,"<unnamed>::step_kernel_boundary_y_faces(const double *, const double *, double *, const double *, const double *, int, int, int, int, int, int, int, double, double)"
14658642489,11578,14658654067,2445,14658656512,8800,22823,132,132,7,cudaLaunchKernel,1146    1    1, 256    1    1,"<unnamed>::step_kernel_boundary_y_faces(const double *, const double *, double *, const double *, const double *, int, int, int, int, int, int, int, double, double)"
14658650399,11825,,,14658660754,8800,19155,124,124,5,cudaLaunchKernel,1146    1    1, 256    1    1,"<unnamed>::step_kernel_boundary_y_faces(const double *, const double *, double *, const double *, const double *, int, int, int, int, int, int, int, double, double)"
14658650495,7708,14658658203,51633,14658709836,7776,67117,122,122,3,cudaLaunchKernel, 576    1    1, 256    1    1,"<unnamed>::pack_face_x(const double *, double *, int, int, int, int, int)"
14658651416,9879,14658661295,49316,14658710611,7072,66267,120,120,1,cudaLaunchKernel, 576    1    1, 256    1    1,"<unnamed>::pack_face_x(const double *, double *, int, int, int, int, int)"
14658651788,11049,14658662837,46439,14658709276,8032,65520,125,125,6,cudaLaunchKernel, 576    1    1, 256    1    1,"<unnamed>::pack_face_x(const double *, double *, int, int, int, int, int)"
14658653388,11715,14658665103,1452,14658666555,67072,80239,119,119,0,cudaLaunchKernel,1141    1    1, 256    1    1,"<unnamed>::step_kernel_boundary_z_faces(const double *, const double *, double *, const double *, const double *, int, int, int, int, int, int, int, double, double)"
14658653597,11266,14658664863,1346,14658666209,64832,77444,123,123,4,cudaLaunchKernel,1141    1    1, 256    1    1,"<unnamed>::step_kernel_boundary_z_faces(const double *, const double *, double *, const double *, const double *, int, int, int, int, int, int, int, double, double)"
14658653749,12603,14658666352,45515,14658711867,8512,66630,121,121,2,cudaLaunchKernel, 576    1    1, 256    1    1,"<unnamed>::pack_face_x(const double *, double *, int, int, int, int, int)"
14658654923,10589,14658665512,1368,14658666880,66687,78644,132,132,7,cudaLaunchKernel,1141    1    1, 256    1    1,"<unnamed>::step_kernel_boundary_z_faces(const double *, const double *, double *, const double *, const double *, int, int, int, int, int, int, int, double, double)"
14658661814,6830,14658668644,781345,14659449989,4160,792335,122,122,3,cudaLaunchKernel, 576    1    1, 256    1    1,"<unnamed>::pack_face_y(const double *, double *, int, int, int, int, int)"
14658662364,5942,14658668306,782365,14659450671,4672,792979,120,120,1,cudaLaunchKernel, 576    1    1, 256    1    1,"<unnamed>::pack_face_y(const double *, double *, int, int, int, int, int)"
14658663097,10554,14658673651,1087,14658674738,65855,77496,124,124,5,cudaLaunchKernel,1141    1    1, 256    1    1,"<unnamed>::step_kernel_boundary_z_faces(const double *, const double *, double *, const double *, const double *, int, int, int, int, int, int, int, double, double)"
14658663761,9300,14658673061,776815,14659449876,4735,790850,125,125,6,cudaLaunchKernel, 576    1    1, 256    1    1,"<unnamed>::pack_face_y(const double *, double *, int, int, int, int, int)"
14658667332,10972,14658678304,773074,14659451378,4288,788334,121,121,2,cudaLaunchKernel, 576    1    1, 256    1    1,"<unnamed>::pack_face_y(const double *, double *, int, int, int, int, int)"
14658669198,16222,14658685420,770201,14659455621,8160,794583,122,122,3,cudaLaunchKernel, 576    1    1, 256    1    1,"<unnamed>::pack_face_z(const double *, double *, int, int, int, int, int)"
14658671692,10642,14658682334,774641,14659456975,8192,793475,120,120,1,cudaLaunchKernel, 576    1    1, 256    1    1,"<unnamed>::pack_face_z(const double *, double *, int, int, int, int, int)"
14658673970,9642,14658683612,772791,14659456403,8096,790529,125,125,6,cudaLaunchKernel, 576    1    1, 256    1    1,"<unnamed>::pack_face_z(const double *, double *, int, int, int, int, int)"
14658675201,12325,14658687526,44923,14658732449,5824,63072,123,123,4,cudaLaunchKernel, 576    1    1, 256    1    1,"<unnamed>::pack_face_x(const double *, double *, int, int, int, int, int)"
14658675582,12540,14658688122,46725,14658734847,8128,67393,132,132,7,cudaLaunchKernel, 576    1    1, 256    1    1,"<unnamed>::pack_face_x(const double *, double *, int, int, int, int, int)"
14658675694,11718,14658687412,47815,14658735227,9600,69133,119,119,0,cudaLaunchKernel, 576    1    1, 256    1    1,"<unnamed>::pack_face_x(const double *, double *, int, int, int, int, int)"
14658682582,13022,14658695604,761470,14659457074,8000,782492,121,121,2,cudaLaunchKernel, 576    1    1, 256    1    1,"<unnamed>::pack_face_z(const double *, double *, int, int, int, int, int)"
14658683595,10417,14658694012,16791,14658710803,743996,771204,120,120,1,cudaLaunchKernel,  12   96   96,  32    4    4,"<unnamed>::step_kernel_interior(const double *, const double *, double *, const double *, const double *, int, int, int, int, int, int, int, double, double)"
14658684827,10339,14658695166,14334,14658709500,744599,769272,125,125,6,cudaLaunchKernel,  12   96   96,  32    4    4,"<unnamed>::step_kernel_interior(const double *, const double *, double *, const double *, const double *, int, int, int, int, int, int, int, double, double)"
14658685379,13519,14658698898,43103,14658742001,2464,59086,124,124,5,cudaLaunchKernel, 576    1    1, 256    1    1,"<unnamed>::pack_face_x(const double *, double *, int, int, int, int, int)"
14658686554,10390,14658696944,13116,14658710060,743609,767115,122,122,3,cudaLaunchKernel,  12   96   96,  32    4    4,"<unnamed>::step_kernel_interior(const double *, const double *, double *, const double *, const double *, int, int, int, int, int, int, int, double, double)"
14658688322,11470,14658699792,776485,14659476277,4544,792499,119,119,0,cudaLaunchKernel, 576    1    1, 256    1    1,"<unnamed>::pack_face_y(const double *, double *, int, int, int, int, int)"
14658688501,11613,14658700114,770602,14659470716,3872,786087,123,123,4,cudaLaunchKernel, 576    1    1, 256    1    1,"<unnamed>::pack_face_y(const double *, double *, int, int, int, int, int)"
14658689075,11039,14658700114,775333,14659475447,4384,790756,132,132,7,cudaLaunchKernel, 576    1    1, 256    1    1,"<unnamed>::pack_face_y(const double *, double *, int, int, int, int, int)"
14658696688,11099,14658707787,4272,14658712059,743063,758434,121,121,2,cudaLaunchKernel,  12   96   96,  32    4    4,"<unnamed>::step_kernel_interior(const double *, const double *, double *, const double *, const double *, int, int, int, int, int, int, int, double, double)"
14658699906,12760,14658712666,769903,14659482569,4640,787303,124,124,5,cudaLaunchKernel, 576    1    1, 256    1    1,"<unnamed>::pack_face_y(const double *, double *, int, int, int, int, int)"
14658701030,14701,14658715731,765540,14659481271,8351,788592,132,132,7,cudaLaunchKernel, 576    1    1, 256    1    1,"<unnamed>::pack_face_z(const double *, double *, int, int, int, int, int)"
14658703848,12279,14658716127,766134,14659482261,8032,786445,119,119,0,cudaLaunchKernel, 576    1    1, 256    1    1,"<unnamed>::pack_face_z(const double *, double *, int, int, int, int, int)"
14658704168,12863,14658717031,759093,14659476124,8064,780020,123,123,4,cudaLaunchKernel, 576    1    1, 256    1    1,"<unnamed>::pack_face_z(const double *, double *, int, int, int, int, int)"
14658714591,13707,14658728298,760542,14659488840,8032,782281,124,124,5,cudaLaunchKernel, 576    1    1, 256    1    1,"<unnamed>::pack_face_z(const double *, double *, int, int, int, int, int)"
14658716847,12627,14658729474,5597,14658735071,744248,762472,132,132,7,cudaLaunchKernel,  12   96   96,  32    4    4,"<unnamed>::step_kernel_interior(const double *, const double *, double *, const double *, const double *, int, int, int, int, int, int, int, double, double)"
14658717243,12968,14658730211,5240,14658735451,744858,763066,119,119,0,cudaLaunchKernel,  12   96   96,  32    4    4,"<unnamed>::step_kernel_interior(const double *, const double *, double *, const double *, const double *, int, int, int, int, int, int, int, double, double)"
14658718133,13704,14658731837,1284,14658733121,741979,756967,123,123,4,cudaLaunchKernel,  12   96   96,  32    4    4,"<unnamed>::step_kernel_interior(const double *, const double *, double *, const double *, const double *, int, int, int, int, int, int, int, double, double)"
14658729463,12619,14658742082,1135,14658743217,743480,757234,124,124,5,cudaLaunchKernel,  12   96   96,  32    4    4,"<unnamed>::step_kernel_interior(const double *, const double *, double *, const double *, const double *, int, int, int, int, int, int, int, double, double)"
14659560798,12860,,,14659573604,2112,14918,122,122,3,cudaLaunchKernel, 576    1    1, 256    1    1,"<unnamed>::unpack_face_x(const double *, double *, int, int, int, int, int)"
14659565509,9417,,,14659573874,2080,10445,125,125,6,cudaLaunchKernel, 576    1    1, 256    1    1,"<unnamed>::unpack_face_x(const double *, double *, int, int, int, int, int)"
14659565542,10951,,,14659574832,2144,11434,121,121,2,cudaLaunchKernel, 576    1    1, 256    1    1,"<unnamed>::unpack_face_x(const double *, double *, int, int, int, int, int)"
14659569858,9981,14659579839,1551,14659581390,2112,13644,120,120,1,cudaLaunchKernel, 576    1    1, 256    1    1,"<unnamed>::unpack_face_x(const double *, double *, int, int, int, int, int)"
14659574484,12957,14659587441,1450,14659588891,2016,16423,123,123,4,cudaLaunchKernel, 576    1    1, 256    1    1,"<unnamed>::unpack_face_x(const double *, double *, int, int, int, int, int)"
14659575699,10525,14659586224,788,14659587012,2144,13457,122,122,3,cudaLaunchKernel, 576    1    1, 256    1    1,"<unnamed>::unpack_face_y(const double *, double *, int, int, int, int, int)"
14659575923,9079,14659585002,456,14659585458,2208,11743,125,125,6,cudaLaunchKernel, 576    1    1, 256    1    1,"<unnamed>::unpack_face_y(const double *, double *, int, int, int, int, int)"
14659577465,11336,14659588801,1295,14659590096,2080,14711,121,121,2,cudaLaunchKernel, 576    1    1, 256    1    1,"<unnamed>::unpack_face_y(const double *, double *, int, int, int, int, int)"
14659577503,11395,14659588898,1650,14659590548,2048,15093,119,119,0,cudaLaunchKernel, 576    1    1, 256    1    1,"<unnamed>::unpack_face_x(const double *, double *, int, int, int, int, int)"
14659579636,14592,,,14659593493,1952,15809,132,132,7,cudaLaunchKernel, 576    1    1, 256    1    1,"<unnamed>::unpack_face_x(const double *, double *, int, int, int, int, int)"
14659583734,12348,14659596082,789,14659596871,2048,15185,124,124,5,cudaLaunchKernel, 576    1    1, 256    1    1,"<unnamed>::unpack_face_x(const double *, double *, int, int, int, int, int)"
14659583813,5981,14659589794,2316,14659592110,2144,10441,120,120,1,cudaLaunchKernel, 576    1    1, 256    1    1,"<unnamed>::unpack_face_y(const double *, double *, int, int, int, int, int)"
14659586068,9740,,,14659594130,4224,12286,125,125,6,cudaLaunchKernel, 576    1    1, 256    1    1,"<unnamed>::unpack_face_z(const double *, double *, int, int, int, int, int)"
14659587141,10474,14659597615,1013,14659598628,4832,16319,122,122,3,cudaLaunchKernel, 576    1    1, 256    1    1,"<unnamed>::unpack_face_z(const double *, double *, int, int, int, int, int)"
14659588475,11139,14659599614,1405,14659601019,2176,14720,123,123,4,cudaLaunchKernel, 576    1    1, 256    1    1,"<unnamed>::unpack_face_y(const double *, double *, int, int, int, int, int)"
14659589716,11201,14659600917,1243,14659602160,4192,16636,121,121,2,cudaLaunchKernel, 576    1    1, 256    1    1,"<unnamed>::unpack_face_z(const double *, double *, int, int, int, int, int)"
14659589865,10397,14659600262,1710,14659601972,2080,14187,119,119,0,cudaLaunchKernel, 576    1    1, 256    1    1,"<unnamed>::unpack_face_y(const double *, double *, int, int, int, int, int)"
14659590395,8800,14659599195,1011,14659600206,4672,14483,120,120,1,cudaLaunchKernel, 576    1    1, 256    1    1,"<unnamed>::unpack_face_z(const double *, double *, int, int, int, int, int)"
14659595805,11804,,,14659606261,2112,12568,132,132,7,cudaLaunchKernel, 576    1    1, 256    1    1,"<unnamed>::unpack_face_y(const double *, double *, int, int, int, int, int)"
14659596989,5730,14659602719,2035,14659604754,9088,16853,125,125,6,cudaLaunchKernel,1152    1    1, 256    1    1,"<unnamed>::step_kernel_boundary_x_faces(const double *, const double *, double *, const double *, const double *, int, int, int, int, int, int, int, double, double)"
14659597066,12247,14659609313,1030,14659610343,2048,15325,124,124,5,cudaLaunchKernel, 576    1    1, 256    1    1,"<unnamed>::unpack_face_y(const double *, double *, int, int, int, int, int)"
14659598700,35349,,,14659607907,8832,35349,122,122,3,cudaLaunchKernel,1152    1    1, 256    1    1,"<unnamed>::step_kernel_boundary_x_faces(const double *, const double *, double *, const double *, const double *, int, int, int, int, int, int, int, double, double)"
14659600302,8639,14659608941,2241,14659611182,8768,19648,120,120,1,cudaLaunchKernel,1152    1    1, 256    1    1,"<unnamed>::step_kernel_boundary_x_faces(const double *, const double *, double *, const double *, const double *, int, int, int, int, int, int, int, double, double)"
14659600639,11108,14659611747,1080,14659612827,4352,16540,123,123,4,cudaLaunchKernel, 576    1    1, 256    1    1,"<unnamed>::unpack_face_z(const double *, double *, int, int, int, int, int)"
14659601170,9729,14659610899,1377,14659612276,4576,15682,119,119,0,cudaLaunchKernel, 576    1    1, 256    1    1,"<unnamed>::unpack_face_z(const double *, double *, int, int, int, int, int)"
14659602048,10737,14659612785,1407,14659614192,9024,21168,121,121,2,cudaLaunchKernel,1152    1    1, 256    1    1,"<unnamed>::step_kernel_boundary_x_faces(const double *, const double *, double *, const double *, const double *, int, int, int, int, int, int, int, double, double)"
14659603120,9555,14659612675,2767,14659615442,8704,21026,125,125,6,cudaLaunchKernel,1146    1    1, 256    1    1,"<unnamed>::step_kernel_boundary_y_faces(const double *, const double *, double *, const double *, const double *, int, int, int, int, int, int, int, double, double)"
14659608610,12185,14659620795,1210,14659622005,4320,17715,132,132,7,cudaLaunchKernel, 576    1    1, 256    1    1,"<unnamed>::unpack_face_z(const double *, double *, int, int, int, int, int)"
14659609812,10167,14659619979,1283,14659621262,8416,19866,120,120,1,cudaLaunchKernel,1146    1    1, 256    1    1,"<unnamed>::step_kernel_boundary_y_faces(const double *, const double *, double *, const double *, const double *, int, int, int, int, int, int, int, double, double)"
14659610277,12621,14659622898,1173,14659624071,4448,18242,124,124,5,cudaLaunchKernel, 576    1    1, 256    1    1,"<unnamed>::unpack_face_z(const double *, double *, int, int, int, int, int)"
14659612015,9975,14659621990,1262,14659623252,8864,20101,119,119,0,cudaLaunchKernel,1152    1    1, 256    1    1,"<unnamed>::step_kernel_boundary_x_faces(const double *, const double *, double *, const double *, const double *, int, int, int, int, int, int, int, double, double)"
14659612894,10513,14659623407,1260,14659624667,8352,20125,123,123,4,cudaLaunchKernel,1152    1    1, 256    1    1,"<unnamed>::step_kernel_boundary_x_faces(const double *, const double *, double *, const double *, const double *, int, int, int, int, int, int, int, double, double)"
14659613434,9796,14659623230,2260,14659625490,66175,78231,125,125,6,cudaLaunchKernel,1141    1    1, 256    1    1,"<unnamed>::step_kernel_boundary_z_faces(const double *, const double *, double *, const double *, const double *, int, int, int, int, int, int, int, double, double)"
14659613730,12179,14659625909,2171,14659628080,8256,22606,121,121,2,cudaLaunchKernel,1146    1    1, 256    1    1,"<unnamed>::step_kernel_boundary_y_faces(const double *, const double *, double *, const double *, const double *, int, int, int, int, int, int, int, double, double)"
14659620868,5081,14659625949,5105,14659631054,65791,75977,120,120,1,cudaLaunchKernel,1141    1    1, 256    1    1,"<unnamed>::step_kernel_boundary_z_faces(const double *, const double *, double *, const double *, const double *, int, int, int, int, int, int, int, double, double)"
14659621874,10734,,,14659631893,8448,18467,132,132,7,cudaLaunchKernel,1152    1    1, 256    1    1,"<unnamed>::step_kernel_boundary_x_faces(const double *, const double *, double *, const double *, const double *, int, int, int, int, int, int, int, double, double)"
14659622895,10213,14659633108,2304,14659635412,8768,21285,119,119,0,cudaLaunchKernel,1146    1    1, 256    1    1,"<unnamed>::step_kernel_boundary_y_faces(const double *, const double *, double *, const double *, const double *, int, int, int, int, int, int, int, double, double)"
14659624013,10940,14659634953,1022,14659635975,8352,20314,124,124,5,cudaLaunchKernel,1152    1    1, 256    1    1,"<unnamed>::step_kernel_boundary_x_faces(const double *, const double *, double *, const double *, const double *, int, int, int, int, int, int, int, double, double)"
14659624357,10222,14659634579,2280,14659636859,8704,21206,123,123,4,cudaLaunchKernel,1146    1    1, 256    1    1,"<unnamed>::step_kernel_boundary_y_faces(const double *, const double *, double *, const double *, const double *, int, int, int, int, int, int, int, double, double)"
14659626762,10810,14659637572,1612,14659639184,65887,78309,121,121,2,cudaLaunchKernel,1141    1    1, 256    1    1,"<unnamed>::step_kernel_boundary_z_faces(const double *, const double *, double *, const double *, const double *, int, int, int, int, int, int, int, double, double)"
14659632899,12472,14659645371,47958,14659693329,5088,65518,125,125,6,cudaLaunchKernel, 576    1    1, 256    1    1,"<unnamed>::pack_face_x(const double *, double *, int, int, int, int, int)"
14659633488,11586,14659645074,1955,14659647029,8896,22437,132,132,7,cudaLaunchKernel,1146    1    1, 256    1    1,"<unnamed>::step_kernel_boundary_y_faces(const double *, const double *, double *, const double *, const double *, int, int, int, int, int, int, int, double, double)"
14659633944,11852,14659645796,1488,14659647284,66335,79675,119,119,0,cudaLaunchKernel,1141    1    1, 256    1    1,"<unnamed>::step_kernel_boundary_z_faces(const double *, const double *, double *, const double *, const double *, int, int, int, int, int, int, int, double, double)"
14659635095,10820,14659645915,872,14659646787,9056,20748,122,122,3,cudaLaunchKernel,1146    1    1, 256    1    1,"<unnamed>::step_kernel_boundary_y_faces(const double *, const double *, double *, const double *, const double *, int, int, int, int, int, int, int, double, double)"
14659635468,12182,14659647650,1625,14659649275,65343,79150,123,123,4,cudaLaunchKernel,1141    1    1, 256    1    1,"<unnamed>::step_kernel_boundary_z_faces(const double *, const double *, double *, const double *, const double *, int, int, int, int, int, int, int, double, double)"
14659635870,12485,14659648355,2180,14659650535,8512,23177,124,124,5,cudaLaunchKernel,1146    1    1, 256    1    1,"<unnamed>::step_kernel_boundary_y_faces(const double *, const double *, double *, const double *, const double *, int, int, int, int, int, int, int, double, double)"
14659635872,9616,14659645488,53021,14659698509,2560,65197,120,120,1,cudaLaunchKernel, 576    1    1, 256    1    1,"<unnamed>::pack_face_x(const double *, double *, int, int, int, int, int)"
14659645940,11730,14659657670,1358,14659659028,66304,79392,132,132,7,cudaLaunchKernel,1141    1    1, 256    1    1,"<unnamed>::step_kernel_boundary_z_faces(const double *, const double *, double *, const double *, const double *, int, int, int, int, int, int, int, double, double)"
14659646278,9627,14659655905,776680,14660432585,3840,790147,125,125,6,cudaLaunchKernel, 576    1    1, 256    1    1,"<unnamed>::pack_face_y(const double *, double *, int, int, int, int, int)"
14659646404,8871,14659655275,782270,14660437545,4224,795365,120,120,1,cudaLaunchKernel, 576    1    1, 256    1    1,"<unnamed>::pack_face_y(const double *, double *, int, int, int, int, int)"
14659646797,10253,14659657050,2153,14659659203,66015,78421,122,122,3,cudaLaunchKernel,1141    1    1, 256    1    1,"<unnamed>::step_kernel_boundary_z_faces(const double *, const double *, double *, const double *, const double *, int, int, int, int, int, int, int, double, double)"
14659647816,10857,14659658673,47742,14659706415,6496,65095,121,121,2,cudaLaunchKernel, 576    1    1, 256    1    1,"<unnamed>::pack_face_x(const double *, double *, int, int, int, int, int)"
14659652461,11134,,,14659662887,66719,77145,124,124,5,cudaLaunchKernel,1141    1    1, 256    1    1,"<unnamed>::step_kernel_boundary_z_faces(const double *, const double *, double *, const double *, const double *, int, int, int, int, int, int, int, double, double)"
14659656189,9531,14659665720,778001,14660443721,8448,795980,120,120,1,cudaLaunchKernel, 576    1    1, 256    1    1,"<unnamed>::pack_face_z(const double *, double *, int, int, int, int, int)"
14659656860,8974,14659665834,772063,14660437897,8159,789196,125,125,6,cudaLaunchKernel, 576    1    1, 256    1    1,"<unnamed>::pack_face_z(const double *, double *, int, int, int, int, int)"
14659657555,11052,14659668607,785454,14660454061,3552,800058,119,119,0,cudaLaunchKernel, 576    1    1, 256    1    1,"<unnamed>::pack_face_x(const double *, double *, int, int, int, int, int)"
14659658359,13875,14659672234,43824,14659716058,6528,64227,123,123,4,cudaLaunchKernel, 576    1    1, 256    1    1,"<unnamed>::pack_face_x(const double *, double *, int, int, int, int, int)"
14659659584,13690,14659673274,771308,14660444582,4160,789158,121,121,2,cudaLaunchKernel, 576    1    1, 256    1    1,"<unnamed>::pack_face_y(const double *, double *, int, int, int, int, int)"
14659666835,9241,14659676076,23841,14659699917,741340,774422,120,120,1,cudaLaunchKernel,  12   96   96,  32    4    4,"<unnamed>::step_kernel_interior(const double *, const double *, double *, const double *, const double *, int, int, int, int, int, int, int, double, double)"
14659666962,10059,14659677021,17396,14659694417,742680,770135,125,125,6,cudaLaunchKernel,  12   96   96,  32    4    4,"<unnamed>::step_kernel_interior(const double *, const double *, double *, const double *, const double *, int, int, int, int, int, int, int, double, double)"
14659667474,10389,14659677863,48635,14659726498,2432,61456,122,122,3,cudaLaunchKernel, 576    1    1, 256    1    1,"<unnamed>::pack_face_x(const double *, double *, int, int, int, int, int)"
14659669369,11480,14659680849,46307,14659727156,6656,64443,132,132,7,cudaLaunchKernel, 576    1    1, 256    1    1,"<unnamed>::pack_face_x(const double *, double *, int, int, int, int, int)"
14659673378,12017,14659685395,773626,14660459021,2432,788075,119,119,0,cudaLaunchKernel, 576    1    1, 256    1    1,"<unnamed>::pack_face_y(const double *, double *, int, int, int, int, int)"
14659673488,13617,14659687105,767700,14660454805,4000,785317,123,123,4,cudaLaunchKernel, 576    1    1, 256    1    1,"<unnamed>::pack_face_y(const double *, double *, int, int, int, int, int)"
14659674004,12272,14659686276,44802,14659731078,6560,63634,124,124,5,cudaLaunchKernel, 576    1    1, 256    1    1,"<unnamed>::pack_face_x(const double *, double *, int, int, int, int, int)"
14659674515,7635,14659682150,768064,14660450214,8287,783986,121,121,2,cudaLaunchKernel, 576    1    1, 256    1    1,"<unnamed>::pack_face_z(const double *, double *, int, int, int, int, int)"
14659678826,10104,14659688930,776953,14660465883,4128,791185,122,122,3,cudaLaunchKernel, 576    1    1, 256    1    1,"<unnamed>::pack_face_y(const double *, double *, int, int, int, int, int)"
14659681731,11170,14659692901,772966,14660465867,4096,788232,132,132,7,cudaLaunchKernel, 576    1    1, 256    1    1,"<unnamed>::pack_face_y(const double *, double *, int, int, int, int, int)"
14659682818,16000,14659698818,8653,14659707471,741943,766596,121,121,2,cudaLaunchKernel,  12   96   96,  32    4    4,"<unnamed>::step_kernel_interior(const double *, const double *, double *, const double *, const double *, int, int, int, int, int, int, int, double, double)"
14659686466,11043,14659697509,765128,14660462637,8256,784427,119,119,0,cudaLaunchKernel, 576    1    1, 256    1    1,"<unnamed>::pack_face_z(const double *, double *, int, int, int, int, int)"
14659687232,12508,14659699740,769857,14660469597,4384,786749,124,124,5,cudaLaunchKernel, 576    1    1, 256    1    1,"<unnamed>::pack_face_y(const double *, double *, int, int, int, int, int)"
14659688230,11252,14659699482,761083,14660460565,8096,780431,123,123,4,cudaLaunchKernel, 576    1    1, 256    1    1,"<unnamed>::pack_face_z(const double *, double *, int, int, int, int, int)"
14659690003,8976,14659698979,772504,14660471483,8448,789928,122,122,3,cudaLaunchKernel, 576    1    1, 256    1    1,"<unnamed>::pack_face_z(const double *, double *, int, int, int, int, int)"
14659696740,11402,14659708142,763293,14660471435,8256,782951,132,132,7,cudaLaunchKernel, 576    1    1, 256    1    1,"<unnamed>::pack_face_z(const double *, double *, int, int, int, int, int)"
14659698636,13049,14659711685,3854,14659715539,742778,759681,119,119,0,cudaLaunchKernel,  12   96   96,  32    4    4,"<unnamed>::step_kernel_interior(const double *, const double *, double *, const double *, const double *, int, int, int, int, int, int, int, double, double)"
14659700100,10633,14659710733,16917,14659727650,743033,770583,122,122,3,cudaLaunchKernel,  12   96   96,  32    4    4,"<unnamed>::step_kernel_interior(const double *, const double *, double *, const double *, const double *, int, int, int, int, int, int, int, double, double)"
14659700637,12219,14659712856,4258,14659717114,741179,757656,123,123,4,cudaLaunchKernel,  12   96   96,  32    4    4,"<unnamed>::step_kernel_interior(const double *, const double *, double *, const double *, const double *, int, int, int, int, int, int, int, double, double)"
14659700686,12299,14659712985,762532,14660475517,8736,783567,124,124,5,cudaLaunchKernel, 576    1    1, 256    1    1,"<unnamed>::pack_face_z(const double *, double *, int, int, int, int, int)"
14659709593,13139,14659722732,5128,14659727860,741623,759890,132,132,7,cudaLaunchKernel,  12   96   96,  32    4    4,"<unnamed>::step_kernel_interior(const double *, const double *, double *, const double *, const double *, int, int, int, int, int, int, int, double, double)"
14659717283,13398,14659730681,1677,14659732358,741111,756186,124,124,5,cudaLaunchKernel,  12   96   96,  32    4    4,"<unnamed>::step_kernel_interior(const double *, const double *, double *, const double *, const double *, int, int, int, int, int, int, int, double, double)"
14660549345,10603,14660559948,1339,14660561287,2080,14022,125,125,6,cudaLaunchKernel, 576    1    1, 256    1    1,"<unnamed>::unpack_face_x(const double *, double *, int, int, int, int, int)"
14660550353,11344,14660561697,1740,14660563437,1920,15004,119,119,0,cudaLaunchKernel, 576    1    1, 256    1    1,"<unnamed>::unpack_face_x(const double *, double *, int, int, int, int, int)"
14660551666,10058,14660561724,1644,14660563368,1984,13686,120,120,1,cudaLaunchKernel, 576    1    1, 256    1    1,"<unnamed>::unpack_face_x(const double *, double *, int, int, int, int, int)"
14660552810,11390,14660564200,1788,14660565988,2048,15226,121,121,2,cudaLaunchKernel, 576    1    1, 256    1    1,"<unnamed>::unpack_face_x(const double *, double *, int, int, int, int, int)"
14660560032,8015,14660568047,2187,14660570234,2112,12314,122,122,3,cudaLaunchKernel, 576    1    1, 256    1    1,"<unnamed>::unpack_face_x(const double *, double *, int, int, int, int, int)"
14660560941,4237,14660565178,2701,14660567879,2016,8954,125,125,6,cudaLaunchKernel, 576    1    1, 256    1    1,"<unnamed>::unpack_face_y(const double *, double *, int, int, int, int, int)"
14660562683,8809,,,14660569677,2111,9105,119,119,0,cudaLaunchKernel, 576    1    1, 256    1    1,"<unnamed>::unpack_face_y(const double *, double *, int, int, int, int, int)"
14660562749,3908,14660566657,2695,14660569352,2240,8843,120,120,1,cudaLaunchKernel, 576    1    1, 256    1    1,"<unnamed>::unpack_face_y(const double *, double *, int, int, int, int, int)"
14660565147,9874,14660575021,1431,14660576452,2112,13417,121,121,2,cudaLaunchKernel, 576    1    1, 256    1    1,"<unnamed>::unpack_face_y(const double *, double *, int, int, int, int, int)"
14660565546,8933,14660574479,1176,14660575655,4128,14237,125,125,6,cudaLaunchKernel, 576    1    1, 256    1    1,"<unnamed>::unpack_face_z(const double *, double *, int, int, int, int, int)"
14660565839,12034,14660577873,1636,14660579509,1952,15622,123,123,4,cudaLaunchKernel, 576    1    1, 256    1    1,"<unnamed>::unpack_face_x(const double *, double *, int, int, int, int, int)"
14660567084,8659,14660575743,1353,14660577096,4288,14300,120,120,1,cudaLaunchKernel, 576    1    1, 256    1    1,"<unnamed>::unpack_face_z(const double *, double *, int, int, int, int, int)"
14660567619,12826,14660580445,1069,14660581514,1952,15847,132,132,7,cudaLaunchKernel, 576    1    1, 256    1    1,"<unnamed>::unpack_face_x(const double *, double *, int, int, int, int, int)"
14660572071,7242,14660579313,2089,14660581402,2144,11475,122,122,3,cudaLaunchKernel, 576    1    1, 256    1    1,"<unnamed>::unpack_face_y(const double *, double *, int, int, int, int, int)"
14660572435,7399,14660579834,2578,14660582412,4256,14233,119,119,0,cudaLaunchKernel, 576    1    1, 256    1    1,"<unnamed>::unpack_face_z(const double *, double *, int, int, int, int, int)"
14660573735,8852,14660582587,2465,14660585052,1984,13301,124,124,5,cudaLaunchKernel, 576    1    1, 256    1    1,"<unnamed>::unpack_face_x(const double *, double *, int, int, int, int, int)"
14660575662,4939,14660580601,3694,14660584295,8384,17017,125,125,6,cudaLaunchKernel,1152    1    1, 256    1    1,"<unnamed>::step_kernel_boundary_x_faces(const double *, const double *, double *, const double *, const double *, int, int, int, int, int, int, int, double, double)"
14660576054,6183,14660582237,2343,14660584580,4032,12558,121,121,2,cudaLaunchKernel, 576    1    1, 256    1    1,"<unnamed>::unpack_face_z(const double *, double *, int, int, int, int, int)"
14660576884,5105,14660581989,3587,14660585576,8608,17300,120,120,1,cudaLaunchKernel,1152    1    1, 256    1    1,"<unnamed>::step_kernel_boundary_x_faces(const double *, const double *, double *, const double *, const double *, int, int, int, int, int, int, int, double, double)"
14660578848,4474,14660583322,2683,14660586005,2079,9236,123,123,4,cudaLaunchKernel, 576    1    1, 256    1    1,"<unnamed>::unpack_face_y(const double *, double *, int, int, int, int, int)"
14660579759,3554,14660583313,3881,14660587194,4064,11499,122,122,3,cudaLaunchKernel, 576    1    1, 256    1    1,"<unnamed>::unpack_face_z(const double *, double *, int, int, int, int, int)"
14660580503,5152,14660585655,3509,14660589164,8832,17493,119,119,0,cudaLaunchKernel,1152    1    1, 256    1    1,"<unnamed>::step_kernel_boundary_x_faces(const double *, const double *, double *, const double *, const double *, int, int, int, int, int, int, int, double, double)"
14660580991,3116,14660584107,9660,14660593767,8640,21416,125,125,6,cudaLaunchKernel,1146    1    1, 256    1    1,"<unnamed>::step_kernel_boundary_y_faces(const double *, const double *, double *, const double *, const double *, int, int, int, int, int, int, int, double, double)"
14660581482,5912,14660587394,1832,14660589226,2048,9792,132,132,7,cudaLaunchKernel, 576    1    1, 256    1    1,"<unnamed>::unpack_face_y(const double *, double *, int, int, int, int, int)"
14660582431,3747,14660586178,9350,14660595528,8544,21641,120,120,1,cudaLaunchKernel,1146    1    1, 256    1    1,"<unnamed>::step_kernel_boundary_y_faces(const double *, const double *, double *, const double *, const double *, int, int, int, int, int, int, int, double, double)"
14660582937,9184,,,14660591428,9152,17643,121,121,2,cudaLaunchKernel,1152    1    1, 256    1    1,"<unnamed>::step_kernel_boundary_x_faces(const double *, const double *, double *, const double *, const double *, int, int, int, int, int, int, int, double, double)"
14660583008,10995,14660594003,1161,14660595164,1952,14108,124,124,5,cudaLaunchKernel, 576    1    1, 256    1    1,"<unnamed>::unpack_face_y(const double *, double *, int, int, int, int, int)"
14660583936,9031,,,14660592314,8896,17274,122,122,3,cudaLaunchKernel,1152    1    1, 256    1    1,"<unnamed>::step_kernel_boundary_x_faces(const double *, const double *, double *, const double *, const double *, int, int, int, int, int, int, int, double, double)"
14660584045,10737,14660594782,1174,14660595956,4224,16135,123,123,4,cudaLaunchKernel, 576    1    1, 256    1    1,"<unnamed>::unpack_face_z(const double *, double *, int, int, int, int, int)"
14660584482,9055,14660593537,10182,14660603719,67903,87140,125,125,6,cudaLaunchKernel,1141    1    1, 256    1    1,"<unnamed>::step_kernel_boundary_z_faces(const double *, const double *, double *, const double *, const double *, int, int, int, int, int, int, int, double, double)"
14660586046,10021,14660596067,3017,14660599084,8576,21614,119,119,0,cudaLaunchKernel,1146    1    1, 256    1    1,"<unnamed>::step_kernel_boundary_y_faces(const double *, const double *, double *, const double *, const double *, int, int, int, int, int, int, int, double, double)"
14660586548,8640,14660595188,9972,14660605160,65760,84372,120,120,1,cudaLaunchKernel,1141    1    1, 256    1    1,"<unnamed>::step_kernel_boundary_z_faces(const double *, const double *, double *, const double *, const double *, int, int, int, int, int, int, int, double, double)"
14660591267,14929,14660606196,1173,14660607369,4288,20390,132,132,7,cudaLaunchKernel, 576    1    1, 256    1    1,"<unnamed>::unpack_face_z(const double *, double *, int, int, int, int, int)"
14660593154,11710,14660604864,1252,14660606116,8544,21506,121,121,2,cudaLaunchKernel,1146    1    1, 256    1    1,"<unnamed>::step_kernel_boundary_y_faces(const double *, const double *, double *, const double *, const double *, int, int, int, int, int, int, int, double, double)"
14660593872,9193,,,14660602426,8608,17162,122,122,3,cudaLaunchKernel,1146    1    1, 256    1    1,"<unnamed>::step_kernel_boundary_y_faces(const double *, const double *, double *, const double *, const double *, int, int, int, int, int, int, int, double, double)"
14660594963,17371,,,14660610492,4224,19753,124,124,5,cudaLaunchKernel, 576    1    1, 256    1    1,"<unnamed>::unpack_face_z(const double *, double *, int, int, int, int, int)"
14660595945,13730,,,14660608692,8512,21259,123,123,4,cudaLaunchKernel,1152    1    1, 256    1    1,"<unnamed>::step_kernel_boundary_x_faces(const double *, const double *, double *, const double *, const double *, int, int, int, int, int, int, int, double, double)"
14660596954,15500,14660612454,454,14660612908,66624,82578,119,119,0,cudaLaunchKernel,1141    1    1, 256    1    1,"<unnamed>::step_kernel_boundary_z_faces(const double *, const double *, double *, const double *, const double *, int, int, int, int, int, int, int, double, double)"
14660604096,9572,,,14660612122,66559,74585,122,122,3,cudaLaunchKernel,1141    1    1, 256    1    1,"<unnamed>::step_kernel_boundary_z_faces(const double *, const double *, double *, const double *, const double *, int, int, int, int, int, int, int, double, double)"
14660605855,11771,14660617626,1033,14660618659,66496,79300,121,121,2,cudaLaunchKernel,1141    1    1, 256    1    1,"<unnamed>::step_kernel_boundary_z_faces(const double *, const double *, double *, const double *, const double *, int, int, int, int, int, int, int, double, double)"
14660607295,11200,14660618495,1258,14660619753,8480,20938,132,132,7,cudaLaunchKernel,1152    1    1, 256    1    1,"<unnamed>::step_kernel_boundary_x_faces(const double *, const double *, double *, const double *, const double *, int, int, int, int, int, int, int, double, double)"
14660608331,9422,14660617753,54639,14660672392,6880,70941,120,120,1,cudaLaunchKernel, 576    1    1, 256    1    1,"<unnamed>::pack_face_x(const double *, double *, int, int, int, int, int)"
14660611460,6803,14660618263,55055,14660673318,7136,68994,125,125,6,cudaLaunchKernel, 576    1    1, 256    1    1,"<unnamed>::pack_face_x(const double *, double *, int, int, int, int, int)"
14660611656,12159,14660623815,2285,14660626100,9312,23756,123,123,4,cudaLaunchKernel,1146    1    1, 256    1    1,"<unnamed>::step_kernel_boundary_y_faces(const double *, const double *, double *, const double *, const double *, int, int, int, int, int, int, int, double, double)"
14660613444,12019,14660625463,901,14660626364,8832,21752,124,124,5,cudaLaunchKernel,1152    1    1, 256    1    1,"<unnamed>::step_kernel_boundary_x_faces(const double *, const double *, double *, const double *, const double *, int, int, int, int, int, int, int, double, double)"
14660618442,9172,14660627614,786597,14661414211,4544,800313,120,120,1,cudaLaunchKernel, 576    1    1, 256    1    1,"<unnamed>::pack_face_y(const double *, double *, int, int, int, int, int)"
14660622075,6248,14660628323,785307,14661413630,5504,797059,125,125,6,cudaLaunchKernel, 576    1    1, 256    1    1,"<unnamed>::pack_face_y(const double *, double *, int, int, int, int, int)"
14660622345,7423,14660629768,3425,14660633193,8832,19680,132,132,7,cudaLaunchKernel,1146    1    1, 256    1    1,"<unnamed>::step_kernel_boundary_y_faces(const double *, const double *, double *, const double *, const double *, int, int, int, int, int, int, int, double, double)"
14660624710,7121,14660631831,4861,14660636692,65312,77294,123,123,4,cudaLaunchKernel,1141    1    1, 256    1    1,"<unnamed>::step_kernel_boundary_z_faces(const double *, const double *, double *, const double *, const double *, int, int, int, int, int, int, int, double, double)"
14660626255,8066,14660634321,786773,14661421094,3584,798423,119,119,0,cudaLaunchKernel, 576    1    1, 256    1    1,"<unnamed>::pack_face_x(const double *, double *, int, int, int, int, int)"
14660626377,5861,14660632238,4718,14660636956,8543,19122,124,124,5,cudaLaunchKernel,1146    1    1, 256    1    1,"<unnamed>::step_kernel_boundary_y_faces(const double *, const double *, double *, const double *, const double *, int, int, int, int, int, int, int, double, double)"
14660627580,6968,14660634548,45573,14660680121,8928,61469,122,122,3,cudaLaunchKernel, 576    1    1, 256    1    1,"<unnamed>::pack_face_x(const double *, double *, int, int, int, int, int)"
14660628520,3911,14660632431,788116,14661420547,7936,799963,120,120,1,cudaLaunchKernel, 576    1    1, 256    1    1,"<unnamed>::pack_face_z(const double *, double *, int, int, int, int, int)"
14660628734,3746,14660632480,788574,14661421054,8287,800607,125,125,6,cudaLaunchKernel, 576    1    1, 256    1    1,"<unnamed>::pack_face_z(const double *, double *, int, int, int, int, int)"
14660630320,11221,14660641541,1764,14660643305,66463,79448,132,132,7,cudaLaunchKernel,1141    1    1, 256    1    1,"<unnamed>::step_kernel_boundary_z_faces(const double *, const double *, double *, const double *, const double *, int, int, int, int, int, int, int, double, double)"
14660632593,11357,14660643950,2829,14660646779,65472,79658,124,124,5,cudaLaunchKernel,1141    1    1, 256    1    1,"<unnamed>::step_kernel_boundary_z_faces(const double *, const double *, double *, const double *, const double *, int, int, int, int, int, int, int, double, double)"
14660632953,11430,14660644383,42116,14660686499,7840,61386,121,121,2,cudaLaunchKernel, 576    1    1, 256    1    1,"<unnamed>::pack_face_x(const double *, double *, int, int, int, int, int)"
14660633194,8731,14660641925,31427,14660673352,744891,785049,120,120,1,cudaLaunchKernel,  12   96   96,  32    4    4,"<unnamed>::step_kernel_interior(const double *, const double *, double *, const double *, const double *, int, int, int, int, int, int, int, double, double)"
14660633214,9310,14660642524,31050,14660673574,745048,785408,125,125,6,cudaLaunchKernel,  12   96   96,  32    4    4,"<unnamed>::step_kernel_interior(const double *, const double *, double *, const double *, const double *, int, int, int, int, int, int, int, double, double)"
14660634736,11189,14660645925,780353,14661426278,2592,794134,119,119,0,cudaLaunchKernel, 576    1    1, 256    1    1,"<unnamed>::pack_face_y(const double *, double *, int, int, int, int, int)"
14660634957,7574,14660642531,778575,14661421106,3968,790117,122,122,3,cudaLaunchKernel, 576    1    1, 256    1    1,"<unnamed>::pack_face_y(const double *, double *, int, int, int, int, int)"
14660643456,6463,14660649919,776595,14661426514,8000,791058,122,122,3,cudaLaunchKernel, 576    1    1, 256    1    1,"<unnamed>::pack_face_z(const double *, double *, int, int, int, int, int)"
14660645313,10281,14660655594,772143,14661427737,4064,786488,121,121,2,cudaLaunchKernel, 576    1    1, 256    1    1,"<unnamed>::pack_face_y(const double *, double *, int, int, int, int, int)"
14660645336,12060,14660657396,46240,14660703636,7424,65724,123,123,4,cudaLaunchKernel, 576    1    1, 256    1    1,"<unnamed>::pack_face_x(const double *, double *, int, int, int, int, int)"
14660646837,10296,14660657133,773177,14661430310,8096,791569,119,119,0,cudaLaunchKernel, 576    1    1, 256    1    1,"<unnamed>::pack_face_z(const double *, double *, int, int, int, int, int)"
14660654259,10838,14660665097,15248,14660680345,745369,771455,122,122,3,cudaLaunchKernel,  12   96   96,  32    4    4,"<unnamed>::step_kernel_interior(const double *, const double *, double *, const double *, const double *, int, int, int, int, int, int, int, double, double)"
14660655924,12569,14660668493,42811,14660711304,7392,62772,132,132,7,cudaLaunchKernel, 576    1    1, 256    1    1,"<unnamed>::pack_face_x(const double *, double *, int, int, int, int, int)"
14660656517,11862,14660668379,765118,14661433497,8064,785044,121,121,2,cudaLaunchKernel, 576    1    1, 256    1    1,"<unnamed>::pack_face_z(const double *, double *, int, int, int, int, int)"
14660658227,11847,14660670074,10642,14660680716,744474,766963,119,119,0,cudaLaunchKernel,  12   96   96,  32    4    4,"<unnamed>::step_kernel_interior(const double *, const double *, double *, const double *, const double *, int, int, int, int, int, int, int, double, double)"
14660658352,10908,14660669260,774627,14661443887,4384,789919,123,123,4,cudaLaunchKernel, 576    1    1, 256    1    1,"<unnamed>::pack_face_y(const double *, double *, int, int, int, int, int)"
14660662581,7756,14660670337,783761,14661454098,3840,795357,124,124,5,cudaLaunchKernel, 576    1    1, 256    1    1,"<unnamed>::pack_face_x(const double *, double *, int, int, int, int, int)"
14660669463,11511,14660680974,770161,14661451135,5024,786696,132,132,7,cudaLaunchKernel, 576    1    1, 256    1    1,"<unnamed>::pack_face_y(const double *, double *, int, int, int, int, int)"
14660669498,11961,14660681459,5264,14660686723,744566,761791,121,121,2,cudaLaunchKernel,  12   96   96,  32    4    4,"<unnamed>::step_kernel_interior(const double *, const double *, double *, const double *, const double *, int, int, int, int, int, int, int, double, double)"
14660670182,11067,14660681249,768526,14661449775,8032,787625,123,123,4,cudaLaunchKernel, 576    1    1, 256    1    1,"<unnamed>::pack_face_z(const double *, double *, int, int, int, int, int)"
14660670954,10301,14660681255,778187,14661459442,2560,791048,124,124,5,cudaLaunchKernel, 576    1    1, 256    1    1,"<unnamed>::pack_face_y(const double *, double *, int, int, int, int, int)"
14660681860,12765,14660694625,763326,14661457951,8160,784251,132,132,7,cudaLaunchKernel, 576    1    1, 256    1    1,"<unnamed>::pack_face_z(const double *, double *, int, int, int, int, int)"
14660682213,11122,14660693335,769755,14661463090,8160,789037,124,124,5,cudaLaunchKernel, 576    1    1, 256    1    1,"<unnamed>::pack_face_z(const double *, double *, int, int, int, int, int)"
14660682425,11454,14660693879,9981,14660703860,743899,765334,123,123,4,cudaLaunchKernel,  12   96   96,  32    4    4,"<unnamed>::step_kernel_interior(const double *, const double *, double *, const double *, const double *, int, int, int, int, int, int, int, double, double)"
14660694469,12893,14660707362,5977,14660713339,745143,764013,124,124,5,cudaLaunchKernel,  12   96   96,  32    4    4,"<unnamed>::step_kernel_interior(const double *, const double *, double *, const double *, const double *, int, int, int, int, int, int, int, double, double)"
14660695742,11753,14660707495,4033,14660711528,742935,758721,132,132,7,cudaLaunchKernel,  12   96   96,  32    4    4,"<unnamed>::step_kernel_interior(const double *, const double *, double *, const double *, const double *, int, int, int, int, int, int, int, double, double)"
14661535166,10034,14661545200,1267,14661546467,1952,13253,120,120,1,cudaLaunchKernel, 576    1    1, 256    1    1,"<unnamed>::unpack_face_x(const double *, double *, int, int, int, int, int)"
14661542770,12236,14661555006,1434,14661556440,2176,15846,121,121,2,cudaLaunchKernel, 576    1    1, 256    1    1,"<unnamed>::unpack_face_x(const double *, double *, int, int, int, int, int)"
14661545055,10282,14661555337,1543,14661556880,2048,13873,122,122,3,cudaLaunchKernel, 576    1    1, 256    1    1,"<unnamed>::unpack_face_x(const double *, double *, int, int, int, int, int)"
14661546169,10114,14661556283,1224,14661557507,2048,13386,120,120,1,cudaLaunchKernel, 576    1    1, 256    1    1,"<unnamed>::unpack_face_y(const double *, double *, int, int, int, int, int)"
14661553945,7368,14661561313,2363,14661563676,2048,11779,125,125,6,cudaLaunchKernel, 576    1    1, 256    1    1,"<unnamed>::unpack_face_x(const double *, double *, int, int, int, int, int)"
14661555989,7032,14661563021,2347,14661565368,2016,11395,121,121,2,cudaLaunchKernel, 576    1    1, 256    1    1,"<unnamed>::unpack_face_y(const double *, double *, int, int, int, int, int)"
14661556314,6138,14661562452,2428,14661564880,2176,10742,122,122,3,cudaLaunchKernel, 576    1    1, 256    1    1,"<unnamed>::unpack_face_y(const double *, double *, int, int, int, int, int)"
14661556408,13872,14661570280,1149,14661571429,2144,17165,119,119,0,cudaLaunchKernel, 576    1    1, 256    1    1,"<unnamed>::unpack_face_x(const double *, double *, int, int, int, int, int)"
14661557238,4917,14661562155,3575,14661565730,4096,12588,120,120,1,cudaLaunchKernel, 576    1    1, 256    1    1,"<unnamed>::unpack_face_z(const double *, double *, int, int, int, int, int)"
14661559897,12252,14661572149,1193,14661573342,2016,15461,132,132,7,cudaLaunchKernel, 576    1    1, 256    1    1,"<unnamed>::unpack_face_x(const double *, double *, int, int, int, int, int)"
14661561748,9361,14661571109,1207,14661572316,2112,12680,125,125,6,cudaLaunchKernel, 576    1    1, 256    1    1,"<unnamed>::unpack_face_y(const double *, double *, int, int, int, int, int)"
14661562863,9245,14661572108,1348,14661573456,4000,14593,122,122,3,cudaLaunchKernel, 576    1    1, 256    1    1,"<unnamed>::unpack_face_z(const double *, double *, int, int, int, int, int)"
14661565469,7379,14661572848,2322,14661575170,8704,18405,120,120,1,cudaLaunchKernel,1152    1    1, 256    1    1,"<unnamed>::step_kernel_boundary_x_faces(const double *, const double *, double *, const double *, const double *, int, int, int, int, int, int, int, double, double)"
14661567447,7737,14661575184,2024,14661577208,4223,13984,121,121,2,cudaLaunchKernel, 576    1    1, 256    1    1,"<unnamed>::unpack_face_z(const double *, double *, int, int, int, int, int)"
14661571382,12467,14661583849,1436,14661585285,1984,15887,119,119,0,cudaLaunchKernel, 576    1    1, 256    1    1,"<unnamed>::unpack_face_y(const double *, double *, int, int, int, int, int)"
14661572020,10557,14661582577,1739,14661584316,4288,16584,125,125,6,cudaLaunchKernel, 576    1    1, 256    1    1,"<unnamed>::unpack_face_z(const double *, double *, int, int, int, int, int)"
14661573249,8833,14661582082,1198,14661583280,8448,18479,122,122,3,cudaLaunchKernel,1152    1    1, 256    1    1,"<unnamed>::step_kernel_boundary_x_faces(const double *, const double *, double *, const double *, const double *, int, int, int, int, int, int, int, double, double)"
14661573265,11909,14661585174,904,14661586078,2112,14925,132,132,7,cudaLaunchKernel, 576    1    1, 256    1    1,"<unnamed>::unpack_face_y(const double *, double *, int, int, int, int, int)"
14661573444,7799,14661581243,3943,14661585186,8544,20286,120,120,1,cudaLaunchKernel,1146    1    1, 256    1    1,"<unnamed>::step_kernel_boundary_y_faces(const double *, const double *, double *, const double *, const double *, int, int, int, int, int, int, int, double, double)"
14661573664,12105,14661585769,1480,14661587249,1984,15569,124,124,5,cudaLaunchKernel, 576    1    1, 256    1    1,"<unnamed>::unpack_face_x(const double *, double *, int, int, int, int, int)"
14661573902,11105,14661585007,1695,14661586702,1984,14784,123,123,4,cudaLaunchKernel, 576    1    1, 256    1    1,"<unnamed>::unpack_face_x(const double *, double *, int, int, int, int, int)"
14661575903,11039,14661586942,1209,14661588151,8448,20696,121,121,2,cudaLaunchKernel,1152    1    1, 256    1    1,"<unnamed>::step_kernel_boundary_x_faces(const double *, const double *, double *, const double *, const double *, int, int, int, int, int, int, int, double, double)"
14661582162,9414,14661591576,3498,14661595074,65344,78256,120,120,1,cudaLaunchKernel,1141    1    1, 256    1    1,"<unnamed>::step_kernel_boundary_z_faces(const double *, const double *, double *, const double *, const double *, int, int, int, int, int, int, int, double, double)"
14661583108,10242,14661593350,1258,14661594608,8576,20076,122,122,3,cudaLaunchKernel,1146    1    1, 256    1    1,"<unnamed>::step_kernel_boundary_y_faces(const double *, const double *, double *, const double *, const double *, int, int, int, int, int, int, int, double, double)"
14661583868,9901,14661593769,819,14661594588,8416,19136,125,125,6,cudaLaunchKernel,1152    1    1, 256    1    1,"<unnamed>::step_kernel_boundary_x_faces(const double *, const double *, double *, const double *, const double *, int, int, int, int, int, int, int, double, double)"
14661584755,12057,14661596812,1208,14661598020,4384,17649,119,119,0,cudaLaunchKernel, 576    1    1, 256    1    1,"<unnamed>::unpack_face_z(const double *, double *, int, int, int, int, int)"
14661585969,12481,14661598450,1020,14661599470,2080,15581,123,123,4,cudaLaunchKernel, 576    1    1, 256    1    1,"<unnamed>::unpack_face_y(const double *, double *, int, int, int, int, int)"
14661586121,10661,14661596782,1104,14661597886,4096,15861,132,132,7,cudaLaunchKernel, 576    1    1, 256    1    1,"<unnamed>::unpack_face_z(const double *, double *, int, int, int, int, int)"
14661589892,8133,14661598025,2248,14661600273,2304,12685,124,124,5,cudaLaunchKernel, 576    1    1, 256    1    1,"<unnamed>::unpack_face_y(const double *, double *, int, int, int, int, int)"
14661591115,8285,14661599400,3087,14661602487,8768,20140,121,121,2,cudaLaunchKernel,1146    1    1, 256    1    1,"<unnamed>::step_kernel_boundary_y_faces(const double *, const double *, double *, const double *, const double *, int, int, int, int, int, int, int, double, double)"
14661594322,5327,14661599649,4559,14661604208,66463,76349,122,122,3,cudaLaunchKernel,1141    1    1, 256    1    1,"<unnamed>::step_kernel_boundary_z_faces(const double *, const double *, double *, const double *, const double *, int, int, int, int, int, int, int, double, double)"
14661594670,9829,14661604499,201,14661604700,8703,18733,125,125,6,cudaLaunchKernel,1146    1    1, 256    1    1,"<unnamed>::step_kernel_boundary_y_faces(const double *, const double *, double *, const double *, const double *, int, int, int, int, int, int, int, double, double)"
14661597866,9930,14661607796,794122,14662401918,3584,807636,120,120,1,cudaLaunchKernel, 576    1    1, 256    1    1,"<unnamed>::pack_face_x(const double *, double *, int, int, int, int, int)"
14661597889,10034,14661607923,1099,14661609022,8575,19708,132,132,7,cudaLaunchKernel,1152    1    1, 256    1    1,"<unnamed>::step_kernel_boundary_x_faces(const double *, const double *, double *, const double *, const double *, int, int, int, int, int, int, int, double, double)"
14661598512,13625,,,14661610532,8640,20660,119,119,0,cudaLaunchKernel,1152    1    1, 256    1    1,"<unnamed>::step_kernel_boundary_x_faces(const double *, const double *, double *, const double *, const double *, int, int, int, int, int, int, int, double, double)"
14661598605,9902,14661608507,982,14661609489,4287,15171,124,124,5,cudaLaunchKernel, 576    1    1, 256    1    1,"<unnamed>::unpack_face_z(const double *, double *, int, int, int, int, int)"
14661599769,12645,,,14661612247,66303,78781,121,121,2,cudaLaunchKernel,1141    1    1, 256    1    1,"<unnamed>::step_kernel_boundary_z_faces(const double *, const double *, double *, const double *, const double *, int, int, int, int, int, int, int, double, double)"
14661602423,13540,14661615963,1075,14661617038,4000,18615,123,123,4,cudaLaunchKernel, 576    1    1, 256    1    1,"<unnamed>::unpack_face_z(const double *, double *, int, int, int, int, int)"
14661605333,9546,14661614879,2108,14661616987,66016,77670,125,125,6,cudaLaunchKernel,1141    1    1, 256    1    1,"<unnamed>::step_kernel_boundary_z_faces(const double *, const double *, double *, const double *, const double *, int, int, int, int, int, int, int, double, double)"
14661608756,9498,14661618254,789136,14662407390,2400,801034,120,120,1,cudaLaunchKernel, 576    1    1, 256    1    1,"<unnamed>::pack_face_y(const double *, double *, int, int, int, int, int)"
14661609083,14366,,,14661622621,8896,22434,132,132,7,cudaLaunchKernel,1146    1    1, 256    1    1,"<unnamed>::step_kernel_boundary_y_faces(const double *, const double *, double *, const double *, const double *, int, int, int, int, int, int, int, double, double)"
14661610130,11980,14661622110,789610,14662411720,3232,804822,122,122,3,cudaLaunchKernel, 576    1    1, 256    1    1,"<unnamed>::pack_face_x(const double *, double *, int, int, int, int, int)"
14661612978,11299,,,14661622416,8448,17886,124,124,5,cudaLaunchKernel,1152    1    1, 256    1    1,"<unnamed>::step_kernel_boundary_x_faces(const double *, const double *, double *, const double *, const double *, int, int, int, int, int, int, int, double, double)"
14661613483,12562,14661626045,2151,14661628196,8672,23385,119,119,0,cudaLaunchKernel,1146    1    1, 256    1    1,"<unnamed>::step_kernel_boundary_y_faces(const double *, const double *, double *, const double *, const double *, int, int, int, int, int, int, int, double, double)"
14661617129,11432,14661628561,797,14661629358,9183,21412,123,123,4,cudaLaunchKernel,1152    1    1, 256    1    1,"<unnamed>::step_kernel_boundary_x_faces(const double *, const double *, double *, const double *, const double *, int, int, int, int, int, int, int, double, double)"
14661619133,9135,14661628268,782770,14662411038,8127,800032,120,120,1,cudaLaunchKernel, 576    1    1, 256    1    1,"<unnamed>::pack_face_z(const double *, double *, int, int, int, int, int)"
14661623346,12231,14661635577,44349,14661679926,7488,64068,121,121,2,cudaLaunchKernel, 576    1    1, 256    1    1,"<unnamed>::pack_face_x(const double *, double *, int, int, int, int, int)"
14661624104,11170,14661635274,781086,14662416360,2336,794592,122,122,3,cudaLaunchKernel, 576    1    1, 256    1    1,"<unnamed>::pack_face_y(const double *, double *, int, int, int, int, int)"
14661624655,12924,14661637579,626,14661638205,65983,79533,132,132,7,cudaLaunchKernel,1141    1    1, 256    1    1,"<unnamed>::step_kernel_boundary_z_faces(const double *, const double *, double *, const double *, const double *, int, int, int, int, int, int, int, double, double)"
14661624885,10030,14661634915,49816,14661684731,7872,67718,125,125,6,cudaLaunchKernel, 576    1    1, 256    1    1,"<unnamed>::pack_face_x(const double *, double *, int, int, int, int, int)"
14661625184,11092,14661636276,1308,14661637584,8928,21328,124,124,5,cudaLaunchKernel,1146    1    1, 256    1    1,"<unnamed>::step_kernel_boundary_y_faces(const double *, const double *, double *, const double *, const double *, int, int, int, int, int, int, int, double, double)"
14661626964,12010,14661638974,1478,14661640452,66848,80336,119,119,0,cudaLaunchKernel,1141    1    1, 256    1    1,"<unnamed>::step_kernel_boundary_z_faces(const double *, const double *, double *, const double *, const double *, int, int, int, int, int, int, int, double, double)"
14661632548,6365,14661638913,23297,14661662210,743804,773466,120,120,1,cudaLaunchKernel,  12   96   96,  32    4    4,"<unnamed>::step_kernel_interior(const double *, const double *, double *, const double *, const double *, int, int, int, int, int, int, int, double, double)"
14661632916,13319,14661646235,2194,14661648429,8768,24281,123,123,4,cudaLaunchKernel,1146    1    1, 256    1    1,"<unnamed>::step_kernel_boundary_y_faces(const double *, const double *, double *, const double *, const double *, int, int, int, int, int, int, int, double, double)"
14661635837,8844,14661644681,781673,14662426354,4416,794933,125,125,6,cudaLaunchKernel, 576    1    1, 256    1    1,"<unnamed>::pack_face_y(const double *, double *, int, int, int, int, int)"
14661636182,9402,14661645584,774328,14662419912,7904,791634,122,122,3,cudaLaunchKernel, 576    1    1, 256    1    1,"<unnamed>::pack_face_z(const double *, double *, int, int, int, int, int)"
14661636512,10354,14661646866,773531,14662420397,4032,787917,121,121,2,cudaLaunchKernel, 576    1    1, 256    1    1,"<unnamed>::pack_face_y(const double *, double *, int, int, int, int, int)"
14661637165,10031,14661647196,2068,14661649264,66783,78882,124,124,5,cudaLaunchKernel,1141    1    1, 256    1    1,"<unnamed>::step_kernel_boundary_z_faces(const double *, const double *, double *, const double *, const double *, int, int, int, int, int, int, int, double, double)"
14661645580,9256,14661654836,777758,14662432594,8192,795206,125,125,6,cudaLaunchKernel, 576    1    1, 256    1    1,"<unnamed>::pack_face_z(const double *, double *, int, int, int, int, int)"
14661646680,10537,14661657217,14734,14661671951,743609,768880,122,122,3,cudaLaunchKernel,  12   96   96,  32    4    4,"<unnamed>::step_kernel_interior(const double *, const double *, double *, const double *, const double *, int, int, int, int, int, int, int, double, double)"
14661647383,11556,14661658939,1554,14661660493,65248,78358,123,123,4,cudaLaunchKernel,1141    1    1, 256    1    1,"<unnamed>::step_kernel_boundary_z_faces(const double *, const double *, double *, const double *, const double *, int, int, int, int, int, int, int, double, double)"
14661647814,11285,14661659099,766866,14662425965,8352,786503,121,121,2,cudaLaunchKernel, 576    1    1, 256    1    1,"<unnamed>::pack_face_z(const double *, double *, int, int, int, int, int)"
14661648395,12831,14661661226,44722,14661705948,7872,65425,132,132,7,cudaLaunchKernel, 576    1    1, 256    1    1,"<unnamed>::pack_face_x(const double *, double *, int, int, int, int, int)"
14661654949,12019,14661666968,41868,14661708836,7488,61375,119,119,0,cudaLaunchKernel, 576    1    1, 256    1    1,"<unnamed>::pack_face_x(const double *, double *, int, int, int, int, int)"
14661655999,8923,14661664922,20033,14661684955,745335,774291,125,125,6,cudaLaunchKernel,  12   96   96,  32    4    4,"<unnamed>::step_kernel_interior(const double *, const double *, double *, const double *, const double *, int, int, int, int, int, int, int, double, double)"
14661657712,12346,14661670058,47493,14661717551,8512,68351,124,124,5,cudaLaunchKernel, 576    1    1, 256    1    1,"<unnamed>::pack_face_x(const double *, double *, int, int, int, int, int)"
14661660228,10133,14661670361,9789,14661680150,744791,764713,121,121,2,cudaLaunchKernel,  12   96   96,  32    4    4,"<unnamed>::step_kernel_interior(const double *, const double *, double *, const double *, const double *, int, int, int, int, int, int, int, double, double)"
14661665010,12123,14661677133,768263,14662445396,4320,784706,132,132,7,cudaLaunchKernel, 576    1    1, 256    1    1,"<unnamed>::pack_face_y(const double *, double *, int, int, int, int, int)"
14661667911,11115,14661679026,769292,14662448318,4032,784439,119,119,0,cudaLaunchKernel, 576    1    1, 256    1    1,"<unnamed>::pack_face_y(const double *, double *, int, int, int, int, int)"
14661669272,15343,14661684615,42886,14661727501,8992,67221,123,123,4,cudaLaunchKernel, 576    1    1, 256    1    1,"<unnamed>::pack_face_x(const double *, double *, int, int, int, int, int)"
14661673458,11693,14661685151,771624,14662456775,4448,787765,124,124,5,cudaLaunchKernel, 576    1    1, 256    1    1,"<unnamed>::pack_face_y(const double *, double *, int, int, int, int, int)"
14661678043,11634,14661689677,761895,14662451572,9280,782809,132,132,7,cudaLaunchKernel, 576    1    1, 256    1    1,"<unnamed>::pack_face_z(const double *, double *, int, int, int, int, int)"
14661682930,6768,14661689698,764220,14662453918,8256,779244,119,119,0,cudaLaunchKernel, 576    1    1, 256    1    1,"<unnamed>::pack_face_z(const double *, double *, int, int, int, int, int)"
14661685588,11817,14661697405,770251,14662467656,4192,786260,123,123,4,cudaLaunchKernel, 576    1    1, 256    1    1,"<unnamed>::pack_face_y(const double *, double *, int, int, int, int, int)"
14661686097,11284,14661697381,765442,14662462823,8064,784790,124,124,5,cudaLaunchKernel, 576    1    1, 256    1    1,"<unnamed>::pack_face_z(const double *, double *, int, int, int, int, int)"
14661690511,10913,14661701424,7604,14661709028,743834,762351,119,119,0,cudaLaunchKernel,  12   96   96,  32    4    4,"<unnamed>::step_kernel_interior(const double *, const double *, double *, const double *, const double *, int, int, int, int, int, int, int, double, double)"
14661690810,11983,14661702793,3379,14661706172,743032,758394,132,132,7,cudaLaunchKernel,  12   96   96,  32    4    4,"<unnamed>::step_kernel_interior(const double *, const double *, double *, const double *, const double *, int, int, int, int, int, int, int, double, double)"
14661698328,11635,14661709963,763549,14662473512,7936,783120,123,123,4,cudaLaunchKernel, 576    1    1, 256    1    1,"<unnamed>::pack_face_z(const double *, double *, int, int, int, int, int)"
14661698565,10974,14661709539,8204,14661717743,742968,762146,124,124,5,cudaLaunchKernel,  12   96   96,  32    4    4,"<unnamed>::step_kernel_interior(const double *, const double *, double *, const double *, const double *, int, int, int, int, int, int, int, double, double)"
14661711102,11652,14661722754,4971,14661727725,744635,761258,123,123,4,cudaLaunchKernel,  12   96   96,  32    4    4,"<unnamed>::step_kernel_interior(const double *, const double *, double *, const double *, const double *, int, int, int, int, int, int, int, double, double)"
14662536039,11596,14662547635,1688,14662549323,2144,15428,121,121,2,cudaLaunchKernel, 576    1    1, 256    1    1,"<unnamed>::unpack_face_x(const double *, double *, int, int, int, int, int)"
14662537008,10243,14662547251,1652,14662548903,2240,14135,122,122,3,cudaLaunchKernel, 576    1    1, 256    1    1,"<unnamed>::unpack_face_x(const double *, double *, int, int, int, int, int)"
14662541514,10896,,,14662551261,2016,11763,120,120,1,cudaLaunchKernel, 576    1    1, 256    1    1,"<unnamed>::unpack_face_x(const double *, double *, int, int, int, int, int)"
14662548228,9529,14662557757,1674,14662559431,2048,13251,122,122,3,cudaLaunchKernel, 576    1    1, 256    1    1,"<unnamed>::unpack_face_y(const double *, double *, int, int, int, int, int)"
14662551926,6997,14662558923,2080,14662561003,2048,11125,121,121,2,cudaLaunchKernel, 576    1    1, 256    1    1,"<unnamed>::unpack_face_y(const double *, double *, int, int, int, int, int)"
14662553376,5362,14662558738,2411,14662561149,2048,9821,120,120,1,cudaLaunchKernel, 576    1    1, 256    1    1,"<unnamed>::unpack_face_y(const double *, double *, int, int, int, int, int)"
14662556307,13045,14662569352,1482,14662570834,2016,16543,132,132,7,cudaLaunchKernel, 576    1    1, 256    1    1,"<unnamed>::unpack_face_x(const double *, double *, int, int, int, int, int)"
14662556563,10305,14662566868,1501,14662568369,1984,13790,125,125,6,cudaLaunchKernel, 576    1    1, 256    1    1,"<unnamed>::unpack_face_x(const double *, double *, int, int, int, int, int)"
14662558462,6854,14662565316,515,14662565831,4479,11848,122,122,3,cudaLaunchKernel, 576    1    1, 256    1    1,"<unnamed>::unpack_face_z(const double *, double *, int, int, int, int, int)"
14662559118,8377,14662567495,2294,14662569789,4448,15119,120,120,1,cudaLaunchKernel, 576    1    1, 256    1    1,"<unnamed>::unpack_face_z(const double *, double *, int, int, int, int, int)"
14662559123,12449,14662571572,1513,14662573085,2016,15978,119,119,0,cudaLaunchKernel, 576    1    1, 256    1    1,"<unnamed>::unpack_face_x(const double *, double *, int, int, int, int, int)"
14662559472,9575,14662569047,1172,14662570219,4320,15067,121,121,2,cudaLaunchKernel, 576    1    1, 256    1    1,"<unnamed>::unpack_face_z(const double *, double *, int, int, int, int, int)"
14662560254,11829,14662572083,1427,14662573510,1984,15240,124,124,5,cudaLaunchKernel, 576    1    1, 256    1    1,"<unnamed>::unpack_face_x(const double *, double *, int, int, int, int, int)"
14662564997,7988,14662572985,2350,14662575335,2144,12482,123,123,4,cudaLaunchKernel, 576    1    1, 256    1    1,"<unnamed>::unpack_face_x(const double *, double *, int, int, int, int, int)"
14662566654,6375,14662573029,2145,14662575174,8800,17320,122,122,3,cudaLaunchKernel,1152    1    1, 256    1    1,"<unnamed>::step_kernel_boundary_x_faces(const double *, const double *, double *, const double *, const double *, int, int, int, int, int, int, int, double, double)"
14662567833,4670,14662572503,2362,14662574865,2048,9080,125,125,6,cudaLaunchKernel, 576    1    1, 256    1    1,"<unnamed>::unpack_face_y(const double *, double *, int, int, int, int, int)"
14662568593,5651,14662574244,2617,14662576861,8704,16972,120,120,1,cudaLaunchKernel,1152    1    1, 256    1    1,"<unnamed>::step_kernel_boundary_x_faces(const double *, const double *, double *, const double *, const double *, int, int, int, int, int, int, int, double, double)"
14662570169,11353,14662581522,2169,14662583691,8576,22098,121,121,2,cudaLaunchKernel,1152    1    1, 256    1    1,"<unnamed>::step_kernel_boundary_x_faces(const double *, const double *, double *, const double *, const double *, int, int, int, int, int, int, int, double, double)"
14662570300,12310,14662582610,576,14662583186,1984,14870,132,132,7,cudaLaunchKernel, 576    1    1, 256    1    1,"<unnamed>::unpack_face_y(const double *, double *, int, int, int, int, int)"
14662572527,11308,14662583835,1282,14662585117,2176,14766,119,119,0,cudaLaunchKernel, 576    1    1, 256    1    1,"<unnamed>::unpack_face_y(const double *, double *, int, int, int, int, int)"
14662572894,8246,14662581140,1469,14662582609,4416,14131,125,125,6,cudaLaunchKernel, 576    1    1, 256    1    1,"<unnamed>::unpack_face_z(const double *, double *, int, int, int, int, int)"
14662573060,14328,,,14662585989,1984,14913,124,124,5,cudaLaunchKernel, 576    1    1, 256    1    1,"<unnamed>::unpack_face_y(const double *, double *, int, int, int, int, int)"
14662573391,8260,14662581651,3347,14662584998,8480,20087,122,122,3,cudaLaunchKernel,1146    1    1, 256    1    1,"<unnamed>::step_kernel_boundary_y_faces(const double *, const double *, double *, const double *, const double *, int, int, int, int, int, int, int, double, double)"
14662573580,13865,,,14662585863,2144,14427,123,123,4,cudaLaunchKernel, 576    1    1, 256    1    1,"<unnamed>::unpack_face_y(const double *, double *, int, int, int, int, int)"
14662578004,6297,14662584301,2576,14662586877,8479,17352,120,120,1,cudaLaunchKernel,1146    1    1, 256    1    1,"<unnamed>::step_kernel_boundary_y_faces(const double *, const double *, double *, const double *, const double *, int, int, int, int, int, int, int, double, double)"
14662582354,9559,14662591913,1128,14662593041,8447,19134,125,125,6,cudaLaunchKernel,1152    1    1, 256    1    1,"<unnamed>::step_kernel_boundary_x_faces(const double *, const double *, double *, const double *, const double *, int, int, int, int, int, int, int, double, double)"
14662582402,10805,14662593207,1236,14662594443,9056,21097,121,121,2,cudaLaunchKernel,1146    1    1, 256    1    1,"<unnamed>::step_kernel_boundary_y_faces(const double *, const double *, double *, const double *, const double *, int, int, int, int, int, int, int, double, double)"
14662582709,9397,14662592106,2524,14662594630,66496,78417,122,122,3,cudaLaunchKernel,1141    1    1, 256    1    1,"<unnamed>::step_kernel_boundary_z_faces(const double *, const double *, double *, const double *, const double *, int, int, int, int, int, int, int, double, double)"
14662583752,11574,14662595326,916,14662596242,4256,16746,132,132,7,cudaLaunchKernel, 576    1    1, 256    1    1,"<unnamed>::unpack_face_z(const double *, double *, int, int, int, int, int)"
14662584753,9737,14662594490,2818,14662597308,65952,78507,120,120,1,cudaLaunchKernel,1141    1    1, 256    1    1,"<unnamed>::step_kernel_boundary_z_faces(const double *, const double *, double *, const double *, const double *, int, int, int, int, int, int, int, double, double)"
14662588046,11553,14662599599,1070,14662600669,4448,17071,119,119,0,cudaLaunchKernel, 576    1    1, 256    1    1,"<unnamed>::unpack_face_z(const double *, double *, int, int, int, int, int)"
14662588645,13304,14662601949,1256,14662603205,4256,18816,124,124,5,cudaLaunchKernel, 576    1    1, 256    1    1,"<unnamed>::unpack_face_z(const double *, double *, int, int, int, int, int)"
14662588753,12976,14662601729,1318,14662603047,4352,18646,123,123,4,cudaLaunchKernel, 576    1    1, 256    1    1,"<unnamed>::unpack_face_z(const double *, double *, int, int, int, int, int)"
14662592786,8938,14662601724,2292,14662604016,8352,19582,125,125,6,cudaLaunchKernel,1146    1    1, 256    1    1,"<unnamed>::step_kernel_boundary_y_faces(const double *, const double *, double *, const double *, const double *, int, int, int, int, int, int, int, double, double)"
14662594076,10165,14662604241,1530,14662605771,66719,78414,121,121,2,cudaLaunchKernel,1141    1    1, 256    1    1,"<unnamed>::step_kernel_boundary_z_faces(const double *, const double *, double *, const double *, const double *, int, int, int, int, int, int, int, double, double)"
14662599651,9060,14662608711,1387,14662610098,8256,18703,132,132,7,cudaLaunchKernel,1152    1    1, 256    1    1,"<unnamed>::step_kernel_boundary_x_faces(const double *, const double *, double *, const double *, const double *, int, int, int, int, int, int, int, double, double)"
14662600685,6158,14662606843,3457,14662610300,8608,18223,119,119,0,cudaLaunchKernel,1152    1    1, 256    1    1,"<unnamed>::step_kernel_boundary_x_faces(const double *, const double *, double *, const double *, const double *, int, int, int, int, int, int, int, double, double)"
14662602000,6510,14662608510,791680,14663400190,3424,801614,122,122,3,cudaLaunchKernel, 576    1    1, 256    1    1,"<unnamed>::pack_face_x(const double *, double *, int, int, int, int, int)"
14662602622,6380,14662609002,4806,14662613808,66752,77938,125,125,6,cudaLaunchKernel,1141    1    1, 256    1    1,"<unnamed>::step_kernel_boundary_z_faces(const double *, const double *, double *, const double *, const double *, int, int, int, int, int, int, int, double, double)"
14662602906,6938,14662609844,3411,14662613255,8320,18669,123,123,4,cudaLaunchKernel,1152    1    1, 256    1    1,"<unnamed>::step_kernel_boundary_x_faces(const double *, const double *, double *, const double *, const double *, int, int, int, int, int, int, int, double, double)"
14662603196,7248,14662610444,3129,14662613573,8544,18921,124,124,5,cudaLaunchKernel,1152    1    1, 256    1    1,"<unnamed>::step_kernel_boundary_x_faces(const double *, const double *, double *, const double *, const double *, int, int, int, int, int, int, int, double, double)"
14662604671,5898,14662610569,792431,14663403000,2976,801305,120,120,1,cudaLaunchKernel, 576    1    1, 256    1    1,"<unnamed>::pack_face_x(const double *, double *, int, int, int, int, int)"
14662607196,9879,14662617075,3113,14662620188,8512,21504,119,119,0,cudaLaunchKernel,1146    1    1, 256    1    1,"<unnamed>::step_kernel_boundary_y_faces(const double *, const double *, double *, const double *, const double *, int, int, int, int, int, int, int, double, double)"
14662608934,7766,14662616700,788450,14663405150,3712,799928,122,122,3,cudaLaunchKernel, 576    1    1, 256    1    1,"<unnamed>::pack_face_y(const double *, double *, int, int, int, int, int)"
14662609116,9390,14662618506,1320,14662619826,9184,19894,132,132,7,cudaLaunchKernel,1146    1    1, 256    1    1,"<unnamed>::step_kernel_boundary_y_faces(const double *, const double *, double *, const double *, const double *, int, int, int, int, int, int, int, double, double)"
14662610205,10216,14662620421,2466,14662622887,8768,21450,123,123,4,cudaLaunchKernel,1146    1    1, 256    1    1,"<unnamed>::step_kernel_boundary_y_faces(const double *, const double *, double *, const double *, const double *, int, int, int, int, int, int, int, double, double)"
14662610440,13774,14662624214,788427,14663412641,3456,805657,121,121,2,cudaLaunchKernel, 576    1    1, 256    1    1,"<unnamed>::pack_face_x(const double *, double *, int, int, int, int, int)"
14662610960,11717,14662622677,785027,14663407704,2496,799240,120,120,1,cudaLaunchKernel, 576    1    1, 256    1    1,"<unnamed>::pack_face_y(const double *, double *, int, int, int, int, int)"
14662614434,11026,14662625460,337,14662625797,8416,19779,124,124,5,cudaLaunchKernel,1146    1    1, 256    1    1,"<unnamed>::step_kernel_boundary_y_faces(const double *, const double *, double *, const double *, const double *, int, int, int, int, int, int, int, double, double)"
14662617624,8825,14662626449,783533,14663409982,8320,800678,122,122,3,cudaLaunchKernel, 576    1    1, 256    1    1,"<unnamed>::pack_face_z(const double *, double *, int, int, int, int, int)"
14662617955,11561,14662629516,1840,14662631356,65696,79097,119,119,0,cudaLaunchKernel,1141    1    1, 256    1    1,"<unnamed>::step_kernel_boundary_z_faces(const double *, const double *, double *, const double *, const double *, int, int, int, int, int, int, int, double, double)"
14662618757,9102,14662627859,792180,14663420039,3808,805090,125,125,6,cudaLaunchKernel, 576    1    1, 256    1    1,"<unnamed>::pack_face_x(const double *, double *, int, int, int, int, int)"
14662619431,10845,14662630276,1390,14662631666,66399,78634,132,132,7,cudaLaunchKernel,1141    1    1, 256    1    1,"<unnamed>::step_kernel_boundary_z_faces(const double *, const double *, double *, const double *, const double *, int, int, int, int, int, int, int, double, double)"
14662624462,8645,14662633107,2196,14662635303,64991,75832,123,123,4,cudaLaunchKernel,1141    1    1, 256    1    1,"<unnamed>::step_kernel_boundary_z_faces(const double *, const double *, double *, const double *, const double *, int, int, int, int, int, int, int, double, double)"
14662624672,6134,14662630806,780674,14663411480,8736,795544,120,120,1,cudaLaunchKernel, 576    1    1, 256    1    1,"<unnamed>::pack_face_z(const double *, double *, int, int, int, int, int)"
14662625492,6905,14662632397,785236,14663417633,2592,794733,121,121,2,cudaLaunchKernel, 576    1    1, 256    1    1,"<unnamed>::pack_face_y(const double *, double *, int, int, int, int, int)"
14662626351,8306,14662634657,2404,14662637061,66431,77141,124,124,5,cudaLaunchKernel,1141    1    1, 256    1    1,"<unnamed>::step_kernel_boundary_z_faces(const double *, const double *, double *, const double *, const double *, int, int, int, int, int, int, int, double, double)"
14662627567,6162,14662633729,28965,14662662694,741624,776751,122,122,3,cudaLaunchKernel,  12   96   96,  32    4    4,"<unnamed>::step_kernel_interior(const double *, const double *, double *, const double *, const double *, int, int, int, int, int, int, int, double, double)"
14662628840,4281,14662633121,792390,14663425511,2560,799231,125,125,6,cudaLaunchKernel, 576    1    1, 256    1    1,"<unnamed>::pack_face_y(const double *, double *, int, int, int, int, int)"
14662631524,3604,14662635128,29636,14662664764,741724,774964,120,120,1,cudaLaunchKernel,  12   96   96,  32    4    4,"<unnamed>::step_kernel_interior(const double *, const double *, double *, const double *, const double *, int, int, int, int, int, int, int, double, double)"
14662632796,4998,14662637794,783583,14663421377,8095,796676,121,121,2,cudaLaunchKernel, 576    1    1, 256    1    1,"<unnamed>::pack_face_z(const double *, double *, int, int, int, int, int)"
14662633541,3139,14662636680,792863,14663429543,8352,804354,125,125,6,cudaLaunchKernel, 576    1    1, 256    1    1,"<unnamed>::pack_face_z(const double *, double *, int, int, int, int, int)"
14662635359,5683,14662641042,57482,14662698524,7232,70397,119,119,0,cudaLaunchKernel, 576    1    1, 256    1    1,"<unnamed>::pack_face_x(const double *, double *, int, int, int, int, int)"
14662636421,6623,14662643044,56429,14662699473,6112,69164,132,132,7,cudaLaunchKernel, 576    1    1, 256    1    1,"<unnamed>::pack_face_x(const double *, double *, int, int, int, int, int)"
14662637900,4244,14662642144,40176,14662682320,742071,786491,125,125,6,cudaLaunchKernel,  12   96   96,  32    4    4,"<unnamed>::step_kernel_interior(const double *, const double *, double *, const double *, const double *, int, int, int, int, int, int, int, double, double)"
14662638488,10202,14662648690,25432,14662674122,742711,778345,121,121,2,cudaLaunchKernel,  12   96   96,  32    4    4,"<unnamed>::step_kernel_interior(const double *, const double *, double *, const double *, const double *, int, int, int, int, int, int, int, double, double)"
14662638549,12464,14662651013,787388,14663438401,5056,804908,123,123,4,cudaLaunchKernel, 576    1    1, 256    1    1,"<unnamed>::pack_face_x(const double *, double *, int, int, int, int, int)"
14662641257,9614,14662650871,54093,14662704964,7936,71643,124,124,5,cudaLaunchKernel, 576    1    1, 256    1    1,"<unnamed>::pack_face_x(const double *, double *, int, int, int, int, int)"
14662641440,10599,14662652039,784463,14663436502,4000,799062,119,119,0,cudaLaunchKernel, 576    1    1, 256    1    1,"<unnamed>::pack_face_y(const double *, double *, int, int, int, int, int)"
14662647384,8591,14662655975,782209,14663438184,4096,794896,132,132,7,cudaLaunchKernel, 576    1    1, 256    1    1,"<unnamed>::pack_face_y(const double *, double *, int, int, int, int, int)"
14662651863,12617,14662664480,780028,14663444508,4448,797093,124,124,5,cudaLaunchKernel, 576    1    1, 256    1    1,"<unnamed>::pack_face_y(const double *, double *, int, int, int, int, int)"
14662652019,12425,14662664444,780517,14663444961,2592,795534,123,123,4,cudaLaunchKernel, 576    1    1, 256    1    1,"<unnamed>::pack_face_y(const double *, double *, int, int, int, int, int)"
14662652940,9246,14662662186,780172,14663442358,8000,797418,119,119,0,cudaLaunchKernel, 576    1    1, 256    1    1,"<unnamed>::pack_face_z(const double *, double *, int, int, int, int, int)"
14662656410,9962,14662666372,777284,14663443656,8320,795566,132,132,7,cudaLaunchKernel, 576    1    1, 256    1    1,"<unnamed>::pack_face_z(const double *, double *, int, int, int, int, int)"
14662663332,10843,14662674175,24701,14662698876,741114,776658,119,119,0,cudaLaunchKernel,  12   96   96,  32    4    4,"<unnamed>::step_kernel_interior(const double *, const double *, double *, const double *, const double *, int, int, int, int, int, int, int, double, double)"
14662665438,10915,14662676353,772672,14663449025,8160,791747,123,123,4,cudaLaunchKernel, 576    1    1, 256    1    1,"<unnamed>::pack_face_z(const double *, double *, int, int, int, int, int)"
14662665445,11289,14662676734,773822,14663450556,8544,793655,124,124,5,cudaLaunchKernel, 576    1    1, 256    1    1,"<unnamed>::pack_face_z(const double *, double *, int, int, int, int, int)"
14662667499,11989,14662679488,20433,14662699921,741847,774269,132,132,7,cudaLaunchKernel,  12   96   96,  32    4    4,"<unnamed>::step_kernel_interior(const double *, const double *, double *, const double *, const double *, int, int, int, int, int, int, int, double, double)"
14662677502,11510,14662689012,12466,14662701478,742683,766659,123,123,4,cudaLaunchKernel,  12   96   96,  32    4    4,"<unnamed>::step_kernel_interior(const double *, const double *, double *, const double *, const double *, int, int, int, int, int, int, int, double, double)"
14662677852,14913,14662692765,12423,14662705188,743256,770592,124,124,5,cudaLaunchKernel,  12   96   96,  32    4    4,"<unnamed>::step_kernel_interior(const double *, const double *, double *, const double *, const double *, int, int, int, int, int, int, int, double, double)"
14663524855,10351,14663535206,1239,14663536445,2016,13606,122,122,3,cudaLaunchKernel, 576    1    1, 256    1    1,"<unnamed>::unpack_face_x(const double *, double *, int, int, int, int, int)"
14663527864,13912,,,14663540831,2016,14983,121,121,2,cudaLaunchKernel, 576    1    1, 256    1    1,"<unnamed>::unpack_face_x(const double *, double *, int, int, int, int, int)"
14663531408,9020,,,14663540422,2048,11062,125,125,6,cudaLaunchKernel, 576    1    1, 256    1    1,"<unnamed>::unpack_face_x(const double *, double *, int, int, int, int, int)"
14663535142,11170,14663546312,1677,14663547989,2016,14863,119,119,0,cudaLaunchKernel, 576    1    1, 256    1    1,"<unnamed>::unpack_face_x(const double *, double *, int, int, int, int, int)"
14663535428,9748,14663545176,1407,14663546583,1952,13107,120,120,1,cudaLaunchKernel, 576    1    1, 256    1    1,"<unnamed>::unpack_face_x(const double *, double *, int, int, int, int, int)"
14663536132,10739,14663546871,1446,14663548317,2112,14297,122,122,3,cudaLaunchKernel, 576    1    1, 256    1    1,"<unnamed>::unpack_face_y(const double *, double *, int, int, int, int, int)"
14663538229,14815,,,14663551591,2048,15410,132,132,7,cudaLaunchKernel, 576    1    1, 256    1    1,"<unnamed>::unpack_face_x(const double *, double *, int, int, int, int, int)"
14663542095,6367,14663548462,2584,14663551046,2112,11063,125,125,6,cudaLaunchKernel, 576    1    1, 256    1    1,"<unnamed>::unpack_face_y(const double *, double *, int, int, int, int, int)"
14663542818,13274,14663556092,1253,14663557345,2016,16543,123,123,4,cudaLaunchKernel, 576    1    1, 256    1    1,"<unnamed>::unpack_face_x(const double *, double *, int, int, int, int, int)"
14663543073,12401,14663555474,1517,14663556991,2112,16030,121,121,2,cudaLaunchKernel, 576    1    1, 256    1    1,"<unnamed>::unpack_face_y(const double *, double *, int, int, int, int, int)"
14663545280,12424,14663557704,1266,14663558970,2048,15738,124,124,5,cudaLaunchKernel, 576    1    1, 256    1    1,"<unnamed>::unpack_face_x(const double *, double *, int, int, int, int, int)"
14663546149,9987,14663556136,1423,14663557559,2144,13554,120,120,1,cudaLaunchKernel, 576    1    1, 256    1    1,"<unnamed>::unpack_face_y(const double *, double *, int, int, int, int, int)"
14663547309,13761,,,14663560405,2112,15208,119,119,0,cudaLaunchKernel, 576    1    1, 256    1    1,"<unnamed>::unpack_face_y(const double *, double *, int, int, int, int, int)"
14663547951,9552,14663557503,766,14663558269,4288,14606,122,122,3,cudaLaunchKernel, 576    1    1, 256    1    1,"<unnamed>::unpack_face_z(const double *, double *, int, int, int, int, int)"
14663552383,5997,14663558380,2010,14663560390,4256,12263,125,125,6,cudaLaunchKernel, 576    1    1, 256    1    1,"<unnamed>::unpack_face_z(const double *, double *, int, int, int, int, int)"
14663554152,12889,14663567041,1478,14663568519,1952,16319,132,132,7,cudaLaunchKernel, 576    1    1, 256    1    1,"<unnamed>::unpack_face_y(const double *, double *, int, int, int, int, int)"
14663556439,11257,14663567696,1039,14663568735,4256,16552,121,121,2,cudaLaunchKernel, 576    1    1, 256    1    1,"<unnamed>::unpack_face_z(const double *, double *, int, int, int, int, int)"
14663557084,9480,14663566564,1011,14663567575,4192,14683,120,120,1,cudaLaunchKernel, 576    1    1, 256    1    1,"<unnamed>::unpack_face_z(const double *, double *, int, int, int, int, int)"
14663557096,14727,,,14663571392,2048,16344,123,123,4,cudaLaunchKernel, 576    1    1, 256    1    1,"<unnamed>::unpack_face_y(const double *, double *, int, int, int, int, int)"
14663558613,11725,14663570338,1211,14663571549,8704,21640,122,122,3,cudaLaunchKernel,1152    1    1, 256    1    1,"<unnamed>::step_kernel_boundary_x_faces(const double *, const double *, double *, const double *, const double *, int, int, int, int, int, int, int, double, double)"
14663561992,9942,14663571934,156,14663572090,1952,12050,124,124,5,cudaLaunchKernel, 576    1    1, 256    1    1,"<unnamed>::unpack_face_y(const double *, double *, int, int, int, int, int)"
14663562381,11466,,,14663572181,4128,13928,119,119,0,cudaLaunchKernel, 576    1    1, 256    1    1,"<unnamed>::unpack_face_z(const double *, double *, int, int, int, int, int)"
14663562536,6801,14663569337,2349,14663571686,8352,17502,125,125,6,cudaLaunchKernel,1152    1    1, 256    1    1,"<unnamed>::step_kernel_boundary_x_faces(const double *, const double *, double *, const double *, const double *, int, int, int, int, int, int, int, double, double)"
14663567671,11295,14663578966,1153,14663580119,8512,20960,120,120,1,cudaLaunchKernel,1152    1    1, 256    1    1,"<unnamed>::step_kernel_boundary_x_faces(const double *, const double *, double *, const double *, const double *, int, int, int, int, int, int, int, double, double)"
14663567966,11071,14663579037,1001,14663580038,4160,16232,132,132,7,cudaLaunchKernel, 576    1    1, 256    1    1,"<unnamed>::unpack_face_z(const double *, double *, int, int, int, int, int)"
14663568813,11502,14663580315,1252,14663581567,8863,21617,121,121,2,cudaLaunchKernel,1152    1    1, 256    1    1,"<unnamed>::step_kernel_boundary_x_faces(const double *, const double *, double *, const double *, const double *, int, int, int, int, int, int, int, double, double)"
14663569694,10061,14663579755,1659,14663581414,8799,20519,125,125,6,cudaLaunchKernel,1146    1    1, 256    1    1,"<unnamed>::step_kernel_boundary_y_faces(const double *, const double *, double *, const double *, const double *, int, int, int, int, int, int, int, double, double)"
14663573793,7138,14663580931,2077,14663583008,4352,13567,123,123,4,cudaLaunchKernel, 576    1    1, 256    1    1,"<unnamed>::unpack_face_z(const double *, double *, int, int, int, int, int)"
14663574010,6582,14663580592,3309,14663583901,8735,18626,122,122,3,cudaLaunchKernel,1146    1    1, 256    1    1,"<unnamed>::step_kernel_boundary_y_faces(const double *, const double *, double *, const double *, const double *, int, int, int, int, int, int, int, double, double)"
14663574096,7186,14663581282,2040,14663583322,4128,13354,124,124,5,cudaLaunchKernel, 576    1    1, 256    1    1,"<unnamed>::unpack_face_z(const double *, double *, int, int, int, int, int)"
14663574934,24260,14663599194,1211,14663600405,8608,34079,119,119,0,cudaLaunchKernel,1152    1    1, 256    1    1,"<unnamed>::step_kernel_boundary_x_faces(const double *, const double *, double *, const double *, const double *, int, int, int, int, int, int, int, double, double)"
14663579839,9663,14663589502,2521,14663592023,8544,20728,120,120,1,cudaLaunchKernel,1146    1    1, 256    1    1,"<unnamed>::step_kernel_boundary_y_faces(const double *, const double *, double *, const double *, const double *, int, int, int, int, int, int, int, double, double)"
14663580121,16175,,,14663594566,8192,22637,132,132,7,cudaLaunchKernel,1152    1    1, 256    1    1,"<unnamed>::step_kernel_boundary_x_faces(const double *, const double *, double *, const double *, const double *, int, int, int, int, int, int, int, double, double)"
14663580635,7919,14663588554,2875,14663591429,66720,77514,125,125,6,cudaLaunchKernel,1141    1    1, 256    1    1,"<unnamed>::step_kernel_boundary_z_faces(const double *, const double *, double *, const double *, const double *, int, int, int, int, int, int, int, double, double)"
14663581106,7871,14663588977,4875,14663593852,65952,78698,122,122,3,cudaLaunchKernel,1141    1    1, 256    1    1,"<unnamed>::step_kernel_boundary_z_faces(const double *, const double *, double *, const double *, const double *, int, int, int, int, int, int, int, double, double)"
14663581224,10804,14663592028,1634,14663593662,8576,21014,121,121,2,cudaLaunchKernel,1146    1    1, 256    1    1,"<unnamed>::step_kernel_boundary_y_faces(const double *, const double *, double *, const double *, const double *, int, int, int, int, int, int, int, double, double)"
14663585321,12726,14663598047,1153,14663599200,8224,22103,123,123,4,cudaLaunchKernel,1152    1    1, 256    1    1,"<unnamed>::step_kernel_boundary_x_faces(const double *, const double *, double *, const double *, const double *, int, int, int, int, int, int, int, double, double)"
14663585826,12058,14663597884,990,14663598874,8352,21400,124,124,5,cudaLaunchKernel,1152    1    1, 256    1    1,"<unnamed>::step_kernel_boundary_x_faces(const double *, const double *, double *, const double *, const double *, int, int, int, int, int, int, int, double, double)"
14663590366,9212,14663599578,2173,14663601751,65951,77336,120,120,1,cudaLaunchKernel,1141    1    1, 256    1    1,"<unnamed>::step_kernel_boundary_z_faces(const double *, const double *, double *, const double *, const double *, int, int, int, int, int, int, int, double, double)"
14663596058,10707,,,14663605246,65695,74883,121,121,2,cudaLaunchKernel,1141    1    1, 256    1    1,"<unnamed>::step_kernel_boundary_z_faces(const double *, const double *, double *, const double *, const double *, int, int, int, int, int, int, int, double, double)"
14663597250,12159,14663609409,1445,14663610854,8480,22084,132,132,7,cudaLaunchKernel,1146    1    1, 256    1    1,"<unnamed>::step_kernel_boundary_y_faces(const double *, const double *, double *, const double *, const double *, int, int, int, int, int, int, int, double, double)"
14663597656,10027,14663607683,790169,14664397852,3776,803972,125,125,6,cudaLaunchKernel, 576    1    1, 256    1    1,"<unnamed>::pack_face_x(const double *, double *, int, int, int, int, int)"
14663598956,11982,14663610938,1446,14663612384,8704,22132,123,123,4,cudaLaunchKernel,1146    1    1, 256    1    1,"<unnamed>::step_kernel_boundary_y_faces(const double *, const double *, double *, const double *, const double *, int, int, int, int, int, int, int, double, double)"
14663599030,9867,14663608897,2553,14663611450,8768,21188,124,124,5,cudaLaunchKernel,1146    1    1, 256    1    1,"<unnamed>::step_kernel_boundary_y_faces(const double *, const double *, double *, const double *, const double *, int, int, int, int, int, int, int, double, double)"
14663599170,10614,14663609784,790269,14664400053,3392,804275,122,122,3,cudaLaunchKernel, 576    1    1, 256    1    1,"<unnamed>::pack_face_x(const double *, double *, int, int, int, int, int)"
14663600107,11671,14663611778,2931,14663614709,8672,23274,119,119,0,cudaLaunchKernel,1146    1    1, 256    1    1,"<unnamed>::step_kernel_boundary_y_faces(const double *, const double *, double *, const double *, const double *, int, int, int, int, int, int, int, double, double)"
14663608720,8816,14663617536,785852,14664403388,2528,797196,125,125,6,cudaLaunchKernel, 576    1    1, 256    1    1,"<unnamed>::pack_face_y(const double *, double *, int, int, int, int, int)"
14663609761,10031,14663619792,789026,14664408818,3008,802065,120,120,1,cudaLaunchKernel, 576    1    1, 256    1    1,"<unnamed>::pack_face_x(const double *, double *, int, int, int, int, int)"
14663609772,11565,14663621337,1505,14663622842,68319,81389,124,124,5,cudaLaunchKernel,1141    1    1, 256    1    1,"<unnamed>::step_kernel_boundary_z_faces(const double *, const double *, double *, const double *, const double *, int, int, int, int, int, int, int, double, double)"
14663610280,10589,14663620869,2433,14663623302,65599,78621,132,132,7,cudaLaunchKernel,1141    1    1, 256    1    1,"<unnamed>::step_kernel_boundary_z_faces(const double *, const double *, double *, const double *, const double *, int, int, int, int, int, int, int, double, double)"
14663610726,14279,14663625005,779848,14664404853,2591,796718,122,122,3,cudaLaunchKernel, 576    1    1, 256    1    1,"<unnamed>::pack_face_y(const double *, double *, int, int, int, int, int)"
14663611825,15155,,,14663625376,66176,79727,123,123,4,cudaLaunchKernel,1141    1    1, 256    1    1,"<unnamed>::step_kernel_boundary_z_faces(const double *, const double *, double *, const double *, const double *, int, int, int, int, int, int, int, double, double)"
14663612485,14999,14663627484,784472,14664411956,3456,802927,121,121,2,cudaLaunchKernel, 576    1    1, 256    1    1,"<unnamed>::pack_face_x(const double *, double *, int, int, int, int, int)"
14663615909,11812,14663627721,1547,14663629268,66144,79503,119,119,0,cudaLaunchKernel,1141    1    1, 256    1    1,"<unnamed>::step_kernel_boundary_z_faces(const double *, const double *, double *, const double *, const double *, int, int, int, int, int, int, int, double, double)"
14663618464,9912,14663628376,778884,14664407260,7872,796668,125,125,6,cudaLaunchKernel, 576    1    1, 256    1    1,"<unnamed>::pack_face_z(const double *, double *, int, int, int, int, int)"
14663620741,8868,14663629609,783849,14664413458,2464,795181,120,120,1,cudaLaunchKernel, 576    1    1, 256    1    1,"<unnamed>::pack_face_y(const double *, double *, int, int, int, int, int)"
14663626877,10433,14663637310,771158,14664408468,8928,790519,122,122,3,cudaLaunchKernel, 576    1    1, 256    1    1,"<unnamed>::pack_face_z(const double *, double *, int, int, int, int, int)"
14663628401,10367,14663638768,778148,14664416916,2688,791203,121,121,2,cudaLaunchKernel, 576    1    1, 256    1    1,"<unnamed>::pack_face_y(const double *, double *, int, int, int, int, int)"
14663629514,10089,14663639603,19922,14663659525,742615,772626,125,125,6,cudaLaunchKernel,  12   96   96,  32    4    4,"<unnamed>::step_kernel_interior(const double *, const double *, double *, const double *, const double *, int, int, int, int, int, int, int, double, double)"
14663630524,9682,14663640206,776836,14664417042,8064,794582,120,120,1,cudaLaunchKernel, 576    1    1, 256    1    1,"<unnamed>::pack_face_z(const double *, double *, int, int, int, int, int)"
14663631042,14415,14663645457,787360,14664432817,3776,805551,124,124,5,cudaLaunchKernel, 576    1    1, 256    1    1,"<unnamed>::pack_face_x(const double *, double *, int, int, int, int, int)"
14663631306,15421,14663646727,43550,14663690277,6560,65531,132,132,7,cudaLaunchKernel, 576    1    1, 256    1    1,"<unnamed>::pack_face_x(const double *, double *, int, int, int, int, int)"
14663637316,13331,14663650647,42441,14663693088,6496,62268,123,123,4,cudaLaunchKernel, 576    1    1, 256    1    1,"<unnamed>::pack_face_x(const double *, double *, int, int, int, int, int)"
14663638480,10136,14663648616,12180,14663660796,743225,765541,122,122,3,cudaLaunchKernel,  12   96   96,  32    4    4,"<unnamed>::step_kernel_interior(const double *, const double *, double *, const double *, const double *, int, int, int, int, int, int, int, double, double)"
14663638831,11299,14663650130,787100,14664437230,3456,801855,119,119,0,cudaLaunchKernel, 576    1    1, 256    1    1,"<unnamed>::pack_face_x(const double *, double *, int, int, int, int, int)"
14663639684,11488,14663651172,769456,14664420628,8064,789008,121,121,2,cudaLaunchKernel, 576    1    1, 256    1    1,"<unnamed>::pack_face_z(const double *, double *, int, int, int, int, int)"
14663641301,14788,14663656089,12989,14663669078,743260,771037,120,120,1,cudaLaunchKernel,  12   96   96,  32    4    4,"<unnamed>::step_kernel_interior(const double *, const double *, double *, const double *, const double *, int, int, int, int, int, int, int, double, double)"
14663646544,12330,14663658874,779223,14664438097,2432,793985,124,124,5,cudaLaunchKernel, 576    1    1, 256    1    1,"<unnamed>::pack_face_y(const double *, double *, int, int, int, int, int)"
14663647642,11809,14663659451,770786,14664430237,4383,786978,132,132,7,cudaLaunchKernel, 576    1    1, 256    1    1,"<unnamed>::pack_face_y(const double *, double *, int, int, int, int, int)"
14663651105,13390,14663664495,777855,14664442350,2656,793901,119,119,0,cudaLaunchKernel, 576    1    1, 256    1    1,"<unnamed>::pack_face_y(const double *, double *, int, int, int, int, int)"
14663651623,14726,14663666349,766286,14664432635,4416,785428,123,123,4,cudaLaunchKernel, 576    1    1, 256    1    1,"<unnamed>::pack_face_y(const double *, double *, int, int, int, int, int)"
14663652293,14804,14663667097,4836,14663671933,744183,763823,121,121,2,cudaLaunchKernel,  12   96   96,  32    4    4,"<unnamed>::step_kernel_interior(const double *, const double *, double *, const double *, const double *, int, int, int, int, int, int, int, double, double)"
14663659831,14784,14663674615,767001,14664441616,7936,789721,124,124,5,cudaLaunchKernel, 576    1    1, 256    1    1,"<unnamed>::pack_face_z(const double *, double *, int, int, int, int, int)"
14663660380,15586,14663675966,760222,14664436188,8096,783904,132,132,7,cudaLaunchKernel, 576    1    1, 256    1    1,"<unnamed>::pack_face_z(const double *, double *, int, int, int, int, int)"
14663665618,12048,14663677666,768716,14664446382,7808,788572,119,119,0,cudaLaunchKernel, 576    1    1, 256    1    1,"<unnamed>::pack_face_z(const double *, double *, int, int, int, int, int)"
14663667311,10833,14663678144,760347,14664438491,9280,780460,123,123,4,cudaLaunchKernel, 576    1    1, 256    1    1,"<unnamed>::pack_face_z(const double *, double *, int, int, int, int, int)"
14663675874,11886,14663687760,4425,14663692185,745048,761359,124,124,5,cudaLaunchKernel,  12   96   96,  32    4    4,"<unnamed>::step_kernel_interior(const double *, const double *, double *, const double *, const double *, int, int, int, int, int, int, int, double, double)"
14663677080,11029,14663688109,3000,14663691109,742999,757028,132,132,7,cudaLaunchKernel,  12   96   96,  32    4    4,"<unnamed>::step_kernel_interior(const double *, const double *, double *, const double *, const double *, int, int, int, int, int, int, int, double, double)"
14663678764,11177,14663689941,6591,14663696532,744634,762402,119,119,0,cudaLaunchKernel,  12   96   96,  32    4    4,"<unnamed>::step_kernel_interior(const double *, const double *, double *, const double *, const double *, int, int, int, int, int, int, int, double, double)"
14663679346,11356,14663690702,3314,14663694016,742523,757193,123,123,4,cudaLaunchKernel,  12   96   96,  32    4    4,"<unnamed>::step_kernel_interior(const double *, const double *, double *, const double *, const double *, int, int, int, int, int, int, int, double, double)"
14664514702,13221,,,14664527027,2112,14437,122,122,3,cudaLaunchKernel, 576    1    1, 256    1    1,"<unnamed>::unpack_face_x(const double *, double *, int, int, int, int, int)"
14664523176,9704,14664532880,1675,14664534555,2048,13427,125,125,6,cudaLaunchKernel, 576    1    1, 256    1    1,"<unnamed>::unpack_face_x(const double *, double *, int, int, int, int, int)"
14664523442,10847,14664534289,1922,14664536211,2144,14913,121,121,2,cudaLaunchKernel, 576    1    1, 256    1    1,"<unnamed>::unpack_face_x(const double *, double *, int, int, int, int, int)"
14664527914,6438,14664534352,2465,14664536817,2112,11015,120,120,1,cudaLaunchKernel, 576    1    1, 256    1    1,"<unnamed>::unpack_face_x(const double *, double *, int, int, int, int, int)"
14664529010,6591,14664535601,1922,14664537523,2016,10529,122,122,3,cudaLaunchKernel, 576    1    1, 256    1    1,"<unnamed>::unpack_face_y(const double *, double *, int, int, int, int, int)"
14664530132,12452,14664542584,1283,14664543867,2016,15751,132,132,7,cudaLaunchKernel, 576    1    1, 256    1    1,"<unnamed>::unpack_face_x(const double *, double *, int, int, int, int, int)"
14664533319,15907,,,14664547898,1984,16563,123,123,4,cudaLaunchKernel, 576    1    1, 256    1    1,"<unnamed>::unpack_face_x(const double *, double *, int, int, int, int, int)"
14664533845,14824,,,14664547471,1984,15610,124,124,5,cudaLaunchKernel, 576    1    1, 256    1    1,"<unnamed>::unpack_face_x(const double *, double *, int, int, int, int, int)"
14664533847,8528,14664542375,820,14664543195,2144,11492,125,125,6,cudaLaunchKernel, 576    1    1, 256    1    1,"<unnamed>::unpack_face_y(const double *, double *, int, int, int, int, int)"
14664533893,13862,,,14664546925,2016,15048,119,119,0,cudaLaunchKernel, 576    1    1, 256    1    1,"<unnamed>::unpack_face_x(const double *, double *, int, int, int, int, int)"
14664534795,8129,14664542924,1285,14664544209,2048,11462,120,120,1,cudaLaunchKernel, 576    1    1, 256    1    1,"<unnamed>::unpack_face_y(const double *, double *, int, int, int, int, int)"
14664535245,14272,,,14664548147,2016,14918,121,121,2,cudaLaunchKernel, 576    1    1, 256    1    1,"<unnamed>::unpack_face_y(const double *, double *, int, int, int, int, int)"
14664538863,11552,,,14664549171,4256,14564,122,122,3,cudaLaunchKernel, 576    1    1, 256    1    1,"<unnamed>::unpack_face_z(const double *, double *, int, int, int, int, int)"
14664543435,9350,14664552785,874,14664553659,4224,14448,125,125,6,cudaLaunchKernel, 576    1    1, 256    1    1,"<unnamed>::unpack_face_z(const double *, double *, int, int, int, int, int)"
14664543586,10944,14664554530,953,14664555483,1984,13881,132,132,7,cudaLaunchKernel, 576    1    1, 256    1    1,"<unnamed>::unpack_face_y(const double *, double *, int, int, int, int, int)"
14664543839,9246,14664553085,1140,14664554225,4288,14674,120,120,1,cudaLaunchKernel, 576    1    1, 256    1    1,"<unnamed>::unpack_face_z(const double *, double *, int, int, int, int, int)"
14664549209,11440,,,14664558861,2208,11860,119,119,0,cudaLaunchKernel, 576    1    1, 256    1    1,"<unnamed>::unpack_face_y(const double *, double *, int, int, int, int, int)"
14664549984,10951,,,14664559215,2112,11343,124,124,5,cudaLaunchKernel, 576    1    1, 256    1    1,"<unnamed>::unpack_face_y(const double *, double *, int, int, int, int, int)"
14664550305,11951,14664562256,938,14664563194,2048,14937,123,123,4,cudaLaunchKernel, 576    1    1, 256    1    1,"<unnamed>::unpack_face_y(const double *, double *, int, int, int, int, int)"
14664550694,11674,,,14664560402,4416,14124,121,121,2,cudaLaunchKernel, 576    1    1, 256    1    1,"<unnamed>::unpack_face_z(const double *, double *, int, int, int, int, int)"
14664551502,5833,14664557335,2268,14664559603,8416,16517,122,122,3,cudaLaunchKernel,1152    1    1, 256    1    1,"<unnamed>::step_kernel_boundary_x_faces(const double *, const double *, double *, const double *, const double *, int, int, int, int, int, int, int, double, double)"
14664553959,9309,14664563268,1175,14664564443,8416,18900,125,125,6,cudaLaunchKernel,1152    1    1, 256    1    1,"<unnamed>::step_kernel_boundary_x_faces(const double *, const double *, double *, const double *, const double *, int, int, int, int, int, int, int, double, double)"
14664554171,8573,14664562744,2169,14664564913,8352,19094,120,120,1,cudaLaunchKernel,1152    1    1, 256    1    1,"<unnamed>::step_kernel_boundary_x_faces(const double *, const double *, double *, const double *, const double *, int, int, int, int, int, int, int, double, double)"
14664555462,11434,14664566896,1035,14664567931,4192,16661,132,132,7,cudaLaunchKernel, 576    1    1, 256    1    1,"<unnamed>::unpack_face_z(const double *, double *, int, int, int, int, int)"
14664560478,7559,14664568037,3566,14664571603,8704,19829,122,122,3,cudaLaunchKernel,1146    1    1, 256    1    1,"<unnamed>::step_kernel_boundary_y_faces(const double *, const double *, double *, const double *, const double *, int, int, int, int, int, int, int, double, double)"
14664561667,11317,14664572984,309,14664573293,4224,15850,119,119,0,cudaLaunchKernel, 576    1    1, 256    1    1,"<unnamed>::unpack_face_z(const double *, double *, int, int, int, int, int)"
14664561866,12073,14664573939,604,14664574543,4320,16997,124,124,5,cudaLaunchKernel, 576    1    1, 256    1    1,"<unnamed>::unpack_face_z(const double *, double *, int, int, int, int, int)"
14664563205,11848,14664575053,1133,14664576186,4320,17301,123,123,4,cudaLaunchKernel, 576    1    1, 256    1    1,"<unnamed>::unpack_face_z(const double *, double *, int, int, int, int, int)"
14664563456,11178,14664574634,1128,14664575762,8608,20914,121,121,2,cudaLaunchKernel,1152    1    1, 256    1    1,"<unnamed>::step_kernel_boundary_x_faces(const double *, const double *, double *, const double *, const double *, int, int, int, int, int, int, int, double, double)"
14664563604,10045,14664573649,1312,14664574961,9344,20701,120,120,1,cudaLaunchKernel,1146    1    1, 256    1    1,"<unnamed>::step_kernel_boundary_y_faces(const double *, const double *, double *, const double *, const double *, int, int, int, int, int, int, int, double, double)"
14664564190,18986,14664583176,498,14664583674,8832,28316,125,125,6,cudaLaunchKernel,1146    1    1, 256    1    1,"<unnamed>::step_kernel_boundary_y_faces(const double *, const double *, double *, const double *, const double *, int, int, int, int, int, int, int, double, double)"
14664567975,20096,14664588071,1044,14664589115,8512,29652,132,132,7,cudaLaunchKernel,1152    1    1, 256    1    1,"<unnamed>::step_kernel_boundary_x_faces(const double *, const double *, double *, const double *, const double *, int, int, int, int, int, int, int, double, double)"
14664568664,15623,,,14664584147,66463,81946,122,122,3,cudaLaunchKernel,1141    1    1, 256    1    1,"<unnamed>::step_kernel_boundary_z_faces(const double *, const double *, double *, const double *, const double *, int, int, int, int, int, int, int, double, double)"
14664574066,19300,14664593366,1175,14664594541,8416,28891,119,119,0,cudaLaunchKernel,1152    1    1, 256    1    1,"<unnamed>::step_kernel_boundary_x_faces(const double *, const double *, double *, const double *, const double *, int, int, int, int, int, int, int, double, double)"
14664574559,16909,14664591468,2373,14664593841,65215,84497,120,120,1,cudaLaunchKernel,1141    1    1, 256    1    1,"<unnamed>::step_kernel_boundary_z_faces(const double *, const double *, double *, const double *, const double *, int, int, int, int, int, int, int, double, double)"
14664575025,13198,14664588223,2096,14664590319,8224,23518,124,124,5,cudaLaunchKernel,1152    1    1, 256    1    1,"<unnamed>::step_kernel_boundary_x_faces(const double *, const double *, double *, const double *, const double *, int, int, int, int, int, int, int, double, double)"
14664575521,14884,14664590405,1325,14664591730,8736,24945,121,121,2,cudaLaunchKernel,1146    1    1, 256    1    1,"<unnamed>::step_kernel_boundary_y_faces(const double *, const double *, double *, const double *, const double *, int, int, int, int, int, int, int, double, double)"
14664576210,19725,14664595935,1115,14664597050,8416,29256,123,123,4,cudaLaunchKernel,1152    1    1, 256    1    1,"<unnamed>::step_kernel_boundary_x_faces(const double *, const double *, double *, const double *, const double *, int, int, int, int, int, int, int, double, double)"
14664584076,8574,14664592650,2832,14664595482,68063,79469,125,125,6,cudaLaunchKernel,1141    1    1, 256    1    1,"<unnamed>::step_kernel_boundary_z_faces(const double *, const double *, double *, const double *, const double *, int, int, int, int, int, int, int, double, double)"
14664588997,8049,14664597046,3845,14664600891,8511,20405,132,132,7,cudaLaunchKernel,1146    1    1, 256    1    1,"<unnamed>::step_kernel_boundary_y_faces(const double *, const double *, double *, const double *, const double *, int, int, int, int, int, int, int, double, double)"
14664589142,12243,,,14664600079,8800,19737,124,124,5,cudaLaunchKernel,1146    1    1, 256    1    1,"<unnamed>::step_kernel_boundary_y_faces(const double *, const double *, double *, const double *, const double *, int, int, int, int, int, int, int, double, double)"
14664590605,10998,14664601603,50543,14664652146,9024,70565,122,122,3,cudaLaunchKernel, 576    1    1, 256    1    1,"<unnamed>::pack_face_x(const double *, double *, int, int, int, int, int)"
14664591274,5809,14664597083,4535,14664601618,66303,76647,121,121,2,cudaLaunchKernel,1141    1    1, 256    1    1,"<unnamed>::step_kernel_boundary_z_faces(const double *, const double *, double *, const double *, const double *, int, int, int, int, int, int, int, double, double)"
14664594278,11416,14664605694,2799,14664608493,8800,23015,119,119,0,cudaLaunchKernel,1146    1    1, 256    1    1,"<unnamed>::step_kernel_boundary_y_faces(const double *, const double *, double *, const double *, const double *, int, int, int, int, int, int, int, double, double)"
14664597468,14195,,,14664610522,65504,78558,132,132,7,cudaLaunchKernel,1141    1    1, 256    1    1,"<unnamed>::step_kernel_boundary_z_faces(const double *, const double *, double *, const double *, const double *, int, int, int, int, int, int, int, double, double)"
14664599944,13056,14664613000,2481,14664615481,8832,24369,123,123,4,cudaLaunchKernel,1146    1    1, 256    1    1,"<unnamed>::step_kernel_boundary_y_faces(const double *, const double *, double *, const double *, const double *, int, int, int, int, int, int, int, double, double)"
14664601078,12292,14664613370,787986,14665401356,3072,803350,120,120,1,cudaLaunchKernel, 576    1    1, 256    1    1,"<unnamed>::pack_face_x(const double *, double *, int, int, int, int, int)"
14664602270,12546,14664614816,1487,14664616303,66463,80496,124,124,5,cudaLaunchKernel,1141    1    1, 256    1    1,"<unnamed>::step_kernel_boundary_z_faces(const double *, const double *, double *, const double *, const double *, int, int, int, int, int, int, int, double, double)"
14664602688,10687,14664613375,778028,14665391403,4352,793067,122,122,3,cudaLaunchKernel, 576    1    1, 256    1    1,"<unnamed>::pack_face_y(const double *, double *, int, int, int, int, int)"
14664602969,10157,14664613126,791563,14665404689,3360,805080,125,125,6,cudaLaunchKernel, 576    1    1, 256    1    1,"<unnamed>::pack_face_x(const double *, double *, int, int, int, int, int)"
14664609593,7812,14664617405,2640,14664620045,65855,76307,119,119,0,cudaLaunchKernel,1141    1    1, 256    1    1,"<unnamed>::step_kernel_boundary_z_faces(const double *, const double *, double *, const double *, const double *, int, int, int, int, int, int, int, double, double)"
14664612663,7370,14664620033,788807,14665408840,3424,799601,121,121,2,cudaLaunchKernel, 576    1    1, 256    1    1,"<unnamed>::pack_face_x(const double *, double *, int, int, int, int, int)"
14664613905,12067,14664625972,1733,14664627705,66720,80520,123,123,4,cudaLaunchKernel,1141    1    1, 256    1    1,"<unnamed>::step_kernel_boundary_z_faces(const double *, const double *, double *, const double *, const double *, int, int, int, int, int, int, int, double, double)"
14664614089,5536,14664619625,789800,14665409425,2464,797800,125,125,6,cudaLaunchKernel, 576    1    1, 256    1    1,"<unnamed>::pack_face_y(const double *, double *, int, int, int, int, int)"
14664614276,5301,14664619577,786611,14665406188,2368,794280,120,120,1,cudaLaunchKernel, 576    1    1, 256    1    1,"<unnamed>::pack_face_y(const double *, double *, int, int, int, int, int)"
14664614290,5018,14664619308,777919,14665397227,8160,791097,122,122,3,cudaLaunchKernel, 576    1    1, 256    1    1,"<unnamed>::pack_face_z(const double *, double *, int, int, int, int, int)"
14664618065,10993,14664629058,786895,14665415953,4064,801952,132,132,7,cudaLaunchKernel, 576    1    1, 256    1    1,"<unnamed>::pack_face_x(const double *, double *, int, int, int, int, int)"
14664620002,10320,14664630322,22048,14664652370,742873,775241,122,122,3,cudaLaunchKernel,  12   96   96,  32    4    4,"<unnamed>::step_kernel_interior(const double *, const double *, double *, const double *, const double *, int, int, int, int, int, int, int, double, double)"
14664623578,5818,14664629396,783581,14665412977,8352,797751,125,125,6,cudaLaunchKernel, 576    1    1, 256    1    1,"<unnamed>::pack_face_z(const double *, double *, int, int, int, int, int)"
14664623764,5970,14664629734,779942,14665409676,7936,793848,120,120,1,cudaLaunchKernel, 576    1    1, 256    1    1,"<unnamed>::pack_face_z(const double *, double *, int, int, int, int, int)"
14664624109,7876,14664631985,781655,14665413640,2592,792123,121,121,2,cudaLaunchKernel, 576    1    1, 256    1    1,"<unnamed>::pack_face_y(const double *, double *, int, int, int, int, int)"
14664627444,10904,14664638348,788410,14665426758,3552,802866,119,119,0,cudaLaunchKernel, 576    1    1, 256    1    1,"<unnamed>::pack_face_x(const double *, double *, int, int, int, int, int)"
14664627627,11310,14664638937,783276,14665422213,4928,799514,124,124,5,cudaLaunchKernel, 576    1    1, 256    1    1,"<unnamed>::pack_face_x(const double *, double *, int, int, int, int, int)"
14664630027,11235,14664641262,780163,14665421425,2336,793734,132,132,7,cudaLaunchKernel, 576    1    1, 256    1    1,"<unnamed>::pack_face_y(const double *, double *, int, int, int, int, int)"
14664630141,8204,14664638345,26608,14664664953,743768,778580,125,125,6,cudaLaunchKernel,  12   96   96,  32    4    4,"<unnamed>::step_kernel_interior(const double *, const double *, double *, const double *, const double *, int, int, int, int, int, int, int, double, double)"
14664630531,8436,14664638967,21849,14664660816,744092,774377,120,120,1,cudaLaunchKernel,  12   96   96,  32    4    4,"<unnamed>::step_kernel_interior(const double *, const double *, double *, const double *, const double *, int, int, int, int, int, int, int, double, double)"
14664635904,11466,14664647370,770014,14665417384,8224,789704,121,121,2,cudaLaunchKernel, 576    1    1, 256    1    1,"<unnamed>::pack_face_z(const double *, double *, int, int, int, int, int)"
14664637461,11851,14664649312,46713,14664696025,7136,65700,123,123,4,cudaLaunchKernel, 576    1    1, 256    1    1,"<unnamed>::pack_face_x(const double *, double *, int, int, int, int, int)"
14664639284,11814,14664651098,780620,14665431718,2432,794866,119,119,0,cudaLaunchKernel, 576    1    1, 256    1    1,"<unnamed>::pack_face_y(const double *, double *, int, int, int, int, int)"
14664640066,14379,14664654445,774008,14665428453,2592,790979,124,124,5,cudaLaunchKernel, 576    1    1, 256    1    1,"<unnamed>::pack_face_y(const double *, double *, int, int, int, int, int)"
14664642185,13723,14664655908,769229,14665425137,8096,791048,132,132,7,cudaLaunchKernel, 576    1    1, 256    1    1,"<unnamed>::pack_face_z(const double *, double *, int, int, int, int, int)"
14664648626,10246,14664658872,10041,14664668913,744023,764310,121,121,2,cudaLaunchKernel,  12   96   96,  32    4    4,"<unnamed>::step_kernel_interior(const double *, const double *, double *, const double *, const double *, int, int, int, int, int, int, int, double, double)"
14664650251,11059,14664661310,772918,14665434228,4608,788585,123,123,4,cudaLaunchKernel, 576    1    1, 256    1    1,"<unnamed>::pack_face_y(const double *, double *, int, int, int, int, int)"
14664654728,12179,14664666907,768331,14665435238,8320,788830,119,119,0,cudaLaunchKernel, 576    1    1, 256    1    1,"<unnamed>::pack_face_z(const double *, double *, int, int, int, int, int)"
14664656345,11383,14664667728,764341,14665432069,8192,783916,124,124,5,cudaLaunchKernel, 576    1    1, 256    1    1,"<unnamed>::pack_face_z(const double *, double *, int, int, int, int, int)"
14664657452,12860,14664670312,6834,14664677146,743543,763237,132,132,7,cudaLaunchKernel,  12   96   96,  32    4    4,"<unnamed>::step_kernel_interior(const double *, const double *, double *, const double *, const double *, int, int, int, int, int, int, int, double, double)"
14664665319,6900,14664672219,767993,14665440212,9184,784077,123,123,4,cudaLaunchKernel, 576    1    1, 256    1    1,"<unnamed>::pack_face_z(const double *, double *, int, int, int, int, int)"
14664668063,13199,14664681262,5726,14664686988,744026,762951,119,119,0,cudaLaunchKernel,  12   96   96,  32    4    4,"<unnamed>::step_kernel_interior(const double *, const double *, double *, const double *, const double *, int, int, int, int, int, int, int, double, double)"
14664668890,11377,14664680267,3523,14664683790,743895,758795,124,124,5,cudaLaunchKernel,  12   96   96,  32    4    4,"<unnamed>::step_kernel_interior(const double *, const double *, double *, const double *, const double *, int, int, int, int, int, int, int, double, double)"
14664676774,12974,14664689748,6533,14664696281,742043,761550,123,123,4,cudaLaunchKernel,  12   96   96,  32    4    4,"<unnamed>::step_kernel_interior(const double *, const double *, double *, const double *, const double *, int, int, int, int, int, int, int, double, double)"
14665511372,10323,14665521695,1580,14665523275,2048,13951,120,120,1,cudaLaunchKernel, 576    1    1, 256    1    1,"<unnamed>::unpack_face_x(const double *, double *, int, int, int, int, int)"
14665518209,11010,14665529219,1510,14665530729,2016,14536,122,122,3,cudaLaunchKernel, 576    1    1, 256    1    1,"<unnamed>::unpack_face_x(const double *, double *, int, int, int, int, int)"
14665522653,9626,14665532279,1524,14665533803,2112,13262,120,120,1,cudaLaunchKernel, 576    1    1, 256    1    1,"<unnamed>::unpack_face_y(const double *, double *, int, int, int, int, int)"
14665522846,14162,,,14665535686,2144,14984,121,121,2,cudaLaunchKernel, 576    1    1, 256    1    1,"<unnamed>::unpack_face_x(const double *, double *, int, int, int, int, int)"
14665525726,9579,,,14665534640,1984,10898,125,125,6,cudaLaunchKernel, 576    1    1, 256    1    1,"<unnamed>::unpack_face_x(const double *, double *, int, int, int, int, int)"
14665530194,9979,14665540173,956,14665541129,2016,12951,122,122,3,cudaLaunchKernel, 576    1    1, 256    1    1,"<unnamed>::unpack_face_y(const double *, double *, int, int, int, int, int)"
14665535746,9455,14665545201,2014,14665547215,1952,13421,132,132,7,cudaLaunchKernel, 576    1    1, 256    1    1,"<unnamed>::unpack_face_x(const double *, double *, int, int, int, int, int)"
14665536190,6226,14665542416,2203,14665544619,4384,12813,120,120,1,cudaLaunchKernel, 576    1    1, 256    1    1,"<unnamed>::unpack_face_z(const double *, double *, int, int, int, int, int)"
14665536478,6113,14665542591,2097,14665544688,1952,10162,125,125,6,cudaLaunchKernel, 576    1    1, 256    1    1,"<unnamed>::unpack_face_y(const double *, double *, int, int, int, int, int)"
14665537502,8755,14665546257,2420,14665548677,2144,13319,119,119,0,cudaLaunchKernel, 576    1    1, 256    1    1,"<unnamed>::unpack_face_x(const double *, double *, int, int, int, int, int)"
14665538035,6401,14665544436,2322,14665546758,2144,10867,121,121,2,cudaLaunchKernel, 576    1    1, 256    1    1,"<unnamed>::unpack_face_y(const double *, double *, int, int, int, int, int)"
14665538806,11480,,,14665549715,2080,12989,123,123,4,cudaLaunchKernel, 576    1    1, 256    1    1,"<unnamed>::unpack_face_x(const double *, double *, int, int, int, int, int)"
14665539553,13643,14665553196,344,14665553540,2112,16099,124,124,5,cudaLaunchKernel, 576    1    1, 256    1    1,"<unnamed>::unpack_face_x(const double *, double *, int, int, int, int, int)"
14665541120,4727,14665545847,2578,14665548425,4192,11497,122,122,3,cudaLaunchKernel, 576    1    1, 256    1    1,"<unnamed>::unpack_face_z(const double *, double *, int, int, int, int, int)"
14665542989,3143,14665546132,3548,14665549680,4320,11011,125,125,6,cudaLaunchKernel, 576    1    1, 256    1    1,"<unnamed>::unpack_face_z(const double *, double *, int, int, int, int, int)"
14665543115,4174,14665547289,4626,14665551915,8608,17408,120,120,1,cudaLaunchKernel,1152    1    1, 256    1    1,"<unnamed>::step_kernel_boundary_x_faces(const double *, const double *, double *, const double *, const double *, int, int, int, int, int, int, int, double, double)"
14665544844,9035,14665553879,2159,14665556038,4416,15610,121,121,2,cudaLaunchKernel, 576    1    1, 256    1    1,"<unnamed>::unpack_face_z(const double *, double *, int, int, int, int, int)"
14665545954,15977,,,14665560655,1920,16621,132,132,7,cudaLaunchKernel, 576    1    1, 256    1    1,"<unnamed>::unpack_face_y(const double *, double *, int, int, int, int, int)"
14665546548,9186,14665555734,2579,14665558313,8896,20661,122,122,3,cudaLaunchKernel,1152    1    1, 256    1    1,"<unnamed>::step_kernel_boundary_x_faces(const double *, const double *, double *, const double *, const double *, int, int, int, int, int, int, int, double, double)"
14665546663,10923,14665557586,1203,14665558789,2048,14174,119,119,0,cudaLaunchKernel, 576    1    1, 256    1    1,"<unnamed>::unpack_face_y(const double *, double *, int, int, int, int, int)"
14665546854,8655,14665555509,1339,14665556848,8415,18409,125,125,6,cudaLaunchKernel,1152    1    1, 256    1    1,"<unnamed>::step_kernel_boundary_x_faces(const double *, const double *, double *, const double *, const double *, int, int, int, int, int, int, int, double, double)"
14665547670,8990,14665556660,5335,14665561995,8576,22901,120,120,1,cudaLaunchKernel,1146    1    1, 256    1    1,"<unnamed>::step_kernel_boundary_y_faces(const double *, const double *, double *, const double *, const double *, int, int, int, int, int, int, int, double, double)"
14665551751,11775,14665563526,269,14665563795,2080,14124,123,123,4,cudaLaunchKernel, 576    1    1, 256    1    1,"<unnamed>::unpack_face_y(const double *, double *, int, int, int, int, int)"
14665554307,14647,14665568954,458,14665569412,2048,17153,124,124,5,cudaLaunchKernel, 576    1    1, 256    1    1,"<unnamed>::unpack_face_y(const double *, double *, int, int, int, int, int)"
14665554989,12578,14665567567,1367,14665568934,8832,22777,121,121,2,cudaLaunchKernel,1152    1    1, 256    1    1,"<unnamed>::step_kernel_boundary_x_faces(const double *, const double *, double *, const double *, const double *, int, int, int, int, int, int, int, double, double)"
14665556406,8628,14665565034,2533,14665567567,8512,19673,125,125,6,cudaLaunchKernel,1146    1    1, 256    1    1,"<unnamed>::step_kernel_boundary_y_faces(const double *, const double *, double *, const double *, const double *, int, int, int, int, int, int, int, double, double)"
14665556646,9354,14665566000,2681,14665568681,8640,20675,122,122,3,cudaLaunchKernel,1146    1    1, 256    1    1,"<unnamed>::step_kernel_boundary_y_faces(const double *, const double *, double *, const double *, const double *, int, int, int, int, int, int, int, double, double)"
14665557659,9013,14665566672,5371,14665572043,66944,81328,120,120,1,cudaLaunchKernel,1141    1    1, 256    1    1,"<unnamed>::step_kernel_boundary_z_faces(const double *, const double *, double *, const double *, const double *, int, int, int, int, int, int, int, double, double)"
14665561763,7431,14665569194,2299,14665571493,4480,14210,119,119,0,cudaLaunchKernel, 576    1    1, 256    1    1,"<unnamed>::unpack_face_z(const double *, double *, int, int, int, int, int)"
14665563214,8084,14665571298,2189,14665573487,4192,14465,132,132,7,cudaLaunchKernel, 576    1    1, 256    1    1,"<unnamed>::unpack_face_z(const double *, double *, int, int, int, int, int)"
14665564503,6395,14665570898,2497,14665573395,4288,13180,123,123,4,cudaLaunchKernel, 576    1    1, 256    1    1,"<unnamed>::unpack_face_z(const double *, double *, int, int, int, int, int)"
14665565946,5748,14665571694,5601,14665577295,66496,77845,125,125,6,cudaLaunchKernel,1141    1    1, 256    1    1,"<unnamed>::step_kernel_boundary_z_faces(const double *, const double *, double *, const double *, const double *, int, int, int, int, int, int, int, double, double)"
14665566856,10383,14665577239,1234,14665578473,65567,77184,122,122,3,cudaLaunchKernel,1141    1    1, 256    1    1,"<unnamed>::step_kernel_boundary_z_faces(const double *, const double *, double *, const double *, const double *, int, int, int, int, int, int, int, double, double)"
14665568454,10915,14665579369,1373,14665580742,8192,20480,121,121,2,cudaLaunchKernel,1146    1    1, 256    1    1,"<unnamed>::step_kernel_boundary_y_faces(const double *, const double *, double *, const double *, const double *, int, int, int, int, int, int, int, double, double)"
14665569873,11519,14665581392,1397,14665582789,8704,21620,119,119,0,cudaLaunchKernel,1152    1    1, 256    1    1,"<unnamed>::step_kernel_boundary_x_faces(const double *, const double *, double *, const double *, const double *, int, int, int, int, int, int, int, double, double)"
14665570181,10707,14665580888,1196,14665582084,4384,16287,124,124,5,cudaLaunchKernel, 576    1    1, 256    1    1,"<unnamed>::unpack_face_z(const double *, double *, int, int, int, int, int)"
14665572019,13033,14665585052,1683,14665586735,8096,22812,132,132,7,cudaLaunchKernel,1152    1    1, 256    1    1,"<unnamed>::step_kernel_boundary_x_faces(const double *, const double *, double *, const double *, const double *, int, int, int, int, int, int, int, double, double)"
14665574574,9558,14665584132,2191,14665586323,8352,20101,123,123,4,cudaLaunchKernel,1152    1    1, 256    1    1,"<unnamed>::step_kernel_boundary_x_faces(const double *, const double *, double *, const double *, const double *, int, int, int, int, int, int, int, double, double)"
14665580226,9916,14665590142,40,14665590182,65951,75907,121,121,2,cudaLaunchKernel,1141    1    1, 256    1    1,"<unnamed>::step_kernel_boundary_z_faces(const double *, const double *, double *, const double *, const double *, int, int, int, int, int, int, int, double, double)"
14665582020,11622,14665593642,1369,14665595011,8512,21503,124,124,5,cudaLaunchKernel,1152    1    1, 256    1    1,"<unnamed>::step_kernel_boundary_x_faces(const double *, const double *, double *, const double *, const double *, int, int, int, int, int, int, int, double, double)"
14665582305,10814,14665593119,2406,14665595525,8576,21796,119,119,0,cudaLaunchKernel,1146    1    1, 256    1    1,"<unnamed>::step_kernel_boundary_y_faces(const double *, const double *, double *, const double *, const double *, int, int, int, int, int, int, int, double, double)"
14665584723,10624,14665595347,2560,14665597907,8736,21920,123,123,4,cudaLaunchKernel,1146    1    1, 256    1    1,"<unnamed>::step_kernel_boundary_y_faces(const double *, const double *, double *, const double *, const double *, int, int, int, int, int, int, int, double, double)"
14665588646,13255,14665601901,2114,14665604015,8384,23753,132,132,7,cudaLaunchKernel,1146    1    1, 256    1    1,"<unnamed>::step_kernel_boundary_y_faces(const double *, const double *, double *, const double *, const double *, int, int, int, int, int, int, int, double, double)"
14665593951,12269,14665606220,1721,14665607941,66271,80261,119,119,0,cudaLaunchKernel,1141    1    1, 256    1    1,"<unnamed>::step_kernel_boundary_z_faces(const double *, const double *, double *, const double *, const double *, int, int, int, int, int, int, int, double, double)"
14665594560,10946,14665605506,1729,14665607235,8800,21475,124,124,5,cudaLaunchKernel,1146    1    1, 256    1    1,"<unnamed>::step_kernel_boundary_y_faces(const double *, const double *, double *, const double *, const double *, int, int, int, int, int, int, int, double, double)"
14665599392,8705,14665608097,2578,14665610675,65567,76850,123,123,4,cudaLaunchKernel,1141    1    1, 256    1    1,"<unnamed>::step_kernel_boundary_z_faces(const double *, const double *, double *, const double *, const double *, int, int, int, int, int, int, int, double, double)"
14665602768,10897,,,14665613519,66143,76894,132,132,7,cudaLaunchKernel,1141    1    1, 256    1    1,"<unnamed>::step_kernel_boundary_z_faces(const double *, const double *, double *, const double *, const double *, int, int, int, int, int, int, int, double, double)"
14665606546,11823,14665618369,1954,14665620323,66015,79792,124,124,5,cudaLaunchKernel,1141    1    1, 256    1    1,"<unnamed>::step_kernel_boundary_z_faces(const double *, const double *, double *, const double *, const double *, int, int, int, int, int, int, int, double, double)"
