API Start (ns),API Dur (ns),Queue Start (ns),Queue Dur (ns),Kernel Start (ns),Kernel Dur (ns),Total Dur (ns),PID,TID,DevId,API Function,GridXYZ,BlockXYZ,Kernel Name
5027247155,210659,,,5027455569,864,210659,124,124,6,cudaLaunchKernel,   1    1    1,   1    1    1,<unnamed>::warmup_kernel(double *)
5027741729,29666,5027771395,2027,5027773422,1792,33485,124,124,6,cudaLaunchKernel,  64    1    1, 256    1    1,"<unnamed>::pack_face_x(const double *, double *, int, int, int, int, int)"
5027773803,10892,5027784695,3191,5027787886,1728,15811,124,124,6,cudaLaunchKernel,  64    1    1, 256    1    1,"<unnamed>::pack_face_y(const double *, double *, int, int, int, int, int)"
5027790188,20566,5027810754,1995,5027812749,2112,24673,124,124,6,cudaLaunchKernel,  64    1    1, 256    1    1,"<unnamed>::pack_face_z(const double *, double *, int, int, int, int, int)"
5036295393,225280,,,5036519432,864,225280,121,121,3,cudaLaunchKernel,   1    1    1,   1    1    1,<unnamed>::warmup_kernel(double *)
5036749552,36564,5036786116,1282,5036787398,1696,39542,121,121,3,cudaLaunchKernel,  64    1    1, 256    1    1,"<unnamed>::pack_face_x(const double *, double *, int, int, int, int, int)"
5036788956,23455,,,5036812390,1696,25130,121,121,3,cudaLaunchKernel,  64    1    1, 256    1    1,"<unnamed>::pack_face_y(const double *, double *, int, int, int, int, int)"
5036814998,26678,5036841676,1145,5036842821,2080,29903,121,121,3,cudaLaunchKernel,  64    1    1, 256    1    1,"<unnamed>::pack_face_z(const double *, double *, int, int, int, int, int)"
5041279023,201870,,,5041480378,928,202283,119,119,1,cudaLaunchKernel,   1    1    1,   1    1    1,<unnamed>::warmup_kernel(double *)
5041717062,32930,,,5041748568,1632,33138,119,119,1,cudaLaunchKernel,  64    1    1, 256    1    1,"<unnamed>::pack_face_x(const double *, double *, int, int, int, int, int)"
5041753408,20073,5041773481,3535,5041777016,1664,25272,119,119,1,cudaLaunchKernel,  64    1    1, 256    1    1,"<unnamed>::pack_face_y(const double *, double *, int, int, int, int, int)"
5041774656,23192,5041797848,1280,5041799128,2112,26584,119,119,1,cudaLaunchKernel,  64    1    1, 256    1    1,"<unnamed>::pack_face_z(const double *, double *, int, int, int, int, int)"
5049642601,217622,,,5049855938,863,217622,120,120,2,cudaLaunchKernel,   1    1    1,   1    1    1,<unnamed>::warmup_kernel(double *)
5049854136,214246,,,5050064308,864,214246,118,118,0,cudaLaunchKernel,   1    1    1,   1    1    1,<unnamed>::warmup_kernel(double *)
5050068735,186592,,,5050251977,896,186592,122,122,4,cudaLaunchKernel,   1    1    1,   1    1    1,<unnamed>::warmup_kernel(double *)
5050155612,35363,5050190975,1406,5050192381,1664,38433,120,120,2,cudaLaunchKernel,  64    1    1, 256    1    1,"<unnamed>::pack_face_x(const double *, double *, int, int, int, int, int)"
5050193215,25609,5050218824,1749,5050220573,1696,29054,120,120,2,cudaLaunchKernel,  64    1    1, 256    1    1,"<unnamed>::pack_face_y(const double *, double *, int, int, int, int, int)"
5050220536,17722,5050238258,2699,5050240957,2112,22533,120,120,2,cudaLaunchKernel,  64    1    1, 256    1    1,"<unnamed>::pack_face_z(const double *, double *, int, int, int, int, int)"
5050221115,196390,,,5050414821,896,196390,130,130,7,cudaLaunchKernel,   1    1    1,   1    1    1,<unnamed>::warmup_kernel(double *)
5050305986,34716,5050340702,2196,5050342898,1728,38640,118,118,0,cudaLaunchKernel,  64    1    1, 256    1    1,"<unnamed>::pack_face_x(const double *, double *, int, int, int, int, int)"
5050343015,25452,5050368467,2303,5050370770,1664,29419,118,118,0,cudaLaunchKernel,  64    1    1, 256    1    1,"<unnamed>::pack_face_y(const double *, double *, int, int, int, int, int)"
5050370558,25769,5050396327,299,5050396626,2080,28148,118,118,0,cudaLaunchKernel,  64    1    1, 256    1    1,"<unnamed>::pack_face_z(const double *, double *, int, int, int, int, int)"
5050517768,32587,5050550355,1140,5050551495,1760,35487,122,122,4,cudaLaunchKernel,  64    1    1, 256    1    1,"<unnamed>::pack_face_x(const double *, double *, int, int, int, int, int)"
5050556360,29636,5050585996,955,5050586951,1696,32287,122,122,4,cudaLaunchKernel,  64    1    1, 256    1    1,"<unnamed>::pack_face_y(const double *, double *, int, int, int, int, int)"
5050587715,24692,5050612407,2768,5050615175,2208,29668,122,122,4,cudaLaunchKernel,  64    1    1, 256    1    1,"<unnamed>::pack_face_z(const double *, double *, int, int, int, int, int)"
5050688408,35565,,,5050722978,1696,36266,130,130,7,cudaLaunchKernel,  64    1    1, 256    1    1,"<unnamed>::pack_face_x(const double *, double *, int, int, int, int, int)"
5050726969,30427,5050757396,813,5050758209,1664,32904,130,130,7,cudaLaunchKernel,  64    1    1, 256    1    1,"<unnamed>::pack_face_y(const double *, double *, int, int, int, int, int)"
5050759215,32396,5050791611,2150,5050793761,2080,36626,130,130,7,cudaLaunchKernel,  64    1    1, 256    1    1,"<unnamed>::pack_face_z(const double *, double *, int, int, int, int, int)"
5058465564,206880,,,5058668746,896,206880,123,123,5,cudaLaunchKernel,   1    1    1,   1    1    1,<unnamed>::warmup_kernel(double *)
5058925404,40955,,,5058965031,1664,41291,123,123,5,cudaLaunchKernel,  64    1    1, 256    1    1,"<unnamed>::pack_face_x(const double *, double *, int, int, int, int, int)"
5058969666,23713,5058993379,2467,5058995846,1760,27940,123,123,5,cudaLaunchKernel,  64    1    1, 256    1    1,"<unnamed>::pack_face_y(const double *, double *, int, int, int, int, int)"
5058995044,16284,5059011328,2662,5059013990,2048,20994,123,123,5,cudaLaunchKernel,  64    1    1, 256    1    1,"<unnamed>::pack_face_z(const double *, double *, int, int, int, int, int)"
5072955221,66460,,,5073021119,1376,67274,120,120,2,cudaLaunchKernel,  64    1    1, 256    1    1,"<unnamed>::unpack_face_x(const double *, double *, int, int, int, int, int)"
5073024864,27893,,,5073051487,1280,27903,120,120,2,cudaLaunchKernel,  64    1    1, 256    1    1,"<unnamed>::unpack_face_y(const double *, double *, int, int, int, int, int)"
5073056522,32121,5073088643,443,5073089086,1472,34036,120,120,2,cudaLaunchKernel,  64    1    1, 256    1    1,"<unnamed>::unpack_face_z(const double *, double *, int, int, int, int, int)"
5073235280,26778,5073262058,1554,5073263612,1440,29772,120,120,2,cudaLaunchKernel,   1    2    2,  32    4    4,"<unnamed>::step_kernel_interior(const double *, const double *, double *, const double *, const double *, int, int, int, int, int, int, int, double, double)"
5073268520,25813,5073294333,1471,5073295804,1407,28691,120,120,2,cudaLaunchKernel,   1    1    1, 256    1    1,"<unnamed>::step_kernel_boundary_x_faces(const double *, const double *, double *, const double *, const double *, int, int, int, int, int, int, int, double, double)"
5073299822,36607,,,5073335131,1440,36749,120,120,2,cudaLaunchKernel,   1    1    1, 256    1    1,"<unnamed>::step_kernel_boundary_y_faces(const double *, const double *, double *, const double *, const double *, int, int, int, int, int, int, int, double, double)"
5073339046,28240,5073367286,837,5073368123,1376,30453,120,120,2,cudaLaunchKernel,   1    1    1, 256    1    1,"<unnamed>::step_kernel_boundary_z_faces(const double *, const double *, double *, const double *, const double *, int, int, int, int, int, int, int, double, double)"
5073390793,11894,5073402687,827,5073403514,1376,14097,120,120,2,cudaLaunchKernel,   1    2    2,  32    4    4,"<unnamed>::step_kernel_interior(const double *, const double *, double *, const double *, const double *, int, int, int, int, int, int, int, double, double)"
5073404074,16222,5073420296,818,5073421114,1344,18384,120,120,2,cudaLaunchKernel,   1    1    1, 256    1    1,"<unnamed>::step_kernel_boundary_x_faces(const double *, const double *, double *, const double *, const double *, int, int, int, int, int, int, int, double, double)"
5073421199,14259,,,5073433754,1344,14259,120,120,2,cudaLaunchKernel,   1    1    1, 256    1    1,"<unnamed>::step_kernel_boundary_y_faces(const double *, const double *, double *, const double *, const double *, int, int, int, int, int, int, int, double, double)"
5073436581,11855,5073448436,1190,5073449626,1408,14453,120,120,2,cudaLaunchKernel,   1    1    1, 256    1    1,"<unnamed>::step_kernel_boundary_z_faces(const double *, const double *, double *, const double *, const double *, int, int, int, int, int, int, int, double, double)"
5076676756,59404,,,5076735426,1344,60014,118,118,0,cudaLaunchKernel,  64    1    1, 256    1    1,"<unnamed>::unpack_face_x(const double *, double *, int, int, int, int, int)"
5076743108,29705,5076772813,1749,5076774562,1248,32702,118,118,0,cudaLaunchKernel,  64    1    1, 256    1    1,"<unnamed>::unpack_face_y(const double *, double *, int, int, int, int, int)"
5076775402,14213,5076789615,2739,5076792354,1504,18456,118,118,0,cudaLaunchKernel,  64    1    1, 256    1    1,"<unnamed>::unpack_face_z(const double *, double *, int, int, int, int, int)"
5076936029,33266,5076969295,1457,5076970752,1440,36163,118,118,0,cudaLaunchKernel,   1    2    2,  32    4    4,"<unnamed>::step_kernel_interior(const double *, const double *, double *, const double *, const double *, int, int, int, int, int, int, int, double, double)"
5076971994,28681,5077000675,93,5077000768,1408,30182,118,118,0,cudaLaunchKernel,   1    1    1, 256    1    1,"<unnamed>::step_kernel_boundary_x_faces(const double *, const double *, double *, const double *, const double *, int, int, int, int, int, int, int, double, double)"
5077003322,31232,5077034554,230,5077034784,1440,32902,118,118,0,cudaLaunchKernel,   1    1    1, 256    1    1,"<unnamed>::step_kernel_boundary_y_faces(const double *, const double *, double *, const double *, const double *, int, int, int, int, int, int, int, double, double)"
5077036768,31064,5077067832,1255,5077069087,1376,33695,118,118,0,cudaLaunchKernel,   1    1    1, 256    1    1,"<unnamed>::step_kernel_boundary_z_faces(const double *, const double *, double *, const double *, const double *, int, int, int, int, int, int, int, double, double)"
5077085100,7469,5077092569,2022,5077094591,1376,10867,118,118,0,cudaLaunchKernel,   1    2    2,  32    4    4,"<unnamed>::step_kernel_interior(const double *, const double *, double *, const double *, const double *, int, int, int, int, int, int, int, double, double)"
5077093224,9986,5077103210,949,5077104159,1376,12311,118,118,0,cudaLaunchKernel,   1    1    1, 256    1    1,"<unnamed>::step_kernel_boundary_x_faces(const double *, const double *, double *, const double *, const double *, int, int, int, int, int, int, int, double, double)"
5077104160,4899,5077109059,2396,5077111455,1376,8671,118,118,0,cudaLaunchKernel,   1    1    1, 256    1    1,"<unnamed>::step_kernel_boundary_y_faces(const double *, const double *, double *, const double *, const double *, int, int, int, int, int, int, int, double, double)"
5077109770,4924,5077114694,3449,5077118143,1408,9781,118,118,0,cudaLaunchKernel,   1    1    1, 256    1    1,"<unnamed>::step_kernel_boundary_z_faces(const double *, const double *, double *, const double *, const double *, int, int, int, int, int, int, int, double, double)"
5080208695,58228,,,5080265892,1344,58541,124,124,6,cudaLaunchKernel,  64    1    1, 256    1    1,"<unnamed>::unpack_face_x(const double *, double *, int, int, int, int, int)"
5080270047,24784,,,5080293508,1248,24784,124,124,6,cudaLaunchKernel,  64    1    1, 256    1    1,"<unnamed>::unpack_face_y(const double *, double *, int, int, int, int, int)"
5080297851,27850,5080325701,1567,5080327268,1472,30889,124,124,6,cudaLaunchKernel,  64    1    1, 256    1    1,"<unnamed>::unpack_face_z(const double *, double *, int, int, int, int, int)"
5080440157,32510,,,5080470914,1440,32510,124,124,6,cudaLaunchKernel,   1    2    2,  32    4    4,"<unnamed>::step_kernel_interior(const double *, const double *, double *, const double *, const double *, int, int, int, int, int, int, int, double, double)"
5080475454,27088,5080502542,884,5080503426,1408,29380,124,124,6,cudaLaunchKernel,   1    1    1, 256    1    1,"<unnamed>::step_kernel_boundary_x_faces(const double *, const double *, double *, const double *, const double *, int, int, int, int, int, int, int, double, double)"
5080504557,22845,5080527402,2103,5080529505,1408,26356,124,124,6,cudaLaunchKernel,   1    1    1, 256    1    1,"<unnamed>::step_kernel_boundary_y_faces(const double *, const double *, double *, const double *, const double *, int, int, int, int, int, int, int, double, double)"
5080532727,26638,5080559365,476,5080559841,1376,28490,124,124,6,cudaLaunchKernel,   1    1    1, 256    1    1,"<unnamed>::step_kernel_boundary_z_faces(const double *, const double *, double *, const double *, const double *, int, int, int, int, int, int, int, double, double)"
5080571435,10682,5080582117,1020,5080583137,1376,13078,124,124,6,cudaLaunchKernel,   1    2    2,  32    4    4,"<unnamed>::step_kernel_interior(const double *, const double *, double *, const double *, const double *, int, int, int, int, int, int, int, double, double)"
5080583240,9913,5080593153,1024,5080594177,1344,12281,124,124,6,cudaLaunchKernel,   1    1    1, 256    1    1,"<unnamed>::step_kernel_boundary_x_faces(const double *, const double *, double *, const double *, const double *, int, int, int, int, int, int, int, double, double)"
5080594033,9473,5080603506,847,5080604353,1376,11696,124,124,6,cudaLaunchKernel,   1    1    1, 256    1    1,"<unnamed>::step_kernel_boundary_y_faces(const double *, const double *, double *, const double *, const double *, int, int, int, int, int, int, int, double, double)"
5080604431,10067,5080614498,1182,5080615680,1376,12625,124,124,6,cudaLaunchKernel,   1    1    1, 256    1    1,"<unnamed>::step_kernel_boundary_z_faces(const double *, const double *, double *, const double *, const double *, int, int, int, int, int, int, int, double, double)"
5086266834,66707,,,5086332413,1376,66955,121,121,3,cudaLaunchKernel,  64    1    1, 256    1    1,"<unnamed>::unpack_face_x(const double *, double *, int, int, int, int, int)"
5086336609,28657,5086365266,907,5086366173,1248,30812,121,121,3,cudaLaunchKernel,  64    1    1, 256    1    1,"<unnamed>::unpack_face_y(const double *, double *, int, int, int, int, int)"
5086367993,29582,5086397575,1206,5086398781,1472,32260,121,121,3,cudaLaunchKernel,  64    1    1, 256    1    1,"<unnamed>::unpack_face_z(const double *, double *, int, int, int, int, int)"
5086532700,27732,5086560432,715,5086561147,1472,29919,121,121,3,cudaLaunchKernel,   1    2    2,  32    4    4,"<unnamed>::step_kernel_interior(const double *, const double *, double *, const double *, const double *, int, int, int, int, int, int, int, double, double)"
5086562757,24025,5086586782,1405,5086588187,1408,26838,121,121,3,cudaLaunchKernel,   1    1    1, 256    1    1,"<unnamed>::step_kernel_boundary_x_faces(const double *, const double *, double *, const double *, const double *, int, int, int, int, int, int, int, double, double)"
5086592410,30165,5086622575,204,5086622779,1440,31809,121,121,3,cudaLaunchKernel,   1    1    1, 256    1    1,"<unnamed>::step_kernel_boundary_y_faces(const double *, const double *, double *, const double *, const double *, int, int, int, int, int, int, int, double, double)"
5086624620,27875,,,5086648346,1408,27875,121,121,3,cudaLaunchKernel,   1    1    1, 256    1    1,"<unnamed>::step_kernel_boundary_z_faces(const double *, const double *, double *, const double *, const double *, int, int, int, int, int, int, int, double, double)"
5086661153,6008,5086667161,2369,5086669530,1408,9785,121,121,3,cudaLaunchKernel,   1    2    2,  32    4    4,"<unnamed>::step_kernel_interior(const double *, const double *, double *, const double *, const double *, int, int, int, int, int, int, int, double, double)"
5086667725,4193,5086671918,2220,5086674138,1344,7757,121,121,3,cudaLaunchKernel,   1    1    1, 256    1    1,"<unnamed>::step_kernel_boundary_x_faces(const double *, const double *, double *, const double *, const double *, int, int, int, int, int, int, int, double, double)"
5086672316,8269,5086680585,945,5086681530,1344,10558,121,121,3,cudaLaunchKernel,   1    1    1, 256    1    1,"<unnamed>::step_kernel_boundary_y_faces(const double *, const double *, double *, const double *, const double *, int, int, int, int, int, int, int, double, double)"
5086681509,5303,5086686812,2430,5086689242,1408,9141,121,121,3,cudaLaunchKernel,   1    1    1, 256    1    1,"<unnamed>::step_kernel_boundary_z_faces(const double *, const double *, double *, const double *, const double *, int, int, int, int, int, int, int, double, double)"
5090249660,63492,,,5090312478,1344,64162,119,119,1,cudaLaunchKernel,  64    1    1, 256    1    1,"<unnamed>::unpack_face_x(const double *, double *, int, int, int, int, int)"
5090271506,69927,,,5090340443,1312,70249,122,122,4,cudaLaunchKernel,  64    1    1, 256    1    1,"<unnamed>::unpack_face_x(const double *, double *, int, int, int, int, int)"
5090315770,36207,,,5090349950,1280,36207,119,119,1,cudaLaunchKernel,  64    1    1, 256    1    1,"<unnamed>::unpack_face_y(const double *, double *, int, int, int, int, int)"
5090344037,31451,5090375488,1402,5090376890,1280,34133,122,122,4,cudaLaunchKernel,  64    1    1, 256    1    1,"<unnamed>::unpack_face_y(const double *, double *, int, int, int, int, int)"
5090354547,20547,5090375094,1768,5090376862,1472,23787,119,119,1,cudaLaunchKernel,  64    1    1, 256    1    1,"<unnamed>::unpack_face_z(const double *, double *, int, int, int, int, int)"
5090378243,40709,5090418952,1234,5090420186,1472,43415,122,122,4,cudaLaunchKernel,  64    1    1, 256    1    1,"<unnamed>::unpack_face_z(const double *, double *, int, int, int, int, int)"
5090513194,25288,5090538482,1547,5090540029,1472,28307,119,119,1,cudaLaunchKernel,   1    2    2,  32    4    4,"<unnamed>::step_kernel_interior(const double *, const double *, double *, const double *, const double *, int, int, int, int, int, int, int, double, double)"
5090540843,29048,,,5090569084,1408,29649,119,119,1,cudaLaunchKernel,   1    1    1, 256    1    1,"<unnamed>::step_kernel_boundary_x_faces(const double *, const double *, double *, const double *, const double *, int, int, int, int, int, int, int, double, double)"
5090558177,31790,,,5090587193,1440,31790,122,122,4,cudaLaunchKernel,   1    2    2,  32    4    4,"<unnamed>::step_kernel_interior(const double *, const double *, double *, const double *, const double *, int, int, int, int, int, int, int, double, double)"
5090571814,29730,5090601544,724,5090602268,1472,31926,119,119,1,cudaLaunchKernel,   1    1    1, 256    1    1,"<unnamed>::step_kernel_boundary_y_faces(const double *, const double *, double *, const double *, const double *, int, int, int, int, int, int, int, double, double)"
5090592836,32928,5090625764,981,5090626745,1376,35285,122,122,4,cudaLaunchKernel,   1    1    1, 256    1    1,"<unnamed>::step_kernel_boundary_x_faces(const double *, const double *, double *, const double *, const double *, int, int, int, int, int, int, int, double, double)"
5090603501,30768,,,5090632412,1504,30768,119,119,1,cudaLaunchKernel,   1    1    1, 256    1    1,"<unnamed>::step_kernel_boundary_z_faces(const double *, const double *, double *, const double *, const double *, int, int, int, int, int, int, int, double, double)"
5090627646,30529,5090658175,665,5090658840,1408,32602,122,122,4,cudaLaunchKernel,   1    1    1, 256    1    1,"<unnamed>::step_kernel_boundary_y_faces(const double *, const double *, double *, const double *, const double *, int, int, int, int, int, int, int, double, double)"
5090645545,11449,5090656994,858,5090657852,1472,13779,119,119,1,cudaLaunchKernel,   1    2    2,  32    4    4,"<unnamed>::step_kernel_interior(const double *, const double *, double *, const double *, const double *, int, int, int, int, int, int, int, double, double)"
5090658249,10146,5090668395,593,5090668988,1408,12147,119,119,1,cudaLaunchKernel,   1    1    1, 256    1    1,"<unnamed>::step_kernel_boundary_x_faces(const double *, const double *, double *, const double *, const double *, int, int, int, int, int, int, int, double, double)"
5090660524,32308,,,5090691480,1440,32396,122,122,4,cudaLaunchKernel,   1    1    1, 256    1    1,"<unnamed>::step_kernel_boundary_z_faces(const double *, const double *, double *, const double *, const double *, int, int, int, int, int, int, int, double, double)"
5090669311,5512,5090674823,2357,5090677180,1472,9341,119,119,1,cudaLaunchKernel,   1    1    1, 256    1    1,"<unnamed>::step_kernel_boundary_y_faces(const double *, const double *, double *, const double *, const double *, int, int, int, int, int, int, int, double, double)"
5090675219,4118,5090679337,3347,5090682684,1408,8873,119,119,1,cudaLaunchKernel,   1    1    1, 256    1    1,"<unnamed>::step_kernel_boundary_z_faces(const double *, const double *, double *, const double *, const double *, int, int, int, int, int, int, int, double, double)"
5090705159,12680,5090717839,905,5090718744,1568,15153,122,122,4,cudaLaunchKernel,   1    2    2,  32    4    4,"<unnamed>::step_kernel_interior(const double *, const double *, double *, const double *, const double *, int, int, int, int, int, int, int, double, double)"
5090718967,15755,,,5090734648,1344,17025,122,122,4,cudaLaunchKernel,   1    1    1, 256    1    1,"<unnamed>::step_kernel_boundary_x_faces(const double *, const double *, double *, const double *, const double *, int, int, int, int, int, int, int, double, double)"
5090735641,7337,5090742978,2198,5090745176,1344,10879,122,122,4,cudaLaunchKernel,   1    1    1, 256    1    1,"<unnamed>::step_kernel_boundary_y_faces(const double *, const double *, double *, const double *, const double *, int, int, int, int, int, int, int, double, double)"
5090743380,11497,5090754877,1115,5090755992,1376,13988,122,122,4,cudaLaunchKernel,   1    1    1, 256    1    1,"<unnamed>::step_kernel_boundary_z_faces(const double *, const double *, double *, const double *, const double *, int, int, int, int, int, int, int, double, double)"
5094891627,62017,,,5094952943,1344,62660,123,123,5,cudaLaunchKernel,  64    1    1, 256    1    1,"<unnamed>::unpack_face_x(const double *, double *, int, int, int, int, int)"
5094906221,67359,,,5094971867,1376,67359,130,130,7,cudaLaunchKernel,  64    1    1, 256    1    1,"<unnamed>::unpack_face_x(const double *, double *, int, int, int, int, int)"
5094959780,30221,,,5094988335,1280,30221,123,123,5,cudaLaunchKernel,  64    1    1, 256    1    1,"<unnamed>::unpack_face_y(const double *, double *, int, int, int, int, int)"
5094977135,27174,5095004309,1286,5095005595,1248,29708,130,130,7,cudaLaunchKernel,  64    1    1, 256    1    1,"<unnamed>::unpack_face_y(const double *, double *, int, int, int, int, int)"
5094992615,24797,5095017412,1674,5095019086,1472,27943,123,123,5,cudaLaunchKernel,  64    1    1, 256    1    1,"<unnamed>::unpack_face_z(const double *, double *, int, int, int, int, int)"
5095010736,31584,,,5095040379,1472,31584,130,130,7,cudaLaunchKernel,  64    1    1, 256    1    1,"<unnamed>::unpack_face_z(const double *, double *, int, int, int, int, int)"
5095140176,35484,5095175660,544,5095176204,1440,37468,123,123,5,cudaLaunchKernel,   1    2    2,  32    4    4,"<unnamed>::step_kernel_interior(const double *, const double *, double *, const double *, const double *, int, int, int, int, int, int, int, double, double)"
5095173474,27501,5095200975,1418,5095202393,1440,30359,130,130,7,cudaLaunchKernel,   1    2    2,  32    4    4,"<unnamed>::step_kernel_interior(const double *, const double *, double *, const double *, const double *, int, int, int, int, int, int, int, double, double)"
5095177905,31479,5095209384,580,5095209964,1408,33467,123,123,5,cudaLaunchKernel,   1    1    1, 256    1    1,"<unnamed>::step_kernel_boundary_x_faces(const double *, const double *, double *, const double *, const double *, int, int, int, int, int, int, int, double, double)"
5095208137,22731,5095230868,2020,5095232888,1408,26159,130,130,7,cudaLaunchKernel,   1    1    1, 256    1    1,"<unnamed>::step_kernel_boundary_x_faces(const double *, const double *, double *, const double *, const double *, int, int, int, int, int, int, int, double, double)"
5095211512,21588,5095233100,2336,5095235436,1408,25332,123,123,5,cudaLaunchKernel,   1    1    1, 256    1    1,"<unnamed>::step_kernel_boundary_y_faces(const double *, const double *, double *, const double *, const double *, int, int, int, int, int, int, int, double, double)"
5095232222,15850,5095248072,2256,5095250328,1440,19546,130,130,7,cudaLaunchKernel,   1    1    1, 256    1    1,"<unnamed>::step_kernel_boundary_y_faces(const double *, const double *, double *, const double *, const double *, int, int, int, int, int, int, int, double, double)"
5095234451,15945,5095250396,2320,5095252716,1408,19673,123,123,5,cudaLaunchKernel,   1    1    1, 256    1    1,"<unnamed>::step_kernel_boundary_z_faces(const double *, const double *, double *, const double *, const double *, int, int, int, int, int, int, int, double, double)"
5095249937,22583,5095272520,976,5095273496,1376,24935,130,130,7,cudaLaunchKernel,   1    1    1, 256    1    1,"<unnamed>::step_kernel_boundary_z_faces(const double *, const double *, double *, const double *, const double *, int, int, int, int, int, int, int, double, double)"
5095257349,5424,5095262773,2038,5095264811,1408,8870,123,123,5,cudaLaunchKernel,   1    2    2,  32    4    4,"<unnamed>::step_kernel_interior(const double *, const double *, double *, const double *, const double *, int, int, int, int, int, int, int, double, double)"
5095263344,10667,5095274011,784,5095274795,1344,12795,123,123,5,cudaLaunchKernel,   1    1    1, 256    1    1,"<unnamed>::step_kernel_boundary_x_faces(const double *, const double *, double *, const double *, const double *, int, int, int, int, int, int, int, double, double)"
5095274940,10981,5095285921,682,5095286603,1376,13039,123,123,5,cudaLaunchKernel,   1    1    1, 256    1    1,"<unnamed>::step_kernel_boundary_y_faces(const double *, const double *, double *, const double *, const double *, int, int, int, int, int, int, int, double, double)"
5095285149,11596,5095296745,175,5095296920,1376,13147,130,130,7,cudaLaunchKernel,   1    2    2,  32    4    4,"<unnamed>::step_kernel_interior(const double *, const double *, double *, const double *, const double *, int, int, int, int, int, int, int, double, double)"
5095286832,10868,5095297700,1127,5095298827,1376,13371,123,123,5,cudaLaunchKernel,   1    1    1, 256    1    1,"<unnamed>::step_kernel_boundary_z_faces(const double *, const double *, double *, const double *, const double *, int, int, int, int, int, int, int, double, double)"
5095297826,12720,5095310546,965,5095311511,1344,15029,130,130,7,cudaLaunchKernel,   1    1    1, 256    1    1,"<unnamed>::step_kernel_boundary_x_faces(const double *, const double *, double *, const double *, const double *, int, int, int, int, int, int, int, double, double)"
5095311384,15790,5095327174,625,5095327799,1344,17759,130,130,7,cudaLaunchKernel,   1    1    1, 256    1    1,"<unnamed>::step_kernel_boundary_y_faces(const double *, const double *, double *, const double *, const double *, int, int, int, int, int, int, int, double, double)"
5095328011,12454,5095340465,1222,5095341687,1376,15052,130,130,7,cudaLaunchKernel,   1    1    1, 256    1    1,"<unnamed>::step_kernel_boundary_z_faces(const double *, const double *, double *, const double *, const double *, int, int, int, int, int, int, int, double, double)"
5095626021,13228,5095639249,1014,5095640263,1472,15714,123,123,5,cudaLaunchKernel,  64    1    1, 256    1    1,"<unnamed>::pack_face_x(const double *, double *, int, int, int, int, int)"
5095636684,14085,5095650769,392,5095651161,1472,15949,124,124,6,cudaLaunchKernel,  64    1    1, 256    1    1,"<unnamed>::pack_face_x(const double *, double *, int, int, int, int, int)"
5095643403,8667,5095652070,1889,5095653959,1216,11772,123,123,5,cudaLaunchKernel,  64    1    1, 256    1    1,"<unnamed>::pack_face_y(const double *, double *, int, int, int, int, int)"
5095651891,9772,,,5095661497,1216,10822,124,124,6,cudaLaunchKernel,  64    1    1, 256    1    1,"<unnamed>::pack_face_y(const double *, double *, int, int, int, int, int)"
5095652190,13671,5095665861,762,5095666623,1408,15841,119,119,1,cudaLaunchKernel,  64    1    1, 256    1    1,"<unnamed>::pack_face_x(const double *, double *, int, int, int, int, int)"
5095652738,14919,,,5095665863,1344,14919,123,123,5,cudaLaunchKernel,  64    1    1, 256    1    1,"<unnamed>::pack_face_z(const double *, double *, int, int, int, int, int)"
5095660560,15380,5095675940,969,5095676909,1408,17757,118,118,0,cudaLaunchKernel,  64    1    1, 256    1    1,"<unnamed>::pack_face_x(const double *, double *, int, int, int, int, int)"
5095661980,16188,5095678168,683,5095678851,1440,18311,120,120,2,cudaLaunchKernel,  64    1    1, 256    1    1,"<unnamed>::pack_face_x(const double *, double *, int, int, int, int, int)"
5095662789,10306,5095673095,914,5095674009,1376,12596,124,124,6,cudaLaunchKernel,  64    1    1, 256    1    1,"<unnamed>::pack_face_z(const double *, double *, int, int, int, int, int)"
5095669160,11970,5095681130,1068,5095682198,1440,14478,122,122,4,cudaLaunchKernel,  64    1    1, 256    1    1,"<unnamed>::pack_face_x(const double *, double *, int, int, int, int, int)"
5095669978,7812,5095677790,2017,5095679807,1248,11077,119,119,1,cudaLaunchKernel,  64    1    1, 256    1    1,"<unnamed>::pack_face_y(const double *, double *, int, int, int, int, int)"
5095669993,10361,5095680354,1489,5095681843,1472,13322,130,130,7,cudaLaunchKernel,  64    1    1, 256    1    1,"<unnamed>::pack_face_x(const double *, double *, int, int, int, int, int)"
5095670020,8201,5095678221,1754,5095679975,27103,37058,123,123,5,cudaLaunchKernel,   4   32   32,  32    4    4,"<unnamed>::step_kernel_interior(const double *, const double *, double *, const double *, const double *, int, int, int, int, int, int, int, double, double)"
5095673816,12282,,,5095684001,1440,12282,121,121,3,cudaLaunchKernel,  64    1    1, 256    1    1,"<unnamed>::pack_face_x(const double *, double *, int, int, int, int, int)"
5095674451,6514,5095680965,2259,5095683224,26240,35013,124,124,6,cudaLaunchKernel,   4   32   32,  32    4    4,"<unnamed>::step_kernel_interior(const double *, const double *, double *, const double *, const double *, int, int, int, int, int, int, int, double, double)"
5095677538,12277,5095689815,1206,5095691021,1248,14731,118,118,0,cudaLaunchKernel,  64    1    1, 256    1    1,"<unnamed>::pack_face_y(const double *, double *, int, int, int, int, int)"
5095678706,9952,5095688658,1005,5095689663,1376,12333,119,119,1,cudaLaunchKernel,  64    1    1, 256    1    1,"<unnamed>::pack_face_z(const double *, double *, int, int, int, int, int)"
5095679468,10977,5095690445,918,5095691363,1216,13111,120,120,2,cudaLaunchKernel,  64    1    1, 256    1    1,"<unnamed>::pack_face_y(const double *, double *, int, int, int, int, int)"
5095681060,14303,,,5095694547,1216,14703,130,130,7,cudaLaunchKernel,  64    1    1, 256    1    1,"<unnamed>::pack_face_y(const double *, double *, int, int, int, int, int)"
5095682027,15061,,,5095695638,1280,15061,122,122,4,cudaLaunchKernel,  64    1    1, 256    1    1,"<unnamed>::pack_face_y(const double *, double *, int, int, int, int, int)"
5095687350,5862,5095693212,2181,5095695393,1248,9291,121,121,3,cudaLaunchKernel,  64    1    1, 256    1    1,"<unnamed>::pack_face_y(const double *, double *, int, int, int, int, int)"
5095689880,10630,5095700510,641,5095701151,27135,38406,119,119,1,cudaLaunchKernel,   4   32   32,  32    4    4,"<unnamed>::step_kernel_interior(const double *, const double *, double *, const double *, const double *, int, int, int, int, int, int, int, double, double)"
5095691024,13821,,,5095703565,1344,13885,118,118,0,cudaLaunchKernel,  64    1    1, 256    1    1,"<unnamed>::pack_face_z(const double *, double *, int, int, int, int, int)"
5095691671,15911,,,5095705762,1344,15911,120,120,2,cudaLaunchKernel,  64    1    1, 256    1    1,"<unnamed>::pack_face_z(const double *, double *, int, int, int, int, int)"
5095697374,10346,5095707720,473,5095708193,1376,12195,121,121,3,cudaLaunchKernel,  64    1    1, 256    1    1,"<unnamed>::pack_face_z(const double *, double *, int, int, int, int, int)"
5095697485,12515,5095710000,899,5095710899,1344,14758,130,130,7,cudaLaunchKernel,  64    1    1, 256    1    1,"<unnamed>::pack_face_z(const double *, double *, int, int, int, int, int)"
5095698618,12566,5095711184,870,5095712054,1408,14844,122,122,4,cudaLaunchKernel,  64    1    1, 256    1    1,"<unnamed>::pack_face_z(const double *, double *, int, int, int, int, int)"
5095706923,8477,5095715400,1700,5095717100,26336,36513,118,118,0,cudaLaunchKernel,   4   32   32,  32    4    4,"<unnamed>::step_kernel_interior(const double *, const double *, double *, const double *, const double *, int, int, int, int, int, int, int, double, double)"
5095708956,8107,5095717063,2011,5095719074,26720,36838,120,120,2,cudaLaunchKernel,   4   32   32,  32    4    4,"<unnamed>::step_kernel_interior(const double *, const double *, double *, const double *, const double *, int, int, int, int, int, int, int, double, double)"
5095709126,5735,5095714861,2196,5095717057,26208,34139,121,121,3,cudaLaunchKernel,   4   32   32,  32    4    4,"<unnamed>::step_kernel_interior(const double *, const double *, double *, const double *, const double *, int, int, int, int, int, int, int, double, double)"
5095711391,12392,5095723783,684,5095724467,26079,39155,130,130,7,cudaLaunchKernel,   4   32   32,  32    4    4,"<unnamed>::step_kernel_interior(const double *, const double *, double *, const double *, const double *, int, int, int, int, int, int, int, double, double)"
5095712407,12375,5095724782,712,5095725494,26464,39551,122,122,4,cudaLaunchKernel,   4   32   32,  32    4    4,"<unnamed>::step_kernel_interior(const double *, const double *, double *, const double *, const double *, int, int, int, int, int, int, int, double, double)"
5095837695,11023,5095848718,656,5095849374,1600,13279,119,119,1,cudaLaunchKernel,  64    1    1, 256    1    1,"<unnamed>::unpack_face_x(const double *, double *, int, int, int, int, int)"
5095838362,13020,5095851382,1039,5095852421,1600,15659,123,123,5,cudaLaunchKernel,  64    1    1, 256    1    1,"<unnamed>::unpack_face_x(const double *, double *, int, int, int, int, int)"
5095838848,11065,5095849913,1330,5095851243,1568,13963,118,118,0,cudaLaunchKernel,  64    1    1, 256    1    1,"<unnamed>::unpack_face_x(const double *, double *, int, int, int, int, int)"
5095840625,10108,5095850733,1354,5095852087,1472,12934,124,124,6,cudaLaunchKernel,  64    1    1, 256    1    1,"<unnamed>::unpack_face_x(const double *, double *, int, int, int, int, int)"
5095842205,14583,,,5095855061,1504,14583,122,122,4,cudaLaunchKernel,  64    1    1, 256    1    1,"<unnamed>::unpack_face_x(const double *, double *, int, int, int, int, int)"
5095847741,14874,5095862615,1065,5095863680,1504,17443,120,120,2,cudaLaunchKernel,  64    1    1, 256    1    1,"<unnamed>::unpack_face_x(const double *, double *, int, int, int, int, int)"
5095848668,10077,5095858745,1414,5095860159,1632,13123,121,121,3,cudaLaunchKernel,  64    1    1, 256    1    1,"<unnamed>::unpack_face_x(const double *, double *, int, int, int, int, int)"
5095849900,10903,5095860803,667,5095861470,1568,13138,119,119,1,cudaLaunchKernel,  64    1    1, 256    1    1,"<unnamed>::unpack_face_y(const double *, double *, int, int, int, int, int)"
5095851182,12396,5095863578,1041,5095864619,1696,15133,118,118,0,cudaLaunchKernel,  64    1    1, 256    1    1,"<unnamed>::unpack_face_y(const double *, double *, int, int, int, int, int)"
5095851732,10356,5095862088,1102,5095863190,1568,13026,124,124,6,cudaLaunchKernel,  64    1    1, 256    1    1,"<unnamed>::unpack_face_y(const double *, double *, int, int, int, int, int)"
5095855319,9547,5095864866,1711,5095866577,1600,12858,130,130,7,cudaLaunchKernel,  64    1    1, 256    1    1,"<unnamed>::unpack_face_x(const double *, double *, int, int, int, int, int)"
5095855538,9048,5095864586,1883,5095866469,1568,12499,123,123,5,cudaLaunchKernel,  64    1    1, 256    1    1,"<unnamed>::unpack_face_y(const double *, double *, int, int, int, int, int)"
5095857965,7144,5095865109,1984,5095867093,1568,10696,122,122,4,cudaLaunchKernel,  64    1    1, 256    1    1,"<unnamed>::unpack_face_y(const double *, double *, int, int, int, int, int)"
5095859866,5508,5095865374,2305,5095867679,1600,9413,121,121,3,cudaLaunchKernel,  64    1    1, 256    1    1,"<unnamed>::unpack_face_y(const double *, double *, int, int, int, int, int)"
5095861934,9230,,,5095869534,1696,9296,119,119,1,cudaLaunchKernel,  64    1    1, 256    1    1,"<unnamed>::unpack_face_z(const double *, double *, int, int, int, int, int)"
5095863037,7725,,,5095869462,1728,8153,124,124,6,cudaLaunchKernel,  64    1    1, 256    1    1,"<unnamed>::unpack_face_z(const double *, double *, int, int, int, int, int)"
5095863868,11893,5095875761,943,5095876704,1504,14340,120,120,2,cudaLaunchKernel,  64    1    1, 256    1    1,"<unnamed>::unpack_face_y(const double *, double *, int, int, int, int, int)"
5095864565,9818,5095874383,1116,5095875499,1792,12726,118,118,0,cudaLaunchKernel,  64    1    1, 256    1    1,"<unnamed>::unpack_face_z(const double *, double *, int, int, int, int, int)"
5095865213,10269,5095875482,875,5095876357,1760,12904,123,123,5,cudaLaunchKernel,  64    1    1, 256    1    1,"<unnamed>::unpack_face_z(const double *, double *, int, int, int, int, int)"
5095865610,11562,5095877172,993,5095878165,1696,14251,122,122,4,cudaLaunchKernel,  64    1    1, 256    1    1,"<unnamed>::unpack_face_z(const double *, double *, int, int, int, int, int)"
5095865775,12889,5095878664,841,5095879505,1632,15362,130,130,7,cudaLaunchKernel,  64    1    1, 256    1    1,"<unnamed>::unpack_face_y(const double *, double *, int, int, int, int, int)"
5095865867,9180,5095875047,696,5095875743,1664,11540,121,121,3,cudaLaunchKernel,  64    1    1, 256    1    1,"<unnamed>::unpack_face_z(const double *, double *, int, int, int, int, int)"
5095872196,5922,5095878118,2160,5095880278,2592,10674,124,124,6,cudaLaunchKernel, 128    1    1, 256    1    1,"<unnamed>::step_kernel_boundary_x_faces(const double *, const double *, double *, const double *, const double *, int, int, int, int, int, int, int, double, double)"
5095872451,6321,5095878772,2218,5095880990,2656,11195,119,119,1,cudaLaunchKernel, 128    1    1, 256    1    1,"<unnamed>::step_kernel_boundary_x_faces(const double *, const double *, double *, const double *, const double *, int, int, int, int, int, int, int, double, double)"
5095875692,6232,5095881924,2247,5095884171,2688,11167,118,118,0,cudaLaunchKernel, 128    1    1, 256    1    1,"<unnamed>::step_kernel_boundary_x_faces(const double *, const double *, double *, const double *, const double *, int, int, int, int, int, int, int, double, double)"
5095876275,4393,5095880668,2147,5095882815,2592,9132,121,121,3,cudaLaunchKernel, 128    1    1, 256    1    1,"<unnamed>::step_kernel_boundary_x_faces(const double *, const double *, double *, const double *, const double *, int, int, int, int, int, int, int, double, double)"
5095876655,5382,5095882037,2159,5095884196,2528,10069,123,123,5,cudaLaunchKernel, 128    1    1, 256    1    1,"<unnamed>::step_kernel_boundary_x_faces(const double *, const double *, double *, const double *, const double *, int, int, int, int, int, int, int, double, double)"
5095876816,7838,5095884654,1746,5095886400,1696,11280,120,120,2,cudaLaunchKernel,  64    1    1, 256    1    1,"<unnamed>::unpack_face_z(const double *, double *, int, int, int, int, int)"
5095878345,6498,5095884843,2250,5095887093,2592,11340,122,122,4,cudaLaunchKernel, 128    1    1, 256    1    1,"<unnamed>::step_kernel_boundary_x_faces(const double *, const double *, double *, const double *, const double *, int, int, int, int, int, int, int, double, double)"
5095878561,4642,5095883203,3955,5095887158,2592,11189,124,124,6,cudaLaunchKernel, 126    1    1, 256    1    1,"<unnamed>::step_kernel_boundary_y_faces(const double *, const double *, double *, const double *, const double *, int, int, int, int, int, int, int, double, double)"
5095879234,11262,,,5095889342,2624,12732,119,119,1,cudaLaunchKernel, 126    1    1, 256    1    1,"<unnamed>::step_kernel_boundary_y_faces(const double *, const double *, double *, const double *, const double *, int, int, int, int, int, int, int, double, double)"
5095879823,10848,,,5095888177,1760,10848,130,130,7,cudaLaunchKernel,  64    1    1, 256    1    1,"<unnamed>::unpack_face_z(const double *, double *, int, int, int, int, int)"
5095881256,8445,5095889701,186,5095889887,2816,11447,121,121,3,cudaLaunchKernel, 126    1    1, 256    1    1,"<unnamed>::step_kernel_boundary_y_faces(const double *, const double *, double *, const double *, const double *, int, int, int, int, int, int, int, double, double)"
5095882370,10359,5095892729,1426,5095894155,2688,14473,118,118,0,cudaLaunchKernel, 126    1    1, 256    1    1,"<unnamed>::step_kernel_boundary_y_faces(const double *, const double *, double *, const double *, const double *, int, int, int, int, int, int, int, double, double)"
5095882461,9652,5095892113,2323,5095894436,2560,14535,123,123,5,cudaLaunchKernel, 126    1    1, 256    1    1,"<unnamed>::step_kernel_boundary_y_faces(const double *, const double *, double *, const double *, const double *, int, int, int, int, int, int, int, double, double)"
5095883639,7860,5095891499,1131,5095892630,5472,14463,124,124,6,cudaLaunchKernel, 125    1    1, 256    1    1,"<unnamed>::step_kernel_boundary_z_faces(const double *, const double *, double *, const double *, const double *, int, int, int, int, int, int, int, double, double)"
5095885273,11217,5095896490,1387,5095897877,2720,15324,122,122,4,cudaLaunchKernel, 126    1    1, 256    1    1,"<unnamed>::step_kernel_boundary_y_faces(const double *, const double *, double *, const double *, const double *, int, int, int, int, int, int, int, double, double)"
5095885877,11122,5095896999,953,5095897952,2624,14699,120,120,2,cudaLaunchKernel, 128    1    1, 256    1    1,"<unnamed>::step_kernel_boundary_x_faces(const double *, const double *, double *, const double *, const double *, int, int, int, int, int, int, int, double, double)"
5095890761,5619,5095896380,2019,5095898399,5312,12950,121,121,3,cudaLaunchKernel, 125    1    1, 256    1    1,"<unnamed>::step_kernel_boundary_z_faces(const double *, const double *, double *, const double *, const double *, int, int, int, int, int, int, int, double, double)"
5095891479,6028,5095897507,2298,5095899805,5696,14022,119,119,1,cudaLaunchKernel, 125    1    1, 256    1    1,"<unnamed>::step_kernel_boundary_z_faces(const double *, const double *, double *, const double *, const double *, int, int, int, int, int, int, int, double, double)"
5095891831,11632,,,5095901200,2720,12089,130,130,7,cudaLaunchKernel, 128    1    1, 256    1    1,"<unnamed>::step_kernel_boundary_x_faces(const double *, const double *, double *, const double *, const double *, int, int, int, int, int, int, int, double, double)"
5095893030,11701,5095904731,905,5095905636,5568,18174,123,123,5,cudaLaunchKernel, 125    1    1, 256    1    1,"<unnamed>::step_kernel_boundary_z_faces(const double *, const double *, double *, const double *, const double *, int, int, int, int, int, int, int, double, double)"
5095893824,10924,5095904748,1151,5095905899,5536,17611,118,118,0,cudaLaunchKernel, 125    1    1, 256    1    1,"<unnamed>::step_kernel_boundary_z_faces(const double *, const double *, double *, const double *, const double *, int, int, int, int, int, int, int, double, double)"
5095897427,11112,5095908539,1018,5095909557,5696,17826,122,122,4,cudaLaunchKernel, 125    1    1, 256    1    1,"<unnamed>::step_kernel_boundary_z_faces(const double *, const double *, double *, const double *, const double *, int, int, int, int, int, int, int, double, double)"
5095897940,11112,5095909052,1284,5095910336,2688,15084,120,120,2,cudaLaunchKernel, 126    1    1, 256    1    1,"<unnamed>::step_kernel_boundary_y_faces(const double *, const double *, double *, const double *, const double *, int, int, int, int, int, int, int, double, double)"
5095898030,10231,5095908261,1073,5095909334,1600,12904,124,124,6,cudaLaunchKernel,  64    1    1, 256    1    1,"<unnamed>::pack_face_x(const double *, double *, int, int, int, int, int)"
5095904578,8471,5095913049,2519,5095915568,2656,13646,130,130,7,cudaLaunchKernel, 126    1    1, 256    1    1,"<unnamed>::step_kernel_boundary_y_faces(const double *, const double *, double *, const double *, const double *, int, int, int, int, int, int, int, double, double)"
5095907067,6403,5095913470,1921,5095915391,1856,10180,121,121,3,cudaLaunchKernel,  64    1    1, 256    1    1,"<unnamed>::pack_face_x(const double *, double *, int, int, int, int, int)"
5095909186,4472,5095913658,3388,5095917046,1664,9524,124,124,6,cudaLaunchKernel,  64    1    1, 256    1    1,"<unnamed>::pack_face_y(const double *, double *, int, int, int, int, int)"
5095909248,6537,5095915785,1940,5095917725,1568,10045,119,119,1,cudaLaunchKernel,  64    1    1, 256    1    1,"<unnamed>::pack_face_x(const double *, double *, int, int, int, int, int)"
5095909957,6089,5095916046,2386,5095918432,5344,13819,120,120,2,cudaLaunchKernel, 125    1    1, 256    1    1,"<unnamed>::step_kernel_boundary_z_faces(const double *, const double *, double *, const double *, const double *, int, int, int, int, int, int, int, double, double)"
5095911958,6384,5095918342,2373,5095920715,1600,10357,118,118,0,cudaLaunchKernel,  64    1    1, 256    1    1,"<unnamed>::pack_face_x(const double *, double *, int, int, int, int, int)"
5095913027,6516,5095919543,2317,5095921860,1536,10369,123,123,5,cudaLaunchKernel,  64    1    1, 256    1    1,"<unnamed>::pack_face_x(const double *, double *, int, int, int, int, int)"
5095913438,6182,5095919620,3468,5095923088,5344,14994,130,130,7,cudaLaunchKernel, 125    1    1, 256    1    1,"<unnamed>::step_kernel_boundary_z_faces(const double *, const double *, double *, const double *, const double *, int, int, int, int, int, int, int, double, double)"
5095913945,3507,5095917452,3475,5095920927,1632,8614,121,121,3,cudaLaunchKernel,  64    1    1, 256    1    1,"<unnamed>::pack_face_y(const double *, double *, int, int, int, int, int)"
5095914171,4022,5095918193,1893,5095920086,2176,8091,124,124,6,cudaLaunchKernel,  64    1    1, 256    1    1,"<unnamed>::pack_face_z(const double *, double *, int, int, int, int, int)"
5095916211,4157,5095920368,3373,5095923741,1664,9194,119,119,1,cudaLaunchKernel,  64    1    1, 256    1    1,"<unnamed>::pack_face_y(const double *, double *, int, int, int, int, int)"
5095917603,6658,5095924261,2320,5095926581,1632,10610,122,122,4,cudaLaunchKernel,  64    1    1, 256    1    1,"<unnamed>::pack_face_x(const double *, double *, int, int, int, int, int)"
5095917899,2950,5095920849,2574,5095923423,2144,7668,121,121,3,cudaLaunchKernel,  64    1    1, 256    1    1,"<unnamed>::pack_face_z(const double *, double *, int, int, int, int, int)"
5095918764,4233,5095922997,3606,5095926603,1568,9407,118,118,0,cudaLaunchKernel,  64    1    1, 256    1    1,"<unnamed>::pack_face_y(const double *, double *, int, int, int, int, int)"
5095919101,4761,5095923862,2592,5095926454,27103,34456,124,124,6,cudaLaunchKernel,   4   32   32,  32    4    4,"<unnamed>::step_kernel_interior(const double *, const double *, double *, const double *, const double *, int, int, int, int, int, int, int, double, double)"
5095919961,4139,5095924100,3296,5095927396,1792,9227,123,123,5,cudaLaunchKernel,  64    1    1, 256    1    1,"<unnamed>::pack_face_y(const double *, double *, int, int, int, int, int)"
5095920769,3783,5095924552,2613,5095927165,2496,8892,119,119,1,cudaLaunchKernel,  64    1    1, 256    1    1,"<unnamed>::pack_face_z(const double *, double *, int, int, int, int, int)"
5095921457,3538,5095924995,2588,5095927583,27008,33134,121,121,3,cudaLaunchKernel,   4   32   32,  32    4    4,"<unnamed>::step_kernel_interior(const double *, const double *, double *, const double *, const double *, int, int, int, int, int, int, int, double, double)"
5095922230,5501,5095927731,2349,5095930080,1600,9450,120,120,2,cudaLaunchKernel,  64    1    1, 256    1    1,"<unnamed>::pack_face_x(const double *, double *, int, int, int, int, int)"
5095923373,9594,5095932967,1252,5095934219,2336,13182,118,118,0,cudaLaunchKernel,  64    1    1, 256    1    1,"<unnamed>::pack_face_z(const double *, double *, int, int, int, int, int)"
5095924507,10831,5095935338,986,5095936324,2112,13929,123,123,5,cudaLaunchKernel,  64    1    1, 256    1    1,"<unnamed>::pack_face_z(const double *, double *, int, int, int, int, int)"
5095924652,10550,5095935202,1811,5095937013,1536,13897,122,122,4,cudaLaunchKernel,  64    1    1, 256    1    1,"<unnamed>::pack_face_y(const double *, double *, int, int, int, int, int)"
5095925175,9608,5095934783,1182,5095935965,26848,37638,119,119,1,cudaLaunchKernel,   4   32   32,  32    4    4,"<unnamed>::step_kernel_interior(const double *, const double *, double *, const double *, const double *, int, int, int, int, int, int, int, double, double)"
5095925861,11137,5095936998,778,5095937776,1568,13483,130,130,7,cudaLaunchKernel,  64    1    1, 256    1    1,"<unnamed>::pack_face_x(const double *, double *, int, int, int, int, int)"
5095931862,7959,5095939821,2002,5095941823,1600,11561,120,120,2,cudaLaunchKernel,  64    1    1, 256    1    1,"<unnamed>::pack_face_y(const double *, double *, int, int, int, int, int)"
5095934097,11346,5095945443,1288,5095946731,26815,39449,118,118,0,cudaLaunchKernel,   4   32   32,  32    4    4,"<unnamed>::step_kernel_interior(const double *, const double *, double *, const double *, const double *, int, int, int, int, int, int, int, double, double)"
5095936132,11474,5095947606,1055,5095948661,2400,14929,122,122,4,cudaLaunchKernel,  64    1    1, 256    1    1,"<unnamed>::pack_face_z(const double *, double *, int, int, int, int, int)"
5095936432,10194,5095946626,1250,5095947876,26943,38387,123,123,5,cudaLaunchKernel,   4   32   32,  32    4    4,"<unnamed>::step_kernel_interior(const double *, const double *, double *, const double *, const double *, int, int, int, int, int, int, int, double, double)"
5095937913,11529,5095949442,1070,5095950512,1600,14199,130,130,7,cudaLaunchKernel,  64    1    1, 256    1    1,"<unnamed>::pack_face_y(const double *, double *, int, int, int, int, int)"
5095944016,8115,5095952131,2076,5095954207,2304,12495,120,120,2,cudaLaunchKernel,  64    1    1, 256    1    1,"<unnamed>::pack_face_z(const double *, double *, int, int, int, int, int)"
5095948691,7611,5095956302,2631,5095958933,26975,37217,122,122,4,cudaLaunchKernel,   4   32   32,  32    4    4,"<unnamed>::step_kernel_interior(const double *, const double *, double *, const double *, const double *, int, int, int, int, int, int, int, double, double)"
5095950346,6357,5095956703,2417,5095959120,2208,10982,130,130,7,cudaLaunchKernel,  64    1    1, 256    1    1,"<unnamed>::pack_face_z(const double *, double *, int, int, int, int, int)"
5095952908,12520,5095965428,1131,5095966559,27264,40915,120,120,2,cudaLaunchKernel,   4   32   32,  32    4    4,"<unnamed>::step_kernel_interior(const double *, const double *, double *, const double *, const double *, int, int, int, int, int, int, int, double, double)"
5095957381,11420,5095968801,1391,5095970192,27103,39914,130,130,7,cudaLaunchKernel,   4   32   32,  32    4    4,"<unnamed>::step_kernel_interior(const double *, const double *, double *, const double *, const double *, int, int, int, int, int, int, int, double, double)"
5096001884,9637,5096011521,1628,5096013149,1408,12673,119,119,1,cudaLaunchKernel,  64    1    1, 256    1    1,"<unnamed>::unpack_face_x(const double *, double *, int, int, int, int, int)"
5096012478,8537,5096021015,998,5096022013,1440,10975,119,119,1,cudaLaunchKernel,  64    1    1, 256    1    1,"<unnamed>::unpack_face_y(const double *, double *, int, int, int, int, int)"
5096021959,4917,5096026876,2593,5096029469,1632,9142,119,119,1,cudaLaunchKernel,  64    1    1, 256    1    1,"<unnamed>::unpack_face_z(const double *, double *, int, int, int, int, int)"
5096024201,9032,5096033233,2435,5096035668,1504,12971,122,122,4,cudaLaunchKernel,  64    1    1, 256    1    1,"<unnamed>::unpack_face_x(const double *, double *, int, int, int, int, int)"
5096027522,4355,5096031877,3704,5096035581,2368,10427,119,119,1,cudaLaunchKernel, 128    1    1, 256    1    1,"<unnamed>::step_kernel_boundary_x_faces(const double *, const double *, double *, const double *, const double *, int, int, int, int, int, int, int, double, double)"
5096029936,11774,5096041710,1308,5096043018,1600,14682,118,118,0,cudaLaunchKernel,  64    1    1, 256    1    1,"<unnamed>::unpack_face_x(const double *, double *, int, int, int, int, int)"
5096030418,12404,5096042822,1496,5096044318,1568,15468,120,120,2,cudaLaunchKernel,  64    1    1, 256    1    1,"<unnamed>::unpack_face_x(const double *, double *, int, int, int, int, int)"
5096031761,10430,5096042191,1455,5096043646,1568,13453,121,121,3,cudaLaunchKernel,  64    1    1, 256    1    1,"<unnamed>::unpack_face_x(const double *, double *, int, int, int, int, int)"
5096032248,3490,5096035738,3491,5096039229,2592,9573,119,119,1,cudaLaunchKernel, 126    1    1, 256    1    1,"<unnamed>::step_kernel_boundary_y_faces(const double *, const double *, double *, const double *, const double *, int, int, int, int, int, int, int, double, double)"
5096033305,10514,5096043819,1321,5096045140,1504,13339,124,124,6,cudaLaunchKernel,  64    1    1, 256    1    1,"<unnamed>::unpack_face_x(const double *, double *, int, int, int, int, int)"
5096033653,9967,5096043620,2000,5096045620,1472,13439,122,122,4,cudaLaunchKernel,  64    1    1, 256    1    1,"<unnamed>::unpack_face_y(const double *, double *, int, int, int, int, int)"
5096036106,10335,5096046441,1620,5096048061,5248,17203,119,119,1,cudaLaunchKernel, 125    1    1, 256    1    1,"<unnamed>::step_kernel_boundary_z_faces(const double *, const double *, double *, const double *, const double *, int, int, int, int, int, int, int, double, double)"
5096039547,8622,5096048169,2394,5096050563,1632,12648,123,123,5,cudaLaunchKernel,  64    1    1, 256    1    1,"<unnamed>::unpack_face_x(const double *, double *, int, int, int, int, int)"
5096041881,8478,5096050359,2232,5096052591,1408,12118,130,130,7,cudaLaunchKernel,  64    1    1, 256    1    1,"<unnamed>::unpack_face_x(const double *, double *, int, int, int, int, int)"
5096042930,6313,5096049243,2415,5096051658,1568,10296,118,118,0,cudaLaunchKernel,  64    1    1, 256    1    1,"<unnamed>::unpack_face_y(const double *, double *, int, int, int, int, int)"
5096043213,4844,5096048057,2373,5096050430,1568,8785,121,121,3,cudaLaunchKernel,  64    1    1, 256    1    1,"<unnamed>::unpack_face_y(const double *, double *, int, int, int, int, int)"
5096043846,6301,5096050147,2555,5096052702,1536,10392,120,120,2,cudaLaunchKernel,  64    1    1, 256    1    1,"<unnamed>::unpack_face_y(const double *, double *, int, int, int, int, int)"
5096044607,6802,5096051409,2467,5096053876,1600,10869,122,122,4,cudaLaunchKernel,  64    1    1, 256    1    1,"<unnamed>::unpack_face_z(const double *, double *, int, int, int, int, int)"
5096044822,4877,5096049699,2545,5096052244,1536,8958,124,124,6,cudaLaunchKernel,  64    1    1, 256    1    1,"<unnamed>::unpack_face_y(const double *, double *, int, int, int, int, int)"
5096048478,3639,5096052117,3689,5096055806,1600,8928,121,121,3,cudaLaunchKernel,  64    1    1, 256    1    1,"<unnamed>::unpack_face_z(const double *, double *, int, int, int, int, int)"
5096048630,4793,5096053423,3444,5096056867,1535,9772,123,123,5,cudaLaunchKernel,  64    1    1, 256    1    1,"<unnamed>::unpack_face_y(const double *, double *, int, int, int, int, int)"
5096050079,3659,5096053738,4010,5096057748,1600,9269,124,124,6,cudaLaunchKernel,  64    1    1, 256    1    1,"<unnamed>::unpack_face_z(const double *, double *, int, int, int, int, int)"
5096050147,6571,5096056718,3612,5096060330,1568,11751,118,118,0,cudaLaunchKernel,  64    1    1, 256    1    1,"<unnamed>::unpack_face_z(const double *, double *, int, int, int, int, int)"
5096050572,4398,5096054970,3652,5096058622,1664,9714,120,120,2,cudaLaunchKernel,  64    1    1, 256    1    1,"<unnamed>::unpack_face_z(const double *, double *, int, int, int, int, int)"
5096050783,4449,5096055232,3599,5096058831,1536,9584,130,130,7,cudaLaunchKernel,  64    1    1, 256    1    1,"<unnamed>::unpack_face_y(const double *, double *, int, int, int, int, int)"
5096052015,6455,5096058470,2478,5096060948,2560,11493,122,122,4,cudaLaunchKernel, 128    1    1, 256    1    1,"<unnamed>::step_kernel_boundary_x_faces(const double *, const double *, double *, const double *, const double *, int, int, int, int, int, int, int, double, double)"
5096052321,4127,5096056448,2397,5096058845,1568,8092,119,119,1,cudaLaunchKernel,  64    1    1, 256    1    1,"<unnamed>::pack_face_x(const double *, double *, int, int, int, int, int)"
5096052811,3817,5096056628,2890,5096059518,2527,9234,121,121,3,cudaLaunchKernel, 128    1    1, 256    1    1,"<unnamed>::step_kernel_boundary_x_faces(const double *, const double *, double *, const double *, const double *, int, int, int, int, int, int, int, double, double)"
5096053795,6100,5096059895,2763,5096062658,1568,10431,123,123,5,cudaLaunchKernel,  64    1    1, 256    1    1,"<unnamed>::unpack_face_z(const double *, double *, int, int, int, int, int)"
5096054514,4107,5096058621,2775,5096061396,2624,9506,124,124,6,cudaLaunchKernel, 128    1    1, 256    1    1,"<unnamed>::step_kernel_boundary_x_faces(const double *, const double *, double *, const double *, const double *, int, int, int, int, int, int, int, double, double)"
5096055589,6359,5096061948,2675,5096064623,1568,10602,130,130,7,cudaLaunchKernel,  64    1    1, 256    1    1,"<unnamed>::unpack_face_z(const double *, double *, int, int, int, int, int)"
5096055621,6235,5096061856,2814,5096064670,2528,11577,120,120,2,cudaLaunchKernel, 128    1    1, 256    1    1,"<unnamed>::step_kernel_boundary_x_faces(const double *, const double *, double *, const double *, const double *, int, int, int, int, int, int, int, double, double)"
5096056874,4076,5096060950,3783,5096064733,1631,9490,119,119,1,cudaLaunchKernel,  64    1    1, 256    1    1,"<unnamed>::pack_face_y(const double *, double *, int, int, int, int, int)"
5096056986,3601,5096060587,2578,5096063165,2592,8771,121,121,3,cudaLaunchKernel, 126    1    1, 256    1    1,"<unnamed>::step_kernel_boundary_y_faces(const double *, const double *, double *, const double *, const double *, int, int, int, int, int, int, int, double, double)"
5096057437,4698,5096062135,2803,5096064938,2624,10125,118,118,0,cudaLaunchKernel, 128    1    1, 256    1    1,"<unnamed>::step_kernel_boundary_x_faces(const double *, const double *, double *, const double *, const double *, int, int, int, int, int, int, int, double, double)"
5096058834,4864,5096063698,2562,5096066260,2624,10050,122,122,4,cudaLaunchKernel, 126    1    1, 256    1    1,"<unnamed>::step_kernel_boundary_y_faces(const double *, const double *, double *, const double *, const double *, int, int, int, int, int, int, int, double, double)"
5096059052,3547,5096062599,2829,5096065428,2752,9128,124,124,6,cudaLaunchKernel, 126    1    1, 256    1    1,"<unnamed>::step_kernel_boundary_y_faces(const double *, const double *, double *, const double *, const double *, int, int, int, int, int, int, int, double, double)"
5096060568,4119,5096064687,2579,5096067266,2560,9258,123,123,5,cudaLaunchKernel, 128    1    1, 256    1    1,"<unnamed>::step_kernel_boundary_x_faces(const double *, const double *, double *, const double *, const double *, int, int, int, int, int, int, int, double, double)"
5096060948,3611,5096064559,3662,5096068221,5344,12617,121,121,3,cudaLaunchKernel, 125    1    1, 256    1    1,"<unnamed>::step_kernel_boundary_z_faces(const double *, const double *, double *, const double *, const double *, int, int, int, int, int, int, int, double, double)"
5096061554,5137,5096066691,2489,5096069180,2176,9802,119,119,1,cudaLaunchKernel,  64    1    1, 256    1    1,"<unnamed>::pack_face_z(const double *, double *, int, int, int, int, int)"
5096062243,4636,5096066879,2655,5096069534,2688,9979,120,120,2,cudaLaunchKernel, 126    1    1, 256    1    1,"<unnamed>::step_kernel_boundary_y_faces(const double *, const double *, double *, const double *, const double *, int, int, int, int, int, int, int, double, double)"
5096062522,4759,5096067281,2617,5096069898,2560,9936,118,118,0,cudaLaunchKernel, 126    1    1, 256    1    1,"<unnamed>::step_kernel_boundary_y_faces(const double *, const double *, double *, const double *, const double *, int, int, int, int, int, int, int, double, double)"
5096062672,5182,5096067854,2656,5096070510,2624,10462,130,130,7,cudaLaunchKernel, 128    1    1, 256    1    1,"<unnamed>::step_kernel_boundary_x_faces(const double *, const double *, double *, const double *, const double *, int, int, int, int, int, int, int, double, double)"
5096063073,4788,5096067861,3391,5096071252,5504,13683,124,124,6,cudaLaunchKernel, 125    1    1, 256    1    1,"<unnamed>::step_kernel_boundary_z_faces(const double *, const double *, double *, const double *, const double *, int, int, int, int, int, int, int, double, double)"
5096064052,4834,5096068886,3646,5096072532,5344,13824,122,122,4,cudaLaunchKernel, 125    1    1, 256    1    1,"<unnamed>::step_kernel_boundary_z_faces(const double *, const double *, double *, const double *, const double *, int, int, int, int, int, int, int, double, double)"
5096065039,5310,5096070349,2517,5096072866,2624,10451,123,123,5,cudaLaunchKernel, 126    1    1, 256    1    1,"<unnamed>::step_kernel_boundary_y_faces(const double *, const double *, double *, const double *, const double *, int, int, int, int, int, int, int, double, double)"
5096067227,3998,5096071225,2723,5096073948,26880,33601,119,119,1,cudaLaunchKernel,   4   32   32,  32    4    4,"<unnamed>::step_kernel_interior(const double *, const double *, double *, const double *, const double *, int, int, int, int, int, int, int, double, double)"
5096067246,4586,5096071832,3622,5096075454,5536,13744,120,120,2,cudaLaunchKernel, 125    1    1, 256    1    1,"<unnamed>::step_kernel_boundary_z_faces(const double *, const double *, double *, const double *, const double *, int, int, int, int, int, int, int, double, double)"
5096067642,10747,5096078389,2005,5096080394,5472,18224,118,118,0,cudaLaunchKernel, 125    1    1, 256    1    1,"<unnamed>::step_kernel_boundary_z_faces(const double *, const double *, double *, const double *, const double *, int, int, int, int, int, int, int, double, double)"
5096068205,10582,5096078787,1195,5096079982,2624,14401,130,130,7,cudaLaunchKernel, 126    1    1, 256    1    1,"<unnamed>::step_kernel_boundary_y_faces(const double *, const double *, double *, const double *, const double *, int, int, int, int, int, int, int, double, double)"
5096070442,8231,5096078673,1196,5096079869,1600,11027,121,121,3,cudaLaunchKernel,  64    1    1, 256    1    1,"<unnamed>::pack_face_x(const double *, double *, int, int, int, int, int)"
5096070687,10534,5096081221,1149,5096082370,5344,17027,123,123,5,cudaLaunchKernel, 125    1    1, 256    1    1,"<unnamed>::step_kernel_boundary_z_faces(const double *, const double *, double *, const double *, const double *, int, int, int, int, int, int, int, double, double)"
5096079414,10266,5096089680,1124,5096090804,1536,12926,124,124,6,cudaLaunchKernel,  64    1    1, 256    1    1,"<unnamed>::pack_face_x(const double *, double *, int, int, int, int, int)"
5096079638,9545,5096089183,1534,5096090717,1568,12647,121,121,3,cudaLaunchKernel,  64    1    1, 256    1    1,"<unnamed>::pack_face_y(const double *, double *, int, int, int, int, int)"
5096079638,12030,5096091668,1338,5096093006,5408,18776,130,130,7,cudaLaunchKernel, 125    1    1, 256    1    1,"<unnamed>::step_kernel_boundary_z_faces(const double *, const double *, double *, const double *, const double *, int, int, int, int, int, int, int, double, double)"
5096079948,12221,5096092169,971,5096093140,1536,14728,122,122,4,cudaLaunchKernel,  64    1    1, 256    1    1,"<unnamed>::pack_face_x(const double *, double *, int, int, int, int, int)"
5096083136,11344,5096094480,1518,5096095998,1600,14462,120,120,2,cudaLaunchKernel,  64    1    1, 256    1    1,"<unnamed>::pack_face_x(const double *, double *, int, int, int, int, int)"
5096088757,6816,5096095573,2068,5096097641,1472,10356,118,118,0,cudaLaunchKernel,  64    1    1, 256    1    1,"<unnamed>::pack_face_x(const double *, double *, int, int, int, int, int)"
5096090145,4653,5096094798,2383,5096097181,2240,9276,121,121,3,cudaLaunchKernel,  64    1    1, 256    1    1,"<unnamed>::pack_face_z(const double *, double *, int, int, int, int, int)"
5096090612,4830,5096095442,2658,5096098100,1664,9152,124,124,6,cudaLaunchKernel,  64    1    1, 256    1    1,"<unnamed>::pack_face_y(const double *, double *, int, int, int, int, int)"
5096091432,6490,5096097922,2016,5096099938,1600,10106,123,123,5,cudaLaunchKernel,  64    1    1, 256    1    1,"<unnamed>::pack_face_x(const double *, double *, int, int, int, int, int)"
5096093078,6208,5096099286,2526,5096101812,1600,10334,122,122,4,cudaLaunchKernel,  64    1    1, 256    1    1,"<unnamed>::pack_face_y(const double *, double *, int, int, int, int, int)"
5096095290,5493,5096100783,2702,5096103485,1632,9827,120,120,2,cudaLaunchKernel,  64    1    1, 256    1    1,"<unnamed>::pack_face_y(const double *, double *, int, int, int, int, int)"
5096095467,5339,5096100806,2647,5096103453,27808,35794,121,121,3,cudaLaunchKernel,   4   32   32,  32    4    4,"<unnamed>::step_kernel_interior(const double *, const double *, double *, const double *, const double *, int, int, int, int, int, int, int, double, double)"
5096095850,3435,5096099285,2591,5096101876,2208,8234,124,124,6,cudaLaunchKernel,  64    1    1, 256    1    1,"<unnamed>::pack_face_z(const double *, double *, int, int, int, int, int)"
5096095981,5440,5096101421,2844,5096104265,1472,9756,118,118,0,cudaLaunchKernel,  64    1    1, 256    1    1,"<unnamed>::pack_face_y(const double *, double *, int, int, int, int, int)"
5096097790,6153,5096103943,2407,5096106350,1600,10160,130,130,7,cudaLaunchKernel,  64    1    1, 256    1    1,"<unnamed>::pack_face_x(const double *, double *, int, int, int, int, int)"
5096098332,12816,5096111148,1174,5096112322,1568,15558,123,123,5,cudaLaunchKernel,  64    1    1, 256    1    1,"<unnamed>::pack_face_y(const double *, double *, int, int, int, int, int)"
5096099675,5029,5096104704,2452,5096107156,2304,9785,122,122,4,cudaLaunchKernel,  64    1    1, 256    1    1,"<unnamed>::pack_face_z(const double *, double *, int, int, int, int, int)"
5096099987,4396,5096104383,2741,5096107124,27103,34240,124,124,6,cudaLaunchKernel,   4   32   32,  32    4    4,"<unnamed>::step_kernel_interior(const double *, const double *, double *, const double *, const double *, int, int, int, int, int, int, int, double, double)"
5096101186,10587,5096111773,1216,5096112989,2240,14043,120,120,2,cudaLaunchKernel,  64    1    1, 256    1    1,"<unnamed>::pack_face_z(const double *, double *, int, int, int, int, int)"
5096101809,8047,5096109856,1257,5096111113,2272,11576,118,118,0,cudaLaunchKernel,  64    1    1, 256    1    1,"<unnamed>::pack_face_z(const double *, double *, int, int, int, int, int)"
5096104337,12165,5096116502,1752,5096118254,1536,15453,130,130,7,cudaLaunchKernel,  64    1    1, 256    1    1,"<unnamed>::pack_face_y(const double *, double *, int, int, int, int, int)"
5096108975,8186,5096117161,2186,5096119347,27520,37892,122,122,4,cudaLaunchKernel,   4   32   32,  32    4    4,"<unnamed>::step_kernel_interior(const double *, const double *, double *, const double *, const double *, int, int, int, int, int, int, int, double, double)"
5096110994,6444,5096117438,2635,5096120073,27136,36215,118,118,0,cudaLaunchKernel,   4   32   32,  32    4    4,"<unnamed>::step_kernel_interior(const double *, const double *, double *, const double *, const double *, int, int, int, int, int, int, int, double, double)"
5096112079,6255,5096118334,2532,5096120866,2112,10899,123,123,5,cudaLaunchKernel,  64    1    1, 256    1    1,"<unnamed>::pack_face_z(const double *, double *, int, int, int, int, int)"
5096112902,5909,5096118811,2754,5096121565,28320,36983,120,120,2,cudaLaunchKernel,   4   32   32,  32    4    4,"<unnamed>::step_kernel_interior(const double *, const double *, double *, const double *, const double *, int, int, int, int, int, int, int, double, double)"
5096117195,4687,5096121882,3476,5096125358,2272,10435,130,130,7,cudaLaunchKernel,  64    1    1, 256    1    1,"<unnamed>::pack_face_z(const double *, double *, int, int, int, int, int)"
5096118955,4405,5096123360,2562,5096125922,27135,34102,123,123,5,cudaLaunchKernel,   4   32   32,  32    4    4,"<unnamed>::step_kernel_interior(const double *, const double *, double *, const double *, const double *, int, int, int, int, int, int, int, double, double)"
5096122539,9787,,,5096130350,27935,35746,130,130,7,cudaLaunchKernel,   4   32   32,  32    4    4,"<unnamed>::step_kernel_interior(const double *, const double *, double *, const double *, const double *, int, int, int, int, int, int, int, double, double)"
5096179273,6965,5096186238,2238,5096188476,1568,10771,121,121,3,cudaLaunchKernel,  64    1    1, 256    1    1,"<unnamed>::unpack_face_x(const double *, double *, int, int, int, int, int)"
5096180367,11685,5096192052,1525,5096193577,1728,14938,118,118,0,cudaLaunchKernel,  64    1    1, 256    1    1,"<unnamed>::unpack_face_x(const double *, double *, int, int, int, int, int)"
5096183681,11731,5096195412,1416,5096196828,1568,14715,120,120,2,cudaLaunchKernel,  64    1    1, 256    1    1,"<unnamed>::unpack_face_x(const double *, double *, int, int, int, int, int)"
5096190185,6956,5096197141,2375,5096199516,1536,10867,121,121,3,cudaLaunchKernel,  64    1    1, 256    1    1,"<unnamed>::unpack_face_y(const double *, double *, int, int, int, int, int)"
5096192802,6306,5096199108,2360,5096201468,1568,10234,119,119,1,cudaLaunchKernel,  64    1    1, 256    1    1,"<unnamed>::unpack_face_x(const double *, double *, int, int, int, int, int)"
5096193017,11958,5096204975,1370,5096206345,1600,14928,118,118,0,cudaLaunchKernel,  64    1    1, 256    1    1,"<unnamed>::unpack_face_y(const double *, double *, int, int, int, int, int)"
5096196414,11129,5096207543,1221,5096208764,1568,13918,120,120,2,cudaLaunchKernel,  64    1    1, 256    1    1,"<unnamed>::unpack_face_y(const double *, double *, int, int, int, int, int)"
5096197088,11934,5096209022,1237,5096210259,1568,14739,122,122,4,cudaLaunchKernel,  64    1    1, 256    1    1,"<unnamed>::unpack_face_x(const double *, double *, int, int, int, int, int)"
5096197606,8112,5096205718,2406,5096208124,1664,12182,121,121,3,cudaLaunchKernel,  64    1    1, 256    1    1,"<unnamed>::unpack_face_z(const double *, double *, int, int, int, int, int)"
5096199543,9747,5096209290,1618,5096210908,1504,12869,119,119,1,cudaLaunchKernel,  64    1    1, 256    1    1,"<unnamed>::unpack_face_y(const double *, double *, int, int, int, int, int)"
5096203562,6474,5096210036,2399,5096212435,1504,10377,124,124,6,cudaLaunchKernel,  64    1    1, 256    1    1,"<unnamed>::unpack_face_x(const double *, double *, int, int, int, int, int)"
5096205944,5445,5096211389,2700,5096214089,1696,9841,118,118,0,cudaLaunchKernel,  64    1    1, 256    1    1,"<unnamed>::unpack_face_z(const double *, double *, int, int, int, int, int)"
5096206825,5532,5096212357,2327,5096214684,2400,10259,121,121,3,cudaLaunchKernel, 128    1    1, 256    1    1,"<unnamed>::step_kernel_boundary_x_faces(const double *, const double *, double *, const double *, const double *, int, int, int, int, int, int, int, double, double)"
5096208479,11027,,,5096218044,1824,11389,120,120,2,cudaLaunchKernel,  64    1    1, 256    1    1,"<unnamed>::unpack_face_z(const double *, double *, int, int, int, int, int)"
5096209982,11937,5096221919,1300,5096223219,1504,14741,122,122,4,cudaLaunchKernel,  64    1    1, 256    1    1,"<unnamed>::unpack_face_y(const double *, double *, int, int, int, int, int)"
5096210197,3497,5096213694,3614,5096217308,1600,8711,119,119,1,cudaLaunchKernel,  64    1    1, 256    1    1,"<unnamed>::unpack_face_z(const double *, double *, int, int, int, int, int)"
5096210493,3902,5096214395,3703,5096218098,1600,9205,124,124,6,cudaLaunchKernel,  64    1    1, 256    1    1,"<unnamed>::unpack_face_y(const double *, double *, int, int, int, int, int)"
5096210528,12768,5096223296,1345,5096224641,1536,15649,123,123,5,cudaLaunchKernel,  64    1    1, 256    1    1,"<unnamed>::unpack_face_x(const double *, double *, int, int, int, int, int)"
5096211085,12356,5096223441,1436,5096224877,1632,15424,130,130,7,cudaLaunchKernel,  64    1    1, 256    1    1,"<unnamed>::unpack_face_x(const double *, double *, int, int, int, int, int)"
5096212064,10655,5096222719,1353,5096224072,2464,14472,118,118,0,cudaLaunchKernel, 128    1    1, 256    1    1,"<unnamed>::step_kernel_boundary_x_faces(const double *, const double *, double *, const double *, const double *, int, int, int, int, int, int, int, double, double)"
5096212759,8647,5096221406,2142,5096223548,2784,13573,121,121,3,cudaLaunchKernel, 126    1    1, 256    1    1,"<unnamed>::step_kernel_boundary_y_faces(const double *, const double *, double *, const double *, const double *, int, int, int, int, int, int, int, double, double)"
5096214351,13572,,,5096227452,2528,15629,119,119,1,cudaLaunchKernel, 128    1    1, 256    1    1,"<unnamed>::step_kernel_boundary_x_faces(const double *, const double *, double *, const double *, const double *, int, int, int, int, int, int, int, double, double)"
5096218024,6546,5096224570,2328,5096226898,1632,10506,124,124,6,cudaLaunchKernel,  64    1    1, 256    1    1,"<unnamed>::unpack_face_z(const double *, double *, int, int, int, int, int)"
5096220559,11512,5096232071,1269,5096233340,2944,15725,120,120,2,cudaLaunchKernel, 128    1    1, 256    1    1,"<unnamed>::step_kernel_boundary_x_faces(const double *, const double *, double *, const double *, const double *, int, int, int, int, int, int, int, double, double)"
5096222264,9823,5096232087,1285,5096233372,5728,16836,121,121,3,cudaLaunchKernel, 125    1    1, 256    1    1,"<unnamed>::step_kernel_boundary_z_faces(const double *, const double *, double *, const double *, const double *, int, int, int, int, int, int, int, double, double)"
5096222851,11651,5096234502,1645,5096236147,1632,14928,122,122,4,cudaLaunchKernel,  64    1    1, 256    1    1,"<unnamed>::unpack_face_z(const double *, double *, int, int, int, int, int)"
5096223663,10868,5096234531,1317,5096235848,2528,14713,118,118,0,cudaLaunchKernel, 126    1    1, 256    1    1,"<unnamed>::step_kernel_boundary_y_faces(const double *, const double *, double *, const double *, const double *, int, int, int, int, int, int, int, double, double)"
5096224237,12864,5096237101,1299,5096238400,1536,15699,123,123,5,cudaLaunchKernel,  64    1    1, 256    1    1,"<unnamed>::unpack_face_y(const double *, double *, int, int, int, int, int)"
5096224362,12146,5096236508,1201,5096237709,1504,14851,130,130,7,cudaLaunchKernel,  64    1    1, 256    1    1,"<unnamed>::unpack_face_y(const double *, double *, int, int, int, int, int)"
5096225421,10189,5096235610,1368,5096236978,2656,14213,124,124,6,cudaLaunchKernel, 128    1    1, 256    1    1,"<unnamed>::step_kernel_boundary_x_faces(const double *, const double *, double *, const double *, const double *, int, int, int, int, int, int, int, double, double)"
5096229816,6576,5096236392,2291,5096238683,2624,11491,119,119,1,cudaLaunchKernel, 126    1    1, 256    1    1,"<unnamed>::step_kernel_boundary_y_faces(const double *, const double *, double *, const double *, const double *, int, int, int, int, int, int, int, double, double)"
5096232936,7555,5096240491,2577,5096243068,2592,12724,120,120,2,cudaLaunchKernel, 126    1    1, 256    1    1,"<unnamed>::step_kernel_boundary_y_faces(const double *, const double *, double *, const double *, const double *, int, int, int, int, int, int, int, double, double)"
5096235432,5171,5096240603,3469,5096244072,5376,14016,118,118,0,cudaLaunchKernel, 125    1    1, 256    1    1,"<unnamed>::step_kernel_boundary_z_faces(const double *, const double *, double *, const double *, const double *, int, int, int, int, int, int, int, double, double)"
5096235532,5438,5096240970,2409,5096243379,2496,10343,122,122,4,cudaLaunchKernel, 128    1    1, 256    1    1,"<unnamed>::step_kernel_boundary_x_faces(const double *, const double *, double *, const double *, const double *, int, int, int, int, int, int, int, double, double)"
5096236496,3489,5096239985,3681,5096243666,2592,9762,124,124,6,cudaLaunchKernel, 126    1    1, 256    1    1,"<unnamed>::step_kernel_boundary_y_faces(const double *, const double *, double *, const double *, const double *, int, int, int, int, int, int, int, double, double)"
5096236795,3688,5096240483,3320,5096243803,5280,12288,119,119,1,cudaLaunchKernel, 125    1    1, 256    1    1,"<unnamed>::step_kernel_boundary_z_faces(const double *, const double *, double *, const double *, const double *, int, int, int, int, int, int, int, double, double)"
5096237414,4933,5096242347,2593,5096244940,1696,9222,130,130,7,cudaLaunchKernel,  64    1    1, 256    1    1,"<unnamed>::unpack_face_z(const double *, double *, int, int, int, int, int)"
5096238021,5307,5096243328,2720,5096246048,1664,9691,123,123,5,cudaLaunchKernel,  64    1    1, 256    1    1,"<unnamed>::unpack_face_z(const double *, double *, int, int, int, int, int)"
5096238418,5531,5096243949,2735,5096246684,1632,9898,121,121,3,cudaLaunchKernel,  64    1    1, 256    1    1,"<unnamed>::pack_face_x(const double *, double *, int, int, int, int, int)"
5096240336,2730,5096243066,4600,5096247666,5472,12802,124,124,6,cudaLaunchKernel, 125    1    1, 256    1    1,"<unnamed>::step_kernel_boundary_z_faces(const double *, const double *, double *, const double *, const double *, int, int, int, int, int, int, int, double, double)"
5096240872,5625,5096246497,3547,5096250044,5440,14612,120,120,2,cudaLaunchKernel, 125    1    1, 256    1    1,"<unnamed>::step_kernel_boundary_z_faces(const double *, const double *, double *, const double *, const double *, int, int, int, int, int, int, int, double, double)"
5096241332,4759,5096246091,3688,5096249779,2560,11007,122,122,4,cudaLaunchKernel, 126    1    1, 256    1    1,"<unnamed>::step_kernel_boundary_y_faces(const double *, const double *, double *, const double *, const double *, int, int, int, int, int, int, int, double, double)"
5096243032,9767,5096252799,2125,5096254924,2336,14228,130,130,7,cudaLaunchKernel, 128    1    1, 256    1    1,"<unnamed>::step_kernel_boundary_x_faces(const double *, const double *, double *, const double *, const double *, int, int, int, int, int, int, int, double, double)"
5096243957,10708,5096254665,1143,5096255808,2592,14443,123,123,5,cudaLaunchKernel, 128    1    1, 256    1    1,"<unnamed>::step_kernel_boundary_x_faces(const double *, const double *, double *, const double *, const double *, int, int, int, int, int, int, int, double, double)"
5096244359,8282,5096252641,955,5096253596,1600,10837,121,121,3,cudaLaunchKernel,  64    1    1, 256    1    1,"<unnamed>::pack_face_y(const double *, double *, int, int, int, int, int)"
5096245946,10020,5096255966,1661,5096257627,1472,13153,119,119,1,cudaLaunchKernel,  64    1    1, 256    1    1,"<unnamed>::pack_face_x(const double *, double *, int, int, int, int, int)"
5096246487,11363,5096257850,1465,5096259315,5439,18267,122,122,4,cudaLaunchKernel, 125    1    1, 256    1    1,"<unnamed>::step_kernel_boundary_z_faces(const double *, const double *, double *, const double *, const double *, int, int, int, int, int, int, int, double, double)"
5096251396,12714,5096264110,1530,5096265640,1472,15716,118,118,0,cudaLaunchKernel,  64    1    1, 256    1    1,"<unnamed>::pack_face_x(const double *, double *, int, int, int, int, int)"
5096252582,10481,,,5096262194,1632,11244,124,124,6,cudaLaunchKernel,  64    1    1, 256    1    1,"<unnamed>::pack_face_x(const double *, double *, int, int, int, int, int)"
5096253577,5399,5096258976,2364,5096261340,2112,9875,121,121,3,cudaLaunchKernel,  64    1    1, 256    1    1,"<unnamed>::pack_face_z(const double *, double *, int, int, int, int, int)"
5096253675,12343,5096266018,1098,5096267116,2752,16193,130,130,7,cudaLaunchKernel, 126    1    1, 256    1    1,"<unnamed>::step_kernel_boundary_y_faces(const double *, const double *, double *, const double *, const double *, int, int, int, int, int, int, int, double, double)"
5096255540,12256,5096267796,1196,5096268992,2816,16268,123,123,5,cudaLaunchKernel, 126    1    1, 256    1    1,"<unnamed>::step_kernel_boundary_y_faces(const double *, const double *, double *, const double *, const double *, int, int, int, int, int, int, int, double, double)"
5096256787,11385,5096268172,1711,5096269883,1440,14536,120,120,2,cudaLaunchKernel,  64    1    1, 256    1    1,"<unnamed>::pack_face_x(const double *, double *, int, int, int, int, int)"
5096256907,8181,5096265088,1147,5096266235,1568,10896,119,119,1,cudaLaunchKernel,  64    1    1, 256    1    1,"<unnamed>::pack_face_y(const double *, double *, int, int, int, int, int)"
5096263235,6466,5096269701,2422,5096272123,26880,35768,121,121,3,cudaLaunchKernel,   4   32   32,  32    4    4,"<unnamed>::step_kernel_interior(const double *, const double *, double *, const double *, const double *, int, int, int, int, int, int, int, double, double)"
5096264162,5375,5096269537,2225,5096271762,1600,9200,124,124,6,cudaLaunchKernel,  64    1    1, 256    1    1,"<unnamed>::pack_face_y(const double *, double *, int, int, int, int, int)"
5096265032,6321,5096271353,2479,5096273832,1568,10368,118,118,0,cudaLaunchKernel,  64    1    1, 256    1    1,"<unnamed>::pack_face_y(const double *, double *, int, int, int, int, int)"
5096266039,5634,5096271673,2402,5096274075,2272,10308,119,119,1,cudaLaunchKernel,  64    1    1, 256    1    1,"<unnamed>::pack_face_z(const double *, double *, int, int, int, int, int)"
5096266841,6894,5096273735,2373,5096276108,5312,14579,130,130,7,cudaLaunchKernel, 125    1    1, 256    1    1,"<unnamed>::step_kernel_boundary_z_faces(const double *, const double *, double *, const double *, const double *, int, int, int, int, int, int, int, double, double)"
5096268279,8370,5096276649,2505,5096279154,1632,12507,122,122,4,cudaLaunchKernel,  64    1    1, 256    1    1,"<unnamed>::pack_face_x(const double *, double *, int, int, int, int, int)"
5096268655,5873,5096274528,3264,5096277792,5280,14417,123,123,5,cudaLaunchKernel, 125    1    1, 256    1    1,"<unnamed>::step_kernel_boundary_z_faces(const double *, const double *, double *, const double *, const double *, int, int, int, int, int, int, int, double, double)"
5096269098,5312,5096274410,2321,5096276731,1632,9265,120,120,2,cudaLaunchKernel,  64    1    1, 256    1    1,"<unnamed>::pack_face_y(const double *, double *, int, int, int, int, int)"
5096270077,3916,5096273993,2313,5096276306,2176,8405,124,124,6,cudaLaunchKernel,  64    1    1, 256    1    1,"<unnamed>::pack_face_z(const double *, double *, int, int, int, int, int)"
5096271738,9043,,,5096280264,2272,10798,118,118,0,cudaLaunchKernel,  64    1    1, 256    1    1,"<unnamed>::pack_face_z(const double *, double *, int, int, int, int, int)"
5096272392,4970,5096277362,2793,5096280155,26752,34515,119,119,1,cudaLaunchKernel,   4   32   32,  32    4    4,"<unnamed>::step_kernel_interior(const double *, const double *, double *, const double *, const double *, int, int, int, int, int, int, int, double, double)"
5096274811,9544,5096284355,2136,5096286491,2272,13952,120,120,2,cudaLaunchKernel,  64    1    1, 256    1    1,"<unnamed>::pack_face_z(const double *, double *, int, int, int, int, int)"
5096274874,9319,5096284193,1297,5096285490,27647,38263,124,124,6,cudaLaunchKernel,   4   32   32,  32    4    4,"<unnamed>::step_kernel_interior(const double *, const double *, double *, const double *, const double *, int, int, int, int, int, int, int, double, double)"
5096277242,10219,5096287461,1261,5096288722,1568,13048,122,122,4,cudaLaunchKernel,  64    1    1, 256    1    1,"<unnamed>::pack_face_y(const double *, double *, int, int, int, int, int)"
5096281952,7587,5096289539,2501,5096292040,28096,38184,118,118,0,cudaLaunchKernel,   4   32   32,  32    4    4,"<unnamed>::step_kernel_interior(const double *, const double *, double *, const double *, const double *, int, int, int, int, int, int, int, double, double)"
5096283075,9193,5096292268,2432,5096294700,1568,13193,130,130,7,cudaLaunchKernel,  64    1    1, 256    1    1,"<unnamed>::pack_face_x(const double *, double *, int, int, int, int, int)"
5096284606,9504,5096294110,2370,5096296480,1568,13442,123,123,5,cudaLaunchKernel,  64    1    1, 256    1    1,"<unnamed>::pack_face_x(const double *, double *, int, int, int, int, int)"
5096285492,6943,5096292435,2152,5096294587,26848,35943,120,120,2,cudaLaunchKernel,   4   32   32,  32    4    4,"<unnamed>::step_kernel_interior(const double *, const double *, double *, const double *, const double *, int, int, int, int, int, int, int, double, double)"
5096288365,4646,5096293011,2271,5096295282,2176,9093,122,122,4,cudaLaunchKernel,  64    1    1, 256    1    1,"<unnamed>::pack_face_z(const double *, double *, int, int, int, int, int)"
5096292683,5271,5096297954,3626,5096301580,1568,10465,130,130,7,cudaLaunchKernel,  64    1    1, 256    1    1,"<unnamed>::pack_face_y(const double *, double *, int, int, int, int, int)"
5096293655,5950,5096299605,2621,5096302226,28160,36731,122,122,4,cudaLaunchKernel,   4   32   32,  32    4    4,"<unnamed>::step_kernel_interior(const double *, const double *, double *, const double *, const double *, int, int, int, int, int, int, int, double, double)"
5096294482,5961,5096300443,2373,5096302816,1472,9806,123,123,5,cudaLaunchKernel,  64    1    1, 256    1    1,"<unnamed>::pack_face_y(const double *, double *, int, int, int, int, int)"
5096298332,6241,5096304573,2447,5096307020,2368,11056,130,130,7,cudaLaunchKernel,  64    1    1, 256    1    1,"<unnamed>::pack_face_z(const double *, double *, int, int, int, int, int)"
5096300832,5776,5096306608,3280,5096309888,2176,11232,123,123,5,cudaLaunchKernel,  64    1    1, 256    1    1,"<unnamed>::pack_face_z(const double *, double *, int, int, int, int, int)"
5096305257,6613,5096311870,2510,5096314380,27039,36162,130,130,7,cudaLaunchKernel,   4   32   32,  32    4    4,"<unnamed>::step_kernel_interior(const double *, const double *, double *, const double *, const double *, int, int, int, int, int, int, int, double, double)"
5096307287,6159,5096313446,1690,5096315136,26911,34760,123,123,5,cudaLaunchKernel,   4   32   32,  32    4    4,"<unnamed>::step_kernel_interior(const double *, const double *, double *, const double *, const double *, int, int, int, int, int, int, int, double, double)"
5096361879,11800,5096373679,1656,5096375335,1472,14928,118,118,0,cudaLaunchKernel,  64    1    1, 256    1    1,"<unnamed>::unpack_face_x(const double *, double *, int, int, int, int, int)"
5096364781,12434,5096377215,1435,5096378650,1472,15341,120,120,2,cudaLaunchKernel,  64    1    1, 256    1    1,"<unnamed>::unpack_face_x(const double *, double *, int, int, int, int, int)"
5096374675,6721,5096381396,2611,5096384007,1504,10836,118,118,0,cudaLaunchKernel,  64    1    1, 256    1    1,"<unnamed>::unpack_face_y(const double *, double *, int, int, int, int, int)"
5096378197,19179,,,5096396602,1568,19973,120,120,2,cudaLaunchKernel,  64    1    1, 256    1    1,"<unnamed>::unpack_face_y(const double *, double *, int, int, int, int, int)"
5096378347,19005,5096397352,1106,5096398458,1472,21583,121,121,3,cudaLaunchKernel,  64    1    1, 256    1    1,"<unnamed>::unpack_face_x(const double *, double *, int, int, int, int, int)"
5096380881,20080,5096400961,1679,5096402640,1504,23263,124,124,6,cudaLaunchKernel,  64    1    1, 256    1    1,"<unnamed>::unpack_face_x(const double *, double *, int, int, int, int, int)"
5096394492,12738,5096407230,1257,5096408487,1696,15691,118,118,0,cudaLaunchKernel,  64    1    1, 256    1    1,"<unnamed>::unpack_face_z(const double *, double *, int, int, int, int, int)"
5096398347,8762,5096407109,597,5096407706,1408,10767,121,121,3,cudaLaunchKernel,  64    1    1, 256    1    1,"<unnamed>::unpack_face_y(const double *, double *, int, int, int, int, int)"
5096398390,11551,5096409941,1253,5096411194,1664,14468,120,120,2,cudaLaunchKernel,  64    1    1, 256    1    1,"<unnamed>::unpack_face_z(const double *, double *, int, int, int, int, int)"
5096399553,9390,5096408943,1419,5096410362,1472,12281,119,119,1,cudaLaunchKernel,  64    1    1, 256    1    1,"<unnamed>::unpack_face_x(const double *, double *, int, int, int, int, int)"
5096401935,9969,5096411904,1584,5096413488,1536,13089,124,124,6,cudaLaunchKernel,  64    1    1, 256    1    1,"<unnamed>::unpack_face_y(const double *, double *, int, int, int, int, int)"
5096402529,10582,5096413111,1722,5096414833,1504,13808,122,122,4,cudaLaunchKernel,  64    1    1, 256    1    1,"<unnamed>::unpack_face_x(const double *, double *, int, int, int, int, int)"
5096408113,5684,5096413797,2645,5096416442,1632,9961,121,121,3,cudaLaunchKernel,  64    1    1, 256    1    1,"<unnamed>::unpack_face_z(const double *, double *, int, int, int, int, int)"
5096408332,6153,5096414485,2578,5096417063,2688,11419,118,118,0,cudaLaunchKernel, 128    1    1, 256    1    1,"<unnamed>::step_kernel_boundary_x_faces(const double *, const double *, double *, const double *, const double *, int, int, int, int, int, int, int, double, double)"
5096409908,4913,5096414821,2517,5096417338,1504,8934,119,119,1,cudaLaunchKernel,  64    1    1, 256    1    1,"<unnamed>::unpack_face_y(const double *, double *, int, int, int, int, int)"
5096410742,12932,5096423674,1348,5096425022,1504,15784,123,123,5,cudaLaunchKernel,  64    1    1, 256    1    1,"<unnamed>::unpack_face_x(const double *, double *, int, int, int, int, int)"
5096411026,11796,,,5096420729,2464,12167,120,120,2,cudaLaunchKernel, 128    1    1, 256    1    1,"<unnamed>::step_kernel_boundary_x_faces(const double *, const double *, double *, const double *, const double *, int, int, int, int, int, int, int, double, double)"
5096412241,12120,5096424361,1441,5096425802,1440,15001,130,130,7,cudaLaunchKernel,  64    1    1, 256    1    1,"<unnamed>::unpack_face_x(const double *, double *, int, int, int, int, int)"
5096412844,8142,5096420986,22,5096421008,1728,9892,124,124,6,cudaLaunchKernel,  64    1    1, 256    1    1,"<unnamed>::unpack_face_z(const double *, double *, int, int, int, int, int)"
5096414053,9636,5096423689,2376,5096426065,1440,13452,122,122,4,cudaLaunchKernel,  64    1    1, 256    1    1,"<unnamed>::unpack_face_y(const double *, double *, int, int, int, int, int)"
5096414436,7780,5096422216,1330,5096423546,2592,11702,121,121,3,cudaLaunchKernel, 128    1    1, 256    1    1,"<unnamed>::step_kernel_boundary_x_faces(const double *, const double *, double *, const double *, const double *, int, int, int, int, int, int, int, double, double)"
5096414875,10115,5096424990,1065,5096426055,2624,13804,118,118,0,cudaLaunchKernel, 126    1    1, 256    1    1,"<unnamed>::step_kernel_boundary_y_faces(const double *, const double *, double *, const double *, const double *, int, int, int, int, int, int, int, double, double)"
5096415217,8573,5096423790,1260,5096425050,1600,11433,119,119,1,cudaLaunchKernel,  64    1    1, 256    1    1,"<unnamed>::unpack_face_z(const double *, double *, int, int, int, int, int)"
5096422495,6129,5096428624,2208,5096430832,2560,10897,124,124,6,cudaLaunchKernel, 128    1    1, 256    1    1,"<unnamed>::step_kernel_boundary_x_faces(const double *, const double *, double *, const double *, const double *, int, int, int, int, int, int, int, double, double)"
5096423156,5954,5096429110,2340,5096431450,2752,11046,121,121,3,cudaLaunchKernel, 126    1    1, 256    1    1,"<unnamed>::step_kernel_boundary_y_faces(const double *, const double *, double *, const double *, const double *, int, int, int, int, int, int, int, double, double)"
5096423721,7175,5096430896,2409,5096433305,2912,12496,120,120,2,cudaLaunchKernel, 126    1    1, 256    1    1,"<unnamed>::step_kernel_boundary_y_faces(const double *, const double *, double *, const double *, const double *, int, int, int, int, int, int, int, double, double)"
5096424635,5990,5096430625,2525,5096433150,1504,10019,123,123,5,cudaLaunchKernel,  64    1    1, 256    1    1,"<unnamed>::unpack_face_y(const double *, double *, int, int, int, int, int)"
5096424659,7173,5096431832,2713,5096434545,1632,11518,122,122,4,cudaLaunchKernel,  64    1    1, 256    1    1,"<unnamed>::unpack_face_z(const double *, double *, int, int, int, int, int)"
5096424872,5344,5096430216,2386,5096432602,2432,10162,119,119,1,cudaLaunchKernel, 128    1    1, 256    1    1,"<unnamed>::step_kernel_boundary_x_faces(const double *, const double *, double *, const double *, const double *, int, int, int, int, int, int, int, double, double)"
5096425321,6075,5096431396,2566,5096433962,1600,10241,130,130,7,cudaLaunchKernel,  64    1    1, 256    1    1,"<unnamed>::unpack_face_y(const double *, double *, int, int, int, int, int)"
5096425886,5939,5096431825,3766,5096435591,5472,15177,118,118,0,cudaLaunchKernel, 125    1    1, 256    1    1,"<unnamed>::step_kernel_boundary_z_faces(const double *, const double *, double *, const double *, const double *, int, int, int, int, int, int, int, double, double)"
5096429006,4419,5096433425,3615,5096437040,2656,10690,124,124,6,cudaLaunchKernel, 126    1    1, 256    1    1,"<unnamed>::step_kernel_boundary_y_faces(const double *, const double *, double *, const double *, const double *, int, int, int, int, int, int, int, double, double)"
5096429518,3663,5096433181,2557,5096435738,5408,11628,121,121,3,cudaLaunchKernel, 125    1    1, 256    1    1,"<unnamed>::step_kernel_boundary_z_faces(const double *, const double *, double *, const double *, const double *, int, int, int, int, int, int, int, double, double)"
5096430583,8687,,,5096438490,2560,10467,119,119,1,cudaLaunchKernel, 126    1    1, 256    1    1,"<unnamed>::step_kernel_boundary_y_faces(const double *, const double *, double *, const double *, const double *, int, int, int, int, int, int, int, double, double)"
5096431010,10198,5096441208,998,5096442206,1664,12860,123,123,5,cudaLaunchKernel,  64    1    1, 256    1    1,"<unnamed>::unpack_face_z(const double *, double *, int, int, int, int, int)"
5096431281,10814,5096442095,2218,5096444313,5504,18536,120,120,2,cudaLaunchKernel, 125    1    1, 256    1    1,"<unnamed>::step_kernel_boundary_z_faces(const double *, const double *, double *, const double *, const double *, int, int, int, int, int, int, int, double, double)"
5096431819,12099,5096443918,732,5096444650,1760,14591,130,130,7,cudaLaunchKernel,  64    1    1, 256    1    1,"<unnamed>::unpack_face_z(const double *, double *, int, int, int, int, int)"
5096432472,9726,5096442198,2171,5096444369,2688,14585,122,122,4,cudaLaunchKernel, 128    1    1, 256    1    1,"<unnamed>::step_kernel_boundary_x_faces(const double *, const double *, double *, const double *, const double *, int, int, int, int, int, int, int, double, double)"
5096433854,9064,5096442918,1546,5096444464,5568,16178,124,124,6,cudaLaunchKernel, 125    1    1, 256    1    1,"<unnamed>::step_kernel_boundary_z_faces(const double *, const double *, double *, const double *, const double *, int, int, int, int, int, int, int, double, double)"
5096440168,6058,5096446226,2536,5096448762,5408,14002,119,119,1,cudaLaunchKernel, 125    1    1, 256    1    1,"<unnamed>::step_kernel_boundary_z_faces(const double *, const double *, double *, const double *, const double *, int, int, int, int, int, int, int, double, double)"
5096442262,11405,5096453667,955,5096454622,2528,14888,123,123,5,cudaLaunchKernel, 128    1    1, 256    1    1,"<unnamed>::step_kernel_boundary_x_faces(const double *, const double *, double *, const double *, const double *, int, int, int, int, int, int, int, double, double)"
5096442416,11697,5096454113,998,5096455111,1472,14167,118,118,0,cudaLaunchKernel,  64    1    1, 256    1    1,"<unnamed>::pack_face_x(const double *, double *, int, int, int, int, int)"
5096443104,12214,5096455318,987,5096456305,2624,15825,122,122,4,cudaLaunchKernel, 126    1    1, 256    1    1,"<unnamed>::step_kernel_boundary_y_faces(const double *, const double *, double *, const double *, const double *, int, int, int, int, int, int, int, double, double)"
5096443803,9573,5096453376,890,5096454266,1728,12191,121,121,3,cudaLaunchKernel,  64    1    1, 256    1    1,"<unnamed>::pack_face_x(const double *, double *, int, int, int, int, int)"
5096444975,15655,,,5096458730,2560,16315,130,130,7,cudaLaunchKernel, 128    1    1, 256    1    1,"<unnamed>::step_kernel_boundary_x_faces(const double *, const double *, double *, const double *, const double *, int, int, int, int, int, int, int, double, double)"
5096452892,10062,5096462954,998,5096463952,1568,12628,124,124,6,cudaLaunchKernel,  64    1    1, 256    1    1,"<unnamed>::pack_face_x(const double *, double *, int, int, int, int, int)"
5096452955,11732,5096464687,1066,5096465753,1504,14302,120,120,2,cudaLaunchKernel,  64    1    1, 256    1    1,"<unnamed>::pack_face_x(const double *, double *, int, int, int, int, int)"
5096454536,9665,5096464201,881,5096465082,1632,12178,121,121,3,cudaLaunchKernel,  64    1    1, 256    1    1,"<unnamed>::pack_face_y(const double *, double *, int, int, int, int, int)"
5096454872,11372,5096466244,794,5096467038,2688,14854,123,123,5,cudaLaunchKernel, 126    1    1, 256    1    1,"<unnamed>::step_kernel_boundary_y_faces(const double *, const double *, double *, const double *, const double *, int, int, int, int, int, int, int, double, double)"
5096455202,12450,5096467652,1187,5096468839,1600,15237,118,118,0,cudaLaunchKernel,  64    1    1, 256    1    1,"<unnamed>::pack_face_y(const double *, double *, int, int, int, int, int)"
5096456423,11999,5096468422,1259,5096469681,5344,18602,122,122,4,cudaLaunchKernel, 125    1    1, 256    1    1,"<unnamed>::step_kernel_boundary_z_faces(const double *, const double *, double *, const double *, const double *, int, int, int, int, int, int, int, double, double)"
5096456537,10195,5096466732,782,5096467514,1440,12417,119,119,1,cudaLaunchKernel,  64    1    1, 256    1    1,"<unnamed>::pack_face_x(const double *, double *, int, int, int, int, int)"
5096461908,8875,5096470783,2123,5096472906,2560,13558,130,130,7,cudaLaunchKernel, 126    1    1, 256    1    1,"<unnamed>::step_kernel_boundary_y_faces(const double *, const double *, double *, const double *, const double *, int, int, int, int, int, int, int, double, double)"
5096463898,5687,5096469585,2367,5096471952,1504,9558,124,124,6,cudaLaunchKernel,  64    1    1, 256    1    1,"<unnamed>::pack_face_y(const double *, double *, int, int, int, int, int)"
5096465106,5047,5096470153,2192,5096472345,2144,9383,121,121,3,cudaLaunchKernel,  64    1    1, 256    1    1,"<unnamed>::pack_face_z(const double *, double *, int, int, int, int, int)"
5096465648,7164,5096472812,2189,5096475001,1664,11017,120,120,2,cudaLaunchKernel,  64    1    1, 256    1    1,"<unnamed>::pack_face_y(const double *, double *, int, int, int, int, int)"
5096467081,5640,5096472721,2477,5096475198,5280,13397,123,123,5,cudaLaunchKernel, 125    1    1, 256    1    1,"<unnamed>::step_kernel_boundary_z_faces(const double *, const double *, double *, const double *, const double *, int, int, int, int, int, int, int, double, double)"
5096467659,4703,5096472362,2064,5096474426,1600,8367,119,119,1,cudaLaunchKernel,  64    1    1, 256    1    1,"<unnamed>::pack_face_y(const double *, double *, int, int, int, int, int)"
5096468556,11738,5096480294,1184,5096481478,2336,15258,118,118,0,cudaLaunchKernel,  64    1    1, 256    1    1,"<unnamed>::pack_face_z(const double *, double *, int, int, int, int, int)"
5096469994,3554,5096473548,2788,5096476336,2208,8550,124,124,6,cudaLaunchKernel,  64    1    1, 256    1    1,"<unnamed>::pack_face_z(const double *, double *, int, int, int, int, int)"
5096470807,3605,5096474412,2701,5096477113,27008,33314,121,121,3,cudaLaunchKernel,   4   32   32,  32    4    4,"<unnamed>::step_kernel_interior(const double *, const double *, double *, const double *, const double *, int, int, int, int, int, int, int, double, double)"
5096471167,11268,5096482435,1319,5096483754,5632,18219,130,130,7,cudaLaunchKernel, 125    1    1, 256    1    1,"<unnamed>::step_kernel_boundary_z_faces(const double *, const double *, double *, const double *, const double *, int, int, int, int, int, int, int, double, double)"
5096472952,8683,5096481635,2295,5096483930,2304,13282,119,119,1,cudaLaunchKernel,  64    1    1, 256    1    1,"<unnamed>::pack_face_z(const double *, double *, int, int, int, int, int)"
5096473193,9768,5096482961,1256,5096484217,2656,13680,120,120,2,cudaLaunchKernel,  64    1    1, 256    1    1,"<unnamed>::pack_face_z(const double *, double *, int, int, int, int, int)"
5096474245,8942,5096483187,1405,5096484592,27967,38314,124,124,6,cudaLaunchKernel,   4   32   32,  32    4    4,"<unnamed>::step_kernel_interior(const double *, const double *, double *, const double *, const double *, int, int, int, int, int, int, int, double, double)"
5096475195,11665,5096486860,1253,5096488113,1440,14358,122,122,4,cudaLaunchKernel,  64    1    1, 256    1    1,"<unnamed>::pack_face_x(const double *, double *, int, int, int, int, int)"
5096481579,10963,,,5096490790,27744,36955,118,118,0,cudaLaunchKernel,   4   32   32,  32    4    4,"<unnamed>::step_kernel_interior(const double *, const double *, double *, const double *, const double *, int, int, int, int, int, int, int, double, double)"
5096482746,9387,,,5096491258,28288,36800,119,119,1,cudaLaunchKernel,   4   32   32,  32    4    4,"<unnamed>::step_kernel_interior(const double *, const double *, double *, const double *, const double *, int, int, int, int, int, int, int, double, double)"
5096483478,11672,5096495150,944,5096496094,1472,14088,123,123,5,cudaLaunchKernel,  64    1    1, 256    1    1,"<unnamed>::pack_face_x(const double *, double *, int, int, int, int, int)"
5096484082,9703,,,5096492441,27135,35494,120,120,2,cudaLaunchKernel,   4   32   32,  32    4    4,"<unnamed>::step_kernel_interior(const double *, const double *, double *, const double *, const double *, int, int, int, int, int, int, int, double, double)"
5096487756,11070,5096498826,1127,5096499953,1728,13925,122,122,4,cudaLaunchKernel,  64    1    1, 256    1    1,"<unnamed>::pack_face_y(const double *, double *, int, int, int, int, int)"
5096495073,12757,5096507830,1011,5096508841,1536,15304,130,130,7,cudaLaunchKernel,  64    1    1, 256    1    1,"<unnamed>::pack_face_x(const double *, double *, int, int, int, int, int)"
5096496086,12766,5096508852,937,5096509789,1600,15303,123,123,5,cudaLaunchKernel,  64    1    1, 256    1    1,"<unnamed>::pack_face_y(const double *, double *, int, int, int, int, int)"
5096499740,10898,5096510638,1315,5096511953,2336,14549,122,122,4,cudaLaunchKernel,  64    1    1, 256    1    1,"<unnamed>::pack_face_z(const double *, double *, int, int, int, int, int)"
5096508726,11922,5096520648,1185,5096521833,1568,14675,130,130,7,cudaLaunchKernel,  64    1    1, 256    1    1,"<unnamed>::pack_face_y(const double *, double *, int, int, int, int, int)"
5096509903,11733,5096521636,857,5096522493,2336,14926,123,123,5,cudaLaunchKernel,  64    1    1, 256    1    1,"<unnamed>::pack_face_z(const double *, double *, int, int, int, int, int)"
5096515005,8886,5096523891,2270,5096526161,27360,38516,122,122,4,cudaLaunchKernel,   4   32   32,  32    4    4,"<unnamed>::step_kernel_interior(const double *, const double *, double *, const double *, const double *, int, int, int, int, int, int, int, double, double)"
5096521703,6420,5096528123,1806,5096529929,2432,10658,130,130,7,cudaLaunchKernel,  64    1    1, 256    1    1,"<unnamed>::pack_face_z(const double *, double *, int, int, int, int, int)"
5096522901,6371,5096529272,2533,5096531805,27264,36168,123,123,5,cudaLaunchKernel,   4   32   32,  32    4    4,"<unnamed>::step_kernel_interior(const double *, const double *, double *, const double *, const double *, int, int, int, int, int, int, int, double, double)"
5096529032,6067,5096535099,2670,5096537769,28096,36833,130,130,7,cudaLaunchKernel,   4   32   32,  32    4    4,"<unnamed>::step_kernel_interior(const double *, const double *, double *, const double *, const double *, int, int, int, int, int, int, int, double, double)"
5096557540,14947,5096572487,1041,5096573528,1504,17492,120,120,2,cudaLaunchKernel,  64    1    1, 256    1    1,"<unnamed>::unpack_face_x(const double *, double *, int, int, int, int, int)"
5096573481,8049,5096581530,2653,5096584183,1600,12302,120,120,2,cudaLaunchKernel,  64    1    1, 256    1    1,"<unnamed>::unpack_face_y(const double *, double *, int, int, int, int, int)"
5096581959,10074,5096592033,1238,5096593271,1600,12912,120,120,2,cudaLaunchKernel,  64    1    1, 256    1    1,"<unnamed>::unpack_face_z(const double *, double *, int, int, int, int, int)"
5096585241,7636,5096592877,2713,5096595590,1568,11917,118,118,0,cudaLaunchKernel,  64    1    1, 256    1    1,"<unnamed>::unpack_face_x(const double *, double *, int, int, int, int, int)"
5096591770,11280,5096603050,975,5096604025,1568,13823,119,119,1,cudaLaunchKernel,  64    1    1, 256    1    1,"<unnamed>::unpack_face_x(const double *, double *, int, int, int, int, int)"
5096593149,11503,5096604652,1131,5096605783,2432,15066,120,120,2,cudaLaunchKernel, 128    1    1, 256    1    1,"<unnamed>::step_kernel_boundary_x_faces(const double *, const double *, double *, const double *, const double *, int, int, int, int, int, int, int, double, double)"
5096593413,10063,5096603476,1457,5096604933,1440,12960,118,118,0,cudaLaunchKernel,  64    1    1, 256    1    1,"<unnamed>::unpack_face_y(const double *, double *, int, int, int, int, int)"
5096593539,11472,5096605011,1629,5096606640,1536,14637,122,122,4,cudaLaunchKernel,  64    1    1, 256    1    1,"<unnamed>::unpack_face_x(const double *, double *, int, int, int, int, int)"
5096598357,6694,5096605051,2653,5096607704,1504,10851,121,121,3,cudaLaunchKernel,  64    1    1, 256    1    1,"<unnamed>::unpack_face_x(const double *, double *, int, int, int, int, int)"
5096603792,10140,5096613932,1698,5096615630,1600,13438,124,124,6,cudaLaunchKernel,  64    1    1, 256    1    1,"<unnamed>::unpack_face_x(const double *, double *, int, int, int, int, int)"
5096604109,9984,5096614093,236,5096614329,1408,11628,119,119,1,cudaLaunchKernel,  64    1    1, 256    1    1,"<unnamed>::unpack_face_y(const double *, double *, int, int, int, int, int)"
5096604378,9224,5096613602,2499,5096616101,1664,13387,118,118,0,cudaLaunchKernel,  64    1    1, 256    1    1,"<unnamed>::unpack_face_z(const double *, double *, int, int, int, int, int)"
5096605476,11734,5096617210,1410,5096618620,1664,14808,123,123,5,cudaLaunchKernel,  64    1    1, 256    1    1,"<unnamed>::unpack_face_x(const double *, double *, int, int, int, int, int)"
5096605515,7640,5096613155,1525,5096614680,1504,10669,121,121,3,cudaLaunchKernel,  64    1    1, 256    1    1,"<unnamed>::unpack_face_y(const double *, double *, int, int, int, int, int)"
5096605570,11349,5096616919,1216,5096618135,2688,15253,120,120,2,cudaLaunchKernel, 126    1    1, 256    1    1,"<unnamed>::step_kernel_boundary_y_faces(const double *, const double *, double *, const double *, const double *, int, int, int, int, int, int, int, double, double)"
5096605943,11036,5096616979,1213,5096618192,1600,13849,122,122,4,cudaLaunchKernel,  64    1    1, 256    1    1,"<unnamed>::unpack_face_y(const double *, double *, int, int, int, int, int)"
5096607585,10725,5096618310,1986,5096620296,1504,14215,130,130,7,cudaLaunchKernel,  64    1    1, 256    1    1,"<unnamed>::unpack_face_x(const double *, double *, int, int, int, int, int)"
5096614131,5984,5096620115,1893,5096622008,1600,9477,121,121,3,cudaLaunchKernel,  64    1    1, 256    1    1,"<unnamed>::unpack_face_z(const double *, double *, int, int, int, int, int)"
5096614708,7675,5096622383,2262,5096624645,2624,12561,118,118,0,cudaLaunchKernel, 128    1    1, 256    1    1,"<unnamed>::step_kernel_boundary_x_faces(const double *, const double *, double *, const double *, const double *, int, int, int, int, int, int, int, double, double)"
5096614921,4980,5096619901,2545,5096622446,1600,9125,124,124,6,cudaLaunchKernel,  64    1    1, 256    1    1,"<unnamed>::unpack_face_y(const double *, double *, int, int, int, int, int)"
5096615030,5183,5096620213,2564,5096622777,1760,9507,119,119,1,cudaLaunchKernel,  64    1    1, 256    1    1,"<unnamed>::unpack_face_z(const double *, double *, int, int, int, int, int)"
5096617728,6741,5096624469,3074,5096627543,5408,15223,120,120,2,cudaLaunchKernel, 125    1    1, 256    1    1,"<unnamed>::step_kernel_boundary_z_faces(const double *, const double *, double *, const double *, const double *, int, int, int, int, int, int, int, double, double)"
5096617962,6774,5096624736,2512,5096627248,1664,10950,122,122,4,cudaLaunchKernel,  64    1    1, 256    1    1,"<unnamed>::unpack_face_z(const double *, double *, int, int, int, int, int)"
5096618221,6522,5096624743,2549,5096627292,1440,10511,123,123,5,cudaLaunchKernel,  64    1    1, 256    1    1,"<unnamed>::unpack_face_y(const double *, double *, int, int, int, int, int)"
5096619041,5577,5096624618,3774,5096628392,1600,10951,130,130,7,cudaLaunchKernel,  64    1    1, 256    1    1,"<unnamed>::unpack_face_y(const double *, double *, int, int, int, int, int)"
5096620332,3575,5096623907,3723,5096627630,1600,8898,124,124,6,cudaLaunchKernel,  64    1    1, 256    1    1,"<unnamed>::unpack_face_z(const double *, double *, int, int, int, int, int)"
5096620816,4223,5096625039,3625,5096628664,2432,10280,121,121,3,cudaLaunchKernel, 128    1    1, 256    1    1,"<unnamed>::step_kernel_boundary_x_faces(const double *, const double *, double *, const double *, const double *, int, int, int, int, int, int, int, double, double)"
5096620919,4832,5096625751,3682,5096629433,2688,11202,119,119,1,cudaLaunchKernel, 128    1    1, 256    1    1,"<unnamed>::step_kernel_boundary_x_faces(const double *, const double *, double *, const double *, const double *, int, int, int, int, int, int, int, double, double)"
5096622806,4625,5096627431,2750,5096630181,2720,10095,118,118,0,cudaLaunchKernel, 126    1    1, 256    1    1,"<unnamed>::step_kernel_boundary_y_faces(const double *, const double *, double *, const double *, const double *, int, int, int, int, int, int, int, double, double)"
5096624593,4617,5096629210,2516,5096631726,2560,9693,124,124,6,cudaLaunchKernel, 128    1    1, 256    1    1,"<unnamed>::step_kernel_boundary_x_faces(const double *, const double *, double *, const double *, const double *, int, int, int, int, int, int, int, double, double)"
5096624976,5223,5096630199,3793,5096633992,1728,10744,130,130,7,cudaLaunchKernel,  64    1    1, 256    1    1,"<unnamed>::unpack_face_z(const double *, double *, int, int, int, int, int)"
5096625091,4968,5096630059,3601,5096633660,1696,10265,123,123,5,cudaLaunchKernel,  64    1    1, 256    1    1,"<unnamed>::unpack_face_z(const double *, double *, int, int, int, int, int)"
5096625442,3273,5096628715,3533,5096632248,2592,9398,121,121,3,cudaLaunchKernel, 126    1    1, 256    1    1,"<unnamed>::step_kernel_boundary_y_faces(const double *, const double *, double *, const double *, const double *, int, int, int, int, int, int, int, double, double)"
5096625677,7183,5096632860,3092,5096635952,2560,12835,122,122,4,cudaLaunchKernel, 128    1    1, 256    1    1,"<unnamed>::step_kernel_boundary_x_faces(const double *, const double *, double *, const double *, const double *, int, int, int, int, int, int, int, double, double)"
5096626118,4340,5096630458,2783,5096633241,2656,9779,119,119,1,cudaLaunchKernel, 126    1    1, 256    1    1,"<unnamed>::step_kernel_boundary_y_faces(const double *, const double *, double *, const double *, const double *, int, int, int, int, int, int, int, double, double)"
5096627794,4682,5096632476,2633,5096635109,5408,12723,118,118,0,cudaLaunchKernel, 125    1    1, 256    1    1,"<unnamed>::step_kernel_boundary_z_faces(const double *, const double *, double *, const double *, const double *, int, int, int, int, int, int, int, double, double)"
5096629087,3614,5096632701,3131,5096635832,5312,12057,121,121,3,cudaLaunchKernel, 125    1    1, 256    1    1,"<unnamed>::step_kernel_boundary_z_faces(const double *, const double *, double *, const double *, const double *, int, int, int, int, int, int, int, double, double)"
5096630043,8660,,,5096636942,2784,9683,124,124,6,cudaLaunchKernel, 126    1    1, 256    1    1,"<unnamed>::step_kernel_boundary_y_faces(const double *, const double *, double *, const double *, const double *, int, int, int, int, int, int, int, double, double)"
5096630664,11181,5096641845,839,5096642684,2624,14644,123,123,5,cudaLaunchKernel, 128    1    1, 256    1    1,"<unnamed>::step_kernel_boundary_x_faces(const double *, const double *, double *, const double *, const double *, int, int, int, int, int, int, int, double, double)"
5096630821,8249,,,5096637209,5280,11668,119,119,1,cudaLaunchKernel, 125    1    1, 256    1    1,"<unnamed>::step_kernel_boundary_z_faces(const double *, const double *, double *, const double *, const double *, int, int, int, int, int, int, int, double, double)"
5096631050,10720,5096641770,1022,5096642792,2528,14270,130,130,7,cudaLaunchKernel, 128    1    1, 256    1    1,"<unnamed>::step_kernel_boundary_x_faces(const double *, const double *, double *, const double *, const double *, int, int, int, int, int, int, int, double, double)"
5096633364,11214,5096644578,686,5096645264,2592,14492,122,122,4,cudaLaunchKernel, 126    1    1, 256    1    1,"<unnamed>::step_kernel_boundary_y_faces(const double *, const double *, double *, const double *, const double *, int, int, int, int, int, int, int, double, double)"
5096639629,8055,5096647684,2099,5096649783,1504,11658,120,120,2,cudaLaunchKernel,  64    1    1, 256    1    1,"<unnamed>::pack_face_x(const double *, double *, int, int, int, int, int)"
5096639721,6524,5096646245,1897,5096648142,5472,13893,124,124,6,cudaLaunchKernel, 125    1    1, 256    1    1,"<unnamed>::step_kernel_boundary_z_faces(const double *, const double *, double *, const double *, const double *, int, int, int, int, int, int, int, double, double)"
5096642656,11356,5096654012,1036,5096655048,2496,14888,130,130,7,cudaLaunchKernel, 126    1    1, 256    1    1,"<unnamed>::step_kernel_boundary_y_faces(const double *, const double *, double *, const double *, const double *, int, int, int, int, int, int, int, double, double)"
5096642722,11919,5096654641,1131,5096655772,2816,15866,123,123,5,cudaLaunchKernel, 126    1    1, 256    1    1,"<unnamed>::step_kernel_boundary_y_faces(const double *, const double *, double *, const double *, const double *, int, int, int, int, int, int, int, double, double)"
5096645320,12661,5096657981,1275,5096659256,1600,15536,121,121,3,cudaLaunchKernel,  64    1    1, 256    1    1,"<unnamed>::pack_face_x(const double *, double *, int, int, int, int, int)"
5096645481,10783,5096656264,1064,5096657328,5504,17351,122,122,4,cudaLaunchKernel, 125    1    1, 256    1    1,"<unnamed>::step_kernel_boundary_z_faces(const double *, const double *, double *, const double *, const double *, int, int, int, int, int, int, int, double, double)"
5096646058,16943,5096663001,396,5096663397,1600,18939,118,118,0,cudaLaunchKernel,  64    1    1, 256    1    1,"<unnamed>::pack_face_x(const double *, double *, int, int, int, int, int)"
5096648116,10613,5096658729,1293,5096660022,1664,13570,120,120,2,cudaLaunchKernel,  64    1    1, 256    1    1,"<unnamed>::pack_face_y(const double *, double *, int, int, int, int, int)"
5096653381,10769,5096664150,483,5096664633,1568,12820,119,119,1,cudaLaunchKernel,  64    1    1, 256    1    1,"<unnamed>::pack_face_x(const double *, double *, int, int, int, int, int)"
5096654870,12508,5096667378,1013,5096668391,5472,18993,130,130,7,cudaLaunchKernel, 125    1    1, 256    1    1,"<unnamed>::step_kernel_boundary_z_faces(const double *, const double *, double *, const double *, const double *, int, int, int, int, int, int, int, double, double)"
5096655473,11878,5096667351,997,5096668348,5440,18315,123,123,5,cudaLaunchKernel, 125    1    1, 256    1    1,"<unnamed>::step_kernel_boundary_z_faces(const double *, const double *, double *, const double *, const double *, int, int, int, int, int, int, int, double, double)"
5096661905,6147,5096668052,2211,5096670263,1600,9958,121,121,3,cudaLaunchKernel,  64    1    1, 256    1    1,"<unnamed>::pack_face_y(const double *, double *, int, int, int, int, int)"
5096662749,9699,5096672448,2646,5096675094,2176,14521,120,120,2,cudaLaunchKernel,  64    1    1, 256    1    1,"<unnamed>::pack_face_z(const double *, double *, int, int, int, int, int)"
5096663870,6011,5096669881,2068,5096671949,1632,9711,124,124,6,cudaLaunchKernel,  64    1    1, 256    1    1,"<unnamed>::pack_face_x(const double *, double *, int, int, int, int, int)"
5096663940,6188,5096670128,2581,5096672709,1632,10401,118,118,0,cudaLaunchKernel,  64    1    1, 256    1    1,"<unnamed>::pack_face_y(const double *, double *, int, int, int, int, int)"
5096665110,12151,,,5096675577,1632,12151,119,119,1,cudaLaunchKernel,  64    1    1, 256    1    1,"<unnamed>::pack_face_y(const double *, double *, int, int, int, int, int)"
5096668601,7852,,,5096675383,2144,8926,121,121,3,cudaLaunchKernel,  64    1    1, 256    1    1,"<unnamed>::pack_face_z(const double *, double *, int, int, int, int, int)"
5096670219,11962,5096682181,907,5096683088,1632,14501,122,122,4,cudaLaunchKernel,  64    1    1, 256    1    1,"<unnamed>::pack_face_x(const double *, double *, int, int, int, int, int)"
5096670258,7601,5096677859,2218,5096680077,1632,11451,124,124,6,cudaLaunchKernel,  64    1    1, 256    1    1,"<unnamed>::pack_face_y(const double *, double *, int, int, int, int, int)"
5096670481,9338,5096679819,1146,5096680965,2208,12692,118,118,0,cudaLaunchKernel,  64    1    1, 256    1    1,"<unnamed>::pack_face_z(const double *, double *, int, int, int, int, int)"
5096676837,12574,5096689411,1395,5096690806,27104,41073,120,120,2,cudaLaunchKernel,   4   32   32,  32    4    4,"<unnamed>::step_kernel_interior(const double *, const double *, double *, const double *, const double *, int, int, int, int, int, int, int, double, double)"
5096677599,10330,,,5096686167,27040,35608,121,121,3,cudaLaunchKernel,   4   32   32,  32    4    4,"<unnamed>::step_kernel_interior(const double *, const double *, double *, const double *, const double *, int, int, int, int, int, int, int, double, double)"
5096678233,9968,,,5096686777,2176,10720,119,119,1,cudaLaunchKernel,  64    1    1, 256    1    1,"<unnamed>::pack_face_z(const double *, double *, int, int, int, int, int)"
5096678775,9933,5096688708,1289,5096689997,2048,13270,124,124,6,cudaLaunchKernel,  64    1    1, 256    1    1,"<unnamed>::pack_face_z(const double *, double *, int, int, int, int, int)"
5096680937,11077,5096692014,1431,5096693445,27968,40476,118,118,0,cudaLaunchKernel,   4   32   32,  32    4    4,"<unnamed>::step_kernel_interior(const double *, const double *, double *, const double *, const double *, int, int, int, int, int, int, int, double, double)"
5096680988,12153,5096693141,1202,5096694343,1600,14955,130,130,7,cudaLaunchKernel,  64    1    1, 256    1    1,"<unnamed>::pack_face_x(const double *, double *, int, int, int, int, int)"
5096682046,10982,5096693028,1207,5096694235,1472,13661,123,123,5,cudaLaunchKernel,  64    1    1, 256    1    1,"<unnamed>::pack_face_x(const double *, double *, int, int, int, int, int)"
5096683093,10548,5096693641,1479,5096695120,1568,13595,122,122,4,cudaLaunchKernel,  64    1    1, 256    1    1,"<unnamed>::pack_face_y(const double *, double *, int, int, int, int, int)"
5096689321,10631,,,5096698809,27968,37456,119,119,1,cudaLaunchKernel,   4   32   32,  32    4    4,"<unnamed>::step_kernel_interior(const double *, const double *, double *, const double *, const double *, int, int, int, int, int, int, int, double, double)"
5096689797,11076,5096700873,484,5096701357,27456,39016,124,124,6,cudaLaunchKernel,   4   32   32,  32    4    4,"<unnamed>::step_kernel_interior(const double *, const double *, double *, const double *, const double *, int, int, int, int, int, int, int, double, double)"
5096693928,9600,5096703528,1139,5096704667,1632,12371,123,123,5,cudaLaunchKernel,  64    1    1, 256    1    1,"<unnamed>::pack_face_y(const double *, double *, int, int, int, int, int)"
5096694070,14566,,,5096706759,1536,14566,130,130,7,cudaLaunchKernel,  64    1    1, 256    1    1,"<unnamed>::pack_face_y(const double *, double *, int, int, int, int, int)"
5096694523,17000,5096711523,1164,5096712687,2496,20660,122,122,4,cudaLaunchKernel,  64    1    1, 256    1    1,"<unnamed>::pack_face_z(const double *, double *, int, int, int, int, int)"
5096707417,8548,5096715965,1982,5096717947,2304,12834,123,123,5,cudaLaunchKernel,  64    1    1, 256    1    1,"<unnamed>::pack_face_z(const double *, double *, int, int, int, int, int)"
5096709661,7821,5096717482,2461,5096719943,2240,12522,130,130,7,cudaLaunchKernel,  64    1    1, 256    1    1,"<unnamed>::pack_face_z(const double *, double *, int, int, int, int, int)"
5096712588,8690,5096721278,2801,5096724079,27136,38627,122,122,4,cudaLaunchKernel,   4   32   32,  32    4    4,"<unnamed>::step_kernel_interior(const double *, const double *, double *, const double *, const double *, int, int, int, int, int, int, int, double, double)"
5096716774,10232,5096727006,1309,5096728315,27072,38613,123,123,5,cudaLaunchKernel,   4   32   32,  32    4    4,"<unnamed>::step_kernel_interior(const double *, const double *, double *, const double *, const double *, int, int, int, int, int, int, int, double, double)"
5096718227,14111,,,5096731335,27839,40947,130,130,7,cudaLaunchKernel,   4   32   32,  32    4    4,"<unnamed>::step_kernel_interior(const double *, const double *, double *, const double *, const double *, int, int, int, int, int, int, int, double, double)"
5096783006,11371,,,5096792885,1536,11415,120,120,2,cudaLaunchKernel,  64    1    1, 256    1    1,"<unnamed>::unpack_face_x(const double *, double *, int, int, int, int, int)"
5096792617,6244,5096798861,2411,5096801272,1536,10191,119,119,1,cudaLaunchKernel,  64    1    1, 256    1    1,"<unnamed>::unpack_face_x(const double *, double *, int, int, int, int, int)"
5096794608,6467,5096801075,2435,5096803510,1504,10406,121,121,3,cudaLaunchKernel,  64    1    1, 256    1    1,"<unnamed>::unpack_face_x(const double *, double *, int, int, int, int, int)"
5096795326,6656,5096801982,2583,5096804565,1536,10775,120,120,2,cudaLaunchKernel,  64    1    1, 256    1    1,"<unnamed>::unpack_face_y(const double *, double *, int, int, int, int, int)"
5096799372,3411,5096802783,3609,5096806392,1504,8524,119,119,1,cudaLaunchKernel,  64    1    1, 256    1    1,"<unnamed>::unpack_face_y(const double *, double *, int, int, int, int, int)"
5096801521,4046,5096805567,3639,5096809206,1472,9157,121,121,3,cudaLaunchKernel,  64    1    1, 256    1    1,"<unnamed>::unpack_face_y(const double *, double *, int, int, int, int, int)"
5096802438,5195,5096807633,3492,5096811125,1568,10255,120,120,2,cudaLaunchKernel,  64    1    1, 256    1    1,"<unnamed>::unpack_face_z(const double *, double *, int, int, int, int, int)"
5096802730,7901,5096810631,2431,5096813062,1536,11868,130,130,7,cudaLaunchKernel,  64    1    1, 256    1    1,"<unnamed>::unpack_face_x(const double *, double *, int, int, int, int, int)"
5096803166,4251,5096807417,2463,5096809880,1696,8410,119,119,1,cudaLaunchKernel,  64    1    1, 256    1    1,"<unnamed>::unpack_face_z(const double *, double *, int, int, int, int, int)"
5096805958,3574,5096809532,2554,5096812086,1632,7760,121,121,3,cudaLaunchKernel,  64    1    1, 256    1    1,"<unnamed>::unpack_face_z(const double *, double *, int, int, int, int, int)"
5096807418,10800,5096818218,1434,5096819652,1632,13866,118,118,0,cudaLaunchKernel,  64    1    1, 256    1    1,"<unnamed>::unpack_face_x(const double *, double *, int, int, int, int, int)"
5096808126,10126,5096818252,832,5096819084,1472,12430,124,124,6,cudaLaunchKernel,  64    1    1, 256    1    1,"<unnamed>::unpack_face_x(const double *, double *, int, int, int, int, int)"
5096808161,4304,5096812465,2663,5096815128,2528,9495,119,119,1,cudaLaunchKernel, 128    1    1, 256    1    1,"<unnamed>::step_kernel_boundary_x_faces(const double *, const double *, double *, const double *, const double *, int, int, int, int, int, int, int, double, double)"
5096808426,4905,5096813331,3041,5096816372,2560,10506,120,120,2,cudaLaunchKernel, 128    1    1, 256    1    1,"<unnamed>::step_kernel_boundary_x_faces(const double *, const double *, double *, const double *, const double *, int, int, int, int, int, int, int, double, double)"
5096810214,7796,,,5096816406,2624,8816,121,121,3,cudaLaunchKernel, 128    1    1, 256    1    1,"<unnamed>::step_kernel_boundary_x_faces(const double *, const double *, double *, const double *, const double *, int, int, int, int, int, int, int, double, double)"
5096811435,10346,5096821781,753,5096822534,1536,12635,130,130,7,cudaLaunchKernel,  64    1    1, 256    1    1,"<unnamed>::unpack_face_y(const double *, double *, int, int, int, int, int)"
5096812803,8765,5096821568,1336,5096822904,2624,12725,119,119,1,cudaLaunchKernel, 126    1    1, 256    1    1,"<unnamed>::step_kernel_boundary_y_faces(const double *, const double *, double *, const double *, const double *, int, int, int, int, int, int, int, double, double)"
5096813704,10818,5096824522,1258,5096825780,2624,14700,120,120,2,cudaLaunchKernel, 126    1    1, 256    1    1,"<unnamed>::step_kernel_boundary_y_faces(const double *, const double *, double *, const double *, const double *, int, int, int, int, int, int, int, double, double)"
5096817663,12256,,,5096828410,1536,12283,123,123,5,cudaLaunchKernel,  64    1    1, 256    1    1,"<unnamed>::unpack_face_x(const double *, double *, int, int, int, int, int)"
5096818945,5511,5096824456,2574,5096827030,2592,10677,121,121,3,cudaLaunchKernel, 126    1    1, 256    1    1,"<unnamed>::step_kernel_boundary_y_faces(const double *, const double *, double *, const double *, const double *, int, int, int, int, int, int, int, double, double)"
5096819233,5496,5096824729,2547,5096827276,1568,9611,124,124,6,cudaLaunchKernel,  64    1    1, 256    1    1,"<unnamed>::unpack_face_y(const double *, double *, int, int, int, int, int)"
5096819313,10445,,,5096827876,1600,10445,118,118,0,cudaLaunchKernel,  64    1    1, 256    1    1,"<unnamed>::unpack_face_y(const double *, double *, int, int, int, int, int)"
5096820788,13053,5096833841,1118,5096834959,1536,15707,122,122,4,cudaLaunchKernel,  64    1    1, 256    1    1,"<unnamed>::unpack_face_x(const double *, double *, int, int, int, int, int)"
5096822441,8552,5096830993,1287,5096832280,5248,15087,119,119,1,cudaLaunchKernel, 125    1    1, 256    1    1,"<unnamed>::step_kernel_boundary_z_faces(const double *, const double *, double *, const double *, const double *, int, int, int, int, int, int, int, double, double)"
5096822677,11964,5096834641,693,5096835334,1568,14225,130,130,7,cudaLaunchKernel,  64    1    1, 256    1    1,"<unnamed>::unpack_face_z(const double *, double *, int, int, int, int, int)"
5096824822,9096,5096833918,1240,5096835158,5568,15904,121,121,3,cudaLaunchKernel, 125    1    1, 256    1    1,"<unnamed>::step_kernel_boundary_z_faces(const double *, const double *, double *, const double *, const double *, int, int, int, int, int, int, int, double, double)"
5096825123,9226,5096834349,1247,5096835596,1760,12233,124,124,6,cudaLaunchKernel,  64    1    1, 256    1    1,"<unnamed>::unpack_face_z(const double *, double *, int, int, int, int, int)"
5096825365,9752,5096835117,1639,5096836756,5792,17183,120,120,2,cudaLaunchKernel, 125    1    1, 256    1    1,"<unnamed>::step_kernel_boundary_z_faces(const double *, const double *, double *, const double *, const double *, int, int, int, int, int, int, int, double, double)"
5096830695,7213,5096837908,2288,5096840196,1632,11133,118,118,0,cudaLaunchKernel,  64    1    1, 256    1    1,"<unnamed>::unpack_face_z(const double *, double *, int, int, int, int, int)"
5096830959,7857,5096838816,1850,5096840666,1504,11211,123,123,5,cudaLaunchKernel,  64    1    1, 256    1    1,"<unnamed>::unpack_face_y(const double *, double *, int, int, int, int, int)"
5096834950,7982,5096842932,1755,5096844687,1504,11241,122,122,4,cudaLaunchKernel,  64    1    1, 256    1    1,"<unnamed>::unpack_face_y(const double *, double *, int, int, int, int, int)"
5096835457,3145,5096838602,3746,5096842348,2495,9386,124,124,6,cudaLaunchKernel, 128    1    1, 256    1    1,"<unnamed>::step_kernel_boundary_x_faces(const double *, const double *, double *, const double *, const double *, int, int, int, int, int, int, int, double, double)"
5096835697,6902,5096842599,2526,5096845125,2624,12052,130,130,7,cudaLaunchKernel, 128    1    1, 256    1    1,"<unnamed>::step_kernel_boundary_x_faces(const double *, const double *, double *, const double *, const double *, int, int, int, int, int, int, int, double, double)"
5096836801,5889,5096842690,2518,5096845208,1536,9943,119,119,1,cudaLaunchKernel,  64    1    1, 256    1    1,"<unnamed>::pack_face_x(const double *, double *, int, int, int, int, int)"
5096838723,5361,5096844084,3728,5096847812,2464,11553,118,118,0,cudaLaunchKernel, 128    1    1, 256    1    1,"<unnamed>::step_kernel_boundary_x_faces(const double *, const double *, double *, const double *, const double *, int, int, int, int, int, int, int, double, double)"
5096838976,4774,5096843750,2629,5096846379,2528,9931,124,124,6,cudaLaunchKernel, 126    1    1, 256    1    1,"<unnamed>::step_kernel_boundary_y_faces(const double *, const double *, double *, const double *, const double *, int, int, int, int, int, int, int, double, double)"
5096839502,4497,5096843999,2647,5096846646,1600,8744,121,121,3,cudaLaunchKernel,  64    1    1, 256    1    1,"<unnamed>::pack_face_x(const double *, double *, int, int, int, int, int)"
5096839544,5895,5096845439,3451,5096848890,1632,10978,123,123,5,cudaLaunchKernel,  64    1    1, 256    1    1,"<unnamed>::unpack_face_z(const double *, double *, int, int, int, int, int)"
5096840935,4962,5096845897,2475,5096848372,1568,9005,120,120,2,cudaLaunchKernel,  64    1    1, 256    1    1,"<unnamed>::pack_face_x(const double *, double *, int, int, int, int, int)"
5096842965,11931,5096854896,2069,5096856965,2752,16752,130,130,7,cudaLaunchKernel, 126    1    1, 256    1    1,"<unnamed>::step_kernel_boundary_y_faces(const double *, const double *, double *, const double *, const double *, int, int, int, int, int, int, int, double, double)"
5096843092,3789,5096846881,2711,5096849592,1664,8164,119,119,1,cudaLaunchKernel,  64    1    1, 256    1    1,"<unnamed>::pack_face_y(const double *, double *, int, int, int, int, int)"
5096843776,10780,5096854556,1874,5096856430,1696,14350,122,122,4,cudaLaunchKernel,  64    1    1, 256    1    1,"<unnamed>::unpack_face_z(const double *, double *, int, int, int, int, int)"
5096844166,3204,5096847370,3713,5096851083,5344,12261,124,124,6,cudaLaunchKernel, 125    1    1, 256    1    1,"<unnamed>::step_kernel_boundary_z_faces(const double *, const double *, double *, const double *, const double *, int, int, int, int, int, int, int, double, double)"
5096844441,10333,5096854774,1037,5096855811,2624,13994,118,118,0,cudaLaunchKernel, 126    1    1, 256    1    1,"<unnamed>::step_kernel_boundary_y_faces(const double *, const double *, double *, const double *, const double *, int, int, int, int, int, int, int, double, double)"
5096844467,6576,5096851043,691,5096851734,1632,8899,121,121,3,cudaLaunchKernel,  64    1    1, 256    1    1,"<unnamed>::pack_face_y(const double *, double *, int, int, int, int, int)"
5096846124,9133,5096855257,1120,5096856377,2496,12749,123,123,5,cudaLaunchKernel, 128    1    1, 256    1    1,"<unnamed>::step_kernel_boundary_x_faces(const double *, const double *, double *, const double *, const double *, int, int, int, int, int, int, int, double, double)"
5096846271,10302,5096856573,1527,5096858100,1696,13525,120,120,2,cudaLaunchKernel,  64    1    1, 256    1    1,"<unnamed>::pack_face_y(const double *, double *, int, int, int, int, int)"
5096847251,8564,5096855815,1169,5096856984,2112,11845,119,119,1,cudaLaunchKernel,  64    1    1, 256    1    1,"<unnamed>::pack_face_z(const double *, double *, int, int, int, int, int)"
5096852219,5773,5096857992,2350,5096860342,2240,10363,121,121,3,cudaLaunchKernel,  64    1    1, 256    1    1,"<unnamed>::pack_face_z(const double *, double *, int, int, int, int, int)"
5096855592,7002,5096862594,2444,5096865038,2528,11974,122,122,4,cudaLaunchKernel, 128    1    1, 256    1    1,"<unnamed>::step_kernel_boundary_x_faces(const double *, const double *, double *, const double *, const double *, int, int, int, int, int, int, int, double, double)"
5096855681,6241,5096861922,2465,5096864387,5472,14178,118,118,0,cudaLaunchKernel, 125    1    1, 256    1    1,"<unnamed>::step_kernel_boundary_z_faces(const double *, const double *, double *, const double *, const double *, int, int, int, int, int, int, int, double, double)"
5096855865,7261,5096863126,2991,5096866117,5376,15628,130,130,7,cudaLaunchKernel, 125    1    1, 256    1    1,"<unnamed>::step_kernel_boundary_z_faces(const double *, const double *, double *, const double *, const double *, int, int, int, int, int, int, int, double, double)"
5096856126,6609,5096862735,1898,5096864633,2656,11163,123,123,5,cudaLaunchKernel, 126    1    1, 256    1    1,"<unnamed>::step_kernel_boundary_y_faces(const double *, const double *, double *, const double *, const double *, int, int, int, int, int, int, int, double, double)"
5096856923,6325,5096863248,2331,5096865579,1536,10192,124,124,6,cudaLaunchKernel,  64    1    1, 256    1    1,"<unnamed>::pack_face_x(const double *, double *, int, int, int, int, int)"
5096856955,5724,5096862679,2977,5096865656,26816,35517,119,119,1,cudaLaunchKernel,   4   32   32,  32    4    4,"<unnamed>::step_kernel_interior(const double *, const double *, double *, const double *, const double *, int, int, int, int, int, int, int, double, double)"
5096857497,9093,5096866590,2326,5096868916,2240,13659,120,120,2,cudaLaunchKernel,  64    1    1, 256    1    1,"<unnamed>::pack_face_z(const double *, double *, int, int, int, int, int)"
5096858606,3504,5096862110,2712,5096864822,26751,32967,121,121,3,cudaLaunchKernel,   4   32   32,  32    4    4,"<unnamed>::step_kernel_interior(const double *, const double *, double *, const double *, const double *, int, int, int, int, int, int, int, double, double)"
5096862956,11074,,,5096872142,2656,11842,122,122,4,cudaLaunchKernel, 126    1    1, 256    1    1,"<unnamed>::step_kernel_boundary_y_faces(const double *, const double *, double *, const double *, const double *, int, int, int, int, int, int, int, double, double)"
5096863115,4151,5096867266,3383,5096870649,5440,12974,123,123,5,cudaLaunchKernel, 125    1    1, 256    1    1,"<unnamed>::step_kernel_boundary_z_faces(const double *, const double *, double *, const double *, const double *, int, int, int, int, int, int, int, double, double)"
5096863613,3880,5096867493,2886,5096870379,1600,8366,124,124,6,cudaLaunchKernel,  64    1    1, 256    1    1,"<unnamed>::pack_face_y(const double *, double *, int, int, int, int, int)"
5096867263,9148,5096876411,1529,5096877940,26783,37460,120,120,2,cudaLaunchKernel,   4   32   32,  32    4    4,"<unnamed>::step_kernel_interior(const double *, const double *, double *, const double *, const double *, int, int, int, int, int, int, int, double, double)"
5096867443,11345,5096878788,1503,5096880291,1504,14352,118,118,0,cudaLaunchKernel,  64    1    1, 256    1    1,"<unnamed>::pack_face_x(const double *, double *, int, int, int, int, int)"
5096867900,8484,5096876384,1323,5096877707,2208,12015,124,124,6,cudaLaunchKernel,  64    1    1, 256    1    1,"<unnamed>::pack_face_z(const double *, double *, int, int, int, int, int)"
5096874773,7614,5096882387,2098,5096884485,1568,11280,130,130,7,cudaLaunchKernel,  64    1    1, 256    1    1,"<unnamed>::pack_face_x(const double *, double *, int, int, int, int, int)"
5096874897,7669,5096882566,2312,5096884878,5216,15197,122,122,4,cudaLaunchKernel, 125    1    1, 256    1    1,"<unnamed>::step_kernel_boundary_z_faces(const double *, const double *, double *, const double *, const double *, int, int, int, int, int, int, int, double, double)"
5096877118,11687,,,5096887065,1536,11687,123,123,5,cudaLaunchKernel,  64    1    1, 256    1    1,"<unnamed>::pack_face_x(const double *, double *, int, int, int, int, int)"
5096877478,4613,5096882091,2880,5096884971,27584,35077,124,124,6,cudaLaunchKernel,   4   32   32,  32    4    4,"<unnamed>::step_kernel_interior(const double *, const double *, double *, const double *, const double *, int, int, int, int, int, int, int, double, double)"
5096879697,4304,5096884001,3938,5096887939,1568,9810,118,118,0,cudaLaunchKernel,  64    1    1, 256    1    1,"<unnamed>::pack_face_y(const double *, double *, int, int, int, int, int)"
5096882773,11224,5096893997,1368,5096895365,1696,14288,130,130,7,cudaLaunchKernel,  64    1    1, 256    1    1,"<unnamed>::pack_face_y(const double *, double *, int, int, int, int, int)"
5096887968,11359,5096899327,452,5096899779,2208,14019,118,118,0,cudaLaunchKernel,  64    1    1, 256    1    1,"<unnamed>::pack_face_z(const double *, double *, int, int, int, int, int)"
5096889791,11797,5096901588,1541,5096903129,1568,14906,123,123,5,cudaLaunchKernel,  64    1    1, 256    1    1,"<unnamed>::pack_face_y(const double *, double *, int, int, int, int, int)"
5096892359,11579,5096903938,1164,5096905102,1504,14247,122,122,4,cudaLaunchKernel,  64    1    1, 256    1    1,"<unnamed>::pack_face_x(const double *, double *, int, int, int, int, int)"
5096898138,8189,5096906327,2254,5096908581,2368,12811,130,130,7,cudaLaunchKernel,  64    1    1, 256    1    1,"<unnamed>::pack_face_z(const double *, double *, int, int, int, int, int)"
5096900467,6414,5096906881,2882,5096909763,26624,35920,118,118,0,cudaLaunchKernel,   4   32   32,  32    4    4,"<unnamed>::step_kernel_interior(const double *, const double *, double *, const double *, const double *, int, int, int, int, int, int, int, double, double)"
5096902504,5817,5096908321,2328,5096910649,2400,10545,123,123,5,cudaLaunchKernel,  64    1    1, 256    1    1,"<unnamed>::pack_face_z(const double *, double *, int, int, int, int, int)"
5096904856,6950,5096911806,2672,5096914478,1504,11126,122,122,4,cudaLaunchKernel,  64    1    1, 256    1    1,"<unnamed>::pack_face_y(const double *, double *, int, int, int, int, int)"
5096907013,6093,5096913106,2707,5096915813,27679,36479,130,130,7,cudaLaunchKernel,   4   32   32,  32    4    4,"<unnamed>::step_kernel_interior(const double *, const double *, double *, const double *, const double *, int, int, int, int, int, int, int, double, double)"
5096908944,4539,5096913483,2702,5096916185,27263,34504,123,123,5,cudaLaunchKernel,   4   32   32,  32    4    4,"<unnamed>::step_kernel_interior(const double *, const double *, double *, const double *, const double *, int, int, int, int, int, int, int, double, double)"
5096912190,4472,5096916662,3448,5096920110,2336,10256,122,122,4,cudaLaunchKernel,  64    1    1, 256    1    1,"<unnamed>::pack_face_z(const double *, double *, int, int, int, int, int)"
5096917345,10228,5096927573,1401,5096928974,26912,38541,122,122,4,cudaLaunchKernel,   4   32   32,  32    4    4,"<unnamed>::step_kernel_interior(const double *, const double *, double *, const double *, const double *, int, int, int, int, int, int, int, double, double)"
5096980980,12856,5096993836,1510,5096995346,1568,15934,120,120,2,cudaLaunchKernel,  64    1    1, 256    1    1,"<unnamed>::unpack_face_x(const double *, double *, int, int, int, int, int)"
5096986577,10480,5096997057,1587,5096998644,1568,13635,121,121,3,cudaLaunchKernel,  64    1    1, 256    1    1,"<unnamed>::unpack_face_x(const double *, double *, int, int, int, int, int)"
5096994770,10463,5097005233,1089,5097006322,1504,13056,120,120,2,cudaLaunchKernel,  64    1    1, 256    1    1,"<unnamed>::unpack_face_y(const double *, double *, int, int, int, int, int)"
5097000930,6629,5097007559,2093,5097009652,1472,10194,121,121,3,cudaLaunchKernel,  64    1    1, 256    1    1,"<unnamed>::unpack_face_y(const double *, double *, int, int, int, int, int)"
5097001103,11262,,,5097011351,1504,11752,119,119,1,cudaLaunchKernel,  64    1    1, 256    1    1,"<unnamed>::unpack_face_x(const double *, double *, int, int, int, int, int)"
5097006168,10509,5097016677,1293,5097017970,1728,13530,120,120,2,cudaLaunchKernel,  64    1    1, 256    1    1,"<unnamed>::unpack_face_z(const double *, double *, int, int, int, int, int)"
5097006521,10382,5097016903,1603,5097018506,1600,13585,124,124,6,cudaLaunchKernel,  64    1    1, 256    1    1,"<unnamed>::unpack_face_x(const double *, double *, int, int, int, int, int)"
5097011450,6907,5097018357,2271,5097020628,1856,11034,121,121,3,cudaLaunchKernel,  64    1    1, 256    1    1,"<unnamed>::unpack_face_z(const double *, double *, int, int, int, int, int)"
5097011794,8455,5097020249,2441,5097022690,1536,12432,118,118,0,cudaLaunchKernel,  64    1    1, 256    1    1,"<unnamed>::unpack_face_x(const double *, double *, int, int, int, int, int)"
5097013430,5961,5097019391,2296,5097021687,1600,9857,119,119,1,cudaLaunchKernel,  64    1    1, 256    1    1,"<unnamed>::unpack_face_y(const double *, double *, int, int, int, int, int)"
5097013581,12666,5097026247,924,5097027171,1696,15286,130,130,7,cudaLaunchKernel,  64    1    1, 256    1    1,"<unnamed>::unpack_face_x(const double *, double *, int, int, int, int, int)"
5097015481,12191,5097027672,1407,5097029079,1568,15166,123,123,5,cudaLaunchKernel,  64    1    1, 256    1    1,"<unnamed>::unpack_face_x(const double *, double *, int, int, int, int, int)"
5097017001,11676,5097028677,1480,5097030157,1504,14660,122,122,4,cudaLaunchKernel,  64    1    1, 256    1    1,"<unnamed>::unpack_face_x(const double *, double *, int, int, int, int, int)"
5097017812,10829,5097028641,1393,5097030034,2528,14750,120,120,2,cudaLaunchKernel, 128    1    1, 256    1    1,"<unnamed>::step_kernel_boundary_x_faces(const double *, const double *, double *, const double *, const double *, int, int, int, int, int, int, int, double, double)"
5097017912,8658,5097026570,2239,5097028809,1568,12465,124,124,6,cudaLaunchKernel,  64    1    1, 256    1    1,"<unnamed>::unpack_face_y(const double *, double *, int, int, int, int, int)"
5097019135,8350,5097027485,823,5097028308,2560,11733,121,121,3,cudaLaunchKernel, 128    1    1, 256    1    1,"<unnamed>::step_kernel_boundary_x_faces(const double *, const double *, double *, const double *, const double *, int, int, int, int, int, int, int, double, double)"
5097019771,8426,5097028197,2194,5097030391,1600,12220,119,119,1,cudaLaunchKernel,  64    1    1, 256    1    1,"<unnamed>::unpack_face_z(const double *, double *, int, int, int, int, int)"
5097023935,11900,5097035835,999,5097036834,1536,14435,118,118,0,cudaLaunchKernel,  64    1    1, 256    1    1,"<unnamed>::unpack_face_y(const double *, double *, int, int, int, int, int)"
5097027197,26056,5097053253,798,5097054051,1664,28518,130,130,7,cudaLaunchKernel,  64    1    1, 256    1    1,"<unnamed>::unpack_face_y(const double *, double *, int, int, int, int, int)"
5097027495,12453,5097039948,1245,5097041193,1696,15394,124,124,6,cudaLaunchKernel,  64    1    1, 256    1    1,"<unnamed>::unpack_face_z(const double *, double *, int, int, int, int, int)"
5097028399,12452,5097040851,1025,5097041876,2656,16133,121,121,3,cudaLaunchKernel, 126    1    1, 256    1    1,"<unnamed>::step_kernel_boundary_y_faces(const double *, const double *, double *, const double *, const double *, int, int, int, int, int, int, int, double, double)"
5097028563,22139,5097050702,905,5097051607,1664,24708,123,123,5,cudaLaunchKernel,  64    1    1, 256    1    1,"<unnamed>::unpack_face_y(const double *, double *, int, int, int, int, int)"
5097029329,20554,,,5097048503,2400,21574,119,119,1,cudaLaunchKernel, 128    1    1, 256    1    1,"<unnamed>::step_kernel_boundary_x_faces(const double *, const double *, double *, const double *, const double *, int, int, int, int, int, int, int, double, double)"
5097029519,14667,5097044186,1112,5097045298,2560,18339,120,120,2,cudaLaunchKernel, 126    1    1, 256    1    1,"<unnamed>::step_kernel_boundary_y_faces(const double *, const double *, double *, const double *, const double *, int, int, int, int, int, int, int, double, double)"
5097029635,14461,5097044096,1069,5097045165,1536,17066,122,122,4,cudaLaunchKernel,  64    1    1, 256    1    1,"<unnamed>::unpack_face_y(const double *, double *, int, int, int, int, int)"
5097036799,15923,5097052722,1360,5097054082,1632,18915,118,118,0,cudaLaunchKernel,  64    1    1, 256    1    1,"<unnamed>::unpack_face_z(const double *, double *, int, int, int, int, int)"
5097041101,11567,5097052668,1069,5097053737,2528,15164,124,124,6,cudaLaunchKernel, 128    1    1, 256    1    1,"<unnamed>::step_kernel_boundary_x_faces(const double *, const double *, double *, const double *, const double *, int, int, int, int, int, int, int, double, double)"
5097041727,12964,5097054691,1521,5097056212,5312,19797,121,121,3,cudaLaunchKernel, 125    1    1, 256    1    1,"<unnamed>::step_kernel_boundary_z_faces(const double *, const double *, double *, const double *, const double *, int, int, int, int, int, int, int, double, double)"
5097045026,9992,5097055018,1347,5097056365,1600,12939,122,122,4,cudaLaunchKernel,  64    1    1, 256    1    1,"<unnamed>::unpack_face_z(const double *, double *, int, int, int, int, int)"
5097045051,10503,5097055554,1359,5097056913,5504,17366,120,120,2,cudaLaunchKernel, 125    1    1, 256    1    1,"<unnamed>::step_kernel_boundary_z_faces(const double *, const double *, double *, const double *, const double *, int, int, int, int, int, int, int, double, double)"
5097050842,5879,5097056721,2310,5097059031,2592,10781,119,119,1,cudaLaunchKernel, 126    1    1, 256    1    1,"<unnamed>::step_kernel_boundary_y_faces(const double *, const double *, double *, const double *, const double *, int, int, int, int, int, int, int, double, double)"
5097051908,11207,5097063115,1292,5097064407,1696,14195,123,123,5,cudaLaunchKernel,  64    1    1, 256    1    1,"<unnamed>::unpack_face_z(const double *, double *, int, int, int, int, int)"
5097053562,9079,5097062641,1176,5097063817,2592,12847,124,124,6,cudaLaunchKernel, 126    1    1, 256    1    1,"<unnamed>::step_kernel_boundary_y_faces(const double *, const double *, double *, const double *, const double *, int, int, int, int, int, int, int, double, double)"
5097053836,10689,5097064525,1205,5097065730,2496,14390,118,118,0,cudaLaunchKernel, 128    1    1, 256    1    1,"<unnamed>::step_kernel_boundary_x_faces(const double *, const double *, double *, const double *, const double *, int, int, int, int, int, int, int, double, double)"
5097054150,11016,5097065166,917,5097066083,1600,13533,130,130,7,cudaLaunchKernel,  64    1    1, 256    1    1,"<unnamed>::unpack_face_z(const double *, double *, int, int, int, int, int)"
5097056077,14064,,,5097068333,2656,14912,122,122,4,cudaLaunchKernel, 128    1    1, 256    1    1,"<unnamed>::step_kernel_boundary_x_faces(const double *, const double *, double *, const double *, const double *, int, int, int, int, int, int, int, double, double)"
5097060671,11146,5097071817,1422,5097073239,5312,17880,119,119,1,cudaLaunchKernel, 125    1    1, 256    1    1,"<unnamed>::step_kernel_boundary_z_faces(const double *, const double *, double *, const double *, const double *, int, int, int, int, int, int, int, double, double)"
5097063520,9271,5097072791,1266,5097074057,5440,15977,124,124,6,cudaLaunchKernel, 125    1    1, 256    1    1,"<unnamed>::step_kernel_boundary_z_faces(const double *, const double *, double *, const double *, const double *, int, int, int, int, int, int, int, double, double)"
5097064213,12335,5097076548,1235,5097077783,2560,16130,123,123,5,cudaLaunchKernel, 128    1    1, 256    1    1,"<unnamed>::step_kernel_boundary_x_faces(const double *, const double *, double *, const double *, const double *, int, int, int, int, int, int, int, double, double)"
5097064523,9572,5097074095,1412,5097075507,1536,12520,121,121,3,cudaLaunchKernel,  64    1    1, 256    1    1,"<unnamed>::pack_face_x(const double *, double *, int, int, int, int, int)"
5097065872,11095,5097076967,1642,5097078609,1568,14305,120,120,2,cudaLaunchKernel,  64    1    1, 256    1    1,"<unnamed>::pack_face_x(const double *, double *, int, int, int, int, int)"
5097068389,7749,5097076138,2104,5097078242,2496,12349,118,118,0,cudaLaunchKernel, 126    1    1, 256    1    1,"<unnamed>::step_kernel_boundary_y_faces(const double *, const double *, double *, const double *, const double *, int, int, int, int, int, int, int, double, double)"
5097069518,8964,5097078482,2001,5097080483,2528,13493,130,130,7,cudaLaunchKernel, 128    1    1, 256    1    1,"<unnamed>::step_kernel_boundary_x_faces(const double *, const double *, double *, const double *, const double *, int, int, int, int, int, int, int, double, double)"
5097071153,6548,5097077701,2056,5097079757,2624,11228,122,122,4,cudaLaunchKernel, 126    1    1, 256    1    1,"<unnamed>::step_kernel_boundary_y_faces(const double *, const double *, double *, const double *, const double *, int, int, int, int, int, int, int, double, double)"
5097075080,4332,5097079412,2495,5097081907,1568,8395,121,121,3,cudaLaunchKernel,  64    1    1, 256    1    1,"<unnamed>::pack_face_y(const double *, double *, int, int, int, int, int)"
5097076646,6124,5097082770,3728,5097086498,5536,15388,118,118,0,cudaLaunchKernel, 125    1    1, 256    1    1,"<unnamed>::step_kernel_boundary_z_faces(const double *, const double *, double *, const double *, const double *, int, int, int, int, int, int, int, double, double)"
5097077399,5783,5097083182,3241,5097086423,2592,11616,123,123,5,cudaLaunchKernel, 126    1    1, 256    1    1,"<unnamed>::step_kernel_boundary_y_faces(const double *, const double *, double *, const double *, const double *, int, int, int, int, int, int, int, double, double)"
5097077881,5184,5097083065,2680,5097085745,1696,9560,120,120,2,cudaLaunchKernel,  64    1    1, 256    1    1,"<unnamed>::pack_face_y(const double *, double *, int, int, int, int, int)"
5097078078,4792,5097082870,3703,5097086573,5344,13839,122,122,4,cudaLaunchKernel, 125    1    1, 256    1    1,"<unnamed>::step_kernel_boundary_z_faces(const double *, const double *, double *, const double *, const double *, int, int, int, int, int, int, int, double, double)"
5097078675,5265,5097083940,2707,5097086647,1600,9572,119,119,1,cudaLaunchKernel,  64    1    1, 256    1    1,"<unnamed>::pack_face_x(const double *, double *, int, int, int, int, int)"
5097078842,10093,5097088935,1404,5097090339,2688,14185,130,130,7,cudaLaunchKernel, 126    1    1, 256    1    1,"<unnamed>::step_kernel_boundary_y_faces(const double *, const double *, double *, const double *, const double *, int, int, int, int, int, int, int, double, double)"
5097079694,7891,,,5097086761,1440,8507,124,124,6,cudaLaunchKernel,  64    1    1, 256    1    1,"<unnamed>::pack_face_x(const double *, double *, int, int, int, int, int)"
5097079798,3320,5097083118,3589,5097086707,2400,9309,121,121,3,cudaLaunchKernel,  64    1    1, 256    1    1,"<unnamed>::pack_face_z(const double *, double *, int, int, int, int, int)"
5097083468,9839,5097093307,1238,5097094545,2368,13445,120,120,2,cudaLaunchKernel,  64    1    1, 256    1    1,"<unnamed>::pack_face_z(const double *, double *, int, int, int, int, int)"
5097086925,10436,,,5097096823,5344,15242,123,123,5,cudaLaunchKernel, 125    1    1, 256    1    1,"<unnamed>::step_kernel_boundary_z_faces(const double *, const double *, double *, const double *, const double *, int, int, int, int, int, int, int, double, double)"
5097087179,6568,5097093747,2336,5097096083,27776,36680,121,121,3,cudaLaunchKernel,   4   32   32,  32    4    4,"<unnamed>::step_kernel_interior(const double *, const double *, double *, const double *, const double *, int, int, int, int, int, int, int, double, double)"
5097087813,7008,5097094821,2098,5097096919,1599,10705,119,119,1,cudaLaunchKernel,  64    1    1, 256    1    1,"<unnamed>::pack_face_y(const double *, double *, int, int, int, int, int)"
5097088661,9902,,,5097097257,1632,10228,124,124,6,cudaLaunchKernel,  64    1    1, 256    1    1,"<unnamed>::pack_face_y(const double *, double *, int, int, int, int, int)"
5097089817,12482,5097102299,1191,5097103490,5376,19049,130,130,7,cudaLaunchKernel, 125    1    1, 256    1    1,"<unnamed>::step_kernel_boundary_z_faces(const double *, const double *, double *, const double *, const double *, int, int, int, int, int, int, int, double, double)"
5097092355,10251,5097102606,1364,5097103970,1503,13118,118,118,0,cudaLaunchKernel,  64    1    1, 256    1    1,"<unnamed>::pack_face_x(const double *, double *, int, int, int, int, int)"
5097093521,11489,5097105010,1211,5097106221,1440,14140,122,122,4,cudaLaunchKernel,  64    1    1, 256    1    1,"<unnamed>::pack_face_x(const double *, double *, int, int, int, int, int)"
5097094451,9919,5097104370,1535,5097105905,27072,38526,120,120,2,cudaLaunchKernel,   4   32   32,  32    4    4,"<unnamed>::step_kernel_interior(const double *, const double *, double *, const double *, const double *, int, int, int, int, int, int, int, double, double)"
5097095323,9431,5097104754,1700,5097106454,2208,13339,119,119,1,cudaLaunchKernel,  64    1    1, 256    1    1,"<unnamed>::pack_face_z(const double *, double *, int, int, int, int, int)"
5097099654,9585,,,5097107977,2272,10595,124,124,6,cudaLaunchKernel,  64    1    1, 256    1    1,"<unnamed>::pack_face_z(const double *, double *, int, int, int, int, int)"
5097103536,9940,5097113476,1469,5097114945,1568,12977,118,118,0,cudaLaunchKernel,  64    1    1, 256    1    1,"<unnamed>::pack_face_y(const double *, double *, int, int, int, int, int)"
5097108585,14311,5097122896,1350,5097124246,1440,17101,123,123,5,cudaLaunchKernel,  64    1    1, 256    1    1,"<unnamed>::pack_face_x(const double *, double *, int, int, int, int, int)"
5097108863,10117,,,5097118102,26848,36087,119,119,1,cudaLaunchKernel,   4   32   32,  32    4    4,"<unnamed>::step_kernel_interior(const double *, const double *, double *, const double *, const double *, int, int, int, int, int, int, int, double, double)"
5097109207,11326,5097120533,536,5097121069,1696,13558,122,122,4,cudaLaunchKernel,  64    1    1, 256    1    1,"<unnamed>::pack_face_y(const double *, double *, int, int, int, int, int)"
5097110565,10061,5097120626,1302,5097121928,27040,38403,124,124,6,cudaLaunchKernel,   4   32   32,  32    4    4,"<unnamed>::step_kernel_interior(const double *, const double *, double *, const double *, const double *, int, int, int, int, int, int, int, double, double)"
5097112721,11318,5097124039,1275,5097125314,1472,14065,130,130,7,cudaLaunchKernel,  64    1    1, 256    1    1,"<unnamed>::pack_face_x(const double *, double *, int, int, int, int, int)"
5097114364,14555,5097128919,746,5097129665,2336,17637,118,118,0,cudaLaunchKernel,  64    1    1, 256    1    1,"<unnamed>::pack_face_z(const double *, double *, int, int, int, int, int)"
5097121438,11169,5097132607,1230,5097133837,2304,14703,122,122,4,cudaLaunchKernel,  64    1    1, 256    1    1,"<unnamed>::pack_face_z(const double *, double *, int, int, int, int, int)"
5097123803,13868,,,5097137078,1632,14907,123,123,5,cudaLaunchKernel,  64    1    1, 256    1    1,"<unnamed>::pack_face_y(const double *, double *, int, int, int, int, int)"
5097128003,7208,5097135211,2103,5097137314,1536,10847,130,130,7,cudaLaunchKernel,  64    1    1, 256    1    1,"<unnamed>::pack_face_y(const double *, double *, int, int, int, int, int)"
5097130050,10885,5097140935,1370,5097142305,27200,39455,118,118,0,cudaLaunchKernel,   4   32   32,  32    4    4,"<unnamed>::step_kernel_interior(const double *, const double *, double *, const double *, const double *, int, int, int, int, int, int, int, double, double)"
5097133659,11386,5097145045,1400,5097146445,27167,39953,122,122,4,cudaLaunchKernel,   4   32   32,  32    4    4,"<unnamed>::step_kernel_interior(const double *, const double *, double *, const double *, const double *, int, int, int, int, int, int, int, double, double)"
5097138311,8982,5097147293,1957,5097149250,2368,13307,130,130,7,cudaLaunchKernel,  64    1    1, 256    1    1,"<unnamed>::pack_face_z(const double *, double *, int, int, int, int, int)"
5097139641,9054,5097148695,2399,5097151094,2272,13725,123,123,5,cudaLaunchKernel,  64    1    1, 256    1    1,"<unnamed>::pack_face_z(const double *, double *, int, int, int, int, int)"
5097148161,9740,5097157901,1429,5097159330,26975,38144,130,130,7,cudaLaunchKernel,   4   32   32,  32    4    4,"<unnamed>::step_kernel_interior(const double *, const double *, double *, const double *, const double *, int, int, int, int, int, int, int, double, double)"
5097149359,11504,5097160863,1623,5097162486,26880,40007,123,123,5,cudaLaunchKernel,   4   32   32,  32    4    4,"<unnamed>::step_kernel_interior(const double *, const double *, double *, const double *, const double *, int, int, int, int, int, int, int, double, double)"
5097195094,7035,5097202129,2399,5097204528,1472,10906,120,120,2,cudaLaunchKernel,  64    1    1, 256    1    1,"<unnamed>::unpack_face_x(const double *, double *, int, int, int, int, int)"
5097202537,11175,5097213712,1695,5097215407,1472,14342,120,120,2,cudaLaunchKernel,  64    1    1, 256    1    1,"<unnamed>::unpack_face_y(const double *, double *, int, int, int, int, int)"
5097207919,12033,5097219952,1425,5097221377,1536,14994,118,118,0,cudaLaunchKernel,  64    1    1, 256    1    1,"<unnamed>::unpack_face_x(const double *, double *, int, int, int, int, int)"
5097213023,9953,5097222976,1394,5097224370,1632,12979,121,121,3,cudaLaunchKernel,  64    1    1, 256    1    1,"<unnamed>::unpack_face_x(const double *, double *, int, int, int, int, int)"
5097217516,5845,5097223361,2630,5097225991,1600,10075,124,124,6,cudaLaunchKernel,  64    1    1, 256    1    1,"<unnamed>::unpack_face_x(const double *, double *, int, int, int, int, int)"
5097217803,12034,5097229837,1026,5097230863,1568,14628,120,120,2,cudaLaunchKernel,  64    1    1, 256    1    1,"<unnamed>::unpack_face_z(const double *, double *, int, int, int, int, int)"
5097218241,10059,,,5097227030,1440,10229,119,119,1,cudaLaunchKernel,  64    1    1, 256    1    1,"<unnamed>::unpack_face_x(const double *, double *, int, int, int, int, int)"
5097220903,11618,5097232521,1559,5097234080,1536,14713,118,118,0,cudaLaunchKernel,  64    1    1, 256    1    1,"<unnamed>::unpack_face_y(const double *, double *, int, int, int, int, int)"
5097222651,11122,5097233773,1727,5097235500,1504,14353,122,122,4,cudaLaunchKernel,  64    1    1, 256    1    1,"<unnamed>::unpack_face_x(const double *, double *, int, int, int, int, int)"
5097226913,8683,5097235596,443,5097236039,1568,10694,124,124,6,cudaLaunchKernel,  64    1    1, 256    1    1,"<unnamed>::unpack_face_y(const double *, double *, int, int, int, int, int)"
5097227063,8650,5097235713,17,5097235730,1472,10139,121,121,3,cudaLaunchKernel,  64    1    1, 256    1    1,"<unnamed>::unpack_face_y(const double *, double *, int, int, int, int, int)"
5097228484,12525,5097241009,1488,5097242497,1472,15485,130,130,7,cudaLaunchKernel,  64    1    1, 256    1    1,"<unnamed>::unpack_face_x(const double *, double *, int, int, int, int, int)"
5097229438,10234,5097239672,1630,5097241302,1632,13496,119,119,1,cudaLaunchKernel,  64    1    1, 256    1    1,"<unnamed>::unpack_face_y(const double *, double *, int, int, int, int, int)"
5097230936,11994,5097242930,1021,5097243951,2432,15447,120,120,2,cudaLaunchKernel, 128    1    1, 256    1    1,"<unnamed>::step_kernel_boundary_x_faces(const double *, const double *, double *, const double *, const double *, int, int, int, int, int, int, int, double, double)"
5097230996,11681,5097242677,832,5097243509,1472,13985,123,123,5,cudaLaunchKernel,  64    1    1, 256    1    1,"<unnamed>::unpack_face_x(const double *, double *, int, int, int, int, int)"
5097236697,11122,,,5097245920,1664,11122,118,118,0,cudaLaunchKernel,  64    1    1, 256    1    1,"<unnamed>::unpack_face_z(const double *, double *, int, int, int, int, int)"
5097237221,5928,5097243149,2181,5097245330,1600,9709,121,121,3,cudaLaunchKernel,  64    1    1, 256    1    1,"<unnamed>::unpack_face_z(const double *, double *, int, int, int, int, int)"
5097237507,6025,5097243532,2203,5097245735,1600,9828,124,124,6,cudaLaunchKernel,  64    1    1, 256    1    1,"<unnamed>::unpack_face_z(const double *, double *, int, int, int, int, int)"
5097238002,12524,5097250526,1550,5097252076,1440,15514,122,122,4,cudaLaunchKernel,  64    1    1, 256    1    1,"<unnamed>::unpack_face_y(const double *, double *, int, int, int, int, int)"
5097240633,10353,5097250986,972,5097251958,1568,12893,119,119,1,cudaLaunchKernel,  64    1    1, 256    1    1,"<unnamed>::unpack_face_z(const double *, double *, int, int, int, int, int)"
5097241958,15352,,,5097256097,1664,15803,130,130,7,cudaLaunchKernel,  64    1    1, 256    1    1,"<unnamed>::unpack_face_y(const double *, double *, int, int, int, int, int)"
5097243811,15739,5097259550,1297,5097260847,2592,19628,120,120,2,cudaLaunchKernel, 126    1    1, 256    1    1,"<unnamed>::step_kernel_boundary_y_faces(const double *, const double *, double *, const double *, const double *, int, int, int, int, int, int, int, double, double)"
5097246734,11897,5097258631,558,5097259189,1440,13895,123,123,5,cudaLaunchKernel,  64    1    1, 256    1    1,"<unnamed>::unpack_face_y(const double *, double *, int, int, int, int, int)"
5097247329,9896,,,5097255634,2528,10833,121,121,3,cudaLaunchKernel, 128    1    1, 256    1    1,"<unnamed>::step_kernel_boundary_x_faces(const double *, const double *, double *, const double *, const double *, int, int, int, int, int, int, int, double, double)"
5097247785,10460,5097258245,386,5097258631,2528,13374,124,124,6,cudaLaunchKernel, 128    1    1, 256    1    1,"<unnamed>::step_kernel_boundary_x_faces(const double *, const double *, double *, const double *, const double *, int, int, int, int, int, int, int, double, double)"
5097248917,10654,5097259571,1197,5097260768,2624,14475,118,118,0,cudaLaunchKernel, 128    1    1, 256    1    1,"<unnamed>::step_kernel_boundary_x_faces(const double *, const double *, double *, const double *, const double *, int, int, int, int, int, int, int, double, double)"
5097251476,10979,5097262455,1013,5097263468,1568,13560,122,122,4,cudaLaunchKernel,  64    1    1, 256    1    1,"<unnamed>::unpack_face_z(const double *, double *, int, int, int, int, int)"
5097252097,9700,5097261797,1105,5097262902,2560,13365,119,119,1,cudaLaunchKernel, 128    1    1, 256    1    1,"<unnamed>::step_kernel_boundary_x_faces(const double *, const double *, double *, const double *, const double *, int, int, int, int, int, int, int, double, double)"
5097258145,5176,5097263321,2553,5097265874,2592,10321,121,121,3,cudaLaunchKernel, 126    1    1, 256    1    1,"<unnamed>::step_kernel_boundary_y_faces(const double *, const double *, double *, const double *, const double *, int, int, int, int, int, int, int, double, double)"
5097258242,6798,5097265040,2320,5097267360,1728,10846,130,130,7,cudaLaunchKernel,  64    1    1, 256    1    1,"<unnamed>::unpack_face_z(const double *, double *, int, int, int, int, int)"
5097259141,5087,5097264228,2563,5097266791,2848,10498,124,124,6,cudaLaunchKernel, 126    1    1, 256    1    1,"<unnamed>::step_kernel_boundary_y_faces(const double *, const double *, double *, const double *, const double *, int, int, int, int, int, int, int, double, double)"
5097259578,5799,5097265377,2388,5097267765,1600,9787,123,123,5,cudaLaunchKernel,  64    1    1, 256    1    1,"<unnamed>::unpack_face_z(const double *, double *, int, int, int, int, int)"
5097260433,6817,5097267250,2909,5097270159,5664,15390,120,120,2,cudaLaunchKernel, 125    1    1, 256    1    1,"<unnamed>::step_kernel_boundary_z_faces(const double *, const double *, double *, const double *, const double *, int, int, int, int, int, int, int, double, double)"
5097260481,6181,5097266662,2618,5097269280,2560,11359,118,118,0,cudaLaunchKernel, 126    1    1, 256    1    1,"<unnamed>::step_kernel_boundary_y_faces(const double *, const double *, double *, const double *, const double *, int, int, int, int, int, int, int, double, double)"
5097262688,4848,5097267536,3813,5097271349,2592,11253,119,119,1,cudaLaunchKernel, 126    1    1, 256    1    1,"<unnamed>::step_kernel_boundary_y_faces(const double *, const double *, double *, const double *, const double *, int, int, int, int, int, int, int, double, double)"
5097263468,9691,,,5097272620,2496,11648,122,122,4,cudaLaunchKernel, 128    1    1, 256    1    1,"<unnamed>::step_kernel_boundary_x_faces(const double *, const double *, double *, const double *, const double *, int, int, int, int, int, int, int, double, double)"
5097263691,3130,5097266821,3853,5097270674,5216,12199,121,121,3,cudaLaunchKernel, 125    1    1, 256    1    1,"<unnamed>::step_kernel_boundary_z_faces(const double *, const double *, double *, const double *, const double *, int, int, int, int, int, int, int, double, double)"
5097264613,3207,5097267820,4123,5097271943,5376,12706,124,124,6,cudaLaunchKernel, 125    1    1, 256    1    1,"<unnamed>::step_kernel_boundary_z_faces(const double *, const double *, double *, const double *, const double *, int, int, int, int, int, int, int, double, double)"
5097265685,8921,,,5097273600,2400,10315,130,130,7,cudaLaunchKernel, 128    1    1, 256    1    1,"<unnamed>::step_kernel_boundary_x_faces(const double *, const double *, double *, const double *, const double *, int, int, int, int, int, int, int, double, double)"
5097266040,8812,5097274852,1297,5097276149,2496,12605,123,123,5,cudaLaunchKernel, 128    1    1, 256    1    1,"<unnamed>::step_kernel_boundary_x_faces(const double *, const double *, double *, const double *, const double *, int, int, int, int, int, int, int, double, double)"
5097267055,9069,5097276124,2404,5097278528,5440,16913,118,118,0,cudaLaunchKernel, 125    1    1, 256    1    1,"<unnamed>::step_kernel_boundary_z_faces(const double *, const double *, double *, const double *, const double *, int, int, int, int, int, int, int, double, double)"
5097267910,8198,5097276108,1449,5097277557,5280,14927,119,119,1,cudaLaunchKernel, 125    1    1, 256    1    1,"<unnamed>::step_kernel_boundary_z_faces(const double *, const double *, double *, const double *, const double *, int, int, int, int, int, int, int, double, double)"
5097274452,12965,5097287417,1139,5097288556,2560,16664,122,122,4,cudaLaunchKernel, 126    1    1, 256    1    1,"<unnamed>::step_kernel_boundary_y_faces(const double *, const double *, double *, const double *, const double *, int, int, int, int, int, int, int, double, double)"
5097275538,11624,5097287162,1126,5097288288,2560,15310,130,130,7,cudaLaunchKernel, 126    1    1, 256    1    1,"<unnamed>::step_kernel_boundary_y_faces(const double *, const double *, double *, const double *, const double *, int, int, int, int, int, int, int, double, double)"
5097275574,10876,5097286450,1247,5097287697,1600,13723,121,121,3,cudaLaunchKernel,  64    1    1, 256    1    1,"<unnamed>::pack_face_x(const double *, double *, int, int, int, int, int)"
5097275722,12899,5097288621,1096,5097289717,2592,16587,123,123,5,cudaLaunchKernel, 126    1    1, 256    1    1,"<unnamed>::step_kernel_boundary_y_faces(const double *, const double *, double *, const double *, const double *, int, int, int, int, int, int, int, double, double)"
5097277063,12414,5097289477,1226,5097290703,1536,15176,120,120,2,cudaLaunchKernel,  64    1    1, 256    1    1,"<unnamed>::pack_face_x(const double *, double *, int, int, int, int, int)"
5097277621,10283,5097287904,1095,5097288999,1600,12978,124,124,6,cudaLaunchKernel,  64    1    1, 256    1    1,"<unnamed>::pack_face_x(const double *, double *, int, int, int, int, int)"
5097286231,10825,5097297056,405,5097297461,1568,12798,119,119,1,cudaLaunchKernel,  64    1    1, 256    1    1,"<unnamed>::pack_face_x(const double *, double *, int, int, int, int, int)"
5097286845,12051,5097298896,1168,5097300064,1696,14915,118,118,0,cudaLaunchKernel,  64    1    1, 256    1    1,"<unnamed>::pack_face_x(const double *, double *, int, int, int, int, int)"
5097287387,8899,5097296286,403,5097296689,1568,10870,121,121,3,cudaLaunchKernel,  64    1    1, 256    1    1,"<unnamed>::pack_face_y(const double *, double *, int, int, int, int, int)"
5097288018,10824,5097298842,1446,5097300288,5440,17710,130,130,7,cudaLaunchKernel, 125    1    1, 256    1    1,"<unnamed>::step_kernel_boundary_z_faces(const double *, const double *, double *, const double *, const double *, int, int, int, int, int, int, int, double, double)"
5097288336,11395,5097299731,1368,5097301099,5280,18043,122,122,4,cudaLaunchKernel, 125    1    1, 256    1    1,"<unnamed>::step_kernel_boundary_z_faces(const double *, const double *, double *, const double *, const double *, int, int, int, int, int, int, int, double, double)"
5097288851,9045,5097297896,1214,5097299110,1600,11859,124,124,6,cudaLaunchKernel,  64    1    1, 256    1    1,"<unnamed>::pack_face_y(const double *, double *, int, int, int, int, int)"
5097289459,11367,5097300826,1402,5097302228,5632,18401,123,123,5,cudaLaunchKernel, 125    1    1, 256    1    1,"<unnamed>::step_kernel_boundary_z_faces(const double *, const double *, double *, const double *, const double *, int, int, int, int, int, int, int, double, double)"
5097290423,11243,5097301666,1484,5097303150,1568,14295,120,120,2,cudaLaunchKernel,  64    1    1, 256    1    1,"<unnamed>::pack_face_y(const double *, double *, int, int, int, int, int)"
5097297257,5555,5097302812,2421,5097305233,2176,10152,121,121,3,cudaLaunchKernel,  64    1    1, 256    1    1,"<unnamed>::pack_face_z(const double *, double *, int, int, int, int, int)"
5097298025,5365,5097303390,2615,5097306005,1568,9548,119,119,1,cudaLaunchKernel,  64    1    1, 256    1    1,"<unnamed>::pack_face_y(const double *, double *, int, int, int, int, int)"
5097298815,4725,5097303540,2514,5097306054,2336,9575,124,124,6,cudaLaunchKernel,  64    1    1, 256    1    1,"<unnamed>::pack_face_z(const double *, double *, int, int, int, int, int)"
5097299842,10885,5097310727,377,5097311104,1632,12894,118,118,0,cudaLaunchKernel,  64    1    1, 256    1    1,"<unnamed>::pack_face_y(const double *, double *, int, int, int, int, int)"
5097302611,9615,5097312226,1228,5097313454,2144,12987,120,120,2,cudaLaunchKernel,  64    1    1, 256    1    1,"<unnamed>::pack_face_z(const double *, double *, int, int, int, int, int)"
5097303484,8083,5097311567,962,5097312529,27904,36949,121,121,3,cudaLaunchKernel,   4   32   32,  32    4    4,"<unnamed>::step_kernel_interior(const double *, const double *, double *, const double *, const double *, int, int, int, int, int, int, int, double, double)"
5097303752,8227,5097311979,1578,5097313557,2368,12173,119,119,1,cudaLaunchKernel,  64    1    1, 256    1    1,"<unnamed>::pack_face_z(const double *, double *, int, int, int, int, int)"
5097304289,9110,5097313399,1295,5097314694,27104,37509,124,124,6,cudaLaunchKernel,   4   32   32,  32    4    4,"<unnamed>::step_kernel_interior(const double *, const double *, double *, const double *, const double *, int, int, int, int, int, int, int, double, double)"
5097304684,16404,,,5097317856,1568,16404,130,130,7,cudaLaunchKernel,  64    1    1, 256    1    1,"<unnamed>::pack_face_x(const double *, double *, int, int, int, int, int)"
5097305504,17096,,,5097318379,1600,17096,122,122,4,cudaLaunchKernel,  64    1    1, 256    1    1,"<unnamed>::pack_face_x(const double *, double *, int, int, int, int, int)"
5097311237,14745,5097325982,1174,5097327156,1472,17391,123,123,5,cudaLaunchKernel,  64    1    1, 256    1    1,"<unnamed>::pack_face_x(const double *, double *, int, int, int, int, int)"
5097311833,12786,5097324619,981,5097325600,2240,16007,118,118,0,cudaLaunchKernel,  64    1    1, 256    1    1,"<unnamed>::pack_face_z(const double *, double *, int, int, int, int, int)"
5097313048,12311,5097325359,1158,5097326517,26912,40381,119,119,1,cudaLaunchKernel,   4   32   32,  32    4    4,"<unnamed>::step_kernel_interior(const double *, const double *, double *, const double *, const double *, int, int, int, int, int, int, int, double, double)"
5097313363,12493,5097325856,1454,5097327310,27968,41915,120,120,2,cudaLaunchKernel,   4   32   32,  32    4    4,"<unnamed>::step_kernel_interior(const double *, const double *, double *, const double *, const double *, int, int, int, int, int, int, int, double, double)"
5097322575,12082,,,5097333056,1568,12082,130,130,7,cudaLaunchKernel,  64    1    1, 256    1    1,"<unnamed>::pack_face_y(const double *, double *, int, int, int, int, int)"
5097323785,10974,,,5097333579,1600,11394,122,122,4,cudaLaunchKernel,  64    1    1, 256    1    1,"<unnamed>::pack_face_y(const double *, double *, int, int, int, int, int)"
5097325769,10662,5097336431,1649,5097338080,27071,39382,118,118,0,cudaLaunchKernel,   4   32   32,  32    4    4,"<unnamed>::step_kernel_interior(const double *, const double *, double *, const double *, const double *, int, int, int, int, int, int, int, double, double)"
5097326907,11252,5097338159,1029,5097339188,1696,13977,123,123,5,cudaLaunchKernel,  64    1    1, 256    1    1,"<unnamed>::pack_face_y(const double *, double *, int, int, int, int, int)"
5097335569,12220,,,5097345568,2176,12220,130,130,7,cudaLaunchKernel,  64    1    1, 256    1    1,"<unnamed>::pack_face_z(const double *, double *, int, int, int, int, int)"
5097335915,6862,5097342777,2066,5097344843,2272,11200,122,122,4,cudaLaunchKernel,  64    1    1, 256    1    1,"<unnamed>::pack_face_z(const double *, double *, int, int, int, int, int)"
5097339080,11540,5097350620,952,5097351572,2176,14668,123,123,5,cudaLaunchKernel,  64    1    1, 256    1    1,"<unnamed>::pack_face_z(const double *, double *, int, int, int, int, int)"
5097346828,9909,5097356737,2346,5097359083,27200,39455,122,122,4,cudaLaunchKernel,   4   32   32,  32    4    4,"<unnamed>::step_kernel_interior(const double *, const double *, double *, const double *, const double *, int, int, int, int, int, int, int, double, double)"
5097348867,7044,5097355911,2712,5097358623,27168,36924,130,130,7,cudaLaunchKernel,   4   32   32,  32    4    4,"<unnamed>::step_kernel_interior(const double *, const double *, double *, const double *, const double *, int, int, int, int, int, int, int, double, double)"
5097351721,6580,5097358301,2519,5097360820,26975,36074,123,123,5,cudaLaunchKernel,   4   32   32,  32    4    4,"<unnamed>::step_kernel_interior(const double *, const double *, double *, const double *, const double *, int, int, int, int, int, int, int, double, double)"
5097412787,11995,5097424782,1407,5097426189,1536,14938,120,120,2,cudaLaunchKernel,  64    1    1, 256    1    1,"<unnamed>::unpack_face_x(const double *, double *, int, int, int, int, int)"
5097425700,10628,5097436328,357,5097436685,1440,12425,120,120,2,cudaLaunchKernel,  64    1    1, 256    1    1,"<unnamed>::unpack_face_y(const double *, double *, int, int, int, int, int)"
5097429234,10048,5097439282,1630,5097440912,1504,13182,121,121,3,cudaLaunchKernel,  64    1    1, 256    1    1,"<unnamed>::unpack_face_x(const double *, double *, int, int, int, int, int)"
5097433804,6451,5097440255,2470,5097442725,1472,10393,124,124,6,cudaLaunchKernel,  64    1    1, 256    1    1,"<unnamed>::unpack_face_x(const double *, double *, int, int, int, int, int)"
5097434180,7578,5097441758,2561,5097444319,1504,11643,118,118,0,cudaLaunchKernel,  64    1    1, 256    1    1,"<unnamed>::unpack_face_x(const double *, double *, int, int, int, int, int)"
5097436422,6189,5097442611,2433,5097445044,1504,10126,119,119,1,cudaLaunchKernel,  64    1    1, 256    1    1,"<unnamed>::unpack_face_x(const double *, double *, int, int, int, int, int)"
5097437220,12453,,,5097447597,1728,12453,120,120,2,cudaLaunchKernel,  64    1    1, 256    1    1,"<unnamed>::unpack_face_z(const double *, double *, int, int, int, int, int)"
5097439431,12491,5097451922,1420,5097453342,1568,15479,130,130,7,cudaLaunchKernel,  64    1    1, 256    1    1,"<unnamed>::unpack_face_x(const double *, double *, int, int, int, int, int)"
5097440220,8509,,,5097447920,1600,9300,121,121,3,cudaLaunchKernel,  64    1    1, 256    1    1,"<unnamed>::unpack_face_y(const double *, double *, int, int, int, int, int)"
5097440867,8006,,,5097448261,1696,9090,124,124,6,cudaLaunchKernel,  64    1    1, 256    1    1,"<unnamed>::unpack_face_y(const double *, double *, int, int, int, int, int)"
5097442177,9719,5097451896,1095,5097452991,1536,12350,118,118,0,cudaLaunchKernel,  64    1    1, 256    1    1,"<unnamed>::unpack_face_y(const double *, double *, int, int, int, int, int)"
5097442211,12196,5097454407,1283,5097455690,1600,15079,122,122,4,cudaLaunchKernel,  64    1    1, 256    1    1,"<unnamed>::unpack_face_x(const double *, double *, int, int, int, int, int)"
5097443053,8856,5097451909,943,5097452852,1536,11335,119,119,1,cudaLaunchKernel,  64    1    1, 256    1    1,"<unnamed>::unpack_face_y(const double *, double *, int, int, int, int, int)"
5097447512,8922,5097456434,2561,5097458995,1472,12955,123,123,5,cudaLaunchKernel,  64    1    1, 256    1    1,"<unnamed>::unpack_face_x(const double *, double *, int, int, int, int, int)"
5097449665,6047,5097455712,2320,5097458032,1664,10031,121,121,3,cudaLaunchKernel,  64    1    1, 256    1    1,"<unnamed>::unpack_face_z(const double *, double *, int, int, int, int, int)"
5097449782,5347,5097455129,2476,5097457605,1600,9423,124,124,6,cudaLaunchKernel,  64    1    1, 256    1    1,"<unnamed>::unpack_face_z(const double *, double *, int, int, int, int, int)"
5097450786,6927,5097457713,2555,5097460268,2528,12010,120,120,2,cudaLaunchKernel, 128    1    1, 256    1    1,"<unnamed>::step_kernel_boundary_x_faces(const double *, const double *, double *, const double *, const double *, int, int, int, int, int, int, int, double, double)"
5097452846,5742,5097458588,2584,5097461172,1568,9894,119,119,1,cudaLaunchKernel,  64    1    1, 256    1    1,"<unnamed>::unpack_face_z(const double *, double *, int, int, int, int, int)"
5097452855,10981,,,5097461919,1664,10981,118,118,0,cudaLaunchKernel,  64    1    1, 256    1    1,"<unnamed>::unpack_face_z(const double *, double *, int, int, int, int, int)"
5097452873,5941,5097458814,2368,5097461182,1504,9813,130,130,7,cudaLaunchKernel,  64    1    1, 256    1    1,"<unnamed>::unpack_face_y(const double *, double *, int, int, int, int, int)"
5097455377,11404,5097466781,1037,5097467818,1536,13977,122,122,4,cudaLaunchKernel,  64    1    1, 256    1    1,"<unnamed>::unpack_face_y(const double *, double *, int, int, int, int, int)"
5097455871,3038,5097458909,3816,5097462725,2560,9414,124,124,6,cudaLaunchKernel, 128    1    1, 256    1    1,"<unnamed>::step_kernel_boundary_x_faces(const double *, const double *, double *, const double *, const double *, int, int, int, int, int, int, int, double, double)"
5097456342,6117,5097462459,981,5097463440,2656,9754,121,121,3,cudaLaunchKernel, 128    1    1, 256    1    1,"<unnamed>::step_kernel_boundary_x_faces(const double *, const double *, double *, const double *, const double *, int, int, int, int, int, int, int, double, double)"
5097457028,10622,5097467650,1041,5097468691,1535,13198,123,123,5,cudaLaunchKernel,  64    1    1, 256    1    1,"<unnamed>::unpack_face_y(const double *, double *, int, int, int, int, int)"
5097458149,10074,5097468223,1453,5097469676,2688,14215,120,120,2,cudaLaunchKernel, 126    1    1, 256    1    1,"<unnamed>::step_kernel_boundary_y_faces(const double *, const double *, double *, const double *, const double *, int, int, int, int, int, int, int, double, double)"
5097459196,11671,5097470867,1707,5097472574,1600,14978,130,130,7,cudaLaunchKernel,  64    1    1, 256    1    1,"<unnamed>::unpack_face_z(const double *, double *, int, int, int, int, int)"
5097459279,9900,5097469179,1578,5097470757,2527,14005,124,124,6,cudaLaunchKernel, 126    1    1, 256    1    1,"<unnamed>::step_kernel_boundary_y_faces(const double *, const double *, double *, const double *, const double *, int, int, int, int, int, int, int, double, double)"
5097459286,9210,5097468496,1348,5097469844,2496,13054,119,119,1,cudaLaunchKernel, 128    1    1, 256    1    1,"<unnamed>::step_kernel_boundary_x_faces(const double *, const double *, double *, const double *, const double *, int, int, int, int, int, int, int, double, double)"
5097463628,6354,5097469982,2354,5097472336,2688,11396,121,121,3,cudaLaunchKernel, 126    1    1, 256    1    1,"<unnamed>::step_kernel_boundary_y_faces(const double *, const double *, double *, const double *, const double *, int, int, int, int, int, int, int, double, double)"
5097464928,11551,,,5097474687,2592,12351,118,118,0,cudaLaunchKernel, 128    1    1, 256    1    1,"<unnamed>::step_kernel_boundary_x_faces(const double *, const double *, double *, const double *, const double *, int, int, int, int, int, int, int, double, double)"
5097467738,11299,5097479037,1101,5097480138,1664,14064,122,122,4,cudaLaunchKernel,  64    1    1, 256    1    1,"<unnamed>::unpack_face_z(const double *, double *, int, int, int, int, int)"
5097468604,11577,5097480181,989,5097481170,1632,14198,123,123,5,cudaLaunchKernel,  64    1    1, 256    1    1,"<unnamed>::unpack_face_z(const double *, double *, int, int, int, int, int)"
5097469086,11800,5097480886,1238,5097482124,5472,18510,120,120,2,cudaLaunchKernel, 125    1    1, 256    1    1,"<unnamed>::step_kernel_boundary_z_faces(const double *, const double *, double *, const double *, const double *, int, int, int, int, int, int, int, double, double)"
5097469407,9107,5097478514,2114,5097480628,2560,13781,119,119,1,cudaLaunchKernel, 126    1    1, 256    1    1,"<unnamed>::step_kernel_boundary_y_faces(const double *, const double *, double *, const double *, const double *, int, int, int, int, int, int, int, double, double)"
5097470007,8649,5097478656,1060,5097479716,5280,14989,124,124,6,cudaLaunchKernel, 125    1    1, 256    1    1,"<unnamed>::step_kernel_boundary_z_faces(const double *, const double *, double *, const double *, const double *, int, int, int, int, int, int, int, double, double)"
5097470358,8355,5097478713,1303,5097480016,5631,15289,121,121,3,cudaLaunchKernel, 125    1    1, 256    1    1,"<unnamed>::step_kernel_boundary_z_faces(const double *, const double *, double *, const double *, const double *, int, int, int, int, int, int, int, double, double)"
5097471766,13701,,,5097484798,2560,15592,130,130,7,cudaLaunchKernel, 128    1    1, 256    1    1,"<unnamed>::step_kernel_boundary_x_faces(const double *, const double *, double *, const double *, const double *, int, int, int, int, int, int, int, double, double)"
5097477388,11290,5097488678,1400,5097490078,2688,15378,118,118,0,cudaLaunchKernel, 126    1    1, 256    1    1,"<unnamed>::step_kernel_boundary_y_faces(const double *, const double *, double *, const double *, const double *, int, int, int, int, int, int, int, double, double)"
5097479406,8911,,,5097486804,5536,12934,119,119,1,cudaLaunchKernel, 125    1    1, 256    1    1,"<unnamed>::step_kernel_boundary_z_faces(const double *, const double *, double *, const double *, const double *, int, int, int, int, int, int, int, double, double)"
5097480077,11019,5097491096,1138,5097492234,2464,14621,122,122,4,cudaLaunchKernel, 128    1    1, 256    1    1,"<unnamed>::step_kernel_boundary_x_faces(const double *, const double *, double *, const double *, const double *, int, int, int, int, int, int, int, double, double)"
5097481244,10610,5097491854,1092,5097492946,2496,14198,123,123,5,cudaLaunchKernel, 128    1    1, 256    1    1,"<unnamed>::step_kernel_boundary_x_faces(const double *, const double *, double *, const double *, const double *, int, int, int, int, int, int, int, double, double)"
5097487407,11668,,,5097497342,2624,12559,130,130,7,cudaLaunchKernel, 126    1    1, 256    1    1,"<unnamed>::step_kernel_boundary_y_faces(const double *, const double *, double *, const double *, const double *, int, int, int, int, int, int, int, double, double)"
5097489487,9700,5097499187,572,5097499759,1568,11840,121,121,3,cudaLaunchKernel,  64    1    1, 256    1    1,"<unnamed>::pack_face_x(const double *, double *, int, int, int, int, int)"
5097489538,11964,5097501502,1248,5097502750,5824,19036,118,118,0,cudaLaunchKernel, 125    1    1, 256    1    1,"<unnamed>::step_kernel_boundary_z_faces(const double *, const double *, double *, const double *, const double *, int, int, int, int, int, int, int, double, double)"
5097489822,9360,5097499182,534,5097499716,1504,11398,124,124,6,cudaLaunchKernel,  64    1    1, 256    1    1,"<unnamed>::pack_face_x(const double *, double *, int, int, int, int, int)"
5097490669,12589,5097503258,1202,5097504460,1472,15263,120,120,2,cudaLaunchKernel,  64    1    1, 256    1    1,"<unnamed>::pack_face_x(const double *, double *, int, int, int, int, int)"
5097491985,11393,5097503378,760,5097504138,2560,14713,122,122,4,cudaLaunchKernel, 126    1    1, 256    1    1,"<unnamed>::step_kernel_boundary_y_faces(const double *, const double *, double *, const double *, const double *, int, int, int, int, int, int, int, double, double)"
5097492723,11968,5097504691,1215,5097505906,2688,15871,123,123,5,cudaLaunchKernel, 126    1    1, 256    1    1,"<unnamed>::step_kernel_boundary_y_faces(const double *, const double *, double *, const double *, const double *, int, int, int, int, int, int, int, double, double)"
5097494375,9882,5097504257,1459,5097505716,1408,12749,119,119,1,cudaLaunchKernel,  64    1    1, 256    1    1,"<unnamed>::pack_face_x(const double *, double *, int, int, int, int, int)"
5097499962,12237,5097512199,1207,5097513406,5472,18916,130,130,7,cudaLaunchKernel, 125    1    1, 256    1    1,"<unnamed>::step_kernel_boundary_z_faces(const double *, const double *, double *, const double *, const double *, int, int, int, int, int, int, int, double, double)"
5097500118,5689,5097505807,2389,5097508196,1600,9678,124,124,6,cudaLaunchKernel,  64    1    1, 256    1    1,"<unnamed>::pack_face_y(const double *, double *, int, int, int, int, int)"
5097500162,5877,5097506039,2392,5097508431,1696,9965,121,121,3,cudaLaunchKernel,  64    1    1, 256    1    1,"<unnamed>::pack_face_y(const double *, double *, int, int, int, int, int)"
5097504189,11076,5097515265,1195,5097516460,1664,13935,120,120,2,cudaLaunchKernel,  64    1    1, 256    1    1,"<unnamed>::pack_face_y(const double *, double *, int, int, int, int, int)"
5097504242,11416,5097515658,1280,5097516938,5376,18072,122,122,4,cudaLaunchKernel, 125    1    1, 256    1    1,"<unnamed>::step_kernel_boundary_z_faces(const double *, const double *, double *, const double *, const double *, int, int, int, int, int, int, int, double, double)"
5097505223,8824,5097514047,1205,5097515252,1440,11469,119,119,1,cudaLaunchKernel,  64    1    1, 256    1    1,"<unnamed>::pack_face_y(const double *, double *, int, int, int, int, int)"
5097505520,12160,5097517680,1410,5097519090,5792,19362,123,123,5,cudaLaunchKernel, 125    1    1, 256    1    1,"<unnamed>::step_kernel_boundary_z_faces(const double *, const double *, double *, const double *, const double *, int, int, int, int, int, int, int, double, double)"
5097506224,9294,5097515518,1638,5097517156,2176,13108,124,124,6,cudaLaunchKernel,  64    1    1, 256    1    1,"<unnamed>::pack_face_z(const double *, double *, int, int, int, int, int)"
5097510268,6354,5097516622,2081,5097518703,2336,10771,121,121,3,cudaLaunchKernel,  64    1    1, 256    1    1,"<unnamed>::pack_face_z(const double *, double *, int, int, int, int, int)"
5097511636,7617,5097519253,2217,5097521470,1472,11306,118,118,0,cudaLaunchKernel,  64    1    1, 256    1    1,"<unnamed>::pack_face_x(const double *, double *, int, int, int, int, int)"
5097514988,4630,5097519618,2130,5097521748,2304,9064,119,119,1,cudaLaunchKernel,  64    1    1, 256    1    1,"<unnamed>::pack_face_z(const double *, double *, int, int, int, int, int)"
5097516202,5140,5097521342,2318,5097523660,2336,9794,120,120,2,cudaLaunchKernel,  64    1    1, 256    1    1,"<unnamed>::pack_face_z(const double *, double *, int, int, int, int, int)"
5097516566,4516,5097521082,2698,5097523780,27104,34318,124,124,6,cudaLaunchKernel,   4   32   32,  32    4    4,"<unnamed>::step_kernel_interior(const double *, const double *, double *, const double *, const double *, int, int, int, int, int, int, int, double, double)"
5097517257,3681,5097520938,2469,5097523407,26784,32934,121,121,3,cudaLaunchKernel,   4   32   32,  32    4    4,"<unnamed>::step_kernel_interior(const double *, const double *, double *, const double *, const double *, int, int, int, int, int, int, int, double, double)"
5097519197,7107,5097526304,2397,5097528701,1600,11104,130,130,7,cudaLaunchKernel,  64    1    1, 256    1    1,"<unnamed>::pack_face_x(const double *, double *, int, int, int, int, int)"
5097519647,4827,5097524474,3556,5097528030,1696,10079,118,118,0,cudaLaunchKernel,  64    1    1, 256    1    1,"<unnamed>::pack_face_y(const double *, double *, int, int, int, int, int)"
5097520322,4007,5097524329,2763,5097527092,26656,33426,119,119,1,cudaLaunchKernel,   4   32   32,  32    4    4,"<unnamed>::step_kernel_interior(const double *, const double *, double *, const double *, const double *, int, int, int, int, int, int, int, double, double)"
5097522044,4166,5097526210,2602,5097528812,27615,34383,120,120,2,cudaLaunchKernel,   4   32   32,  32    4    4,"<unnamed>::step_kernel_interior(const double *, const double *, double *, const double *, const double *, int, int, int, int, int, int, int, double, double)"
5097522942,5134,5097528076,2494,5097530570,1600,9228,122,122,4,cudaLaunchKernel,  64    1    1, 256    1    1,"<unnamed>::pack_face_x(const double *, double *, int, int, int, int, int)"
5097523535,5124,5097528659,2431,5097531090,1568,9123,123,123,5,cudaLaunchKernel,  64    1    1, 256    1    1,"<unnamed>::pack_face_x(const double *, double *, int, int, int, int, int)"
5097524861,4091,5097528952,2886,5097531838,2144,9121,118,118,0,cudaLaunchKernel,  64    1    1, 256    1    1,"<unnamed>::pack_face_z(const double *, double *, int, int, int, int, int)"
5097526706,6142,5097532848,3629,5097536477,1664,11435,130,130,7,cudaLaunchKernel,  64    1    1, 256    1    1,"<unnamed>::pack_face_y(const double *, double *, int, int, int, int, int)"
5097528473,4570,5097533043,3607,5097536650,1664,9841,122,122,4,cudaLaunchKernel,  64    1    1, 256    1    1,"<unnamed>::pack_face_y(const double *, double *, int, int, int, int, int)"
5097529069,5449,5097534518,3420,5097537938,1568,10437,123,123,5,cudaLaunchKernel,  64    1    1, 256    1    1,"<unnamed>::pack_face_y(const double *, double *, int, int, int, int, int)"
5097529636,5195,5097534831,2607,5097537438,27008,34810,118,118,0,cudaLaunchKernel,   4   32   32,  32    4    4,"<unnamed>::step_kernel_interior(const double *, const double *, double *, const double *, const double *, int, int, int, int, int, int, int, double, double)"
5097533229,9605,5097542834,1291,5097544125,2240,13136,130,130,7,cudaLaunchKernel,  64    1    1, 256    1    1,"<unnamed>::pack_face_z(const double *, double *, int, int, int, int, int)"
5097533449,10091,5097543540,1270,5097544810,2176,13537,122,122,4,cudaLaunchKernel,  64    1    1, 256    1    1,"<unnamed>::pack_face_z(const double *, double *, int, int, int, int, int)"
5097534944,10258,5097545202,1056,5097546258,2112,13426,123,123,5,cudaLaunchKernel,  64    1    1, 256    1    1,"<unnamed>::pack_face_z(const double *, double *, int, int, int, int, int)"
5097543904,10991,5097554895,1582,5097556477,27008,39581,130,130,7,cudaLaunchKernel,   4   32   32,  32    4    4,"<unnamed>::step_kernel_interior(const double *, const double *, double *, const double *, const double *, int, int, int, int, int, int, int, double, double)"
5097544585,11981,5097556566,1332,5097557898,26976,40289,122,122,4,cudaLaunchKernel,   4   32   32,  32    4    4,"<unnamed>::step_kernel_interior(const double *, const double *, double *, const double *, const double *, int, int, int, int, int, int, int, double, double)"
5097549485,6971,5097556456,2217,5097558673,26976,36164,123,123,5,cudaLaunchKernel,   4   32   32,  32    4    4,"<unnamed>::step_kernel_interior(const double *, const double *, double *, const double *, const double *, int, int, int, int, int, int, int, double, double)"
5097602990,10387,5097613377,1385,5097614762,1440,13212,120,120,2,cudaLaunchKernel,  64    1    1, 256    1    1,"<unnamed>::unpack_face_x(const double *, double *, int, int, int, int, int)"
5097614317,6052,5097620369,2457,5097622826,1536,10045,120,120,2,cudaLaunchKernel,  64    1    1, 256    1    1,"<unnamed>::unpack_face_y(const double *, double *, int, int, int, int, int)"
5097614871,5742,5097620613,2446,5097623059,1536,9724,119,119,1,cudaLaunchKernel,  64    1    1, 256    1    1,"<unnamed>::unpack_face_x(const double *, double *, int, int, int, int, int)"
5097618869,10788,5097629657,1572,5097631229,1536,13896,118,118,0,cudaLaunchKernel,  64    1    1, 256    1    1,"<unnamed>::unpack_face_x(const double *, double *, int, int, int, int, int)"
5097620799,10760,5097631559,1443,5097633002,1600,13803,120,120,2,cudaLaunchKernel,  64    1    1, 256    1    1,"<unnamed>::unpack_face_z(const double *, double *, int, int, int, int, int)"
5097623812,6624,5097630436,2378,5097632814,1600,10602,121,121,3,cudaLaunchKernel,  64    1    1, 256    1    1,"<unnamed>::unpack_face_x(const double *, double *, int, int, int, int, int)"
5097623844,8113,5097631957,1630,5097633587,1504,11247,119,119,1,cudaLaunchKernel,  64    1    1, 256    1    1,"<unnamed>::unpack_face_y(const double *, double *, int, int, int, int, int)"
5097626240,6778,5097633018,2601,5097635619,1504,10883,124,124,6,cudaLaunchKernel,  64    1    1, 256    1    1,"<unnamed>::unpack_face_x(const double *, double *, int, int, int, int, int)"
5097630676,5229,5097635905,2556,5097638461,1600,9385,118,118,0,cudaLaunchKernel,  64    1    1, 256    1    1,"<unnamed>::unpack_face_y(const double *, double *, int, int, int, int, int)"
5097631006,4093,5097635099,3539,5097638638,1600,9232,121,121,3,cudaLaunchKernel,  64    1    1, 256    1    1,"<unnamed>::unpack_face_y(const double *, double *, int, int, int, int, int)"
5097632304,7422,5097639726,2350,5097642076,1600,11372,130,130,7,cudaLaunchKernel,  64    1    1, 256    1    1,"<unnamed>::unpack_face_x(const double *, double *, int, int, int, int, int)"
5097632576,6636,5097639212,2439,5097641651,1728,10803,119,119,1,cudaLaunchKernel,  64    1    1, 256    1    1,"<unnamed>::unpack_face_z(const double *, double *, int, int, int, int, int)"
5097632722,7110,5097639832,2386,5097642218,2560,12056,120,120,2,cudaLaunchKernel, 128    1    1, 256    1    1,"<unnamed>::step_kernel_boundary_x_faces(const double *, const double *, double *, const double *, const double *, int, int, int, int, int, int, int, double, double)"
5097633492,3817,5097637309,3750,5097641059,1472,9039,124,124,6,cudaLaunchKernel,  64    1    1, 256    1    1,"<unnamed>::unpack_face_y(const double *, double *, int, int, int, int, int)"
5097635496,3775,5097639271,2599,5097641870,1600,7974,121,121,3,cudaLaunchKernel,  64    1    1, 256    1    1,"<unnamed>::unpack_face_z(const double *, double *, int, int, int, int, int)"
5097636318,4395,5097640713,3764,5097644477,1600,9759,118,118,0,cudaLaunchKernel,  64    1    1, 256    1    1,"<unnamed>::unpack_face_z(const double *, double *, int, int, int, int, int)"
5097637687,3655,5097641342,2725,5097644067,1600,7980,124,124,6,cudaLaunchKernel,  64    1    1, 256    1    1,"<unnamed>::unpack_face_z(const double *, double *, int, int, int, int, int)"
5097639897,5151,5097645048,3835,5097648883,2624,11610,119,119,1,cudaLaunchKernel, 128    1    1, 256    1    1,"<unnamed>::step_kernel_boundary_x_faces(const double *, const double *, double *, const double *, const double *, int, int, int, int, int, int, int, double, double)"
5097639920,5047,5097644967,2695,5097647662,2464,10206,121,121,3,cudaLaunchKernel, 128    1    1, 256    1    1,"<unnamed>::step_kernel_boundary_x_faces(const double *, const double *, double *, const double *, const double *, int, int, int, int, int, int, int, double, double)"
5097640117,7507,5097647624,2561,5097650185,1376,11444,122,122,4,cudaLaunchKernel,  64    1    1, 256    1    1,"<unnamed>::unpack_face_x(const double *, double *, int, int, int, int, int)"
5097640200,5161,5097645361,3595,5097648956,1568,10324,130,130,7,cudaLaunchKernel,  64    1    1, 256    1    1,"<unnamed>::unpack_face_y(const double *, double *, int, int, int, int, int)"
5097640258,5166,5097645424,3770,5097649194,2752,11688,120,120,2,cudaLaunchKernel, 126    1    1, 256    1    1,"<unnamed>::step_kernel_boundary_y_faces(const double *, const double *, double *, const double *, const double *, int, int, int, int, int, int, int, double, double)"
5097641391,6015,5097647406,2895,5097650301,2560,11470,118,118,0,cudaLaunchKernel, 128    1    1, 256    1    1,"<unnamed>::step_kernel_boundary_x_faces(const double *, const double *, double *, const double *, const double *, int, int, int, int, int, int, int, double, double)"
5097641618,6350,5097647968,2512,5097650480,1600,10462,123,123,5,cudaLaunchKernel,  64    1    1, 256    1    1,"<unnamed>::unpack_face_x(const double *, double *, int, int, int, int, int)"
5097642059,4333,5097646392,2891,5097649283,2527,9751,124,124,6,cudaLaunchKernel, 128    1    1, 256    1    1,"<unnamed>::step_kernel_boundary_x_faces(const double *, const double *, double *, const double *, const double *, int, int, int, int, int, int, int, double, double)"
5097645338,3518,5097648856,2806,5097651662,2656,8980,121,121,3,cudaLaunchKernel, 126    1    1, 256    1    1,"<unnamed>::step_kernel_boundary_y_faces(const double *, const double *, double *, const double *, const double *, int, int, int, int, int, int, int, double, double)"
5097645404,3993,5097649397,3294,5097652691,2592,9879,119,119,1,cudaLaunchKernel, 126    1    1, 256    1    1,"<unnamed>::step_kernel_boundary_y_faces(const double *, const double *, double *, const double *, const double *, int, int, int, int, int, int, int, double, double)"
5097645724,5818,5097651542,2598,5097654140,1600,10016,130,130,7,cudaLaunchKernel,  64    1    1, 256    1    1,"<unnamed>::unpack_face_z(const double *, double *, int, int, int, int, int)"
5097645809,4730,5097650539,3551,5097654090,5248,13529,120,120,2,cudaLaunchKernel, 125    1    1, 256    1    1,"<unnamed>::step_kernel_boundary_z_faces(const double *, const double *, double *, const double *, const double *, int, int, int, int, int, int, int, double, double)"
5097646770,3148,5097649918,3172,5097653090,2848,9168,124,124,6,cudaLaunchKernel, 126    1    1, 256    1    1,"<unnamed>::step_kernel_boundary_y_faces(const double *, const double *, double *, const double *, const double *, int, int, int, int, int, int, int, double, double)"
5097647800,3696,5097651496,2901,5097654397,2720,9317,118,118,0,cudaLaunchKernel, 126    1    1, 256    1    1,"<unnamed>::step_kernel_boundary_y_faces(const double *, const double *, double *, const double *, const double *, int, int, int, int, int, int, int, double, double)"
5097648018,6804,5097654822,3587,5097658409,1440,11831,122,122,4,cudaLaunchKernel,  64    1    1, 256    1    1,"<unnamed>::unpack_face_y(const double *, double *, int, int, int, int, int)"
5097648392,5414,5097653806,3490,5097657296,1664,10568,123,123,5,cudaLaunchKernel,  64    1    1, 256    1    1,"<unnamed>::unpack_face_y(const double *, double *, int, int, int, int, int)"
5097649258,6759,5097656017,3805,5097659822,5472,16036,121,121,3,cudaLaunchKernel, 125    1    1, 256    1    1,"<unnamed>::step_kernel_boundary_z_faces(const double *, const double *, double *, const double *, const double *, int, int, int, int, int, int, int, double, double)"
5097649734,4548,5097654282,3433,5097657715,5440,13421,119,119,1,cudaLaunchKernel, 125    1    1, 256    1    1,"<unnamed>::step_kernel_boundary_z_faces(const double *, const double *, double *, const double *, const double *, int, int, int, int, int, int, int, double, double)"
5097650292,4447,5097654739,3695,5097658434,5440,13582,124,124,6,cudaLaunchKernel, 125    1    1, 256    1    1,"<unnamed>::step_kernel_boundary_z_faces(const double *, const double *, double *, const double *, const double *, int, int, int, int, int, int, int, double, double)"
5097651900,12147,5097664047,2350,5097666397,5568,20065,118,118,0,cudaLaunchKernel, 125    1    1, 256    1    1,"<unnamed>::step_kernel_boundary_z_faces(const double *, const double *, double *, const double *, const double *, int, int, int, int, int, int, int, double, double)"
5097652240,5453,5097657693,2815,5097660508,2528,10796,130,130,7,cudaLaunchKernel, 128    1    1, 256    1    1,"<unnamed>::step_kernel_boundary_x_faces(const double *, const double *, double *, const double *, const double *, int, int, int, int, int, int, int, double, double)"
5097654178,10631,5097664809,1191,5097666000,1664,13486,123,123,5,cudaLaunchKernel,  64    1    1, 256    1    1,"<unnamed>::unpack_face_z(const double *, double *, int, int, int, int, int)"
5097655222,9682,5097664904,1025,5097665929,1568,12275,122,122,4,cudaLaunchKernel,  64    1    1, 256    1    1,"<unnamed>::unpack_face_z(const double *, double *, int, int, int, int, int)"
5097661818,8738,5097670556,2080,5097672636,2688,13506,130,130,7,cudaLaunchKernel, 126    1    1, 256    1    1,"<unnamed>::step_kernel_boundary_y_faces(const double *, const double *, double *, const double *, const double *, int, int, int, int, int, int, int, double, double)"
5097665900,7440,5097673340,2516,5097675856,2496,12452,123,123,5,cudaLaunchKernel, 128    1    1, 256    1    1,"<unnamed>::step_kernel_boundary_x_faces(const double *, const double *, double *, const double *, const double *, int, int, int, int, int, int, int, double, double)"
5097666159,8879,5097675038,2347,5097677385,2400,13626,122,122,4,cudaLaunchKernel, 128    1    1, 256    1    1,"<unnamed>::step_kernel_boundary_x_faces(const double *, const double *, double *, const double *, const double *, int, int, int, int, int, int, int, double, double)"
5097671065,10462,5097681527,2213,5097683740,5376,18051,130,130,7,cudaLaunchKernel, 125    1    1, 256    1    1,"<unnamed>::step_kernel_boundary_z_faces(const double *, const double *, double *, const double *, const double *, int, int, int, int, int, int, int, double, double)"
5097673697,10139,5097683836,1140,5097684976,2528,13807,123,123,5,cudaLaunchKernel, 126    1    1, 256    1    1,"<unnamed>::step_kernel_boundary_y_faces(const double *, const double *, double *, const double *, const double *, int, int, int, int, int, int, int, double, double)"
5097675619,11742,5097687361,1000,5097688361,2656,15398,122,122,4,cudaLaunchKernel, 126    1    1, 256    1    1,"<unnamed>::step_kernel_boundary_y_faces(const double *, const double *, double *, const double *, const double *, int, int, int, int, int, int, int, double, double)"
5097684684,10533,5097695217,1343,5097696560,5472,17348,123,123,5,cudaLaunchKernel, 125    1    1, 256    1    1,"<unnamed>::step_kernel_boundary_z_faces(const double *, const double *, double *, const double *, const double *, int, int, int, int, int, int, int, double, double)"
5097688234,11178,5097699412,1077,5097700489,5472,17727,122,122,4,cudaLaunchKernel, 125    1    1, 256    1    1,"<unnamed>::step_kernel_boundary_z_faces(const double *, const double *, double *, const double *, const double *, int, int, int, int, int, int, int, double, double)"
