API Start (ns),API Dur (ns),Queue Start (ns),Queue Dur (ns),Kernel Start (ns),Kernel Dur (ns),Total Dur (ns),PID,TID,DevId,API Function,GridXYZ,BlockXYZ,Kernel Name
211506773491,288094,,,211507057430,896,288094,127,127,5,cudaLaunchKernel,   1    1    1,   1    1    1,<unnamed>::warmup_kernel(double *)
211507379937,33271,211507413208,2362,211507415570,8160,43793,127,127,5,cudaLaunchKernel,6104    1    1, 256    1    1,"<unnamed>::pack_face_x(const double *, double *, int, int, int, int, int)"
211507418178,18746,211507436924,3605,211507440529,22592,44943,127,127,5,cudaLaunchKernel,6104    1    1, 256    1    1,"<unnamed>::pack_face_y(const double *, double *, int, int, int, int, int)"
211507439236,10106,211507449342,22003,211507471345,62815,94924,127,127,5,cudaLaunchKernel,6104    1    1, 256    1    1,"<unnamed>::pack_face_z(const double *, double *, int, int, int, int, int)"
211742695375,234931,,,211742926425,896,234931,124,124,3,cudaLaunchKernel,   1    1    1,   1    1    1,<unnamed>::warmup_kernel(double *)
211743239502,37575,211743277077,2400,211743279477,8192,48167,124,124,3,cudaLaunchKernel,6104    1    1, 256    1    1,"<unnamed>::pack_face_x(const double *, double *, int, int, int, int, int)"
211743278849,26495,211743305344,2165,211743307509,23520,52180,124,124,3,cudaLaunchKernel,6104    1    1, 256    1    1,"<unnamed>::pack_face_y(const double *, double *, int, int, int, int, int)"
211743307616,23201,211743330817,9331,211743340148,62176,94708,124,124,3,cudaLaunchKernel,6104    1    1, 256    1    1,"<unnamed>::pack_face_z(const double *, double *, int, int, int, int, int)"
211892154152,235116,,,211892386540,1024,235116,122,122,1,cudaLaunchKernel,   1    1    1,   1    1    1,<unnamed>::warmup_kernel(double *)
211892661209,43245,211892704454,1924,211892706378,8704,53873,122,122,1,cudaLaunchKernel,6104    1    1, 256    1    1,"<unnamed>::pack_face_x(const double *, double *, int, int, int, int, int)"
211892706211,26683,211892732894,3500,211892736394,23296,53479,122,122,1,cudaLaunchKernel,6104    1    1, 256    1    1,"<unnamed>::pack_face_y(const double *, double *, int, int, int, int, int)"
211892738019,30762,211892768781,2813,211892771594,62719,96294,122,122,1,cudaLaunchKernel,6104    1    1, 256    1    1,"<unnamed>::pack_face_z(const double *, double *, int, int, int, int, int)"
213292763528,402302,,,213293157125,864,402302,135,135,6,cudaLaunchKernel,   1    1    1,   1    1    1,<unnamed>::warmup_kernel(double *)
213293521042,41901,213293562943,2337,213293565280,8256,52494,135,135,6,cudaLaunchKernel,6104    1    1, 256    1    1,"<unnamed>::pack_face_x(const double *, double *, int, int, int, int, int)"
213293565101,30017,213293595118,2865,213293597983,23232,56114,135,135,6,cudaLaunchKernel,6104    1    1, 256    1    1,"<unnamed>::pack_face_y(const double *, double *, int, int, int, int, int)"
213293600977,37593,,,213293637375,62623,99021,135,135,6,cudaLaunchKernel,6104    1    1, 256    1    1,"<unnamed>::pack_face_z(const double *, double *, int, int, int, int, int)"
213322427482,240613,,,213322666240,864,240613,125,125,4,cudaLaunchKernel,   1    1    1,   1    1    1,<unnamed>::warmup_kernel(double *)
213322970434,30112,213323000546,2491,213323003037,8352,40955,125,125,4,cudaLaunchKernel,6104    1    1, 256    1    1,"<unnamed>::pack_face_x(const double *, double *, int, int, int, int, int)"
213323002349,28589,213323030938,2627,213323033565,21952,53168,125,125,4,cudaLaunchKernel,6104    1    1, 256    1    1,"<unnamed>::pack_face_y(const double *, double *, int, int, int, int, int)"
213323036941,30562,213323067503,3437,213323070940,63296,97295,125,125,4,cudaLaunchKernel,6104    1    1, 256    1    1,"<unnamed>::pack_face_z(const double *, double *, int, int, int, int, int)"
213472176796,250594,,,213472422937,864,250594,121,121,0,cudaLaunchKernel,   1    1    1,   1    1    1,<unnamed>::warmup_kernel(double *)
213472696884,24851,213472721735,3151,213472724886,8064,36066,121,121,0,cudaLaunchKernel,6104    1    1, 256    1    1,"<unnamed>::pack_face_x(const double *, double *, int, int, int, int, int)"
213472723547,17021,213472740568,2718,213472743286,22816,42555,121,121,0,cudaLaunchKernel,6104    1    1, 256    1    1,"<unnamed>::pack_face_y(const double *, double *, int, int, int, int, int)"
213472742755,21120,213472763875,9235,213472773110,63071,93426,121,121,0,cudaLaunchKernel,6104    1    1, 256    1    1,"<unnamed>::pack_face_z(const double *, double *, int, int, int, int, int)"
213477447341,117681,213477565022,568308,213478133330,8352,694341,122,122,1,cudaLaunchKernel,6104    1    1, 256    1    1,"<unnamed>::unpack_face_x(const double *, double *, int, int, int, int, int)"
213477568033,38762,213477606795,544167,213478150962,10912,593841,122,122,1,cudaLaunchKernel,6104    1    1, 256    1    1,"<unnamed>::unpack_face_y(const double *, double *, int, int, int, int, int)"
213477609212,22097,213477631309,539013,213478170322,124735,685845,122,122,1,cudaLaunchKernel,6104    1    1, 256    1    1,"<unnamed>::unpack_face_z(const double *, double *, int, int, int, int, int)"
213478721427,34333,213478755760,1406,213478757166,1664,37403,122,122,1,cudaLaunchKernel,   1    2    2,  32    4    4,"<unnamed>::step_kernel_interior(const double *, const double *, double *, const double *, const double *, int, int, int, int, int, int, int, double, double)"
213478758617,25683,213478784300,3522,213478787822,1600,30805,122,122,1,cudaLaunchKernel,   1    1    1, 256    1    1,"<unnamed>::step_kernel_boundary_x_faces(const double *, const double *, double *, const double *, const double *, int, int, int, int, int, int, int, double, double)"
213478786497,30786,213478817283,2187,213478819470,1631,34604,122,122,1,cudaLaunchKernel,   1    1    1, 256    1    1,"<unnamed>::step_kernel_boundary_y_faces(const double *, const double *, double *, const double *, const double *, int, int, int, int, int, int, int, double, double)"
213478819236,24768,213478844004,1737,213478845741,1696,28201,122,122,1,cudaLaunchKernel,   1    1    1, 256    1    1,"<unnamed>::step_kernel_boundary_z_faces(const double *, const double *, double *, const double *, const double *, int, int, int, int, int, int, int, double, double)"
213478860497,6580,213478867077,3144,213478870221,1696,11420,122,122,1,cudaLaunchKernel,   1    2    2,  32    4    4,"<unnamed>::step_kernel_interior(const double *, const double *, double *, const double *, const double *, int, int, int, int, int, int, int, double, double)"
213478867780,10379,213478878159,1950,213478880109,1568,13897,122,122,1,cudaLaunchKernel,   1    1    1, 256    1    1,"<unnamed>::step_kernel_boundary_x_faces(const double *, const double *, double *, const double *, const double *, int, int, int, int, int, int, int, double, double)"
213478879010,10997,213478890007,1814,213478891821,1600,14411,122,122,1,cudaLaunchKernel,   1    1    1, 256    1    1,"<unnamed>::step_kernel_boundary_y_faces(const double *, const double *, double *, const double *, const double *, int, int, int, int, int, int, int, double, double)"
213478890843,10838,213478901681,1308,213478902989,1600,13746,122,122,1,cudaLaunchKernel,   1    1    1, 256    1    1,"<unnamed>::step_kernel_boundary_z_faces(const double *, const double *, double *, const double *, const double *, int, int, int, int, int, int, int, double, double)"
213481002450,86889,213481089339,595219,213481684558,8032,690140,125,125,4,cudaLaunchKernel,6104    1    1, 256    1    1,"<unnamed>::unpack_face_x(const double *, double *, int, int, int, int, int)"
213481092923,33006,213481125929,577925,213481703854,10336,621267,125,125,4,cudaLaunchKernel,6104    1    1, 256    1    1,"<unnamed>::unpack_face_y(const double *, double *, int, int, int, int, int)"
213481128693,22669,213481151362,570892,213481722254,120959,714520,125,125,4,cudaLaunchKernel,6104    1    1, 256    1    1,"<unnamed>::unpack_face_z(const double *, double *, int, int, int, int, int)"
213482257148,34878,213482292026,1199,213482293225,1472,37549,125,125,4,cudaLaunchKernel,   1    2    2,  32    4    4,"<unnamed>::step_kernel_interior(const double *, const double *, double *, const double *, const double *, int, int, int, int, int, int, int, double, double)"
213482294717,26269,213482320986,3215,213482324201,1376,30860,125,125,4,cudaLaunchKernel,   1    1    1, 256    1    1,"<unnamed>::step_kernel_boundary_x_faces(const double *, const double *, double *, const double *, const double *, int, int, int, int, int, int, int, double, double)"
213482323290,23282,213482346572,2621,213482349193,1408,27311,125,125,4,cudaLaunchKernel,   1    1    1, 256    1    1,"<unnamed>::step_kernel_boundary_y_faces(const double *, const double *, double *, const double *, const double *, int, int, int, int, int, int, int, double, double)"
213482348769,32192,,,213482379848,1504,32583,125,125,4,cudaLaunchKernel,   1    1    1, 256    1    1,"<unnamed>::step_kernel_boundary_z_faces(const double *, const double *, double *, const double *, const double *, int, int, int, int, int, int, int, double, double)"
213482402990,11218,,,213482412968,1568,11546,125,125,4,cudaLaunchKernel,   1    2    2,  32    4    4,"<unnamed>::step_kernel_interior(const double *, const double *, double *, const double *, const double *, int, int, int, int, int, int, int, double, double)"
213482415275,6462,213482421737,2911,213482424648,1376,10749,125,125,4,cudaLaunchKernel,   1    1    1, 256    1    1,"<unnamed>::step_kernel_boundary_x_faces(const double *, const double *, double *, const double *, const double *, int, int, int, int, int, int, int, double, double)"
213482422209,4306,213482426515,4245,213482430760,1344,9895,125,125,4,cudaLaunchKernel,   1    1    1, 256    1    1,"<unnamed>::step_kernel_boundary_y_faces(const double *, const double *, double *, const double *, const double *, int, int, int, int, int, int, int, double, double)"
213482426949,6094,213482433043,3285,213482436328,1408,10787,125,125,4,cudaLaunchKernel,   1    1    1, 256    1    1,"<unnamed>::step_kernel_boundary_z_faces(const double *, const double *, double *, const double *, const double *, int, int, int, int, int, int, int, double, double)"
213497410740,237477,,,213497644796,896,237477,123,123,2,cudaLaunchKernel,   1    1    1,   1    1    1,<unnamed>::warmup_kernel(double *)
213497962928,36100,,,213497997591,8224,42887,123,123,2,cudaLaunchKernel,6104    1    1, 256    1    1,"<unnamed>::pack_face_x(const double *, double *, int, int, int, int, int)"
213498001632,28926,,,213498029910,23392,51670,123,123,2,cudaLaunchKernel,6104    1    1, 256    1    1,"<unnamed>::pack_face_y(const double *, double *, int, int, int, int, int)"
213498033707,30075,213498063782,2064,213498065846,62559,94698,123,123,2,cudaLaunchKernel,6104    1    1, 256    1    1,"<unnamed>::pack_face_z(const double *, double *, int, int, int, int, int)"
213509350837,110066,213509460903,593907,213510054810,8160,712133,121,121,0,cudaLaunchKernel,6104    1    1, 256    1    1,"<unnamed>::unpack_face_x(const double *, double *, int, int, int, int, int)"
213509392434,77766,213509470200,617432,213510087632,7968,703166,123,123,2,cudaLaunchKernel,6104    1    1, 256    1    1,"<unnamed>::unpack_face_x(const double *, double *, int, int, int, int, int)"
213509467382,19452,213509486834,584136,213510070970,10112,613700,121,121,0,cudaLaunchKernel,6104    1    1, 256    1    1,"<unnamed>::unpack_face_y(const double *, double *, int, int, int, int, int)"
213509472963,26282,213509499245,605123,213510104368,9984,641389,123,123,2,cudaLaunchKernel,6104    1    1, 256    1    1,"<unnamed>::unpack_face_y(const double *, double *, int, int, int, int, int)"
213509489655,32875,213509522530,566168,213510088698,121599,720642,121,121,0,cudaLaunchKernel,6104    1    1, 256    1    1,"<unnamed>::unpack_face_z(const double *, double *, int, int, int, int, int)"
213509502414,24281,213509526695,595369,213510122064,121182,740832,123,123,2,cudaLaunchKernel,6104    1    1, 256    1    1,"<unnamed>::unpack_face_z(const double *, double *, int, int, int, int, int)"
213510745489,32960,213510778449,1654,213510780103,1472,36086,123,123,2,cudaLaunchKernel,   1    2    2,  32    4    4,"<unnamed>::step_kernel_interior(const double *, const double *, double *, const double *, const double *, int, int, int, int, int, int, int, double, double)"
213510784496,20013,213510804509,3785,213510808294,1408,25206,123,123,2,cudaLaunchKernel,   1    1    1, 256    1    1,"<unnamed>::step_kernel_boundary_x_faces(const double *, const double *, double *, const double *, const double *, int, int, int, int, int, int, int, double, double)"
213510794374,33263,,,213510825747,1440,33263,121,121,0,cudaLaunchKernel,   1    2    2,  32    4    4,"<unnamed>::step_kernel_interior(const double *, const double *, double *, const double *, const double *, int, int, int, int, int, int, int, double, double)"
213510806361,26870,213510833231,2391,213510835622,1440,30701,123,123,2,cudaLaunchKernel,   1    1    1, 256    1    1,"<unnamed>::step_kernel_boundary_y_faces(const double *, const double *, double *, const double *, const double *, int, int, int, int, int, int, int, double, double)"
213510830525,32602,213510863127,2332,213510865459,1408,36342,121,121,0,cudaLaunchKernel,   1    1    1, 256    1    1,"<unnamed>::step_kernel_boundary_x_faces(const double *, const double *, double *, const double *, const double *, int, int, int, int, int, int, int, double, double)"
213510838929,26125,213510865054,2311,213510867365,1408,29844,123,123,2,cudaLaunchKernel,   1    1    1, 256    1    1,"<unnamed>::step_kernel_boundary_z_faces(const double *, const double *, double *, const double *, const double *, int, int, int, int, int, int, int, double, double)"
213510865806,18754,213510884560,3202,213510887762,1440,23396,121,121,0,cudaLaunchKernel,   1    1    1, 256    1    1,"<unnamed>::step_kernel_boundary_y_faces(const double *, const double *, double *, const double *, const double *, int, int, int, int, int, int, int, double, double)"
213510875445,4291,213510879736,3053,213510882789,1440,8784,123,123,2,cudaLaunchKernel,   1    2    2,  32    4    4,"<unnamed>::step_kernel_interior(const double *, const double *, double *, const double *, const double *, int, int, int, int, int, int, int, double, double)"
213510880302,4486,213510884788,3025,213510887813,1408,8919,123,123,2,cudaLaunchKernel,   1    1    1, 256    1    1,"<unnamed>::step_kernel_boundary_x_faces(const double *, const double *, double *, const double *, const double *, int, int, int, int, int, int, int, double, double)"
213510885170,8683,213510893853,1672,213510895525,1408,11763,123,123,2,cudaLaunchKernel,   1    1    1, 256    1    1,"<unnamed>::step_kernel_boundary_y_faces(const double *, const double *, double *, const double *, const double *, int, int, int, int, int, int, int, double, double)"
213510886362,25066,213510911428,2062,213510913490,1408,28536,121,121,0,cudaLaunchKernel,   1    1    1, 256    1    1,"<unnamed>::step_kernel_boundary_z_faces(const double *, const double *, double *, const double *, const double *, int, int, int, int, int, int, int, double, double)"
213510894728,5177,213510899905,3300,213510903205,1376,9853,123,123,2,cudaLaunchKernel,   1    1    1, 256    1    1,"<unnamed>::step_kernel_boundary_z_faces(const double *, const double *, double *, const double *, const double *, int, int, int, int, int, int, int, double, double)"
213510926550,9466,213510936016,1986,213510938002,1376,12828,121,121,0,cudaLaunchKernel,   1    2    2,  32    4    4,"<unnamed>::step_kernel_interior(const double *, const double *, double *, const double *, const double *, int, int, int, int, int, int, int, double, double)"
213510937148,9690,213510946838,1852,213510948690,1408,12950,121,121,0,cudaLaunchKernel,   1    1    1, 256    1    1,"<unnamed>::step_kernel_boundary_x_faces(const double *, const double *, double *, const double *, const double *, int, int, int, int, int, int, int, double, double)"
213510947704,15669,213510963373,1797,213510965170,1344,18810,121,121,0,cudaLaunchKernel,   1    1    1, 256    1    1,"<unnamed>::step_kernel_boundary_y_faces(const double *, const double *, double *, const double *, const double *, int, int, int, int, int, int, int, double, double)"
213510964258,9608,213510973866,2408,213510976274,1408,13424,121,121,0,cudaLaunchKernel,   1    1    1, 256    1    1,"<unnamed>::step_kernel_boundary_z_faces(const double *, const double *, double *, const double *, const double *, int, int, int, int, int, int, int, double, double)"
213739825524,307721,,,213740129857,896,307721,137,137,7,cudaLaunchKernel,   1    1    1,   1    1    1,<unnamed>::warmup_kernel(double *)
213740455514,35965,213740491479,1253,213740492732,8032,45250,137,137,7,cudaLaunchKernel,6104    1    1, 256    1    1,"<unnamed>::pack_face_x(const double *, double *, int, int, int, int, int)"
213740494322,31997,213740526319,1837,213740528156,23231,57065,137,137,7,cudaLaunchKernel,6104    1    1, 256    1    1,"<unnamed>::pack_face_y(const double *, double *, int, int, int, int, int)"
213740528274,49000,213740577274,3489,213740580763,61791,114280,137,137,7,cudaLaunchKernel,6104    1    1, 256    1    1,"<unnamed>::pack_face_z(const double *, double *, int, int, int, int, int)"
213745514376,124752,213745639128,550377,213746189505,8384,683513,127,127,5,cudaLaunchKernel,6104    1    1, 256    1    1,"<unnamed>::unpack_face_x(const double *, double *, int, int, int, int, int)"
213745645763,26498,213745672261,533564,213746205825,11104,571166,127,127,5,cudaLaunchKernel,6104    1    1, 256    1    1,"<unnamed>::unpack_face_y(const double *, double *, int, int, int, int, int)"
213745685485,17000,213745702485,523148,213746225633,122686,662834,127,127,5,cudaLaunchKernel,6104    1    1, 256    1    1,"<unnamed>::unpack_face_z(const double *, double *, int, int, int, int, int)"
213746806806,31863,213746838669,1356,213746840025,1472,34691,127,127,5,cudaLaunchKernel,   1    2    2,  32    4    4,"<unnamed>::step_kernel_interior(const double *, const double *, double *, const double *, const double *, int, int, int, int, int, int, int, double, double)"
213746847837,29175,213746877012,2692,213746879704,1408,33275,127,127,5,cudaLaunchKernel,   1    1    1, 256    1    1,"<unnamed>::step_kernel_boundary_x_faces(const double *, const double *, double *, const double *, const double *, int, int, int, int, int, int, int, double, double)"
213746879804,30862,213746910666,1742,213746912408,1440,34044,127,127,5,cudaLaunchKernel,   1    1    1, 256    1    1,"<unnamed>::step_kernel_boundary_y_faces(const double *, const double *, double *, const double *, const double *, int, int, int, int, int, int, int, double, double)"
213746912913,26332,213746939245,2251,213746941496,1408,29991,127,127,5,cudaLaunchKernel,   1    1    1, 256    1    1,"<unnamed>::step_kernel_boundary_z_faces(const double *, const double *, double *, const double *, const double *, int, int, int, int, int, int, int, double, double)"
213746967072,5810,213746972882,3045,213746975927,1376,10231,127,127,5,cudaLaunchKernel,   1    2    2,  32    4    4,"<unnamed>::step_kernel_interior(const double *, const double *, double *, const double *, const double *, int, int, int, int, int, int, int, double, double)"
213746973519,4939,213746978458,3101,213746981559,1344,9384,127,127,5,cudaLaunchKernel,   1    1    1, 256    1    1,"<unnamed>::step_kernel_boundary_x_faces(const double *, const double *, double *, const double *, const double *, int, int, int, int, int, int, int, double, double)"
213746978868,3528,213746982396,4123,213746986519,1440,9091,127,127,5,cudaLaunchKernel,   1    1    1, 256    1    1,"<unnamed>::step_kernel_boundary_y_faces(const double *, const double *, double *, const double *, const double *, int, int, int, int, int, int, int, double, double)"
213746983034,8066,213746991100,1883,213746992983,1408,11357,127,127,5,cudaLaunchKernel,   1    1    1, 256    1    1,"<unnamed>::step_kernel_boundary_z_faces(const double *, const double *, double *, const double *, const double *, int, int, int, int, int, int, int, double, double)"
213749140960,114133,213749255093,564027,213749819120,8096,686256,124,124,3,cudaLaunchKernel,6104    1    1, 256    1    1,"<unnamed>::unpack_face_x(const double *, double *, int, int, int, int, int)"
213749258284,42042,213749300326,536810,213749837136,10880,589732,124,124,3,cudaLaunchKernel,6104    1    1, 256    1    1,"<unnamed>::unpack_face_y(const double *, double *, int, int, int, int, int)"
213749302756,30151,213749332907,523781,213749856688,121374,675306,124,124,3,cudaLaunchKernel,6104    1    1, 256    1    1,"<unnamed>::unpack_face_z(const double *, double *, int, int, int, int, int)"
213750395598,35727,,,213750431177,1440,37019,124,124,3,cudaLaunchKernel,   1    2    2,  32    4    4,"<unnamed>::step_kernel_interior(const double *, const double *, double *, const double *, const double *, int, int, int, int, int, int, int, double, double)"
213750434281,30920,213750465201,1464,213750466665,1408,33792,124,124,3,cudaLaunchKernel,   1    1    1, 256    1    1,"<unnamed>::step_kernel_boundary_x_faces(const double *, const double *, double *, const double *, const double *, int, int, int, int, int, int, int, double, double)"
213750467066,27427,,,213750494185,1408,28527,124,124,3,cudaLaunchKernel,   1    1    1, 256    1    1,"<unnamed>::step_kernel_boundary_y_faces(const double *, const double *, double *, const double *, const double *, int, int, int, int, int, int, int, double, double)"
213750496876,26156,,,213750522633,1408,27165,124,124,3,cudaLaunchKernel,   1    1    1, 256    1    1,"<unnamed>::step_kernel_boundary_z_faces(const double *, const double *, double *, const double *, const double *, int, int, int, int, int, int, int, double, double)"
213750536017,6821,213750542838,2930,213750545768,1408,11159,124,124,3,cudaLaunchKernel,   1    2    2,  32    4    4,"<unnamed>::step_kernel_interior(const double *, const double *, double *, const double *, const double *, int, int, int, int, int, int, int, double, double)"
213750543635,7936,213750551571,917,213750552488,1344,10197,124,124,3,cudaLaunchKernel,   1    1    1, 256    1    1,"<unnamed>::step_kernel_boundary_x_faces(const double *, const double *, double *, const double *, const double *, int, int, int, int, int, int, int, double, double)"
213750552478,9269,213750561747,1909,213750563656,1376,12554,124,124,3,cudaLaunchKernel,   1    1    1, 256    1    1,"<unnamed>::step_kernel_boundary_y_faces(const double *, const double *, double *, const double *, const double *, int, int, int, int, int, int, int, double, double)"
213750562638,4807,213750567445,3251,213750570696,1408,9466,124,124,3,cudaLaunchKernel,   1    1    1, 256    1    1,"<unnamed>::step_kernel_boundary_z_faces(const double *, const double *, double *, const double *, const double *, int, int, int, int, int, int, int, double, double)"
213752291994,98803,213752390797,1265634,213753656431,8192,1372629,137,137,7,cudaLaunchKernel,6104    1    1, 256    1    1,"<unnamed>::unpack_face_x(const double *, double *, int, int, int, int, int)"
213752313988,109466,213752423454,1233466,213753656920,8096,1351028,135,135,6,cudaLaunchKernel,6104    1    1, 256    1    1,"<unnamed>::unpack_face_x(const double *, double *, int, int, int, int, int)"
213752393392,29259,213752422651,1252244,213753674895,10016,1291519,137,137,7,cudaLaunchKernel,6104    1    1, 256    1    1,"<unnamed>::unpack_face_y(const double *, double *, int, int, int, int, int)"
213752425253,22827,213752448080,1243487,213753691567,120990,1387304,137,137,7,cudaLaunchKernel,6104    1    1, 256    1    1,"<unnamed>::unpack_face_z(const double *, double *, int, int, int, int, int)"
213752426605,30632,213752457237,1218211,213753675448,10240,1259083,135,135,6,cudaLaunchKernel,6104    1    1, 256    1    1,"<unnamed>::unpack_face_y(const double *, double *, int, int, int, int, int)"
213752460674,61236,213752521910,1172194,213753694104,121790,1355220,135,135,6,cudaLaunchKernel,6104    1    1, 256    1    1,"<unnamed>::unpack_face_z(const double *, double *, int, int, int, int, int)"
213754365430,32122,213754397552,2325,213754399877,1472,35919,137,137,7,cudaLaunchKernel,   1    2    2,  32    4    4,"<unnamed>::step_kernel_interior(const double *, const double *, double *, const double *, const double *, int, int, int, int, int, int, int, double, double)"
213754400042,28469,213754428511,2598,213754431109,1408,32475,137,137,7,cudaLaunchKernel,   1    1    1, 256    1    1,"<unnamed>::step_kernel_boundary_x_faces(const double *, const double *, double *, const double *, const double *, int, int, int, int, int, int, int, double, double)"
213754430971,26771,213754457742,2295,213754460037,1440,30506,137,137,7,cudaLaunchKernel,   1    1    1, 256    1    1,"<unnamed>::step_kernel_boundary_y_faces(const double *, const double *, double *, const double *, const double *, int, int, int, int, int, int, int, double, double)"
213754444178,35678,213754479856,798,213754480654,1472,37948,135,135,6,cudaLaunchKernel,   1    2    2,  32    4    4,"<unnamed>::step_kernel_interior(const double *, const double *, double *, const double *, const double *, int, int, int, int, int, int, int, double, double)"
213754459737,23967,213754483704,2316,213754486020,1408,27691,137,137,7,cudaLaunchKernel,   1    1    1, 256    1    1,"<unnamed>::step_kernel_boundary_z_faces(const double *, const double *, double *, const double *, const double *, int, int, int, int, int, int, int, double, double)"
213754483515,28794,213754512309,2072,213754514381,1376,32242,135,135,6,cudaLaunchKernel,   1    1    1, 256    1    1,"<unnamed>::step_kernel_boundary_x_faces(const double *, const double *, double *, const double *, const double *, int, int, int, int, int, int, int, double, double)"
213754496569,10918,213754507487,2053,213754509540,1408,14379,137,137,7,cudaLaunchKernel,   1    2    2,  32    4    4,"<unnamed>::step_kernel_interior(const double *, const double *, double *, const double *, const double *, int, int, int, int, int, int, int, double, double)"
213754508616,4684,213754513300,2832,213754516132,1376,8892,137,137,7,cudaLaunchKernel,   1    1    1, 256    1    1,"<unnamed>::step_kernel_boundary_x_faces(const double *, const double *, double *, const double *, const double *, int, int, int, int, int, int, int, double, double)"
213754513735,3705,213754517440,4388,213754521828,1376,9469,137,137,7,cudaLaunchKernel,   1    1    1, 256    1    1,"<unnamed>::step_kernel_boundary_y_faces(const double *, const double *, double *, const double *, const double *, int, int, int, int, int, int, int, double, double)"
213754514773,29733,213754544506,1683,213754546189,1440,32856,135,135,6,cudaLaunchKernel,   1    1    1, 256    1    1,"<unnamed>::step_kernel_boundary_y_faces(const double *, const double *, double *, const double *, const double *, int, int, int, int, int, int, int, double, double)"
213754517849,4509,213754522358,3342,213754525700,1376,9227,137,137,7,cudaLaunchKernel,   1    1    1, 256    1    1,"<unnamed>::step_kernel_boundary_z_faces(const double *, const double *, double *, const double *, const double *, int, int, int, int, int, int, int, double, double)"
213754546501,24865,213754571366,3143,213754574509,1376,29384,135,135,6,cudaLaunchKernel,   1    1    1, 256    1    1,"<unnamed>::step_kernel_boundary_z_faces(const double *, const double *, double *, const double *, const double *, int, int, int, int, int, int, int, double, double)"
213754588935,10228,213754599163,1809,213754600972,1376,13413,135,135,6,cudaLaunchKernel,   1    2    2,  32    4    4,"<unnamed>::step_kernel_interior(const double *, const double *, double *, const double *, const double *, int, int, int, int, int, int, int, double, double)"
213754600276,11794,213754612070,1542,213754613612,1344,14680,135,135,6,cudaLaunchKernel,   1    1    1, 256    1    1,"<unnamed>::step_kernel_boundary_x_faces(const double *, const double *, double *, const double *, const double *, int, int, int, int, int, int, int, double, double)"
213754612927,10528,213754623455,1709,213754625164,1344,13581,135,135,6,cudaLaunchKernel,   1    1    1, 256    1    1,"<unnamed>::step_kernel_boundary_y_faces(const double *, const double *, double *, const double *, const double *, int, int, int, int, int, int, int, double, double)"
213754624322,10993,213754635315,2329,213754637644,1376,14698,135,135,6,cudaLaunchKernel,   1    1    1, 256    1    1,"<unnamed>::step_kernel_boundary_z_faces(const double *, const double *, double *, const double *, const double *, int, int, int, int, int, int, int, double, double)"
219424727042,65580,,,219424786044,10048,69050,124,124,3,cudaLaunchKernel,6104    1    1, 256    1    1,"<unnamed>::pack_face_x(const double *, double *, int, int, int, int, int)"
219424727730,64013,,,219424786273,10048,68591,122,122,1,cudaLaunchKernel,6104    1    1, 256    1    1,"<unnamed>::pack_face_x(const double *, double *, int, int, int, int, int)"
219424738151,59077,,,219424794095,9536,65480,121,121,0,cudaLaunchKernel,6104    1    1, 256    1    1,"<unnamed>::pack_face_x(const double *, double *, int, int, int, int, int)"
219424741527,55466,,,219424793662,9728,61863,123,123,2,cudaLaunchKernel,6104    1    1, 256    1    1,"<unnamed>::pack_face_x(const double *, double *, int, int, int, int, int)"
219424741798,55266,,,219424793661,9536,61399,135,135,6,cudaLaunchKernel,6104    1    1, 256    1    1,"<unnamed>::pack_face_x(const double *, double *, int, int, int, int, int)"
219424766032,37726,,,219424803649,9631,47248,127,127,5,cudaLaunchKernel,6104    1    1, 256    1    1,"<unnamed>::pack_face_x(const double *, double *, int, int, int, int, int)"
219424782366,41503,,,219424823252,9504,50390,137,137,7,cudaLaunchKernel,6104    1    1, 256    1    1,"<unnamed>::pack_face_x(const double *, double *, int, int, int, int, int)"
219424790447,47415,,,219424836514,9536,55603,125,125,4,cudaLaunchKernel,6104    1    1, 256    1    1,"<unnamed>::pack_face_x(const double *, double *, int, int, int, int, int)"
219424793054,7718,219424800772,2973,219424803745,12480,23171,122,122,1,cudaLaunchKernel,6104    1    1, 256    1    1,"<unnamed>::pack_face_y(const double *, double *, int, int, int, int, int)"
219424794241,6522,219424800763,2721,219424803484,11744,20987,124,124,3,cudaLaunchKernel,6104    1    1, 256    1    1,"<unnamed>::pack_face_y(const double *, double *, int, int, int, int, int)"
219424798423,7826,219424806249,2165,219424808414,11744,21735,123,123,2,cudaLaunchKernel,6104    1    1, 256    1    1,"<unnamed>::pack_face_y(const double *, double *, int, int, int, int, int)"
219424798633,7258,219424805891,2348,219424808239,11840,21446,121,121,0,cudaLaunchKernel,6104    1    1, 256    1    1,"<unnamed>::pack_face_y(const double *, double *, int, int, int, int, int)"
219424799006,9573,219424808579,2266,219424810845,13248,25087,135,135,6,cudaLaunchKernel,6104    1    1, 256    1    1,"<unnamed>::pack_face_y(const double *, double *, int, int, int, int, int)"
219424801723,6387,219424808110,8110,219424816220,67519,82016,124,124,3,cudaLaunchKernel,6104    1    1, 256    1    1,"<unnamed>::pack_face_z(const double *, double *, int, int, int, int, int)"
219424801860,8365,219424810225,6896,219424817121,68479,83740,122,122,1,cudaLaunchKernel,6104    1    1, 256    1    1,"<unnamed>::pack_face_z(const double *, double *, int, int, int, int, int)"
219424804782,6899,219424811681,4927,219424816608,11936,23762,127,127,5,cudaLaunchKernel,6104    1    1, 256    1    1,"<unnamed>::pack_face_y(const double *, double *, int, int, int, int, int)"
219424806808,8744,219424815552,5519,219424821071,69504,83767,121,121,0,cudaLaunchKernel,6104    1    1, 256    1    1,"<unnamed>::pack_face_z(const double *, double *, int, int, int, int, int)"
219424807569,7827,219424815396,5978,219424821374,68543,82348,123,123,2,cudaLaunchKernel,6104    1    1, 256    1    1,"<unnamed>::pack_face_z(const double *, double *, int, int, int, int, int)"
219424809382,11051,219424820433,4620,219424825053,62271,77942,135,135,6,cudaLaunchKernel,6104    1    1, 256    1    1,"<unnamed>::pack_face_z(const double *, double *, int, int, int, int, int)"
219424812964,7805,219424820769,8767,219424829536,68128,84700,127,127,5,cudaLaunchKernel,6104    1    1, 256    1    1,"<unnamed>::pack_face_z(const double *, double *, int, int, int, int, int)"
219424825748,6575,219424832323,3569,219424835892,11903,22047,137,137,7,cudaLaunchKernel,6104    1    1, 256    1    1,"<unnamed>::pack_face_y(const double *, double *, int, int, int, int, int)"
219424833797,7405,219424841202,7457,219424848659,67935,82797,137,137,7,cudaLaunchKernel,6104    1    1, 256    1    1,"<unnamed>::pack_face_z(const double *, double *, int, int, int, int, int)"
219424838823,7452,219424846275,3615,219424849890,11808,22875,125,125,4,cudaLaunchKernel,6104    1    1, 256    1    1,"<unnamed>::pack_face_y(const double *, double *, int, int, int, int, int)"
219424846284,10162,219424856446,16258,219424872704,28014074,28040494,122,122,1,cudaLaunchKernel,  39  312  312,  32    4    4,"<unnamed>::step_kernel_interior(const double *, const double *, double *, const double *, const double *, int, int, int, int, int, int, int, double, double)"
219424847151,9959,219424857110,5804,219424862914,68479,84242,125,125,4,cudaLaunchKernel,6104    1    1, 256    1    1,"<unnamed>::pack_face_z(const double *, double *, int, int, int, int, int)"
219424847481,8652,219424856133,15350,219424871483,28039709,28063711,124,124,3,cudaLaunchKernel,  39  312  312,  32    4    4,"<unnamed>::step_kernel_interior(const double *, const double *, double *, const double *, const double *, int, int, int, int, int, int, int, double, double)"
219424850878,11704,219424862582,21738,219424884320,28022656,28056098,127,127,5,cudaLaunchKernel,  39  312  312,  32    4    4,"<unnamed>::step_kernel_interior(const double *, const double *, double *, const double *, const double *, int, int, int, int, int, int, int, double, double)"
219424854888,12242,219424867130,9045,219424876175,28017662,28038949,121,121,0,cudaLaunchKernel,  39  312  312,  32    4    4,"<unnamed>::step_kernel_interior(const double *, const double *, double *, const double *, const double *, int, int, int, int, int, int, int, double, double)"
219424857340,14849,219424872189,4928,219424877117,28018017,28037794,123,123,2,cudaLaunchKernel,  39  312  312,  32    4    4,"<unnamed>::step_kernel_interior(const double *, const double *, double *, const double *, const double *, int, int, int, int, int, int, int, double, double)"
219424874553,12901,219424887454,17205,219424904659,28022098,28052204,137,137,7,cudaLaunchKernel,  39  312  312,  32    4    4,"<unnamed>::step_kernel_interior(const double *, const double *, double *, const double *, const double *, int, int, int, int, int, int, int, double, double)"
219424885299,14808,219424900107,2225,219424902332,28019138,28036171,135,135,6,cudaLaunchKernel,  39  312  312,  32    4    4,"<unnamed>::step_kernel_interior(const double *, const double *, double *, const double *, const double *, int, int, int, int, int, int, int, double, double)"
219424891368,12205,219424903573,15020,219424918593,27957636,27984861,125,125,4,cudaLaunchKernel,  39  312  312,  32    4    4,"<unnamed>::step_kernel_interior(const double *, const double *, double *, const double *, const double *, int, int, int, int, int, int, int, double, double)"
219435724526,23764,219435748290,17154806,219452903096,10080,17188650,124,124,3,cudaLaunchKernel,6104    1    1, 256    1    1,"<unnamed>::unpack_face_x(const double *, double *, int, int, int, int, int)"
219435749884,5914,219435755798,17158690,219452914488,10144,17174748,124,124,3,cudaLaunchKernel,6104    1    1, 256    1    1,"<unnamed>::unpack_face_y(const double *, double *, int, int, int, int, int)"
219435757029,5384,219435762413,17163275,219452925688,124062,17292721,124,124,3,cudaLaunchKernel,6104    1    1, 256    1    1,"<unnamed>::unpack_face_z(const double *, double *, int, int, int, int, int)"
219435764508,6320,219435770828,17280394,219453051222,61728,17348442,124,124,3,cudaLaunchKernel,12208    1    1, 256    1    1,"<unnamed>::step_kernel_boundary_x_faces(const double *, const double *, double *, const double *, const double *, int, int, int, int, int, int, int, double, double)"
219435771430,5413,219435776843,17337547,219453114390,61983,17404943,124,124,3,cudaLaunchKernel,12188    1    1, 256    1    1,"<unnamed>::step_kernel_boundary_y_faces(const double *, const double *, double *, const double *, const double *, int, int, int, int, int, int, int, double, double)"
219435777875,9376,219435787251,17390562,219453177813,718328,18118266,124,124,3,cudaLaunchKernel,12168    1    1, 256    1    1,"<unnamed>::step_kernel_boundary_z_faces(const double *, const double *, double *, const double *, const double *, int, int, int, int, int, int, int, double, double)"
219435820544,30639,219435851183,17029611,219452880794,10432,17070682,122,122,1,cudaLaunchKernel,6104    1    1, 256    1    1,"<unnamed>::unpack_face_x(const double *, double *, int, int, int, int, int)"
219435852758,9078,219435861836,17030830,219452892666,10688,17050596,122,122,1,cudaLaunchKernel,6104    1    1, 256    1    1,"<unnamed>::unpack_face_y(const double *, double *, int, int, int, int, int)"
219435857345,7359,219435864704,46018219,219481882923,9984,46035562,124,124,3,cudaLaunchKernel,6104    1    1, 256    1    1,"<unnamed>::pack_face_x(const double *, double *, int, int, int, int, int)"
219435862906,10619,219435873525,17030981,219452904506,121888,17163488,122,122,1,cudaLaunchKernel,6104    1    1, 256    1    1,"<unnamed>::unpack_face_z(const double *, double *, int, int, int, int, int)"
219435865572,9041,219435874613,46019670,219481894283,10175,46038886,124,124,3,cudaLaunchKernel,6104    1    1, 256    1    1,"<unnamed>::pack_face_y(const double *, double *, int, int, int, int, int)"
219435875705,4282,219435879987,46025527,219481905514,62944,46092753,124,124,3,cudaLaunchKernel,6104    1    1, 256    1    1,"<unnamed>::pack_face_z(const double *, double *, int, int, int, int, int)"
219435875987,13069,219435889056,17139194,219453028250,62079,17214342,122,122,1,cudaLaunchKernel,12208    1    1, 256    1    1,"<unnamed>::step_kernel_boundary_x_faces(const double *, const double *, double *, const double *, const double *, int, int, int, int, int, int, int, double, double)"
219435890201,8469,219435898670,17193131,219453091801,61856,17263456,122,122,1,cudaLaunchKernel,12188    1    1, 256    1    1,"<unnamed>::step_kernel_boundary_y_faces(const double *, const double *, double *, const double *, const double *, int, int, int, int, int, int, int, double, double)"
219435897041,7080,219435904121,17993396,219453897517,27991006,45991482,124,124,3,cudaLaunchKernel,  39  312  312,  32    4    4,"<unnamed>::step_kernel_interior(const double *, const double *, double *, const double *, const double *, int, int, int, int, int, int, int, double, double)"
219435899439,6891,219435906330,17248831,219453155161,707932,17963654,122,122,1,cudaLaunchKernel,12168    1    1, 256    1    1,"<unnamed>::step_kernel_boundary_z_faces(const double *, const double *, double *, const double *, const double *, int, int, int, int, int, int, int, double, double)"
219435972932,12537,219435985469,45861842,219481847311,11168,45885547,122,122,1,cudaLaunchKernel,6104    1    1, 256    1    1,"<unnamed>::pack_face_x(const double *, double *, int, int, int, int, int)"
219435986600,6764,219435993364,45866555,219481859919,10848,45884167,122,122,1,cudaLaunchKernel,6104    1    1, 256    1    1,"<unnamed>::pack_face_y(const double *, double *, int, int, int, int, int)"
219435993987,6250,219436000237,45871650,219481871887,62591,45940491,122,122,1,cudaLaunchKernel,6104    1    1, 256    1    1,"<unnamed>::pack_face_z(const double *, double *, int, int, int, int, int)"
219436012543,6294,219436018837,17845696,219453864533,27988538,45840528,122,122,1,cudaLaunchKernel,  39  312  312,  32    4    4,"<unnamed>::step_kernel_interior(const double *, const double *, double *, const double *, const double *, int, int, int, int, int, int, int, double, double)"
219436633707,39250,219436672957,16212944,219452885901,10400,16262594,121,121,0,cudaLaunchKernel,6104    1    1, 256    1    1,"<unnamed>::unpack_face_x(const double *, double *, int, int, int, int, int)"
219436653649,39869,219436693518,16194929,219452888447,10207,16245005,123,123,2,cudaLaunchKernel,6104    1    1, 256    1    1,"<unnamed>::unpack_face_x(const double *, double *, int, int, int, int, int)"
219436684093,8158,219436692251,16205682,219452897933,10048,16223888,121,121,0,cudaLaunchKernel,6104    1    1, 256    1    1,"<unnamed>::unpack_face_y(const double *, double *, int, int, int, int, int)"
219436693503,6273,219436699776,16209485,219452909261,122655,16338413,121,121,0,cudaLaunchKernel,6104    1    1, 256    1    1,"<unnamed>::unpack_face_z(const double *, double *, int, int, int, int, int)"
219436695203,8620,219436703823,16196207,219452900030,9984,16214811,123,123,2,cudaLaunchKernel,6104    1    1, 256    1    1,"<unnamed>::unpack_face_y(const double *, double *, int, int, int, int, int)"
219436701732,7567,219436709299,16324473,219453033772,62463,16394503,121,121,0,cudaLaunchKernel,12208    1    1, 256    1    1,"<unnamed>::step_kernel_boundary_x_faces(const double *, const double *, double *, const double *, const double *, int, int, int, int, int, int, int, double, double)"
219436705657,11190,219436716847,16194447,219452911294,122783,16328420,123,123,2,cudaLaunchKernel,6104    1    1, 256    1    1,"<unnamed>::unpack_face_z(const double *, double *, int, int, int, int, int)"
219436710306,11335,219436721641,16376130,219453097771,60191,16447656,121,121,0,cudaLaunchKernel,12188    1    1, 256    1    1,"<unnamed>::step_kernel_boundary_y_faces(const double *, const double *, double *, const double *, const double *, int, int, int, int, int, int, int, double, double)"
219436719465,7415,219436726880,16309149,219453036029,63071,16379635,123,123,2,cudaLaunchKernel,12208    1    1, 256    1    1,"<unnamed>::step_kernel_boundary_x_faces(const double *, const double *, double *, const double *, const double *, int, int, int, int, int, int, int, double, double)"
219436723177,7204,219436730381,16429085,219453159466,723930,17160219,121,121,0,cudaLaunchKernel,12168    1    1, 256    1    1,"<unnamed>::step_kernel_boundary_z_faces(const double *, const double *, double *, const double *, const double *, int, int, int, int, int, int, int, double, double)"
219436727493,8464,219436735957,16364871,219453100828,60639,16433974,123,123,2,cudaLaunchKernel,12188    1    1, 256    1    1,"<unnamed>::step_kernel_boundary_y_faces(const double *, const double *, double *, const double *, const double *, int, int, int, int, int, int, int, double, double)"
219436737543,13551,219436751094,16412133,219453163227,720566,17146250,123,123,2,cudaLaunchKernel,12168    1    1, 256    1    1,"<unnamed>::step_kernel_boundary_z_faces(const double *, const double *, double *, const double *, const double *, int, int, int, int, int, int, int, double, double)"
219436816908,9780,219436826688,45038739,219481865427,10080,45058599,123,123,2,cudaLaunchKernel,6104    1    1, 256    1    1,"<unnamed>::pack_face_x(const double *, double *, int, int, int, int, int)"
219436824866,9144,219436834010,17051018,219453885028,14784,17074946,121,121,0,cudaLaunchKernel,6104    1    1, 256    1    1,"<unnamed>::pack_face_x(const double *, double *, int, int, int, int, int)"
219436828007,6510,219436834517,45042558,219481877075,10400,45059468,123,123,2,cudaLaunchKernel,6104    1    1, 256    1    1,"<unnamed>::pack_face_y(const double *, double *, int, int, int, int, int)"
219436834921,4009,219436838930,45043312,219481882242,10464,45057785,121,121,0,cudaLaunchKernel,6104    1    1, 256    1    1,"<unnamed>::pack_face_y(const double *, double *, int, int, int, int, int)"
219436835198,4925,219436840123,45048472,219481888595,63071,45116468,123,123,2,cudaLaunchKernel,6104    1    1, 256    1    1,"<unnamed>::pack_face_z(const double *, double *, int, int, int, int, int)"
219436839551,5316,219436844867,45049695,219481894562,62303,45117314,121,121,0,cudaLaunchKernel,6104    1    1, 256    1    1,"<unnamed>::pack_face_z(const double *, double *, int, int, int, int, int)"
219436854155,13912,219436868067,17017166,219453885233,27986690,45017768,123,123,2,cudaLaunchKernel,  39  312  312,  32    4    4,"<unnamed>::step_kernel_interior(const double *, const double *, double *, const double *, const double *, int, int, int, int, int, int, int, double, double)"
219436863835,8548,219436872383,17020389,219453892772,27995678,45024615,121,121,0,cudaLaunchKernel,  39  312  312,  32    4    4,"<unnamed>::step_kernel_interior(const double *, const double *, double *, const double *, const double *, int, int, int, int, int, int, int, double, double)"
219437579204,26880,219437606084,15263425,219452869509,10048,15300353,125,125,4,cudaLaunchKernel,6104    1    1, 256    1    1,"<unnamed>::unpack_face_x(const double *, double *, int, int, int, int, int)"
219437604573,25751,219437630324,15284170,219452914494,10432,15320353,135,135,6,cudaLaunchKernel,6104    1    1, 256    1    1,"<unnamed>::unpack_face_x(const double *, double *, int, int, int, int, int)"
219437607699,9541,219437617240,15263629,219452880869,10336,15283506,125,125,4,cudaLaunchKernel,6104    1    1, 256    1    1,"<unnamed>::unpack_face_y(const double *, double *, int, int, int, int, int)"
219437618270,7044,219437625314,15266979,219452892293,122719,15396742,125,125,4,cudaLaunchKernel,6104    1    1, 256    1    1,"<unnamed>::unpack_face_z(const double *, double *, int, int, int, int, int)"
219437627661,7147,219437634808,15381708,219453016516,62847,15451702,125,125,4,cudaLaunchKernel,12208    1    1, 256    1    1,"<unnamed>::step_kernel_boundary_x_faces(const double *, const double *, double *, const double *, const double *, int, int, int, int, int, int, int, double, double)"
219437631307,10265,219437641572,15284634,219452926206,10079,15304978,135,135,6,cudaLaunchKernel,6104    1    1, 256    1    1,"<unnamed>::unpack_face_y(const double *, double *, int, int, int, int, int)"
219437635424,7561,219437642985,15437914,219453080899,60256,15505731,125,125,4,cudaLaunchKernel,12188    1    1, 256    1    1,"<unnamed>::step_kernel_boundary_y_faces(const double *, const double *, double *, const double *, const double *, int, int, int, int, int, int, int, double, double)"
219437643267,8567,219437651834,15285475,219452937309,120863,15414905,135,135,6,cudaLaunchKernel,6104    1    1, 256    1    1,"<unnamed>::unpack_face_z(const double *, double *, int, int, int, int, int)"
219437643714,7446,219437651160,15491563,219453142723,719098,16218107,125,125,4,cudaLaunchKernel,12168    1    1, 256    1    1,"<unnamed>::step_kernel_boundary_z_faces(const double *, const double *, double *, const double *, const double *, int, int, int, int, int, int, int, double, double)"
219437654638,8846,219437663484,15396096,219453059580,62751,15467693,135,135,6,cudaLaunchKernel,12208    1    1, 256    1    1,"<unnamed>::step_kernel_boundary_x_faces(const double *, const double *, double *, const double *, const double *, int, int, int, int, int, int, int, double, double)"
219437664045,8340,219437672385,15451610,219453123995,61535,15521485,135,135,6,cudaLaunchKernel,12188    1    1, 256    1    1,"<unnamed>::step_kernel_boundary_y_faces(const double *, const double *, double *, const double *, const double *, int, int, int, int, int, int, int, double, double)"
219437686182,9877,219437696059,15490911,219453186970,721175,16221963,135,135,6,cudaLaunchKernel,12168    1    1, 256    1    1,"<unnamed>::step_kernel_boundary_z_faces(const double *, const double *, double *, const double *, const double *, int, int, int, int, int, int, int, double, double)"
219437728685,9916,219437738601,44064152,219481802753,10016,44084084,125,125,4,cudaLaunchKernel,6104    1    1, 256    1    1,"<unnamed>::pack_face_x(const double *, double *, int, int, int, int, int)"
219437739331,6060,219437745391,44068722,219481814113,10176,44084958,125,125,4,cudaLaunchKernel,6104    1    1, 256    1    1,"<unnamed>::pack_face_y(const double *, double *, int, int, int, int, int)"
219437745987,5735,219437751722,44073591,219481825313,62719,44142045,125,125,4,cudaLaunchKernel,6104    1    1, 256    1    1,"<unnamed>::pack_face_z(const double *, double *, int, int, int, int, int)"
219437766555,10528,219437777083,44108345,219481885428,10047,44128920,135,135,6,cudaLaunchKernel,6104    1    1, 256    1    1,"<unnamed>::pack_face_x(const double *, double *, int, int, int, int, int)"
219437778679,8367,219437787046,44109805,219481896851,11200,44129372,135,135,6,cudaLaunchKernel,6104    1    1, 256    1    1,"<unnamed>::pack_face_y(const double *, double *, int, int, int, int, int)"
219437785765,9575,219437795340,16067921,219453863261,27945540,44023036,125,125,4,cudaLaunchKernel,  39  312  312,  32    4    4,"<unnamed>::step_kernel_interior(const double *, const double *, double *, const double *, const double *, int, int, int, int, int, int, int, double, double)"
219437787596,7830,219437795426,44113649,219481909075,62591,44184070,135,135,6,cudaLaunchKernel,6104    1    1, 256    1    1,"<unnamed>::pack_face_z(const double *, double *, int, int, int, int, int)"
219437809525,12902,219437822427,16087350,219453909777,27982658,44082910,135,135,6,cudaLaunchKernel,  39  312  312,  32    4    4,"<unnamed>::step_kernel_interior(const double *, const double *, double *, const double *, const double *, int, int, int, int, int, int, int, double, double)"
219438130569,21890,219438152459,14746198,219452898657,10719,14778807,127,127,5,cudaLaunchKernel,6104    1    1, 256    1    1,"<unnamed>::unpack_face_x(const double *, double *, int, int, int, int, int)"
219438153452,6858,219438160310,14750442,219452910752,10368,14767668,127,127,5,cudaLaunchKernel,6104    1    1, 256    1    1,"<unnamed>::unpack_face_y(const double *, double *, int, int, int, int, int)"
219438156176,22586,219438178762,14739771,219452918533,10560,14772917,137,137,7,cudaLaunchKernel,6104    1    1, 256    1    1,"<unnamed>::unpack_face_x(const double *, double *, int, int, int, int, int)"
219438161590,5157,219438166747,14755397,219452922144,121663,14882217,127,127,5,cudaLaunchKernel,6104    1    1, 256    1    1,"<unnamed>::unpack_face_z(const double *, double *, int, int, int, int, int)"
219438168647,6944,219438175591,14869912,219453045503,61343,14938199,127,127,5,cudaLaunchKernel,12208    1    1, 256    1    1,"<unnamed>::step_kernel_boundary_x_faces(const double *, const double *, double *, const double *, const double *, int, int, int, int, int, int, int, double, double)"
219438176747,6069,219438182816,14925502,219453108318,62495,14994066,127,127,5,cudaLaunchKernel,12188    1    1, 256    1    1,"<unnamed>::step_kernel_boundary_y_faces(const double *, const double *, double *, const double *, const double *, int, int, int, int, int, int, int, double, double)"
219438180002,7728,219438187730,14743027,219452930757,10303,14761058,137,137,7,cudaLaunchKernel,6104    1    1, 256    1    1,"<unnamed>::unpack_face_y(const double *, double *, int, int, int, int, int)"
219438183863,5097,219438188960,14983805,219453172765,728056,15716958,127,127,5,cudaLaunchKernel,12168    1    1, 256    1    1,"<unnamed>::step_kernel_boundary_z_faces(const double *, const double *, double *, const double *, const double *, int, int, int, int, int, int, int, double, double)"
219438188861,8497,219438197358,14744790,219452942148,121983,14875270,137,137,7,cudaLaunchKernel,6104    1    1, 256    1    1,"<unnamed>::unpack_face_z(const double *, double *, int, int, int, int, int)"
219438199802,12481,219438212283,14853608,219453065891,62335,14928424,137,137,7,cudaLaunchKernel,12208    1    1, 256    1    1,"<unnamed>::step_kernel_boundary_x_faces(const double *, const double *, double *, const double *, const double *, int, int, int, int, int, int, int, double, double)"
219438213682,6922,219438220604,14909990,219453130594,60351,14977263,137,137,7,cudaLaunchKernel,12188    1    1, 256    1    1,"<unnamed>::step_kernel_boundary_y_faces(const double *, const double *, double *, const double *, const double *, int, int, int, int, int, int, int, double, double)"
219438221927,6147,219438228074,14964439,219453192513,723319,15693905,137,137,7,cudaLaunchKernel,12168    1    1, 256    1    1,"<unnamed>::step_kernel_boundary_z_faces(const double *, const double *, double *, const double *, const double *, int, int, int, int, int, int, int, double, double)"
219438245959,7470,219438253429,15648800,219453902229,13664,15669934,127,127,5,cudaLaunchKernel,6104    1    1, 256    1    1,"<unnamed>::pack_face_x(const double *, double *, int, int, int, int, int)"
219438254196,4313,219438258509,43641929,219481900438,10400,43656642,127,127,5,cudaLaunchKernel,6104    1    1, 256    1    1,"<unnamed>::pack_face_y(const double *, double *, int, int, int, int, int)"
219438259363,4455,219438263818,43648460,219481912278,60959,43713874,127,127,5,cudaLaunchKernel,6104    1    1, 256    1    1,"<unnamed>::pack_face_z(const double *, double *, int, int, int, int, int)"
219438276137,5814,219438281951,15627894,219453909845,27996193,43629901,127,127,5,cudaLaunchKernel,  39  312  312,  32    4    4,"<unnamed>::step_kernel_interior(const double *, const double *, double *, const double *, const double *, int, int, int, int, int, int, int, double, double)"
219438288162,8296,219438296458,15621134,219453917592,14400,15643830,137,137,7,cudaLaunchKernel,6104    1    1, 256    1    1,"<unnamed>::pack_face_x(const double *, double *, int, int, int, int, int)"
219438297664,9550,219438307214,43598748,219481905962,10880,43619178,137,137,7,cudaLaunchKernel,6104    1    1, 256    1    1,"<unnamed>::pack_face_y(const double *, double *, int, int, int, int, int)"
219438308242,10559,219438318801,43599481,219481918282,61311,43671351,137,137,7,cudaLaunchKernel,6104    1    1, 256    1    1,"<unnamed>::pack_face_z(const double *, double *, int, int, int, int, int)"
219438332436,7743,219438340179,15585029,219453925208,27987730,43580502,137,137,7,cudaLaunchKernel,  39  312  312,  32    4    4,"<unnamed>::step_kernel_interior(const double *, const double *, double *, const double *, const double *, int, int, int, int, int, int, int, double, double)"
219491641600,25993,219491667593,658038,219492325631,8224,692255,127,127,5,cudaLaunchKernel,6104    1    1, 256    1    1,"<unnamed>::unpack_face_x(const double *, double *, int, int, int, int, int)"
219491668609,14962,219491683571,651564,219492335135,10176,676702,127,127,5,cudaLaunchKernel,6104    1    1, 256    1    1,"<unnamed>::unpack_face_y(const double *, double *, int, int, int, int, int)"
219491685060,6411,219491691471,655056,219492346527,121567,783034,127,127,5,cudaLaunchKernel,6104    1    1, 256    1    1,"<unnamed>::unpack_face_z(const double *, double *, int, int, int, int, int)"
219491693337,6584,219491699921,769645,219492469566,62079,838308,127,127,5,cudaLaunchKernel,12208    1    1, 256    1    1,"<unnamed>::step_kernel_boundary_x_faces(const double *, const double *, double *, const double *, const double *, int, int, int, int, int, int, int, double, double)"
219491700894,4405,219491705299,828810,219492534109,61567,894782,127,127,5,cudaLaunchKernel,12188    1    1, 256    1    1,"<unnamed>::step_kernel_boundary_y_faces(const double *, const double *, double *, const double *, const double *, int, int, int, int, int, int, int, double, double)"
219491706107,5054,219491711161,886275,219492597436,726136,1617465,127,127,5,cudaLaunchKernel,12168    1    1, 256    1    1,"<unnamed>::step_kernel_boundary_z_faces(const double *, const double *, double *, const double *, const double *, int, int, int, int, int, int, int, double, double)"
219491765193,6295,219491771488,1553620,219493325108,13632,1573547,127,127,5,cudaLaunchKernel,6104    1    1, 256    1    1,"<unnamed>::pack_face_x(const double *, double *, int, int, int, int, int)"
219491772081,5174,219491777255,29542830,219521320085,10464,29558468,127,127,5,cudaLaunchKernel,6104    1    1, 256    1    1,"<unnamed>::pack_face_y(const double *, double *, int, int, int, int, int)"
219491777980,4290,219491782270,29550071,219521332341,61439,29615800,127,127,5,cudaLaunchKernel,6104    1    1, 256    1    1,"<unnamed>::pack_face_z(const double *, double *, int, int, int, int, int)"
219491799805,7625,219491807430,1525390,219493332820,27992065,29525080,127,127,5,cudaLaunchKernel,  39  312  312,  32    4    4,"<unnamed>::step_kernel_interior(const double *, const double *, double *, const double *, const double *, int, int, int, int, int, int, int, double, double)"
219492399673,35728,219492435401,649375,219493084776,8192,693295,125,125,4,cudaLaunchKernel,6104    1    1, 256    1    1,"<unnamed>::unpack_face_x(const double *, double *, int, int, int, int, int)"
219492436931,7727,219492444658,649302,219493093960,10112,667141,125,125,4,cudaLaunchKernel,6104    1    1, 256    1    1,"<unnamed>::unpack_face_y(const double *, double *, int, int, int, int, int)"
219492445808,8396,219492454204,650988,219493105192,121503,780887,125,125,4,cudaLaunchKernel,6104    1    1, 256    1    1,"<unnamed>::unpack_face_z(const double *, double *, int, int, int, int, int)"
219492456209,5850,219492462059,766172,219493228231,61792,833814,125,125,4,cudaLaunchKernel,12208    1    1, 256    1    1,"<unnamed>::step_kernel_boundary_x_faces(const double *, const double *, double *, const double *, const double *, int, int, int, int, int, int, int, double, double)"
219492462536,7196,219492469732,821763,219493291495,61439,890398,125,125,4,cudaLaunchKernel,12188    1    1, 256    1    1,"<unnamed>::step_kernel_boundary_y_faces(const double *, const double *, double *, const double *, const double *, int, int, int, int, int, int, int, double, double)"
219492470352,7538,219492477890,876580,219493354470,715355,1599473,125,125,4,cudaLaunchKernel,12168    1    1, 256    1    1,"<unnamed>::step_kernel_boundary_z_faces(const double *, const double *, double *, const double *, const double *, int, int, int, int, int, int, int, double, double)"
219492541828,8429,219492550257,29463091,219522013348,10176,29481696,125,125,4,cudaLaunchKernel,6104    1    1, 256    1    1,"<unnamed>::pack_face_x(const double *, double *, int, int, int, int, int)"
219492550824,7450,219492558274,29468578,219522026852,10528,29486556,125,125,4,cudaLaunchKernel,6104    1    1, 256    1    1,"<unnamed>::pack_face_y(const double *, double *, int, int, int, int, int)"
219492558738,5920,219492564658,29473810,219522038468,63520,29543250,125,125,4,cudaLaunchKernel,6104    1    1, 256    1    1,"<unnamed>::pack_face_z(const double *, double *, int, int, int, int, int)"
219492578854,10296,219492589150,1482115,219494071265,27949539,29441950,125,125,4,cudaLaunchKernel,  39  312  312,  32    4    4,"<unnamed>::step_kernel_interior(const double *, const double *, double *, const double *, const double *, int, int, int, int, int, int, int, double, double)"
219492893571,24437,219492918008,1149603,219494067611,8032,1182072,135,135,6,cudaLaunchKernel,6104    1    1, 256    1    1,"<unnamed>::unpack_face_x(const double *, double *, int, int, int, int, int)"
219492918986,7309,219492926295,1151172,219494077467,10080,1168561,135,135,6,cudaLaunchKernel,6104    1    1, 256    1    1,"<unnamed>::unpack_face_y(const double *, double *, int, int, int, int, int)"
219492922785,29421,219492952206,1289111,219494241317,8288,1326820,122,122,1,cudaLaunchKernel,6104    1    1, 256    1    1,"<unnamed>::unpack_face_x(const double *, double *, int, int, int, int, int)"
219492927352,10887,219492938239,1150492,219494088731,122174,1283553,135,135,6,cudaLaunchKernel,6104    1    1, 256    1    1,"<unnamed>::unpack_face_z(const double *, double *, int, int, int, int, int)"
219492950262,12158,219492962420,1249893,219494212313,62240,1324291,135,135,6,cudaLaunchKernel,12208    1    1, 256    1    1,"<unnamed>::step_kernel_boundary_x_faces(const double *, const double *, double *, const double *, const double *, int, int, int, int, int, int, int, double, double)"
219492953700,8743,219492962443,1288538,219494250981,10144,1307425,122,122,1,cudaLaunchKernel,6104    1    1, 256    1    1,"<unnamed>::unpack_face_y(const double *, double *, int, int, int, int, int)"
219492956204,24483,219492980687,1287937,219494268624,8448,1320868,121,121,0,cudaLaunchKernel,6104    1    1, 256    1    1,"<unnamed>::unpack_face_x(const double *, double *, int, int, int, int, int)"
219492963410,9336,219492972746,1289595,219494262341,121855,1420786,122,122,1,cudaLaunchKernel,6104    1    1, 256    1    1,"<unnamed>::unpack_face_z(const double *, double *, int, int, int, int, int)"
219492963425,8624,219492972049,1304040,219494276089,61567,1374231,135,135,6,cudaLaunchKernel,12188    1    1, 256    1    1,"<unnamed>::step_kernel_boundary_y_faces(const double *, const double *, double *, const double *, const double *, int, int, int, int, int, int, int, double, double)"
219492972894,9102,219492981996,1357100,219494339096,722327,2088529,135,135,6,cudaLaunchKernel,12168    1    1, 256    1    1,"<unnamed>::step_kernel_boundary_z_faces(const double *, const double *, double *, const double *, const double *, int, int, int, int, int, int, int, double, double)"
219492974840,7896,219492982736,1402964,219494385700,62304,1473164,122,122,1,cudaLaunchKernel,12208    1    1, 256    1    1,"<unnamed>::step_kernel_boundary_x_faces(const double *, const double *, double *, const double *, const double *, int, int, int, int, int, int, int, double, double)"
219492982084,6009,219492988093,1290259,219494278352,10016,1306284,121,121,0,cudaLaunchKernel,6104    1    1, 256    1    1,"<unnamed>::unpack_face_y(const double *, double *, int, int, int, int, int)"
219492983495,5650,219492989145,1460587,219494449732,61920,1528157,122,122,1,cudaLaunchKernel,12188    1    1, 256    1    1,"<unnamed>::step_kernel_boundary_y_faces(const double *, const double *, double *, const double *, const double *, int, int, int, int, int, int, int, double, double)"
219492989070,7586,219492996656,1293152,219494289808,121503,1422241,121,121,0,cudaLaunchKernel,6104    1    1, 256    1    1,"<unnamed>::unpack_face_z(const double *, double *, int, int, int, int, int)"
219492989699,9038,219492998737,1514451,219494513188,710203,2233692,122,122,1,cudaLaunchKernel,12168    1    1, 256    1    1,"<unnamed>::step_kernel_boundary_z_faces(const double *, const double *, double *, const double *, const double *, int, int, int, int, int, int, int, double, double)"
219492998075,6093,219493004168,1408903,219494413071,62399,1477395,121,121,0,cudaLaunchKernel,12208    1    1, 256    1    1,"<unnamed>::step_kernel_boundary_x_faces(const double *, const double *, double *, const double *, const double *, int, int, int, int, int, int, int, double, double)"
219493004850,5673,219493010523,1466707,219494477230,60224,1532604,121,121,0,cudaLaunchKernel,12188    1    1, 256    1    1,"<unnamed>::step_kernel_boundary_y_faces(const double *, const double *, double *, const double *, const double *, int, int, int, int, int, int, int, double, double)"
219493011293,11294,219493022587,1516371,219494538958,726425,2254090,121,121,0,cudaLaunchKernel,12168    1    1, 256    1    1,"<unnamed>::step_kernel_boundary_z_faces(const double *, const double *, double *, const double *, const double *, int, int, int, int, int, int, int, double, double)"
219493046671,21356,219493068027,1161166,219494229193,8192,1190714,137,137,7,cudaLaunchKernel,6104    1    1, 256    1    1,"<unnamed>::unpack_face_x(const double *, double *, int, int, int, int, int)"
219493050686,9952,219493060638,2002161,219495062799,14880,2026993,135,135,6,cudaLaunchKernel,6104    1    1, 256    1    1,"<unnamed>::pack_face_x(const double *, double *, int, int, int, int, int)"
219493057133,7812,219493064945,30136777,219523201722,10176,30154765,122,122,1,cudaLaunchKernel,6104    1    1, 256    1    1,"<unnamed>::pack_face_x(const double *, double *, int, int, int, int, int)"
219493061825,7827,219493069652,29979549,219523049201,10592,29997968,135,135,6,cudaLaunchKernel,6104    1    1, 256    1    1,"<unnamed>::pack_face_y(const double *, double *, int, int, int, int, int)"
219493065538,7274,219493072812,30141454,219523214266,11391,30160119,122,122,1,cudaLaunchKernel,6104    1    1, 256    1    1,"<unnamed>::pack_face_y(const double *, double *, int, int, int, int, int)"
219493069110,5442,219493074552,1163857,219494238409,9984,1179283,137,137,7,cudaLaunchKernel,6104    1    1, 256    1    1,"<unnamed>::unpack_face_y(const double *, double *, int, int, int, int, int)"
219493070224,7998,219493078222,29983075,219523061297,62751,30053824,135,135,6,cudaLaunchKernel,6104    1    1, 256    1    1,"<unnamed>::pack_face_z(const double *, double *, int, int, int, int, int)"
219493073278,6101,219493079379,30147398,219523226777,63264,30216763,122,122,1,cudaLaunchKernel,6104    1    1, 256    1    1,"<unnamed>::pack_face_z(const double *, double *, int, int, int, int, int)"
219493075384,6112,219493081496,1168113,219494249609,121982,1296207,137,137,7,cudaLaunchKernel,6104    1    1, 256    1    1,"<unnamed>::unpack_face_z(const double *, double *, int, int, int, int, int)"
219493081897,6941,219493088838,30165535,219523254373,10080,30182556,121,121,0,cudaLaunchKernel,6104    1    1, 256    1    1,"<unnamed>::pack_face_x(const double *, double *, int, int, int, int, int)"
219493083590,5756,219493089346,1283749,219494373095,62656,1352161,137,137,7,cudaLaunchKernel,12208    1    1, 256    1    1,"<unnamed>::step_kernel_boundary_x_faces(const double *, const double *, double *, const double *, const double *, int, int, int, int, int, int, int, double, double)"
219493089633,5344,219493094977,30171140,219523266117,10432,30186916,121,121,0,cudaLaunchKernel,6104    1    1, 256    1    1,"<unnamed>::pack_face_y(const double *, double *, int, int, int, int, int)"
219493090026,5275,219493095301,1341954,219494437255,61375,1408604,137,137,7,cudaLaunchKernel,12188    1    1, 256    1    1,"<unnamed>::step_kernel_boundary_y_faces(const double *, const double *, double *, const double *, const double *, int, int, int, int, int, int, int, double, double)"
219493091227,6793,219493098020,2126779,219495224799,27982683,30116255,122,122,1,cudaLaunchKernel,  39  312  312,  32    4    4,"<unnamed>::step_kernel_interior(const double *, const double *, double *, const double *, const double *, int, int, int, int, int, int, int, double, double)"
219493092241,7999,219493100240,1970239,219495070479,27984930,29963168,135,135,6,cudaLaunchKernel,  39  312  312,  32    4    4,"<unnamed>::step_kernel_interior(const double *, const double *, double *, const double *, const double *, int, int, int, int, int, int, int, double, double)"
219493095560,4722,219493100282,30177515,219523277797,63648,30245885,121,121,0,cudaLaunchKernel,6104    1    1, 256    1    1,"<unnamed>::pack_face_z(const double *, double *, int, int, int, int, int)"
219493095949,4920,219493100869,1399329,219494500198,727254,2131503,137,137,7,cudaLaunchKernel,12168    1    1, 256    1    1,"<unnamed>::step_kernel_boundary_z_faces(const double *, const double *, double *, const double *, const double *, int, int, int, int, int, int, int, double, double)"
219493113573,7645,219493121218,2145669,219495266887,27994686,30148000,121,121,0,cudaLaunchKernel,  39  312  312,  32    4    4,"<unnamed>::step_kernel_interior(const double *, const double *, double *, const double *, const double *, int, int, int, int, int, int, int, double, double)"
219493147516,21785,219493169301,1277747,219494447048,8416,1307948,124,124,3,cudaLaunchKernel,6104    1    1, 256    1    1,"<unnamed>::unpack_face_x(const double *, double *, int, int, int, int, int)"
219493163624,6917,219493170541,2058319,219495228860,14240,2079476,137,137,7,cudaLaunchKernel,6104    1    1, 256    1    1,"<unnamed>::pack_face_x(const double *, double *, int, int, int, int, int)"
219493170086,24467,219493194553,1289166,219494483719,8512,1322145,123,123,2,cudaLaunchKernel,6104    1    1, 256    1    1,"<unnamed>::unpack_face_x(const double *, double *, int, int, int, int, int)"
219493170720,4833,219493175553,1280903,219494456456,10112,1295848,124,124,3,cudaLaunchKernel,6104    1    1, 256    1    1,"<unnamed>::unpack_face_y(const double *, double *, int, int, int, int, int)"
219493171790,4698,219493176488,30062502,219523238990,10304,30077504,137,137,7,cudaLaunchKernel,6104    1    1, 256    1    1,"<unnamed>::pack_face_y(const double *, double *, int, int, int, int, int)"
219493176365,5925,219493182290,1285366,219494467656,121759,1413050,124,124,3,cudaLaunchKernel,6104    1    1, 256    1    1,"<unnamed>::unpack_face_z(const double *, double *, int, int, int, int, int)"
219493177064,3527,219493180591,30070143,219523250734,61664,30135334,137,137,7,cudaLaunchKernel,6104    1    1, 256    1    1,"<unnamed>::pack_face_z(const double *, double *, int, int, int, int, int)"
219493183925,5665,219493189590,1401361,219494590951,62527,1469553,124,124,3,cudaLaunchKernel,12208    1    1, 256    1    1,"<unnamed>::step_kernel_boundary_x_faces(const double *, const double *, double *, const double *, const double *, int, int, int, int, int, int, int, double, double)"
219493190280,4622,219493194902,1460048,219494654950,61247,1525917,124,124,3,cudaLaunchKernel,12188    1    1, 256    1    1,"<unnamed>::step_kernel_boundary_y_faces(const double *, const double *, double *, const double *, const double *, int, int, int, int, int, int, int, double, double)"
219493194583,6044,219493200627,2036009,219495236636,28009554,30051607,137,137,7,cudaLaunchKernel,  39  312  312,  32    4    4,"<unnamed>::step_kernel_interior(const double *, const double *, double *, const double *, const double *, int, int, int, int, int, int, int, double, double)"
219493195737,7262,219493202999,1290512,219494493511,10048,1307822,123,123,2,cudaLaunchKernel,6104    1    1, 256    1    1,"<unnamed>::unpack_face_y(const double *, double *, int, int, int, int, int)"
219493195825,5960,219493201785,1516076,219494717861,720089,2242125,124,124,3,cudaLaunchKernel,12168    1    1, 256    1    1,"<unnamed>::step_kernel_boundary_z_faces(const double *, const double *, double *, const double *, const double *, int, int, int, int, int, int, int, double, double)"
219493204496,12417,219493216913,1288086,219494504999,121598,1422101,123,123,2,cudaLaunchKernel,6104    1    1, 256    1    1,"<unnamed>::unpack_face_z(const double *, double *, int, int, int, int, int)"
219493219538,7174,219493226712,1401645,219494628357,62527,1471346,123,123,2,cudaLaunchKernel,12208    1    1, 256    1    1,"<unnamed>::step_kernel_boundary_x_faces(const double *, const double *, double *, const double *, const double *, int, int, int, int, int, int, int, double, double)"
219493227355,5670,219493233025,1459491,219494692516,61407,1526568,123,123,2,cudaLaunchKernel,12188    1    1, 256    1    1,"<unnamed>::step_kernel_boundary_y_faces(const double *, const double *, double *, const double *, const double *, int, int, int, int, int, int, int, double, double)"
219493234029,8878,219493242907,1512552,219494755459,722390,2243820,123,123,2,cudaLaunchKernel,12168    1    1, 256    1    1,"<unnamed>::step_kernel_boundary_z_faces(const double *, const double *, double *, const double *, const double *, int, int, int, int, int, int, int, double, double)"
219493253050,10674,219493263724,2175506,219495439230,14144,2200324,124,124,3,cudaLaunchKernel,6104    1    1, 256    1    1,"<unnamed>::pack_face_x(const double *, double *, int, int, int, int, int)"
219493265005,6839,219493271844,30146743,219523418587,10400,30163982,124,124,3,cudaLaunchKernel,6104    1    1, 256    1    1,"<unnamed>::pack_face_y(const double *, double *, int, int, int, int, int)"
219493272492,4107,219493276599,30153924,219523430523,62143,30220174,124,124,3,cudaLaunchKernel,6104    1    1, 256    1    1,"<unnamed>::pack_face_z(const double *, double *, int, int, int, int, int)"
219493289892,6251,219493296143,2150895,219495447038,27977597,30134743,124,124,3,cudaLaunchKernel,  39  312  312,  32    4    4,"<unnamed>::step_kernel_interior(const double *, const double *, double *, const double *, const double *, int, int, int, int, int, int, int, double, double)"
219493303103,7394,219493310497,30156955,219523467452,10143,30174492,123,123,2,cudaLaunchKernel,6104    1    1, 256    1    1,"<unnamed>::pack_face_x(const double *, double *, int, int, int, int, int)"
219493311290,6026,219493317316,30162583,219523479899,11648,30180257,123,123,2,cudaLaunchKernel,6104    1    1, 256    1    1,"<unnamed>::pack_face_y(const double *, double *, int, int, int, int, int)"
219493317955,10627,219493328582,30164277,219523492859,63007,30237911,123,123,2,cudaLaunchKernel,6104    1    1, 256    1    1,"<unnamed>::pack_face_z(const double *, double *, int, int, int, int, int)"
219493347930,14200,219493362130,2117351,219495479481,27994306,30125857,123,123,2,cudaLaunchKernel,  39  312  312,  32    4    4,"<unnamed>::step_kernel_interior(const double *, const double *, double *, const double *, const double *, int, int, int, int, int, int, int, double, double)"
219530417675,18896,219530436571,674507,219531111078,8416,701819,127,127,5,cudaLaunchKernel,6104    1    1, 256    1    1,"<unnamed>::unpack_face_x(const double *, double *, int, int, int, int, int)"
219530437227,5282,219530442509,678169,219531120678,10207,693658,127,127,5,cudaLaunchKernel,6104    1    1, 256    1    1,"<unnamed>::unpack_face_y(const double *, double *, int, int, int, int, int)"
219530443345,4219,219530447564,684505,219531132069,121599,810323,127,127,5,cudaLaunchKernel,6104    1    1, 256    1    1,"<unnamed>::unpack_face_z(const double *, double *, int, int, int, int, int)"
219530449010,6038,219530455048,800348,219531255396,61503,867889,127,127,5,cudaLaunchKernel,12208    1    1, 256    1    1,"<unnamed>::step_kernel_boundary_x_faces(const double *, const double *, double *, const double *, const double *, int, int, int, int, int, int, int, double, double)"
219530455708,4360,219530460068,858335,219531318403,61216,923911,127,127,5,cudaLaunchKernel,12188    1    1, 256    1    1,"<unnamed>::step_kernel_boundary_y_faces(const double *, const double *, double *, const double *, const double *, int, int, int, int, int, int, int, double, double)"
219530460835,4090,219530464925,916102,219531381027,721879,1642071,127,127,5,cudaLaunchKernel,12168    1    1, 256    1    1,"<unnamed>::step_kernel_boundary_z_faces(const double *, const double *, double *, const double *, const double *, int, int, int, int, int, int, int, double, double)"
219530515371,32251,219530547622,29557621,219560105243,10112,29599984,127,127,5,cudaLaunchKernel,6104    1    1, 256    1    1,"<unnamed>::pack_face_x(const double *, double *, int, int, int, int, int)"
219530548792,15121,219530563913,29553010,219560116923,10432,29578563,127,127,5,cudaLaunchKernel,6104    1    1, 256    1    1,"<unnamed>::pack_face_y(const double *, double *, int, int, int, int, int)"
219530565229,5167,219530570396,29557951,219560128347,62847,29625965,127,127,5,cudaLaunchKernel,6104    1    1, 256    1    1,"<unnamed>::pack_face_z(const double *, double *, int, int, int, int, int)"
219530582922,11645,219530594567,1509779,219532104346,28007585,29529009,127,127,5,cudaLaunchKernel,  39  312  312,  32    4    4,"<unnamed>::step_kernel_interior(const double *, const double *, double *, const double *, const double *, int, int, int, int, int, int, int, double, double)"
219531999121,25948,219532025069,648804,219532673873,8319,683071,125,125,4,cudaLaunchKernel,6104    1    1, 256    1    1,"<unnamed>::unpack_face_x(const double *, double *, int, int, int, int, int)"
219532025943,7528,219532033471,650129,219532683600,10176,667833,125,125,4,cudaLaunchKernel,6104    1    1, 256    1    1,"<unnamed>::unpack_face_y(const double *, double *, int, int, int, int, int)"
219532037312,9535,219532046847,647985,219532694832,121247,778767,125,125,4,cudaLaunchKernel,6104    1    1, 256    1    1,"<unnamed>::unpack_face_z(const double *, double *, int, int, int, int, int)"
219532048907,11981,219532060888,756631,219532817519,62656,831268,125,125,4,cudaLaunchKernel,12208    1    1, 256    1    1,"<unnamed>::step_kernel_boundary_x_faces(const double *, const double *, double *, const double *, const double *, int, int, int, int, int, int, int, double, double)"
219532061879,9891,219532071770,810453,219532882223,59679,880023,125,125,4,cudaLaunchKernel,12188    1    1, 256    1    1,"<unnamed>::step_kernel_boundary_y_faces(const double *, const double *, double *, const double *, const double *, int, int, int, int, int, int, int, double, double)"
219532072419,6557,219532078976,864430,219532943406,723579,1594566,125,125,4,cudaLaunchKernel,12168    1    1, 256    1    1,"<unnamed>::step_kernel_boundary_z_faces(const double *, const double *, double *, const double *, const double *, int, int, int, int, int, int, int, double, double)"
219532141231,14801,219532156032,29451501,219561607533,11424,29477726,125,125,4,cudaLaunchKernel,6104    1    1, 256    1    1,"<unnamed>::pack_face_x(const double *, double *, int, int, int, int, int)"
219532156572,11443,219532168015,29452286,219561620301,10240,29473969,125,125,4,cudaLaunchKernel,6104    1    1, 256    1    1,"<unnamed>::pack_face_y(const double *, double *, int, int, int, int, int)"
219532169021,7498,219532176519,29455110,219561631629,62111,29524719,125,125,4,cudaLaunchKernel,6104    1    1, 256    1    1,"<unnamed>::pack_face_z(const double *, double *, int, int, int, int, int)"
219532191241,9005,219532200246,1468051,219533668297,27947588,29424644,125,125,4,cudaLaunchKernel,  39  312  312,  32    4    4,"<unnamed>::step_kernel_interior(const double *, const double *, double *, const double *, const double *, int, int, int, int, int, int, int, double, double)"
219533305245,29143,219533334388,1052015,219534386403,8192,1089350,135,135,6,cudaLaunchKernel,6104    1    1, 256    1    1,"<unnamed>::unpack_face_x(const double *, double *, int, int, int, int, int)"
219533335734,14042,219533349776,1047219,219534396995,10144,1071405,135,135,6,cudaLaunchKernel,6104    1    1, 256    1    1,"<unnamed>::unpack_face_y(const double *, double *, int, int, int, int, int)"
219533351053,12925,219533363978,1045529,219534409507,122238,1180692,135,135,6,cudaLaunchKernel,6104    1    1, 256    1    1,"<unnamed>::unpack_face_z(const double *, double *, int, int, int, int, int)"
219533366240,9783,219533376023,1157258,219534533281,63583,1230624,135,135,6,cudaLaunchKernel,12208    1    1, 256    1    1,"<unnamed>::step_kernel_boundary_x_faces(const double *, const double *, double *, const double *, const double *, int, int, int, int, int, int, int, double, double)"
219533376622,6585,219533383207,1216793,219534600000,59776,1283154,135,135,6,cudaLaunchKernel,12188    1    1, 256    1    1,"<unnamed>::step_kernel_boundary_y_faces(const double *, const double *, double *, const double *, const double *, int, int, int, int, int, int, int, double, double)"
219533388030,16525,219533404555,1256629,219534661184,725207,1998361,135,135,6,cudaLaunchKernel,12168    1    1, 256    1    1,"<unnamed>::step_kernel_boundary_z_faces(const double *, const double *, double *, const double *, const double *, int, int, int, int, int, int, int, double, double)"
219533459462,12805,219533472267,1915532,219535387799,13407,1941744,135,135,6,cudaLaunchKernel,6104    1    1, 256    1    1,"<unnamed>::pack_face_x(const double *, double *, int, int, int, int, int)"
219533474092,13538,219533487630,29899498,219563387128,10528,29923564,135,135,6,cudaLaunchKernel,6104    1    1, 256    1    1,"<unnamed>::pack_face_y(const double *, double *, int, int, int, int, int)"
219533488544,8816,219533497360,29901928,219563399288,61503,29972247,135,135,6,cudaLaunchKernel,6104    1    1, 256    1    1,"<unnamed>::pack_face_z(const double *, double *, int, int, int, int, int)"
219533516446,8230,219533524676,1870898,219535395574,27997890,29877018,135,135,6,cudaLaunchKernel,  39  312  312,  32    4    4,"<unnamed>::step_kernel_interior(const double *, const double *, double *, const double *, const double *, int, int, int, int, int, int, int, double, double)"
219533573827,23628,219533597455,1060938,219534658393,8128,1092694,137,137,7,cudaLaunchKernel,6104    1    1, 256    1    1,"<unnamed>::unpack_face_x(const double *, double *, int, int, int, int, int)"
219533601812,6871,219533608683,1059022,219534667705,10176,1076069,137,137,7,cudaLaunchKernel,6104    1    1, 256    1    1,"<unnamed>::unpack_face_y(const double *, double *, int, int, int, int, int)"
219533609773,5621,219533615394,1063575,219534678969,121246,1190442,137,137,7,cudaLaunchKernel,6104    1    1, 256    1    1,"<unnamed>::unpack_face_z(const double *, double *, int, int, int, int, int)"
219533617061,6123,219533623184,1178631,219534801815,62400,1247154,137,137,7,cudaLaunchKernel,12208    1    1, 256    1    1,"<unnamed>::step_kernel_boundary_x_faces(const double *, const double *, double *, const double *, const double *, int, int, int, int, int, int, int, double, double)"
219533623697,4254,219533627951,1238568,219534866519,59935,1302757,137,137,7,cudaLaunchKernel,12188    1    1, 256    1    1,"<unnamed>::step_kernel_boundary_y_faces(const double *, const double *, double *, const double *, const double *, int, int, int, int, int, int, int, double, double)"
219533628425,4578,219533633003,1294859,219534927862,724918,2024355,137,137,7,cudaLaunchKernel,12168    1    1, 256    1    1,"<unnamed>::step_kernel_boundary_z_faces(const double *, const double *, double *, const double *, const double *, int, int, int, int, int, int, int, double, double)"
219533668480,27213,219533695693,838953,219534534646,8224,874390,122,122,1,cudaLaunchKernel,6104    1    1, 256    1    1,"<unnamed>::unpack_face_x(const double *, double *, int, int, int, int, int)"
219533694616,10023,219533704639,1949581,219535654220,14368,1973972,137,137,7,cudaLaunchKernel,6104    1    1, 256    1    1,"<unnamed>::pack_face_x(const double *, double *, int, int, int, int, int)"
219533696530,17986,219533714516,829570,219534544086,10336,857892,122,122,1,cudaLaunchKernel,6104    1    1, 256    1    1,"<unnamed>::unpack_face_y(const double *, double *, int, int, int, int, int)"
219533705532,9506,219533715038,29942305,219563657343,10368,29962179,137,137,7,cudaLaunchKernel,6104    1    1, 256    1    1,"<unnamed>::pack_face_y(const double *, double *, int, int, int, int, int)"
219533715245,4996,219533720241,835397,219534555638,122112,962505,122,122,1,cudaLaunchKernel,6104    1    1, 256    1    1,"<unnamed>::unpack_face_z(const double *, double *, int, int, int, int, int)"
219533715607,4839,219533720446,29948832,219563669278,61760,30015431,137,137,7,cudaLaunchKernel,6104    1    1, 256    1    1,"<unnamed>::pack_face_z(const double *, double *, int, int, int, int, int)"
219533722035,12780,219533734815,944567,219534679382,63071,1020418,122,122,1,cudaLaunchKernel,12208    1    1, 256    1    1,"<unnamed>::step_kernel_boundary_x_faces(const double *, const double *, double *, const double *, const double *, int, int, int, int, int, int, int, double, double)"
219533735786,11121,219533746907,997114,219534744021,60288,1068523,122,122,1,cudaLaunchKernel,12188    1    1, 256    1    1,"<unnamed>::step_kernel_boundary_y_faces(const double *, const double *, double *, const double *, const double *, int, int, int, int, int, int, int, double, double)"
219533744635,7608,219533752243,1909753,219535661996,28000851,29918212,137,137,7,cudaLaunchKernel,  39  312  312,  32    4    4,"<unnamed>::step_kernel_interior(const double *, const double *, double *, const double *, const double *, int, int, int, int, int, int, int, double, double)"
219533747860,7330,219533755190,1050559,219534805749,713308,1771197,122,122,1,cudaLaunchKernel,12168    1    1, 256    1    1,"<unnamed>::step_kernel_boundary_z_faces(const double *, const double *, double *, const double *, const double *, int, int, int, int, int, int, int, double, double)"
219533818240,13965,219533832205,1688196,219535520401,14720,1716881,122,122,1,cudaLaunchKernel,6104    1    1, 256    1    1,"<unnamed>::pack_face_x(const double *, double *, int, int, int, int, int)"
219533832722,5504,219533838226,29683673,219563521899,10976,29700153,122,122,1,cudaLaunchKernel,6104    1    1, 256    1    1,"<unnamed>::pack_face_y(const double *, double *, int, int, int, int, int)"
219533838746,8285,219533847031,29687348,219563534379,61343,29756976,122,122,1,cudaLaunchKernel,6104    1    1, 256    1    1,"<unnamed>::pack_face_z(const double *, double *, int, int, int, int, int)"
219533868187,7652,219533875839,1652754,219535528593,27999130,29659536,122,122,1,cudaLaunchKernel,  39  312  312,  32    4    4,"<unnamed>::step_kernel_interior(const double *, const double *, double *, const double *, const double *, int, int, int, int, int, int, int, double, double)"
219534190475,21767,219534212242,843975,219535056217,8192,873934,121,121,0,cudaLaunchKernel,6104    1    1, 256    1    1,"<unnamed>::unpack_face_x(const double *, double *, int, int, int, int, int)"
219534213137,6226,219534219363,846454,219535065817,9920,862600,121,121,0,cudaLaunchKernel,6104    1    1, 256    1    1,"<unnamed>::unpack_face_y(const double *, double *, int, int, int, int, int)"
219534220585,5697,219534226282,850671,219535076953,122110,978478,121,121,0,cudaLaunchKernel,6104    1    1, 256    1    1,"<unnamed>::unpack_face_z(const double *, double *, int, int, int, int, int)"
219534227547,11980,219534239527,961328,219535200855,62784,1036092,121,121,0,cudaLaunchKernel,12208    1    1, 256    1    1,"<unnamed>::step_kernel_boundary_x_faces(const double *, const double *, double *, const double *, const double *, int, int, int, int, int, int, int, double, double)"
219534240471,5910,219534246381,1018986,219535265367,61119,1086015,121,121,0,cudaLaunchKernel,12188    1    1, 256    1    1,"<unnamed>::step_kernel_boundary_y_faces(const double *, const double *, double *, const double *, const double *, int, int, int, int, int, int, int, double, double)"
219534247513,4693,219534252206,1075880,219535328086,726234,1806807,121,121,0,cudaLaunchKernel,12168    1    1, 256    1    1,"<unnamed>::step_kernel_boundary_z_faces(const double *, const double *, double *, const double *, const double *, int, int, int, int, int, int, int, double, double)"
219534302050,10872,219534312922,29738740,219564051662,11392,29761004,121,121,0,cudaLaunchKernel,6104    1    1, 256    1    1,"<unnamed>::pack_face_x(const double *, double *, int, int, int, int, int)"
219534314017,4865,219534318882,29747052,219564065934,10176,29762093,121,121,0,cudaLaunchKernel,6104    1    1, 256    1    1,"<unnamed>::pack_face_y(const double *, double *, int, int, int, int, int)"
219534319318,5189,219534324507,29752723,219564077230,63071,29820983,121,121,0,cudaLaunchKernel,6104    1    1, 256    1    1,"<unnamed>::pack_face_z(const double *, double *, int, int, int, int, int)"
219534336867,7049,219534343916,1712035,219536055951,28002271,29721355,121,121,0,cudaLaunchKernel,  39  312  312,  32    4    4,"<unnamed>::step_kernel_interior(const double *, const double *, double *, const double *, const double *, int, int, int, int, int, int, int, double, double)"
219534553427,19702,219534573129,1274449,219535847578,8224,1302375,124,124,3,cudaLaunchKernel,6104    1    1, 256    1    1,"<unnamed>::unpack_face_x(const double *, double *, int, int, int, int, int)"
219534573937,5050,219534578987,1278351,219535857338,10176,1293577,124,124,3,cudaLaunchKernel,6104    1    1, 256    1    1,"<unnamed>::unpack_face_y(const double *, double *, int, int, int, int, int)"
219534579924,4821,219534584745,1283953,219535868698,121759,1410533,124,124,3,cudaLaunchKernel,6104    1    1, 256    1    1,"<unnamed>::unpack_face_z(const double *, double *, int, int, int, int, int)"
219534586170,6359,219534592529,1399656,219535992185,61759,1467774,124,124,3,cudaLaunchKernel,12208    1    1, 256    1    1,"<unnamed>::step_kernel_boundary_x_faces(const double *, const double *, double *, const double *, const double *, int, int, int, int, int, int, int, double, double)"
219534593010,4719,219534597729,1458199,219536055928,59903,1522821,124,124,3,cudaLaunchKernel,12188    1    1, 256    1    1,"<unnamed>::step_kernel_boundary_y_faces(const double *, const double *, double *, const double *, const double *, int, int, int, int, int, int, int, double, double)"
219534594089,21618,219534615707,1279543,219535895250,8256,1309417,123,123,2,cudaLaunchKernel,6104    1    1, 256    1    1,"<unnamed>::unpack_face_x(const double *, double *, int, int, int, int, int)"
219534598453,4547,219534603000,1514207,219536117207,725849,2244603,124,124,3,cudaLaunchKernel,12168    1    1, 256    1    1,"<unnamed>::step_kernel_boundary_z_faces(const double *, const double *, double *, const double *, const double *, int, int, int, int, int, int, int, double, double)"
219534616667,11557,219534628224,1276658,219535904882,10400,1298615,123,123,2,cudaLaunchKernel,6104    1    1, 256    1    1,"<unnamed>::unpack_face_y(const double *, double *, int, int, int, int, int)"
219534630151,6772,219534636923,1279799,219535916722,121310,1407881,123,123,2,cudaLaunchKernel,6104    1    1, 256    1    1,"<unnamed>::unpack_face_z(const double *, double *, int, int, int, int, int)"
219534639188,6282,219534645470,1394322,219536039792,61983,1462587,123,123,2,cudaLaunchKernel,12208    1    1, 256    1    1,"<unnamed>::step_kernel_boundary_x_faces(const double *, const double *, double *, const double *, const double *, int, int, int, int, int, int, int, double, double)"
219534646077,7674,219534653751,1450200,219536103951,61375,1519249,123,123,2,cudaLaunchKernel,12188    1    1, 256    1    1,"<unnamed>::step_kernel_boundary_y_faces(const double *, const double *, double *, const double *, const double *, int, int, int, int, int, int, int, double, double)"
219534654874,5119,219534659993,1507189,219536167182,720822,2233130,123,123,2,cudaLaunchKernel,12168    1    1, 256    1    1,"<unnamed>::step_kernel_boundary_z_faces(const double *, const double *, double *, const double *, const double *, int, int, int, int, int, int, int, double, double)"
219534682623,7094,219534689717,2154587,219536844304,15968,2177649,124,124,3,cudaLaunchKernel,6104    1    1, 256    1    1,"<unnamed>::pack_face_x(const double *, double *, int, int, int, int, int)"
219534690400,4116,219534694516,30154201,219564848717,10496,30168813,124,124,3,cudaLaunchKernel,6104    1    1, 256    1    1,"<unnamed>::pack_face_y(const double *, double *, int, int, int, int, int)"
219534695054,4863,219534699917,30160864,219564860781,61343,30227070,124,124,3,cudaLaunchKernel,6104    1    1, 256    1    1,"<unnamed>::pack_face_z(const double *, double *, int, int, int, int, int)"
219534717912,7360,219534725272,2126776,219536852048,28003325,30137461,124,124,3,cudaLaunchKernel,  39  312  312,  32    4    4,"<unnamed>::step_kernel_interior(const double *, const double *, double *, const double *, const double *, int, int, int, int, int, int, int, double, double)"
219534732945,17774,219534750719,30126663,219564877382,10208,30154645,123,123,2,cudaLaunchKernel,6104    1    1, 256    1    1,"<unnamed>::pack_face_x(const double *, double *, int, int, int, int, int)"
219534751806,5558,219534757364,30132562,219564889926,10336,30148456,123,123,2,cudaLaunchKernel,6104    1    1, 256    1    1,"<unnamed>::pack_face_y(const double *, double *, int, int, int, int, int)"
219534758177,9133,219534767310,30134232,219564901542,63103,30206468,123,123,2,cudaLaunchKernel,6104    1    1, 256    1    1,"<unnamed>::pack_face_z(const double *, double *, int, int, int, int, int)"
219534782327,8667,219534790994,2098386,219536889380,27993922,30100975,123,123,2,cudaLaunchKernel,  39  312  312,  32    4    4,"<unnamed>::step_kernel_interior(const double *, const double *, double *, const double *, const double *, int, int, int, int, int, int, int, double, double)"
219569582372,20556,219569602928,659864,219570262792,8064,688484,127,127,5,cudaLaunchKernel,6104    1    1, 256    1    1,"<unnamed>::unpack_face_x(const double *, double *, int, int, int, int, int)"
219569603666,5426,219569609092,662948,219570272040,9920,678294,127,127,5,cudaLaunchKernel,6104    1    1, 256    1    1,"<unnamed>::unpack_face_y(const double *, double *, int, int, int, int, int)"
219569610115,5572,219569615687,667456,219570283143,121535,794563,127,127,5,cudaLaunchKernel,6104    1    1, 256    1    1,"<unnamed>::unpack_face_z(const double *, double *, int, int, int, int, int)"
219569616981,9766,219569626747,779531,219570406278,61663,850960,127,127,5,cudaLaunchKernel,12208    1    1, 256    1    1,"<unnamed>::step_kernel_boundary_x_faces(const double *, const double *, double *, const double *, const double *, int, int, int, int, int, int, int, double, double)"
219569628154,10572,219569638726,830623,219570469349,61056,902251,127,127,5,cudaLaunchKernel,12188    1    1, 256    1    1,"<unnamed>::step_kernel_boundary_y_faces(const double *, const double *, double *, const double *, const double *, int, int, int, int, int, int, int, double, double)"
219569639941,4044,219569643985,887764,219570531749,725719,1617527,127,127,5,cudaLaunchKernel,12168    1    1, 256    1    1,"<unnamed>::step_kernel_boundary_z_faces(const double *, const double *, double *, const double *, const double *, int, int, int, int, int, int, int, double, double)"
219569705503,13095,219569718598,29525848,219599244446,10847,29549790,127,127,5,cudaLaunchKernel,6104    1    1, 256    1    1,"<unnamed>::pack_face_x(const double *, double *, int, int, int, int, int)"
219569719196,4393,219569723589,29533400,219599256989,10080,29547873,127,127,5,cudaLaunchKernel,6104    1    1, 256    1    1,"<unnamed>::pack_face_y(const double *, double *, int, int, int, int, int)"
219569724415,3463,219569727878,29540279,219599268157,62624,29606366,127,127,5,cudaLaunchKernel,6104    1    1, 256    1    1,"<unnamed>::pack_face_z(const double *, double *, int, int, int, int, int)"
219569741575,5916,219569747491,1511449,219571258940,27992482,29509847,127,127,5,cudaLaunchKernel,  39  312  312,  32    4    4,"<unnamed>::step_kernel_interior(const double *, const double *, double *, const double *, const double *, int, int, int, int, int, int, int, double, double)"
219571268088,20310,219571288398,669741,219571958139,7968,698019,125,125,4,cudaLaunchKernel,6104    1    1, 256    1    1,"<unnamed>::unpack_face_x(const double *, double *, int, int, int, int, int)"
219571289333,10624,219571299957,667334,219571967291,10272,688230,125,125,4,cudaLaunchKernel,6104    1    1, 256    1    1,"<unnamed>::unpack_face_y(const double *, double *, int, int, int, int, int)"
219571301221,8230,219571309451,669232,219571978683,121311,798773,125,125,4,cudaLaunchKernel,6104    1    1, 256    1    1,"<unnamed>::unpack_face_z(const double *, double *, int, int, int, int, int)"
219571314656,6704,219571321360,780202,219572101562,63168,850074,125,125,4,cudaLaunchKernel,12208    1    1, 256    1    1,"<unnamed>::step_kernel_boundary_x_faces(const double *, const double *, double *, const double *, const double *, int, int, int, int, int, int, int, double, double)"
219571321827,10266,219571332093,834045,219572166138,59903,904214,125,125,4,cudaLaunchKernel,12188    1    1, 256    1    1,"<unnamed>::step_kernel_boundary_y_faces(const double *, const double *, double *, const double *, const double *, int, int, int, int, int, int, int, double, double)"
219571333046,6983,219571340029,887388,219572227417,727930,1622301,125,125,4,cudaLaunchKernel,12168    1    1, 256    1    1,"<unnamed>::step_kernel_boundary_z_faces(const double *, const double *, double *, const double *, const double *, int, int, int, int, int, int, int, double, double)"
219571432714,8378,219571441092,29444691,219600885783,10048,29463117,125,125,4,cudaLaunchKernel,6104    1    1, 256    1    1,"<unnamed>::pack_face_x(const double *, double *, int, int, int, int, int)"
219571441672,10722,219571452394,29444845,219600897239,10048,29465615,125,125,4,cudaLaunchKernel,6104    1    1, 256    1    1,"<unnamed>::pack_face_y(const double *, double *, int, int, int, int, int)"
219571453258,8547,219571461805,29446986,219600908791,63456,29518989,125,125,4,cudaLaunchKernel,6104    1    1, 256    1    1,"<unnamed>::pack_face_z(const double *, double *, int, int, int, int, int)"
219571478734,10111,219571488845,1468006,219572956851,27934564,29412681,125,125,4,cudaLaunchKernel,  39  312  312,  32    4    4,"<unnamed>::step_kernel_interior(const double *, const double *, double *, const double *, const double *, int, int, int, int, int, int, int, double, double)"
219573331185,18497,219573349682,671514,219574021196,8288,698299,122,122,1,cudaLaunchKernel,6104    1    1, 256    1    1,"<unnamed>::unpack_face_x(const double *, double *, int, int, int, int, int)"
219573350454,6487,219573356941,673663,219574030604,10112,690262,122,122,1,cudaLaunchKernel,6104    1    1, 256    1    1,"<unnamed>::unpack_face_y(const double *, double *, int, int, int, int, int)"
219573360856,9968,219573370824,671076,219574041900,122624,803668,122,122,1,cudaLaunchKernel,6104    1    1, 256    1    1,"<unnamed>::unpack_face_z(const double *, double *, int, int, int, int, int)"
219573372640,11908,219573384548,781480,219574166028,62975,856363,122,122,1,cudaLaunchKernel,12208    1    1, 256    1    1,"<unnamed>::step_kernel_boundary_x_faces(const double *, const double *, double *, const double *, const double *, int, int, int, int, int, int, int, double, double)"
219573385549,6074,219573391623,839012,219574230635,61216,906302,122,122,1,cudaLaunchKernel,12188    1    1, 256    1    1,"<unnamed>::step_kernel_boundary_y_faces(const double *, const double *, double *, const double *, const double *, int, int, int, int, int, int, int, double, double)"
219573392265,9444,219573401709,891582,219574293291,715772,1616798,122,122,1,cudaLaunchKernel,12168    1    1, 256    1    1,"<unnamed>::step_kernel_boundary_z_faces(const double *, const double *, double *, const double *, const double *, int, int, int, int, int, int, int, double, double)"
219573457803,7684,219573465487,1544984,219575010471,14847,1567515,122,122,1,cudaLaunchKernel,6104    1    1, 256    1    1,"<unnamed>::pack_face_x(const double *, double *, int, int, int, int, int)"
219573465974,5269,219573471243,29523926,219602995169,10720,29539915,122,122,1,cudaLaunchKernel,6104    1    1, 256    1    1,"<unnamed>::pack_face_y(const double *, double *, int, int, int, int, int)"
219573471714,6409,219573478123,29529494,219603007617,61983,29597886,122,122,1,cudaLaunchKernel,6104    1    1, 256    1    1,"<unnamed>::pack_face_z(const double *, double *, int, int, int, int, int)"
219573489365,5116,219573494481,1523926,219575018407,27982330,29511372,122,122,1,cudaLaunchKernel,  39  312  312,  32    4    4,"<unnamed>::step_kernel_interior(const double *, const double *, double *, const double *, const double *, int, int, int, int, int, int, int, double, double)"
219573492086,25773,219573517859,899019,219574416878,8064,932856,135,135,6,cudaLaunchKernel,6104    1    1, 256    1    1,"<unnamed>::unpack_face_x(const double *, double *, int, int, int, int, int)"
219573522530,10833,219573533363,894267,219574427630,10144,915244,135,135,6,cudaLaunchKernel,6104    1    1, 256    1    1,"<unnamed>::unpack_face_y(const double *, double *, int, int, int, int, int)"
219573534094,8037,219573542131,896795,219574438926,121695,1026527,135,135,6,cudaLaunchKernel,6104    1    1, 256    1    1,"<unnamed>::unpack_face_z(const double *, double *, int, int, int, int, int)"
219573544071,8215,219573552286,1009807,219574562093,62079,1080101,135,135,6,cudaLaunchKernel,12208    1    1, 256    1    1,"<unnamed>::step_kernel_boundary_x_faces(const double *, const double *, double *, const double *, const double *, int, int, int, int, int, int, int, double, double)"
219573552960,11940,219573564900,1060680,219574625580,61279,1133899,135,135,6,cudaLaunchKernel,12188    1    1, 256    1    1,"<unnamed>::step_kernel_boundary_y_faces(const double *, const double *, double *, const double *, const double *, int, int, int, int, int, int, int, double, double)"
219573566036,12833,219573578869,1110582,219574689451,718551,1841966,135,135,6,cudaLaunchKernel,12168    1    1, 256    1    1,"<unnamed>::step_kernel_boundary_z_faces(const double *, const double *, double *, const double *, const double *, int, int, int, int, int, int, int, double, double)"
219573665645,15960,219573681605,29720447,219603402052,10144,29746551,135,135,6,cudaLaunchKernel,6104    1    1, 256    1    1,"<unnamed>::pack_face_x(const double *, double *, int, int, int, int, int)"
219573682726,8412,219573691138,29722786,219603413924,10272,29741470,135,135,6,cudaLaunchKernel,6104    1    1, 256    1    1,"<unnamed>::pack_face_y(const double *, double *, int, int, int, int, int)"
219573691945,15122,219573707067,29718313,219603425380,63807,29797242,135,135,6,cudaLaunchKernel,6104    1    1, 256    1    1,"<unnamed>::pack_face_z(const double *, double *, int, int, int, int, int)"
219573728080,8568,219573736648,1672730,219575409378,27998882,29680180,135,135,6,cudaLaunchKernel,  39  312  312,  32    4    4,"<unnamed>::step_kernel_interior(const double *, const double *, double *, const double *, const double *, int, int, int, int, int, int, int, double, double)"
219573940445,29760,219573970205,884047,219574854252,8224,922031,137,137,7,cudaLaunchKernel,6104    1    1, 256    1    1,"<unnamed>::unpack_face_x(const double *, double *, int, int, int, int, int)"
219573971629,6189,219573977818,885842,219574863660,10176,902207,137,137,7,cudaLaunchKernel,6104    1    1, 256    1    1,"<unnamed>::unpack_face_y(const double *, double *, int, int, int, int, int)"
219573978448,5482,219573983930,891346,219574875276,121023,1017851,137,137,7,cudaLaunchKernel,6104    1    1, 256    1    1,"<unnamed>::unpack_face_z(const double *, double *, int, int, int, int, int)"
219573985353,4566,219573989919,1007852,219574997771,62303,1074721,137,137,7,cudaLaunchKernel,12208    1    1, 256    1    1,"<unnamed>::step_kernel_boundary_x_faces(const double *, const double *, double *, const double *, const double *, int, int, int, int, int, int, int, double, double)"
219573990472,4913,219573995385,1065969,219575061354,61599,1132481,137,137,7,cudaLaunchKernel,12188    1    1, 256    1    1,"<unnamed>::step_kernel_boundary_y_faces(const double *, const double *, double *, const double *, const double *, int, int, int, int, int, int, int, double, double)"
219573996219,4424,219574000643,1123814,219575124457,725238,1853476,137,137,7,cudaLaunchKernel,12168    1    1, 256    1    1,"<unnamed>::step_kernel_boundary_z_faces(const double *, const double *, double *, const double *, const double *, int, int, int, int, int, int, int, double, double)"
219574053797,7061,219574060858,29776056,219603836914,9984,29793101,137,137,7,cudaLaunchKernel,6104    1    1, 256    1    1,"<unnamed>::pack_face_x(const double *, double *, int, int, int, int, int)"
219574061615,5969,219574067584,29781074,219603848658,10976,29798019,137,137,7,cudaLaunchKernel,6104    1    1, 256    1    1,"<unnamed>::pack_face_y(const double *, double *, int, int, int, int, int)"
219574068108,5735,219574073843,29787007,219603860850,62687,29855429,137,137,7,cudaLaunchKernel,6104    1    1, 256    1    1,"<unnamed>::pack_face_z(const double *, double *, int, int, int, int, int)"
219574090233,12070,219574102303,1748800,219575851103,27992723,29753593,137,137,7,cudaLaunchKernel,  39  312  312,  32    4    4,"<unnamed>::step_kernel_interior(const double *, const double *, double *, const double *, const double *, int, int, int, int, int, int, int, double, double)"
219574302574,19914,219574322488,675025,219574997513,8288,703227,121,121,0,cudaLaunchKernel,6104    1    1, 256    1    1,"<unnamed>::unpack_face_x(const double *, double *, int, int, int, int, int)"
219574323298,5027,219574328325,678884,219575007209,9952,693863,121,121,0,cudaLaunchKernel,6104    1    1, 256    1    1,"<unnamed>::unpack_face_y(const double *, double *, int, int, int, int, int)"
219574329038,5525,219574334563,684070,219575018633,121471,811066,121,121,0,cudaLaunchKernel,6104    1    1, 256    1    1,"<unnamed>::unpack_face_z(const double *, double *, int, int, int, int, int)"
219574335598,5147,219574340745,801247,219575141992,62463,868857,121,121,0,cudaLaunchKernel,12208    1    1, 256    1    1,"<unnamed>::step_kernel_boundary_x_faces(const double *, const double *, double *, const double *, const double *, int, int, int, int, int, int, int, double, double)"
219574341235,4459,219574345694,860393,219575206087,60544,925396,121,121,0,cudaLaunchKernel,12188    1    1, 256    1    1,"<unnamed>::step_kernel_boundary_y_faces(const double *, const double *, double *, const double *, const double *, int, int, int, int, int, int, int, double, double)"
219574346285,9770,219574356055,912976,219575269031,720921,1643667,121,121,0,cudaLaunchKernel,12168    1    1, 256    1    1,"<unnamed>::step_kernel_boundary_z_faces(const double *, const double *, double *, const double *, const double *, int, int, int, int, int, int, int, double, double)"
219574407219,5760,219574412979,29561035,219603974014,10400,29577195,121,121,0,cudaLaunchKernel,6104    1    1, 256    1    1,"<unnamed>::pack_face_x(const double *, double *, int, int, int, int, int)"
219574413630,3880,219574417510,29568792,219603986302,10176,29582848,121,121,0,cudaLaunchKernel,6104    1    1, 256    1    1,"<unnamed>::pack_face_y(const double *, double *, int, int, int, int, int)"
219574417947,4399,219574422346,29575284,219603997630,63360,29643043,121,121,0,cudaLaunchKernel,6104    1    1, 256    1    1,"<unnamed>::pack_face_z(const double *, double *, int, int, int, int, int)"
219574440635,7058,219574447693,1543955,219575991648,27989822,29540835,121,121,0,cudaLaunchKernel,  39  312  312,  32    4    4,"<unnamed>::step_kernel_interior(const double *, const double *, double *, const double *, const double *, int, int, int, int, int, int, int, double, double)"
219575691982,21146,219575713128,1260455,219576973583,8480,1290081,124,124,3,cudaLaunchKernel,6104    1    1, 256    1    1,"<unnamed>::unpack_face_x(const double *, double *, int, int, int, int, int)"
219575714365,5189,219575719554,1264397,219576983951,9984,1279570,124,124,3,cudaLaunchKernel,6104    1    1, 256    1    1,"<unnamed>::unpack_face_y(const double *, double *, int, int, int, int, int)"
219575720360,9210,219575729570,1267053,219576996623,123006,1399269,124,124,3,cudaLaunchKernel,6104    1    1, 256    1    1,"<unnamed>::unpack_face_z(const double *, double *, int, int, int, int, int)"
219575731073,5999,219575737072,1384093,219577121165,61888,1451980,124,124,3,cudaLaunchKernel,12208    1    1, 256    1    1,"<unnamed>::step_kernel_boundary_x_faces(const double *, const double *, double *, const double *, const double *, int, int, int, int, int, int, int, double, double)"
219575736132,23031,219575759163,1270054,219577029217,8128,1301213,123,123,2,cudaLaunchKernel,6104    1    1, 256    1    1,"<unnamed>::unpack_face_x(const double *, double *, int, int, int, int, int)"
219575737632,5065,219575742697,1442116,219577184813,61343,1508524,124,124,3,cudaLaunchKernel,12188    1    1, 256    1    1,"<unnamed>::step_kernel_boundary_y_faces(const double *, const double *, double *, const double *, const double *, int, int, int, int, int, int, int, double, double)"
219575743429,9738,219575753167,1494365,219577247532,722392,2226495,124,124,3,cudaLaunchKernel,12168    1    1, 256    1    1,"<unnamed>::step_kernel_boundary_z_faces(const double *, const double *, double *, const double *, const double *, int, int, int, int, int, int, int, double, double)"
219575760580,6152,219575766732,1271765,219577038497,10079,1287996,123,123,2,cudaLaunchKernel,6104    1    1, 256    1    1,"<unnamed>::unpack_face_y(const double *, double *, int, int, int, int, int)"
219575768143,6380,219575774523,1275493,219577050016,121471,1403344,123,123,2,cudaLaunchKernel,6104    1    1, 256    1    1,"<unnamed>::unpack_face_z(const double *, double *, int, int, int, int, int)"
219575776418,5854,219575782272,1391391,219577173663,61151,1458396,123,123,2,cudaLaunchKernel,12208    1    1, 256    1    1,"<unnamed>::step_kernel_boundary_x_faces(const double *, const double *, double *, const double *, const double *, int, int, int, int, int, int, int, double, double)"
219575782875,5968,219575788843,1448371,219577237214,61503,1515842,123,123,2,cudaLaunchKernel,12188    1    1, 256    1    1,"<unnamed>::step_kernel_boundary_y_faces(const double *, const double *, double *, const double *, const double *, int, int, int, int, int, int, int, double, double)"
219575789813,5279,219575795092,1505193,219577300285,728662,2239134,123,123,2,cudaLaunchKernel,12168    1    1, 256    1    1,"<unnamed>::step_kernel_boundary_z_faces(const double *, const double *, double *, const double *, const double *, int, int, int, int, int, int, int, double, double)"
219575798675,5963,219575804638,30166468,219605971106,9983,30182414,124,124,3,cudaLaunchKernel,6104    1    1, 256    1    1,"<unnamed>::pack_face_x(const double *, double *, int, int, int, int, int)"
219575805424,4765,219575810189,30172180,219605982369,10176,30187121,124,124,3,cudaLaunchKernel,6104    1    1, 256    1    1,"<unnamed>::pack_face_y(const double *, double *, int, int, int, int, int)"
219575810670,8982,219575819652,30174045,219605993697,62848,30245875,124,124,3,cudaLaunchKernel,6104    1    1, 256    1    1,"<unnamed>::pack_face_z(const double *, double *, int, int, int, int, int)"
219575839057,5929,219575844986,2126378,219577971364,28006557,30138864,124,124,3,cudaLaunchKernel,  39  312  312,  32    4    4,"<unnamed>::step_kernel_interior(const double *, const double *, double *, const double *, const double *, int, int, int, int, int, int, int, double, double)"
219575851574,12383,219575863957,30128384,219605992341,10048,30150815,123,123,2,cudaLaunchKernel,6104    1    1, 256    1    1,"<unnamed>::pack_face_x(const double *, double *, int, int, int, int, int)"
219575865414,6854,219575872268,30131529,219606003797,11136,30149519,123,123,2,cudaLaunchKernel,6104    1    1, 256    1    1,"<unnamed>::pack_face_y(const double *, double *, int, int, int, int, int)"
219575872919,5647,219575878566,30137807,219606016373,62495,30205949,123,123,2,cudaLaunchKernel,6104    1    1, 256    1    1,"<unnamed>::pack_face_z(const double *, double *, int, int, int, int, int)"
219575890818,6025,219575896843,2134248,219578031091,27968770,30109043,123,123,2,cudaLaunchKernel,  39  312  312,  32    4    4,"<unnamed>::step_kernel_interior(const double *, const double *, double *, const double *, const double *, int, int, int, int, int, int, int, double, double)"
219608693093,15552,219608708645,672165,219609380810,8320,696037,127,127,5,cudaLaunchKernel,6104    1    1, 256    1    1,"<unnamed>::unpack_face_x(const double *, double *, int, int, int, int, int)"
219608709590,4278,219608713868,676446,219609390314,10016,690740,127,127,5,cudaLaunchKernel,6104    1    1, 256    1    1,"<unnamed>::unpack_face_y(const double *, double *, int, int, int, int, int)"
219608714773,5852,219608720625,680889,219609401514,121279,808020,127,127,5,cudaLaunchKernel,6104    1    1, 256    1    1,"<unnamed>::unpack_face_z(const double *, double *, int, int, int, int, int)"
219608721975,5036,219608727011,797510,219609524521,62399,864945,127,127,5,cudaLaunchKernel,12208    1    1, 256    1    1,"<unnamed>::step_kernel_boundary_x_faces(const double *, const double *, double *, const double *, const double *, int, int, int, int, int, int, int, double, double)"
219608727645,4248,219608731893,856531,219609588424,60159,920938,127,127,5,cudaLaunchKernel,12188    1    1, 256    1    1,"<unnamed>::step_kernel_boundary_y_faces(const double *, const double *, double *, const double *, const double *, int, int, int, int, int, int, int, double, double)"
219608732485,4615,219608737100,912827,219609649927,726232,1643674,127,127,5,cudaLaunchKernel,12168    1    1, 256    1    1,"<unnamed>::step_kernel_boundary_z_faces(const double *, const double *, double *, const double *, const double *, int, int, int, int, int, int, int, double, double)"
219608780563,4219,219608784782,29581810,219638366592,10016,29596045,127,127,5,cudaLaunchKernel,6104    1    1, 256    1    1,"<unnamed>::pack_face_x(const double *, double *, int, int, int, int, int)"
219608788959,6654,219608795613,29582883,219638378496,10464,29600001,127,127,5,cudaLaunchKernel,6104    1    1, 256    1    1,"<unnamed>::pack_face_y(const double *, double *, int, int, int, int, int)"
219608796140,3388,219608799528,29590552,219638390080,63487,29657427,127,127,5,cudaLaunchKernel,6104    1    1, 256    1    1,"<unnamed>::pack_face_z(const double *, double *, int, int, int, int, int)"
219608809875,5141,219608815016,1562551,219610377567,27994913,29562605,127,127,5,cudaLaunchKernel,  39  312  312,  32    4    4,"<unnamed>::step_kernel_interior(const double *, const double *, double *, const double *, const double *, int, int, int, int, int, int, int, double, double)"
219610160297,19182,219610179479,667506,219610846985,8416,695104,125,125,4,cudaLaunchKernel,6104    1    1, 256    1    1,"<unnamed>::unpack_face_x(const double *, double *, int, int, int, int, int)"
219610180604,7123,219610187727,668762,219610856489,10144,686029,125,125,4,cudaLaunchKernel,6104    1    1, 256    1    1,"<unnamed>::unpack_face_y(const double *, double *, int, int, int, int, int)"
219610188315,6609,219610194924,672861,219610867785,121663,801133,125,125,4,cudaLaunchKernel,6104    1    1, 256    1    1,"<unnamed>::unpack_face_z(const double *, double *, int, int, int, int, int)"
219610196473,6962,219610203435,787325,219610990760,62175,856462,125,125,4,cudaLaunchKernel,12208    1    1, 256    1    1,"<unnamed>::step_kernel_boundary_x_faces(const double *, const double *, double *, const double *, const double *, int, int, int, int, int, int, int, double, double)"
219610204053,5735,219610209788,844683,219611054471,61472,911890,125,125,4,cudaLaunchKernel,12188    1    1, 256    1    1,"<unnamed>::step_kernel_boundary_y_faces(const double *, const double *, double *, const double *, const double *, int, int, int, int, int, int, int, double, double)"
219610210371,32671,219610243042,874533,219611117575,720410,1627614,125,125,4,cudaLaunchKernel,12168    1    1, 256    1    1,"<unnamed>::step_kernel_boundary_z_faces(const double *, const double *, double *, const double *, const double *, int, int, int, int, int, int, int, double, double)"
219610298763,7043,219610305806,29478199,219639784005,10208,29495450,125,125,4,cudaLaunchKernel,6104    1    1, 256    1    1,"<unnamed>::pack_face_x(const double *, double *, int, int, int, int, int)"
219610306444,13341,219610319785,29475804,219639795589,10304,29499449,125,125,4,cudaLaunchKernel,6104    1    1, 256    1    1,"<unnamed>::pack_face_y(const double *, double *, int, int, int, int, int)"
219610320667,7391,219610328058,29478955,219639807013,63327,29549673,125,125,4,cudaLaunchKernel,6104    1    1, 256    1    1,"<unnamed>::pack_face_z(const double *, double *, int, int, int, int, int)"
219610338894,7036,219610345930,1493431,219611839361,27951364,29451831,125,125,4,cudaLaunchKernel,  39  312  312,  32    4    4,"<unnamed>::step_kernel_interior(const double *, const double *, double *, const double *, const double *, int, int, int, int, int, int, int, double, double)"
219612338621,18775,219612357396,673073,219613030469,8448,700296,122,122,1,cudaLaunchKernel,6104    1    1, 256    1    1,"<unnamed>::unpack_face_x(const double *, double *, int, int, int, int, int)"
219612358194,37695,219612395889,644148,219613040037,11040,692883,122,122,1,cudaLaunchKernel,6104    1    1, 256    1    1,"<unnamed>::unpack_face_y(const double *, double *, int, int, int, int, int)"
219612396979,8075,219612405054,647271,219613052325,121343,776689,122,122,1,cudaLaunchKernel,6104    1    1, 256    1    1,"<unnamed>::unpack_face_z(const double *, double *, int, int, int, int, int)"
219612406732,10710,219612417442,758338,219613175780,62208,831256,122,122,1,cudaLaunchKernel,12208    1    1, 256    1    1,"<unnamed>::step_kernel_boundary_x_faces(const double *, const double *, double *, const double *, const double *, int, int, int, int, int, int, int, double, double)"
219612418553,13466,219612432019,807409,219613239428,61376,882251,122,122,1,cudaLaunchKernel,12188    1    1, 256    1    1,"<unnamed>::step_kernel_boundary_y_faces(const double *, const double *, double *, const double *, const double *, int, int, int, int, int, int, int, double, double)"
219612432963,6800,219612439763,862385,219613302148,715419,1584604,122,122,1,cudaLaunchKernel,12168    1    1, 256    1    1,"<unnamed>::step_kernel_boundary_z_faces(const double *, const double *, double *, const double *, const double *, int, int, int, int, int, int, int, double, double)"
219612499419,12787,219612512206,29493771,219642005977,10240,29516798,122,122,1,cudaLaunchKernel,6104    1    1, 256    1    1,"<unnamed>::pack_face_x(const double *, double *, int, int, int, int, int)"
219612513220,7268,219612520488,29497361,219642017849,10880,29515509,122,122,1,cudaLaunchKernel,6104    1    1, 256    1    1,"<unnamed>::pack_face_y(const double *, double *, int, int, int, int, int)"
219612521066,5156,219612526222,29503723,219642029945,63680,29572559,122,122,1,cudaLaunchKernel,6104    1    1, 256    1    1,"<unnamed>::pack_face_z(const double *, double *, int, int, int, int, int)"
219612547141,11762,219612558903,1460136,219614019039,27993114,29465012,122,122,1,cudaLaunchKernel,  39  312  312,  32    4    4,"<unnamed>::step_kernel_interior(const double *, const double *, double *, const double *, const double *, int, int, int, int, int, int, int, double, double)"
219613767872,20300,219613788172,674642,219614462814,8096,703038,121,121,0,cudaLaunchKernel,6104    1    1, 256    1    1,"<unnamed>::unpack_face_x(const double *, double *, int, int, int, int, int)"
219613789022,11183,219613800205,671889,219614472094,10048,693120,121,121,0,cudaLaunchKernel,6104    1    1, 256    1    1,"<unnamed>::unpack_face_y(const double *, double *, int, int, int, int, int)"
219613801191,5707,219613806898,676716,219614483614,123231,805654,121,121,0,cudaLaunchKernel,6104    1    1, 256    1    1,"<unnamed>::unpack_face_z(const double *, double *, int, int, int, int, int)"
219613807944,5218,219613813162,795091,219614608253,62431,862740,121,121,0,cudaLaunchKernel,12208    1    1, 256    1    1,"<unnamed>::step_kernel_boundary_x_faces(const double *, const double *, double *, const double *, const double *, int, int, int, int, int, int, int, double, double)"
219613813778,4046,219613817824,854428,219614672252,60671,919145,121,121,0,cudaLaunchKernel,12188    1    1, 256    1    1,"<unnamed>::step_kernel_boundary_y_faces(const double *, const double *, double *, const double *, const double *, int, int, int, int, int, int, int, double, double)"
219613818519,5346,219613823865,911202,219614735067,723034,1639582,121,121,0,cudaLaunchKernel,12168    1    1, 256    1    1,"<unnamed>::step_kernel_boundary_z_faces(const double *, const double *, double *, const double *, const double *, int, int, int, int, int, int, int, double, double)"
219613881435,6525,219613887960,29565723,219643453683,10432,29582680,121,121,0,cudaLaunchKernel,6104    1    1, 256    1    1,"<unnamed>::pack_face_x(const double *, double *, int, int, int, int, int)"
219613888576,4645,219613893221,29572494,219643465715,10464,29587603,121,121,0,cudaLaunchKernel,6104    1    1, 256    1    1,"<unnamed>::pack_face_y(const double *, double *, int, int, int, int, int)"
219613893671,4439,219613898110,29579253,219643477363,62527,29646219,121,121,0,cudaLaunchKernel,6104    1    1, 256    1    1,"<unnamed>::pack_face_z(const double *, double *, int, int, int, int, int)"
219613902273,26180,219613928453,662145,219614590598,8223,696548,137,137,7,cudaLaunchKernel,6104    1    1, 256    1    1,"<unnamed>::unpack_face_x(const double *, double *, int, int, int, int, int)"
219613909006,11508,219613920514,1539315,219615459829,28000894,29551717,121,121,0,cudaLaunchKernel,  39  312  312,  32    4    4,"<unnamed>::step_kernel_interior(const double *, const double *, double *, const double *, const double *, int, int, int, int, int, int, int, double, double)"
219613930058,7742,219613937800,662269,219614600069,10016,680027,137,137,7,cudaLaunchKernel,6104    1    1, 256    1    1,"<unnamed>::unpack_face_y(const double *, double *, int, int, int, int, int)"
219613938427,16891,219613955318,655983,219614611301,122271,795145,137,137,7,cudaLaunchKernel,6104    1    1, 256    1    1,"<unnamed>::unpack_face_z(const double *, double *, int, int, int, int, int)"
219613957594,8648,219613966242,768770,219614735012,62719,840137,137,137,7,cudaLaunchKernel,12208    1    1, 256    1    1,"<unnamed>::step_kernel_boundary_x_faces(const double *, const double *, double *, const double *, const double *, int, int, int, int, int, int, int, double, double)"
219613967064,9821,219613976885,822158,219614799043,60223,892202,137,137,7,cudaLaunchKernel,12188    1    1, 256    1    1,"<unnamed>::step_kernel_boundary_y_faces(const double *, const double *, double *, const double *, const double *, int, int, int, int, int, int, int, double, double)"
219613977830,10019,219613987849,873017,219614860866,724695,1607731,137,137,7,cudaLaunchKernel,12168    1    1, 256    1    1,"<unnamed>::step_kernel_boundary_z_faces(const double *, const double *, double *, const double *, const double *, int, int, int, int, int, int, int, double, double)"
219614039006,5022,219614044028,29543151,219643587179,10368,29558541,137,137,7,cudaLaunchKernel,6104    1    1, 256    1    1,"<unnamed>::pack_face_x(const double *, double *, int, int, int, int, int)"
219614045100,7681,219614052781,29546206,219643598987,11040,29564927,137,137,7,cudaLaunchKernel,6104    1    1, 256    1    1,"<unnamed>::pack_face_y(const double *, double *, int, int, int, int, int)"
219614053315,5537,219614058852,29552295,219643611147,62655,29620487,137,137,7,cudaLaunchKernel,6104    1    1, 256    1    1,"<unnamed>::pack_face_z(const double *, double *, int, int, int, int, int)"
219614071679,5580,219614077259,1509805,219615587064,28006771,29522156,137,137,7,cudaLaunchKernel,  39  312  312,  32    4    4,"<unnamed>::step_kernel_interior(const double *, const double *, double *, const double *, const double *, int, int, int, int, int, int, int, double, double)"
219615975325,18339,219615993664,685810,219616679474,8384,712533,124,124,3,cudaLaunchKernel,6104    1    1, 256    1    1,"<unnamed>::unpack_face_x(const double *, double *, int, int, int, int, int)"
219615994451,4940,219615999391,690771,219616690162,9888,705599,124,124,3,cudaLaunchKernel,6104    1    1, 256    1    1,"<unnamed>::unpack_face_y(const double *, double *, int, int, int, int, int)"
219616000171,4810,219616004981,696253,219616701234,124607,825670,124,124,3,cudaLaunchKernel,6104    1    1, 256    1    1,"<unnamed>::unpack_face_z(const double *, double *, int, int, int, int, int)"
219616006046,5210,219616011256,816025,219616827281,62303,883538,124,124,3,cudaLaunchKernel,12208    1    1, 256    1    1,"<unnamed>::step_kernel_boundary_x_faces(const double *, const double *, double *, const double *, const double *, int, int, int, int, int, int, int, double, double)"
219616011804,4357,219616016161,874799,219616890960,60639,939795,124,124,3,cudaLaunchKernel,12188    1    1, 256    1    1,"<unnamed>::step_kernel_boundary_y_faces(const double *, const double *, double *, const double *, const double *, int, int, int, int, int, int, int, double, double)"
219616016812,5138,219616021950,931057,219616953007,726969,1663164,124,124,3,cudaLaunchKernel,12168    1    1, 256    1    1,"<unnamed>::step_kernel_boundary_z_faces(const double *, const double *, double *, const double *, const double *, int, int, int, int, int, int, int, double, double)"
219616079044,6030,219616085074,29585011,219645670085,10240,29601281,124,124,3,cudaLaunchKernel,6104    1    1, 256    1    1,"<unnamed>::pack_face_x(const double *, double *, int, int, int, int, int)"
219616085651,4825,219616090476,29591353,219645681829,10432,29606610,124,124,3,cudaLaunchKernel,6104    1    1, 256    1    1,"<unnamed>::pack_face_y(const double *, double *, int, int, int, int, int)"
219616090941,4327,219616095268,29598017,219645693285,63871,29666215,124,124,3,cudaLaunchKernel,6104    1    1, 256    1    1,"<unnamed>::pack_face_z(const double *, double *, int, int, int, int, int)"
219616106137,5673,219616111810,1569638,219617681448,27995197,29570508,124,124,3,cudaLaunchKernel,  39  312  312,  32    4    4,"<unnamed>::step_kernel_interior(const double *, const double *, double *, const double *, const double *, int, int, int, int, int, int, int, double, double)"
219616605552,24884,219616630436,661010,219617291446,8160,694054,135,135,6,cudaLaunchKernel,6104    1    1, 256    1    1,"<unnamed>::unpack_face_x(const double *, double *, int, int, int, int, int)"
219616631611,8577,219616640188,660634,219617300822,10368,679579,135,135,6,cudaLaunchKernel,6104    1    1, 256    1    1,"<unnamed>::unpack_face_y(const double *, double *, int, int, int, int, int)"
219616633312,19614,219616652926,691773,219617344699,8159,719546,123,123,2,cudaLaunchKernel,6104    1    1, 256    1    1,"<unnamed>::unpack_face_x(const double *, double *, int, int, int, int, int)"
219616640883,6583,219616647466,664940,219617312406,122751,794274,135,135,6,cudaLaunchKernel,6104    1    1, 256    1    1,"<unnamed>::unpack_face_z(const double *, double *, int, int, int, int, int)"
219616649211,13799,219616663010,773555,219617436565,61343,848697,135,135,6,cudaLaunchKernel,12208    1    1, 256    1    1,"<unnamed>::step_kernel_boundary_x_faces(const double *, const double *, double *, const double *, const double *, int, int, int, int, int, int, int, double, double)"
219616654131,11763,219616665894,688180,219617354074,9984,709927,123,123,2,cudaLaunchKernel,6104    1    1, 256    1    1,"<unnamed>::unpack_face_y(const double *, double *, int, int, int, int, int)"
219616664092,7399,219616671491,828017,219617499508,61247,896663,135,135,6,cudaLaunchKernel,12188    1    1, 256    1    1,"<unnamed>::step_kernel_boundary_y_faces(const double *, const double *, double *, const double *, const double *, int, int, int, int, int, int, int, double, double)"
219616667561,5734,219616673295,692011,219617365306,121663,819408,123,123,2,cudaLaunchKernel,6104    1    1, 256    1    1,"<unnamed>::unpack_face_z(const double *, double *, int, int, int, int, int)"
219616672177,16267,219616688444,873719,219617562163,721687,1611673,135,135,6,cudaLaunchKernel,12168    1    1, 256    1    1,"<unnamed>::step_kernel_boundary_z_faces(const double *, const double *, double *, const double *, const double *, int, int, int, int, int, int, int, double, double)"
219616683643,7105,219616690748,797853,219617488601,63423,868381,123,123,2,cudaLaunchKernel,12208    1    1, 256    1    1,"<unnamed>::step_kernel_boundary_x_faces(const double *, const double *, double *, const double *, const double *, int, int, int, int, int, int, int, double, double)"
219616691541,15055,219616706596,847028,219617553624,60479,922562,123,123,2,cudaLaunchKernel,12188    1    1, 256    1    1,"<unnamed>::step_kernel_boundary_y_faces(const double *, const double *, double *, const double *, const double *, int, int, int, int, int, int, int, double, double)"
219616707731,8039,219616715770,900093,219617615863,724598,1632730,123,123,2,cudaLaunchKernel,12168    1    1, 256    1    1,"<unnamed>::step_kernel_boundary_z_faces(const double *, const double *, double *, const double *, const double *, int, int, int, int, int, int, int, double, double)"
219616749249,9252,219616758501,1526949,219618285450,14624,1550825,135,135,6,cudaLaunchKernel,6104    1    1, 256    1    1,"<unnamed>::pack_face_x(const double *, double *, int, int, int, int, int)"
219616759706,7669,219616767375,29513469,219646280844,10400,29531538,135,135,6,cudaLaunchKernel,6104    1    1, 256    1    1,"<unnamed>::pack_face_y(const double *, double *, int, int, int, int, int)"
219616767802,6165,219616773967,29518653,219646292620,62335,29587153,135,135,6,cudaLaunchKernel,6104    1    1, 256    1    1,"<unnamed>::pack_face_z(const double *, double *, int, int, int, int, int)"
219616771076,7131,219616778207,29564688,219646342895,10112,29581931,123,123,2,cudaLaunchKernel,6104    1    1, 256    1    1,"<unnamed>::pack_face_x(const double *, double *, int, int, int, int, int)"
219616778945,6311,219616785256,29569255,219646354511,10272,29585838,123,123,2,cudaLaunchKernel,6104    1    1, 256    1    1,"<unnamed>::pack_face_y(const double *, double *, int, int, int, int, int)"
219616785881,5314,219616791195,29575028,219646366223,64511,29644853,123,123,2,cudaLaunchKernel,6104    1    1, 256    1    1,"<unnamed>::pack_face_z(const double *, double *, int, int, int, int, int)"
219616787516,6814,219616794330,1498864,219618293194,27993282,29498960,135,135,6,cudaLaunchKernel,  39  312  312,  32    4    4,"<unnamed>::step_kernel_interior(const double *, const double *, double *, const double *, const double *, int, int, int, int, int, int, int, double, double)"
219616804501,6950,219616811451,1530706,219618342157,28007490,29545146,123,123,2,cudaLaunchKernel,  39  312  312,  32    4    4,"<unnamed>::step_kernel_interior(const double *, const double *, double *, const double *, const double *, int, int, int, int, int, int, int, double, double)"
219647537521,15937,219647553458,666462,219648219920,8128,690527,127,127,5,cudaLaunchKernel,6104    1    1, 256    1    1,"<unnamed>::unpack_face_x(const double *, double *, int, int, int, int, int)"
219647554432,9154,219647563586,665550,219648229136,10816,685520,127,127,5,cudaLaunchKernel,6104    1    1, 256    1    1,"<unnamed>::unpack_face_y(const double *, double *, int, int, int, int, int)"
219647564907,5555,219647570462,670450,219648240912,122558,798563,127,127,5,cudaLaunchKernel,6104    1    1, 256    1    1,"<unnamed>::unpack_face_z(const double *, double *, int, int, int, int, int)"
219647571746,4730,219647576476,788370,219648364846,62207,855307,127,127,5,cudaLaunchKernel,12208    1    1, 256    1    1,"<unnamed>::step_kernel_boundary_x_faces(const double *, const double *, double *, const double *, const double *, int, int, int, int, int, int, int, double, double)"
219647577229,4034,219647581263,847230,219648428493,59904,911168,127,127,5,cudaLaunchKernel,12188    1    1, 256    1    1,"<unnamed>::step_kernel_boundary_y_faces(const double *, const double *, double *, const double *, const double *, int, int, int, int, int, int, int, double, double)"
219647581770,5695,219647587465,902596,219648490061,723511,1631802,127,127,5,cudaLaunchKernel,12168    1    1, 256    1    1,"<unnamed>::step_kernel_boundary_z_faces(const double *, const double *, double *, const double *, const double *, int, int, int, int, int, int, int, double, double)"
219647637101,7282,219647644383,1571077,219649215460,15296,1593655,127,127,5,cudaLaunchKernel,6104    1    1, 256    1    1,"<unnamed>::pack_face_x(const double *, double *, int, int, int, int, int)"
219647644964,3719,219647648683,29565786,219677214469,10560,29580065,127,127,5,cudaLaunchKernel,6104    1    1, 256    1    1,"<unnamed>::pack_face_y(const double *, double *, int, int, int, int, int)"
219647649385,4323,219647653708,29573049,219677226757,61856,29639228,127,127,5,cudaLaunchKernel,6104    1    1, 256    1    1,"<unnamed>::pack_face_z(const double *, double *, int, int, int, int, int)"
219647664408,4717,219647669125,1554367,219649223492,27996417,29555501,127,127,5,cudaLaunchKernel,  39  312  312,  32    4    4,"<unnamed>::step_kernel_interior(const double *, const double *, double *, const double *, const double *, int, int, int, int, int, int, int, double, double)"
219651280416,22556,219651302972,681922,219651984894,8128,712606,122,122,1,cudaLaunchKernel,6104    1    1, 256    1    1,"<unnamed>::unpack_face_x(const double *, double *, int, int, int, int, int)"
219651303747,6395,219651310142,684128,219651994270,10272,700795,122,122,1,cudaLaunchKernel,6104    1    1, 256    1    1,"<unnamed>::unpack_face_y(const double *, double *, int, int, int, int, int)"
219651310756,5487,219651316243,689387,219652005630,122367,817241,122,122,1,cudaLaunchKernel,6104    1    1, 256    1    1,"<unnamed>::unpack_face_z(const double *, double *, int, int, int, int, int)"
219651317660,6301,219651323961,805508,219652129469,61952,873761,122,122,1,cudaLaunchKernel,12208    1    1, 256    1    1,"<unnamed>::step_kernel_boundary_x_faces(const double *, const double *, double *, const double *, const double *, int, int, int, int, int, int, int, double, double)"
219651324455,6951,219651331406,861455,219652192861,61664,930070,122,122,1,cudaLaunchKernel,12188    1    1, 256    1    1,"<unnamed>::step_kernel_boundary_y_faces(const double *, const double *, double *, const double *, const double *, int, int, int, int, int, int, int, double, double)"
219651335397,7620,219651343017,913108,219652256125,715675,1636403,122,122,1,cudaLaunchKernel,12168    1    1, 256    1    1,"<unnamed>::step_kernel_boundary_z_faces(const double *, const double *, double *, const double *, const double *, int, int, int, int, int, int, int, double, double)"
219651398944,8509,219651407453,1565883,219652973336,15360,1589752,122,122,1,cudaLaunchKernel,6104    1    1, 256    1    1,"<unnamed>::pack_face_x(const double *, double *, int, int, int, int, int)"
219651407971,4833,219651412804,29551023,219680963827,11103,29566959,122,122,1,cudaLaunchKernel,6104    1    1, 256    1    1,"<unnamed>::pack_face_y(const double *, double *, int, int, int, int, int)"
219651413320,5287,219651418607,29557763,219680976370,60736,29623786,122,122,1,cudaLaunchKernel,6104    1    1, 256    1    1,"<unnamed>::pack_face_z(const double *, double *, int, int, int, int, int)"
219651429302,5075,219651434377,1547215,219652981592,27988186,29540476,122,122,1,cudaLaunchKernel,  39  312  312,  32    4    4,"<unnamed>::step_kernel_interior(const double *, const double *, double *, const double *, const double *, int, int, int, int, int, int, int, double, double)"
219653079335,17863,219653097198,662089,219653759287,8320,688272,125,125,4,cudaLaunchKernel,6104    1    1, 256    1    1,"<unnamed>::unpack_face_x(const double *, double *, int, int, int, int, int)"
219653098103,11585,219653109688,659039,219653768727,10304,680928,125,125,4,cudaLaunchKernel,6104    1    1, 256    1    1,"<unnamed>::unpack_face_y(const double *, double *, int, int, int, int, int)"
219653110630,25746,219653136376,643743,219653780119,122175,791664,125,125,4,cudaLaunchKernel,6104    1    1, 256    1    1,"<unnamed>::unpack_face_z(const double *, double *, int, int, int, int, int)"
219653137945,12157,219653150102,753504,219653903606,62399,828060,125,125,4,cudaLaunchKernel,12208    1    1, 256    1    1,"<unnamed>::step_kernel_boundary_x_faces(const double *, const double *, double *, const double *, const double *, int, int, int, int, int, int, int, double, double)"
219653151039,6673,219653157712,809669,219653967381,59808,876150,125,125,4,cudaLaunchKernel,12188    1    1, 256    1    1,"<unnamed>::step_kernel_boundary_y_faces(const double *, const double *, double *, const double *, const double *, int, int, int, int, int, int, int, double, double)"
219653158289,5454,219653163743,864758,219654028501,722682,1592894,125,125,4,cudaLaunchKernel,12168    1    1, 256    1    1,"<unnamed>::step_kernel_boundary_z_faces(const double *, const double *, double *, const double *, const double *, int, int, int, int, int, int, int, double, double)"
219653216472,7970,219653224442,1528213,219654752655,14656,1550839,125,125,4,cudaLaunchKernel,6104    1    1, 256    1    1,"<unnamed>::pack_face_x(const double *, double *, int, int, int, int, int)"
219653225219,5763,219653230982,29452461,219682683443,11488,29469712,125,125,4,cudaLaunchKernel,6104    1    1, 256    1    1,"<unnamed>::pack_face_y(const double *, double *, int, int, int, int, int)"
219653231480,10702,219653242182,29454253,219682696435,61056,29526011,125,125,4,cudaLaunchKernel,6104    1    1, 256    1    1,"<unnamed>::pack_face_z(const double *, double *, int, int, int, int, int)"
219653254620,7367,219653261987,1498316,219654760303,27929156,29434839,125,125,4,cudaLaunchKernel,  39  312  312,  32    4    4,"<unnamed>::step_kernel_interior(const double *, const double *, double *, const double *, const double *, int, int, int, int, int, int, int, double, double)"
219653422854,19189,219653442043,677110,219654119153,8160,704459,121,121,0,cudaLaunchKernel,6104    1    1, 256    1    1,"<unnamed>::unpack_face_x(const double *, double *, int, int, int, int, int)"
219653443165,5801,219653448966,679787,219654128753,10208,695796,121,121,0,cudaLaunchKernel,6104    1    1, 256    1    1,"<unnamed>::unpack_face_y(const double *, double *, int, int, int, int, int)"
219653449665,4755,219653454420,685597,219654140017,122655,813007,121,121,0,cudaLaunchKernel,6104    1    1, 256    1    1,"<unnamed>::unpack_face_z(const double *, double *, int, int, int, int, int)"
219653455644,5235,219653460879,803425,219654264304,62687,871347,121,121,0,cudaLaunchKernel,12208    1    1, 256    1    1,"<unnamed>::step_kernel_boundary_x_faces(const double *, const double *, double *, const double *, const double *, int, int, int, int, int, int, int, double, double)"
219653461484,3811,219653465295,863488,219654328783,59999,927298,121,121,0,cudaLaunchKernel,12188    1    1, 256    1    1,"<unnamed>::step_kernel_boundary_y_faces(const double *, const double *, double *, const double *, const double *, int, int, int, int, int, int, int, double, double)"
219653466020,4040,219653470060,920130,219654390190,727290,1651460,121,121,0,cudaLaunchKernel,12168    1    1, 256    1    1,"<unnamed>::step_kernel_boundary_z_faces(const double *, const double *, double *, const double *, const double *, int, int, int, int, int, int, int, double, double)"
219653516624,10356,219653526980,29583970,219683110950,10144,29604470,121,121,0,cudaLaunchKernel,6104    1    1, 256    1    1,"<unnamed>::pack_face_x(const double *, double *, int, int, int, int, int)"
219653528096,4909,219653533005,29590585,219683123590,10368,29605862,121,121,0,cudaLaunchKernel,6104    1    1, 256    1    1,"<unnamed>::pack_face_y(const double *, double *, int, int, int, int, int)"
219653533460,4760,219653538220,29596954,219683135174,62623,29664337,121,121,0,cudaLaunchKernel,6104    1    1, 256    1    1,"<unnamed>::pack_face_z(const double *, double *, int, int, int, int, int)"
219653549275,5648,219653554923,1564253,219655119176,27998622,29568523,121,121,0,cudaLaunchKernel,  39  312  312,  32    4    4,"<unnamed>::step_kernel_interior(const double *, const double *, double *, const double *, const double *, int, int, int, int, int, int, int, double, double)"
219654907699,24320,219654932019,663483,219655595502,8096,695899,137,137,7,cudaLaunchKernel,6104    1    1, 256    1    1,"<unnamed>::unpack_face_x(const double *, double *, int, int, int, int, int)"
219654925615,16922,219654942537,667957,219655610494,8256,693135,124,124,3,cudaLaunchKernel,6104    1    1, 256    1    1,"<unnamed>::unpack_face_x(const double *, double *, int, int, int, int, int)"
219654933534,7912,219654941446,663368,219655604814,10304,681584,137,137,7,cudaLaunchKernel,6104    1    1, 256    1    1,"<unnamed>::unpack_face_y(const double *, double *, int, int, int, int, int)"
219654942090,9589,219654951679,664399,219655616078,122206,796194,137,137,7,cudaLaunchKernel,6104    1    1, 256    1    1,"<unnamed>::unpack_face_z(const double *, double *, int, int, int, int, int)"
219654948382,6013,219654954395,665539,219655619934,10208,681760,124,124,3,cudaLaunchKernel,6104    1    1, 256    1    1,"<unnamed>::unpack_face_y(const double *, double *, int, int, int, int, int)"
219654953200,8220,219654961420,778208,219655739628,61887,848315,137,137,7,cudaLaunchKernel,12208    1    1, 256    1    1,"<unnamed>::step_kernel_boundary_x_faces(const double *, const double *, double *, const double *, const double *, int, int, int, int, int, int, int, double, double)"
219654955258,4303,219654959561,671605,219655631166,122078,797986,124,124,3,cudaLaunchKernel,6104    1    1, 256    1    1,"<unnamed>::unpack_face_z(const double *, double *, int, int, int, int, int)"
219654960862,5520,219654966382,788270,219655754652,61664,855454,124,124,3,cudaLaunchKernel,12208    1    1, 256    1    1,"<unnamed>::step_kernel_boundary_x_faces(const double *, const double *, double *, const double *, const double *, int, int, int, int, int, int, int, double, double)"
219654961983,6084,219654968067,834856,219655802923,61664,902604,137,137,7,cudaLaunchKernel,12188    1    1, 256    1    1,"<unnamed>::step_kernel_boundary_y_faces(const double *, const double *, double *, const double *, const double *, int, int, int, int, int, int, int, double, double)"
219654966904,4457,219654971361,846363,219655817724,60799,911619,124,124,3,cudaLaunchKernel,12188    1    1, 256    1    1,"<unnamed>::step_kernel_boundary_y_faces(const double *, const double *, double *, const double *, const double *, int, int, int, int, int, int, int, double, double)"
219654968752,5593,219654974345,891681,219655866026,731415,1628689,137,137,7,cudaLaunchKernel,12168    1    1, 256    1    1,"<unnamed>::step_kernel_boundary_z_faces(const double *, const double *, double *, const double *, const double *, int, int, int, int, int, int, int, double, double)"
219654971906,4085,219654975991,903876,219655879867,724153,1632114,124,124,3,cudaLaunchKernel,12168    1    1, 256    1    1,"<unnamed>::step_kernel_boundary_z_faces(const double *, const double *, double *, const double *, const double *, int, int, int, int, int, int, int, double, double)"
219655022930,6287,219655029217,1569632,219656598849,14336,1590255,137,137,7,cudaLaunchKernel,6104    1    1, 256    1    1,"<unnamed>::pack_face_x(const double *, double *, int, int, int, int, int)"
219655030244,8773,219655039017,29563274,219684602291,10848,29582895,137,137,7,cudaLaunchKernel,6104    1    1, 256    1    1,"<unnamed>::pack_face_y(const double *, double *, int, int, int, int, int)"
219655039633,6666,219655046299,29568280,219684614579,61631,29636577,137,137,7,cudaLaunchKernel,6104    1    1, 256    1    1,"<unnamed>::pack_face_z(const double *, double *, int, int, int, int, int)"
219655043462,9443,219655052905,29536296,219684589201,9984,29555723,124,124,3,cudaLaunchKernel,6104    1    1, 256    1    1,"<unnamed>::pack_face_x(const double *, double *, int, int, int, int, int)"
219655054281,6236,219655060517,29541004,219684601521,10336,29557576,124,124,3,cudaLaunchKernel,6104    1    1, 256    1    1,"<unnamed>::pack_face_y(const double *, double *, int, int, int, int, int)"
219655061030,4478,219655065508,29547533,219684613041,63167,29615178,124,124,3,cudaLaunchKernel,6104    1    1, 256    1    1,"<unnamed>::pack_face_z(const double *, double *, int, int, int, int, int)"
219655068961,7680,219655076641,1529888,219656606529,28002034,29539602,137,137,7,cudaLaunchKernel,  39  312  312,  32    4    4,"<unnamed>::step_kernel_interior(const double *, const double *, double *, const double *, const double *, int, int, int, int, int, int, int, double, double)"
219655077616,4766,219655082382,1523173,219656605555,27990046,29517985,124,124,3,cudaLaunchKernel,  39  312  312,  32    4    4,"<unnamed>::step_kernel_interior(const double *, const double *, double *, const double *, const double *, int, int, int, int, int, int, int, double, double)"
219656431078,17533,219656448611,672769,219657121380,7968,698270,135,135,6,cudaLaunchKernel,6104    1    1, 256    1    1,"<unnamed>::unpack_face_x(const double *, double *, int, int, int, int, int)"
219656449501,10681,219656460182,670638,219657130820,10528,691847,135,135,6,cudaLaunchKernel,6104    1    1, 256    1    1,"<unnamed>::unpack_face_y(const double *, double *, int, int, int, int, int)"
219656449995,18307,219656468302,671246,219657139548,8127,697680,123,123,2,cudaLaunchKernel,6104    1    1, 256    1    1,"<unnamed>::unpack_face_x(const double *, double *, int, int, int, int, int)"
219656461014,6544,219656467558,674878,219657142436,121983,803405,135,135,6,cudaLaunchKernel,6104    1    1, 256    1    1,"<unnamed>::unpack_face_z(const double *, double *, int, int, int, int, int)"
219656468910,8549,219656477459,788368,219657265827,62143,859060,135,135,6,cudaLaunchKernel,12208    1    1, 256    1    1,"<unnamed>::step_kernel_boundary_x_faces(const double *, const double *, double *, const double *, const double *, int, int, int, int, int, int, int, double, double)"
219656469403,6896,219656476299,672816,219657149115,10112,689824,123,123,2,cudaLaunchKernel,6104    1    1, 256    1    1,"<unnamed>::unpack_face_y(const double *, double *, int, int, int, int, int)"
219656477375,5907,219656483282,677289,219657160571,123295,806491,123,123,2,cudaLaunchKernel,6104    1    1, 256    1    1,"<unnamed>::unpack_face_z(const double *, double *, int, int, int, int, int)"
219656477892,6760,219656484652,844630,219657329282,61087,912477,135,135,6,cudaLaunchKernel,12188    1    1, 256    1    1,"<unnamed>::step_kernel_boundary_y_faces(const double *, const double *, double *, const double *, const double *, int, int, int, int, int, int, int, double, double)"
219656485337,6839,219656492176,793802,219657285978,61919,862560,123,123,2,cudaLaunchKernel,12208    1    1, 256    1    1,"<unnamed>::step_kernel_boundary_x_faces(const double *, const double *, double *, const double *, const double *, int, int, int, int, int, int, int, double, double)"
219656485433,5419,219656490852,901053,219657391905,730903,1637375,135,135,6,cudaLaunchKernel,12168    1    1, 256    1    1,"<unnamed>::step_kernel_boundary_z_faces(const double *, const double *, double *, const double *, const double *, int, int, int, int, int, int, int, double, double)"
219656492808,5289,219656498097,851208,219657349305,61375,917872,123,123,2,cudaLaunchKernel,12188    1    1, 256    1    1,"<unnamed>::step_kernel_boundary_y_faces(const double *, const double *, double *, const double *, const double *, int, int, int, int, int, int, int, double, double)"
219656498828,5240,219656504068,908020,219657412088,719542,1632802,123,123,2,cudaLaunchKernel,12168    1    1, 256    1    1,"<unnamed>::step_kernel_boundary_z_faces(const double *, const double *, double *, const double *, const double *, int, int, int, int, int, int, int, double, double)"
219656542603,9124,219656551727,1572489,219658124216,14144,1595757,135,135,6,cudaLaunchKernel,6104    1    1, 256    1    1,"<unnamed>::pack_face_x(const double *, double *, int, int, int, int, int)"
219656552815,6298,219656559113,29569873,219686128986,11039,29587210,135,135,6,cudaLaunchKernel,6104    1    1, 256    1    1,"<unnamed>::pack_face_y(const double *, double *, int, int, int, int, int)"
219656557544,6931,219656564475,29577429,219686141904,10080,29594440,123,123,2,cudaLaunchKernel,6104    1    1, 256    1    1,"<unnamed>::pack_face_x(const double *, double *, int, int, int, int, int)"
219656559631,6873,219656566504,29575057,219686141561,60768,29642698,135,135,6,cudaLaunchKernel,6104    1    1, 256    1    1,"<unnamed>::pack_face_z(const double *, double *, int, int, int, int, int)"
219656565559,5784,219656571343,29582145,219686153488,10240,29598169,123,123,2,cudaLaunchKernel,6104    1    1, 256    1    1,"<unnamed>::pack_face_y(const double *, double *, int, int, int, int, int)"
219656572030,5234,219656577264,29587680,219686164944,62495,29655409,123,123,2,cudaLaunchKernel,6104    1    1, 256    1    1,"<unnamed>::pack_face_z(const double *, double *, int, int, int, int, int)"
219656579805,7459,219656587264,1544568,219658131832,28002754,29554781,135,135,6,cudaLaunchKernel,  39  312  312,  32    4    4,"<unnamed>::step_kernel_interior(const double *, const double *, double *, const double *, const double *, int, int, int, int, int, int, int, double, double)"
219656590086,7120,219656597206,1536184,219658133390,28015746,29559050,123,123,2,cudaLaunchKernel,  39  312  312,  32    4    4,"<unnamed>::step_kernel_interior(const double *, const double *, double *, const double *, const double *, int, int, int, int, int, int, int, double, double)"
219691526829,28240,219691555069,662643,219692217712,8448,699331,122,122,1,cudaLaunchKernel,6104    1    1, 256    1    1,"<unnamed>::unpack_face_x(const double *, double *, int, int, int, int, int)"
219691556274,11831,219691568105,659079,219692227184,10016,680926,122,122,1,cudaLaunchKernel,6104    1    1, 256    1    1,"<unnamed>::unpack_face_y(const double *, double *, int, int, int, int, int)"
219691569350,7908,219691577258,661030,219692238288,121311,790249,122,122,1,cudaLaunchKernel,6104    1    1, 256    1    1,"<unnamed>::unpack_face_z(const double *, double *, int, int, int, int, int)"
219691579021,5323,219691584344,776759,219692361103,62272,844354,122,122,1,cudaLaunchKernel,12208    1    1, 256    1    1,"<unnamed>::step_kernel_boundary_x_faces(const double *, const double *, double *, const double *, const double *, int, int, int, int, int, int, int, double, double)"
219691584847,7416,219691592263,833320,219692425583,61631,902367,122,122,1,cudaLaunchKernel,12188    1    1, 256    1    1,"<unnamed>::step_kernel_boundary_y_faces(const double *, const double *, double *, const double *, const double *, int, int, int, int, int, int, int, double, double)"
219691592810,5355,219691598165,890521,219692488686,713180,1609056,122,122,1,cudaLaunchKernel,12168    1    1, 256    1    1,"<unnamed>::step_kernel_boundary_z_faces(const double *, const double *, double *, const double *, const double *, int, int, int, int, int, int, int, double, double)"
219691656301,16508,219691672809,1530497,219693203306,14016,1561021,122,122,1,cudaLaunchKernel,6104    1    1, 256    1    1,"<unnamed>::pack_face_x(const double *, double *, int, int, int, int, int)"
219691673325,35702,219691709027,29484257,219721193284,10752,29530711,122,122,1,cudaLaunchKernel,6104    1    1, 256    1    1,"<unnamed>::pack_face_y(const double *, double *, int, int, int, int, int)"
219691710179,5545,219691715724,29489816,219721205540,62016,29557377,122,122,1,cudaLaunchKernel,6104    1    1, 256    1    1,"<unnamed>::pack_face_z(const double *, double *, int, int, int, int, int)"
219691727369,8177,219691735546,1475920,219693211466,27987386,29471483,122,122,1,cudaLaunchKernel,  39  312  312,  32    4    4,"<unnamed>::step_kernel_interior(const double *, const double *, double *, const double *, const double *, int, int, int, int, int, int, int, double, double)"
219691924985,29924,219691954909,659001,219692613910,8160,697085,127,127,5,cudaLaunchKernel,6104    1    1, 256    1    1,"<unnamed>::unpack_face_x(const double *, double *, int, int, int, int, int)"
219691956002,7237,219691963239,659823,219692623062,10336,677396,127,127,5,cudaLaunchKernel,6104    1    1, 256    1    1,"<unnamed>::unpack_face_y(const double *, double *, int, int, int, int, int)"
219691964513,6395,219691970908,663482,219692634390,121470,791347,127,127,5,cudaLaunchKernel,6104    1    1, 256    1    1,"<unnamed>::unpack_face_z(const double *, double *, int, int, int, int, int)"
219691972730,6370,219691979100,778424,219692757524,62400,847194,127,127,5,cudaLaunchKernel,12208    1    1, 256    1    1,"<unnamed>::step_kernel_boundary_x_faces(const double *, const double *, double *, const double *, const double *, int, int, int, int, int, int, int, double, double)"
219691980854,5528,219691986382,834950,219692821332,60191,900669,127,127,5,cudaLaunchKernel,12188    1    1, 256    1    1,"<unnamed>::step_kernel_boundary_y_faces(const double *, const double *, double *, const double *, const double *, int, int, int, int, int, int, int, double, double)"
219691987381,6102,219691993483,889544,219692883027,721944,1617590,127,127,5,cudaLaunchKernel,12168    1    1, 256    1    1,"<unnamed>::step_kernel_boundary_z_faces(const double *, const double *, double *, const double *, const double *, int, int, int, int, int, int, int, double, double)"
219692092448,7550,219692099998,29498062,219721598060,10112,29515724,127,127,5,cudaLaunchKernel,6104    1    1, 256    1    1,"<unnamed>::pack_face_x(const double *, double *, int, int, int, int, int)"
219692100627,5808,219692106435,29503945,219721610380,10368,29520121,127,127,5,cudaLaunchKernel,6104    1    1, 256    1    1,"<unnamed>::pack_face_y(const double *, double *, int, int, int, int, int)"
219692107334,5138,219692112472,29509716,219721622188,63199,29578053,127,127,5,cudaLaunchKernel,6104    1    1, 256    1    1,"<unnamed>::pack_face_z(const double *, double *, int, int, int, int, int)"
219692133586,9419,219692143005,1463470,219693606475,27998977,29471866,127,127,5,cudaLaunchKernel,  39  312  312,  32    4    4,"<unnamed>::step_kernel_interior(const double *, const double *, double *, const double *, const double *, int, int, int, int, int, int, int, double, double)"
219693816173,19167,219693835340,680401,219694515741,8224,707792,121,121,0,cudaLaunchKernel,6104    1    1, 256    1    1,"<unnamed>::unpack_face_x(const double *, double *, int, int, int, int, int)"
219693836154,5431,219693841585,683468,219694525053,10080,698979,121,121,0,cudaLaunchKernel,6104    1    1, 256    1    1,"<unnamed>::unpack_face_y(const double *, double *, int, int, int, int, int)"
219693842630,10698,219693853328,682893,219694536221,123135,816726,121,121,0,cudaLaunchKernel,6104    1    1, 256    1    1,"<unnamed>::unpack_face_z(const double *, double *, int, int, int, int, int)"
219693854948,5925,219693860873,799859,219694660732,61567,867351,121,121,0,cudaLaunchKernel,12208    1    1, 256    1    1,"<unnamed>::step_kernel_boundary_x_faces(const double *, const double *, double *, const double *, const double *, int, int, int, int, int, int, int, double, double)"
219693865069,7707,219693872776,850963,219694723739,61312,919982,121,121,0,cudaLaunchKernel,12188    1    1, 256    1    1,"<unnamed>::step_kernel_boundary_y_faces(const double *, const double *, double *, const double *, const double *, int, int, int, int, int, int, int, double, double)"
219693873543,4155,219693877698,908889,219694786587,723801,1636845,121,121,0,cudaLaunchKernel,12168    1    1, 256    1    1,"<unnamed>::step_kernel_boundary_z_faces(const double *, const double *, double *, const double *, const double *, int, int, int, int, int, int, int, double, double)"
219693934978,6961,219693941939,1569953,219695511892,14048,1590962,121,121,0,cudaLaunchKernel,6104    1    1, 256    1    1,"<unnamed>::pack_face_x(const double *, double *, int, int, int, int, int)"
219693942411,16732,219693959143,29550955,219723510098,10208,29577895,121,121,0,cudaLaunchKernel,6104    1    1, 256    1    1,"<unnamed>::pack_face_y(const double *, double *, int, int, int, int, int)"
219693960000,5122,219693965122,29556976,219723522098,61280,29623378,121,121,0,cudaLaunchKernel,6104    1    1, 256    1    1,"<unnamed>::pack_face_z(const double *, double *, int, int, int, int, int)"
219693977269,5643,219693982912,1536596,219695519508,27996158,29538397,121,121,0,cudaLaunchKernel,  39  312  312,  32    4    4,"<unnamed>::step_kernel_interior(const double *, const double *, double *, const double *, const double *, int, int, int, int, int, int, int, double, double)"
219694446181,16138,219694462319,670964,219695133283,8288,695390,124,124,3,cudaLaunchKernel,6104    1    1, 256    1    1,"<unnamed>::unpack_face_x(const double *, double *, int, int, int, int, int)"
219694463112,5531,219694468643,673888,219695142531,10208,689627,124,124,3,cudaLaunchKernel,6104    1    1, 256    1    1,"<unnamed>::unpack_face_y(const double *, double *, int, int, int, int, int)"
219694469568,5256,219694474824,679035,219695153859,121631,805922,124,124,3,cudaLaunchKernel,6104    1    1, 256    1    1,"<unnamed>::unpack_face_z(const double *, double *, int, int, int, int, int)"
219694476163,5039,219694481202,795568,219695276770,62239,862846,124,124,3,cudaLaunchKernel,12208    1    1, 256    1    1,"<unnamed>::step_kernel_boundary_x_faces(const double *, const double *, double *, const double *, const double *, int, int, int, int, int, int, int, double, double)"
219694481747,4530,219694486277,854012,219695340289,61535,920077,124,124,3,cudaLaunchKernel,12188    1    1, 256    1    1,"<unnamed>::step_kernel_boundary_y_faces(const double *, const double *, double *, const double *, const double *, int, int, int, int, int, int, int, double, double)"
219694486879,10184,219694497063,906201,219695403264,726233,1642618,124,124,3,cudaLaunchKernel,12168    1    1, 256    1    1,"<unnamed>::step_kernel_boundary_z_faces(const double *, const double *, double *, const double *, const double *, int, int, int, int, int, int, int, double, double)"
219694511065,23263,219694534328,663185,219695197513,8256,694704,137,137,7,cudaLaunchKernel,6104    1    1, 256    1    1,"<unnamed>::unpack_face_x(const double *, double *, int, int, int, int, int)"
219694535548,7126,219694542674,664087,219695206761,9952,681165,137,137,7,cudaLaunchKernel,6104    1    1, 256    1    1,"<unnamed>::unpack_face_y(const double *, double *, int, int, int, int, int)"
219694543517,6512,219694550029,667708,219695217737,121886,796106,137,137,7,cudaLaunchKernel,6104    1    1, 256    1    1,"<unnamed>::unpack_face_z(const double *, double *, int, int, int, int, int)"
219694548244,6382,219694554626,1576375,219696131001,14016,1596773,124,124,3,cudaLaunchKernel,6104    1    1, 256    1    1,"<unnamed>::pack_face_x(const double *, double *, int, int, int, int, int)"
219694551645,6994,219694558639,782648,219695341287,62431,852073,137,137,7,cudaLaunchKernel,12208    1    1, 256    1    1,"<unnamed>::step_kernel_boundary_x_faces(const double *, const double *, double *, const double *, const double *, int, int, int, int, int, int, int, double, double)"
219694555229,4672,219694559901,29575545,219724135446,10304,29590521,124,124,3,cudaLaunchKernel,6104    1    1, 256    1    1,"<unnamed>::pack_face_y(const double *, double *, int, int, int, int, int)"
219694559268,6234,219694565502,839880,219695405382,59999,906113,137,137,7,cudaLaunchKernel,12188    1    1, 256    1    1,"<unnamed>::step_kernel_boundary_y_faces(const double *, const double *, double *, const double *, const double *, int, int, int, int, int, int, int, double, double)"
219694560396,3761,219694564157,29583193,219724147350,60959,29647913,124,124,3,cudaLaunchKernel,6104    1    1, 256    1    1,"<unnamed>::pack_face_z(const double *, double *, int, int, int, int, int)"
219694566320,5301,219694571621,895168,219695466789,720151,1620620,137,137,7,cudaLaunchKernel,12168    1    1, 256    1    1,"<unnamed>::step_kernel_boundary_z_faces(const double *, const double *, double *, const double *, const double *, int, int, int, int, int, int, int, double, double)"
219694575502,5498,219694581000,1557905,219696138905,28002301,29565704,124,124,3,cudaLaunchKernel,  39  312  312,  32    4    4,"<unnamed>::step_kernel_interior(const double *, const double *, double *, const double *, const double *, int, int, int, int, int, int, int, double, double)"
219694634977,8009,219694642986,29544996,219724187982,10208,29563213,137,137,7,cudaLaunchKernel,6104    1    1, 256    1    1,"<unnamed>::pack_face_x(const double *, double *, int, int, int, int, int)"
219694643940,6199,219694650139,29549587,219724199726,10336,29566122,137,137,7,cudaLaunchKernel,6104    1    1, 256    1    1,"<unnamed>::pack_face_y(const double *, double *, int, int, int, int, int)"
219694650608,5805,219694656413,29554801,219724211214,63967,29624573,137,137,7,cudaLaunchKernel,6104    1    1, 256    1    1,"<unnamed>::pack_face_z(const double *, double *, int, int, int, int, int)"
219694669548,17049,219694686597,1501879,219696188476,28006450,29525378,137,137,7,cudaLaunchKernel,  39  312  312,  32    4    4,"<unnamed>::step_kernel_interior(const double *, const double *, double *, const double *, const double *, int, int, int, int, int, int, int, double, double)"
219696087974,17410,219696105384,664988,219696770372,8064,690462,125,125,4,cudaLaunchKernel,6104    1    1, 256    1    1,"<unnamed>::unpack_face_x(const double *, double *, int, int, int, int, int)"
219696106471,11259,219696117730,662050,219696779780,9920,683229,125,125,4,cudaLaunchKernel,6104    1    1, 256    1    1,"<unnamed>::unpack_face_y(const double *, double *, int, int, int, int, int)"
219696118675,27187,219696145862,645118,219696790980,121983,794288,125,125,4,cudaLaunchKernel,6104    1    1, 256    1    1,"<unnamed>::unpack_face_z(const double *, double *, int, int, int, int, int)"
219696147674,6964,219696154638,759605,219696914243,61536,828105,125,125,4,cudaLaunchKernel,12208    1    1, 256    1    1,"<unnamed>::step_kernel_boundary_x_faces(const double *, const double *, double *, const double *, const double *, int, int, int, int, int, int, int, double, double)"
219696155221,5670,219696160891,816232,219696977123,62655,884557,125,125,4,cudaLaunchKernel,12188    1    1, 256    1    1,"<unnamed>::step_kernel_boundary_y_faces(const double *, const double *, double *, const double *, const double *, int, int, int, int, int, int, int, double, double)"
219696161492,4988,219696166480,874802,219697041282,725819,1605609,125,125,4,cudaLaunchKernel,12168    1    1, 256    1    1,"<unnamed>::step_kernel_boundary_z_faces(const double *, const double *, double *, const double *, const double *, int, int, int, int, int, int, int, double, double)"
219696232685,15111,219696247796,1520937,219697768733,14015,1550063,125,125,4,cudaLaunchKernel,6104    1    1, 256    1    1,"<unnamed>::pack_face_x(const double *, double *, int, int, int, int, int)"
219696248415,5871,219696254286,29460242,219725714528,10304,29476417,125,125,4,cudaLaunchKernel,6104    1    1, 256    1    1,"<unnamed>::pack_face_y(const double *, double *, int, int, int, int, int)"
219696254865,10273,219696265138,29461070,219725726208,61504,29532847,125,125,4,cudaLaunchKernel,6104    1    1, 256    1    1,"<unnamed>::pack_face_z(const double *, double *, int, int, int, int, int)"
219696282347,12273,219696294620,1481888,219697776508,27944292,29438453,125,125,4,cudaLaunchKernel,  39  312  312,  32    4    4,"<unnamed>::step_kernel_interior(const double *, const double *, double *, const double *, const double *, int, int, int, int, int, int, int, double, double)"
219696369216,18945,219696388161,669744,219697057905,8128,696817,135,135,6,cudaLaunchKernel,6104    1    1, 256    1    1,"<unnamed>::unpack_face_x(const double *, double *, int, int, int, int, int)"
219696388964,8454,219696397418,669703,219697067121,10080,688237,135,135,6,cudaLaunchKernel,6104    1    1, 256    1    1,"<unnamed>::unpack_face_y(const double *, double *, int, int, int, int, int)"
219696395350,22079,219696417429,665734,219697083163,8255,696068,123,123,2,cudaLaunchKernel,6104    1    1, 256    1    1,"<unnamed>::unpack_face_x(const double *, double *, int, int, int, int, int)"
219696402038,10084,219696412122,666199,219697078321,121118,797401,135,135,6,cudaLaunchKernel,6104    1    1, 256    1    1,"<unnamed>::unpack_face_z(const double *, double *, int, int, int, int, int)"
219696413587,8171,219696421758,778961,219697200719,62655,849787,135,135,6,cudaLaunchKernel,12208    1    1, 256    1    1,"<unnamed>::step_kernel_boundary_x_faces(const double *, const double *, double *, const double *, const double *, int, int, int, int, int, int, int, double, double)"
219696418701,5883,219696424584,668178,219697092762,10144,684205,123,123,2,cudaLaunchKernel,6104    1    1, 256    1    1,"<unnamed>::unpack_face_y(const double *, double *, int, int, int, int, int)"
219696422276,36419,219696458695,805991,219697264686,61504,903914,135,135,6,cudaLaunchKernel,12188    1    1, 256    1    1,"<unnamed>::step_kernel_boundary_y_faces(const double *, const double *, double *, const double *, const double *, int, int, int, int, int, int, int, double, double)"
219696425905,11226,219696437131,667087,219697104218,122463,800776,123,123,2,cudaLaunchKernel,6104    1    1, 256    1    1,"<unnamed>::unpack_face_z(const double *, double *, int, int, int, int, int)"
219696439279,6767,219696446046,782011,219697228057,63071,851849,123,123,2,cudaLaunchKernel,12208    1    1, 256    1    1,"<unnamed>::step_kernel_boundary_x_faces(const double *, const double *, double *, const double *, const double *, int, int, int, int, int, int, int, double, double)"
219696450713,9047,219696459760,832776,219697292536,61375,903198,123,123,2,cudaLaunchKernel,12188    1    1, 256    1    1,"<unnamed>::step_kernel_boundary_y_faces(const double *, const double *, double *, const double *, const double *, int, int, int, int, int, int, int, double, double)"
219696459983,21531,219696481514,846212,219697327726,720439,1588182,135,135,6,cudaLaunchKernel,12168    1    1, 256    1    1,"<unnamed>::step_kernel_boundary_z_faces(const double *, const double *, double *, const double *, const double *, int, int, int, int, int, int, int, double, double)"
219696460464,10770,219696471234,884917,219697356151,721366,1617053,123,123,2,cudaLaunchKernel,12168    1    1, 256    1    1,"<unnamed>::step_kernel_boundary_z_faces(const double *, const double *, double *, const double *, const double *, int, int, int, int, int, int, int, double, double)"
219696525207,19297,219696544504,1534485,219698078989,14880,1568662,123,123,2,cudaLaunchKernel,6104    1    1, 256    1    1,"<unnamed>::pack_face_x(const double *, double *, int, int, int, int, int)"
219696541342,9705,219696551047,29487296,219726038343,10271,29507272,135,135,6,cudaLaunchKernel,6104    1    1, 256    1    1,"<unnamed>::pack_face_x(const double *, double *, int, int, int, int, int)"
219696545654,6577,219696552231,29518536,219726070767,10304,29535417,123,123,2,cudaLaunchKernel,6104    1    1, 256    1    1,"<unnamed>::pack_face_y(const double *, double *, int, int, int, int, int)"
219696551785,6421,219696558206,29492808,219726051014,10304,29509533,135,135,6,cudaLaunchKernel,6104    1    1, 256    1    1,"<unnamed>::pack_face_y(const double *, double *, int, int, int, int, int)"
219696553123,4449,219696557572,29525259,219726082831,62815,29592523,123,123,2,cudaLaunchKernel,6104    1    1, 256    1    1,"<unnamed>::pack_face_z(const double *, double *, int, int, int, int, int)"
219696558607,5655,219696564262,29498240,219726062502,62815,29566710,135,135,6,cudaLaunchKernel,6104    1    1, 256    1    1,"<unnamed>::pack_face_z(const double *, double *, int, int, int, int, int)"
219696570514,10386,219696580900,1505833,219698086733,27990434,29506653,123,123,2,cudaLaunchKernel,  39  312  312,  32    4    4,"<unnamed>::step_kernel_interior(const double *, const double *, double *, const double *, const double *, int, int, int, int, int, int, int, double, double)"
219696581329,7409,219696588738,1460963,219698049701,27996097,29464469,135,135,6,cudaLaunchKernel,  39  312  312,  32    4    4,"<unnamed>::step_kernel_interior(const double *, const double *, double *, const double *, const double *, int, int, int, int, int, int, int, double, double)"
219730737553,23028,219730760581,674242,219731434823,8416,705686,122,122,1,cudaLaunchKernel,6104    1    1, 256    1    1,"<unnamed>::unpack_face_x(const double *, double *, int, int, int, int, int)"
219730762169,10827,219730772996,671427,219731444423,10592,692846,122,122,1,cudaLaunchKernel,6104    1    1, 256    1    1,"<unnamed>::unpack_face_y(const double *, double *, int, int, int, int, int)"
219730774048,6623,219730780671,675464,219731456135,122080,804167,122,122,1,cudaLaunchKernel,6104    1    1, 256    1    1,"<unnamed>::unpack_face_z(const double *, double *, int, int, int, int, int)"
219730781964,6373,219730788337,791318,219731579655,62815,860506,122,122,1,cudaLaunchKernel,12208    1    1, 256    1    1,"<unnamed>::step_kernel_boundary_x_faces(const double *, const double *, double *, const double *, const double *, int, int, int, int, int, int, int, double, double)"
219730788998,6987,219730795985,847957,219731643942,60480,915424,122,122,1,cudaLaunchKernel,12188    1    1, 256    1    1,"<unnamed>::step_kernel_boundary_y_faces(const double *, const double *, double *, const double *, const double *, int, int, int, int, int, int, int, double, double)"
219730799595,10133,219730809728,896358,219731706086,716540,1623031,122,122,1,cudaLaunchKernel,12168    1    1, 256    1    1,"<unnamed>::step_kernel_boundary_z_faces(const double *, const double *, double *, const double *, const double *, int, int, int, int, int, int, int, double, double)"
219730855558,5690,219730861248,29547100,219760408348,10272,29563062,122,122,1,cudaLaunchKernel,6104    1    1, 256    1    1,"<unnamed>::pack_face_x(const double *, double *, int, int, int, int, int)"
219730861761,5394,219730867155,29553001,219760420156,10720,29569115,122,122,1,cudaLaunchKernel,6104    1    1, 256    1    1,"<unnamed>::pack_face_y(const double *, double *, int, int, int, int, int)"
219730867647,5865,219730873512,29558356,219760431868,63391,29627612,122,122,1,cudaLaunchKernel,6104    1    1, 256    1    1,"<unnamed>::pack_face_z(const double *, double *, int, int, int, int, int)"
219730884886,6427,219730891313,1532721,219732424034,27990682,29529830,122,122,1,cudaLaunchKernel,  39  312  312,  32    4    4,"<unnamed>::step_kernel_interior(const double *, const double *, double *, const double *, const double *, int, int, int, int, int, int, int, double, double)"
219732149105,16867,219732165972,675448,219732841420,8256,700571,127,127,5,cudaLaunchKernel,6104    1    1, 256    1    1,"<unnamed>::unpack_face_x(const double *, double *, int, int, int, int, int)"
219732166851,4744,219732171595,679137,219732850732,10304,694185,127,127,5,cudaLaunchKernel,6104    1    1, 256    1    1,"<unnamed>::unpack_face_y(const double *, double *, int, int, int, int, int)"
219732172602,4970,219732177572,684552,219732862124,121662,811184,127,127,5,cudaLaunchKernel,6104    1    1, 256    1    1,"<unnamed>::unpack_face_z(const double *, double *, int, int, int, int, int)"
219732179035,5957,219732184992,800138,219732985130,62879,868974,127,127,5,cudaLaunchKernel,12208    1    1, 256    1    1,"<unnamed>::step_kernel_boundary_x_faces(const double *, const double *, double *, const double *, const double *, int, int, int, int, int, int, int, double, double)"
219732185815,9335,219732195150,854651,219733049801,60096,924082,127,127,5,cudaLaunchKernel,12188    1    1, 256    1    1,"<unnamed>::step_kernel_boundary_y_faces(const double *, const double *, double *, const double *, const double *, int, int, int, int, int, int, int, double, double)"
219732196551,29554,219732226105,885584,219733111689,719992,1635130,127,127,5,cudaLaunchKernel,12168    1    1, 256    1    1,"<unnamed>::step_kernel_boundary_z_faces(const double *, const double *, double *, const double *, const double *, int, int, int, int, int, int, int, double, double)"
219732280304,15694,219732295998,1537155,219733833153,14783,1567632,127,127,5,cudaLaunchKernel,6104    1    1, 256    1    1,"<unnamed>::pack_face_x(const double *, double *, int, int, int, int, int)"
219732296418,3869,219732300287,29534083,219761834370,10431,29548383,127,127,5,cudaLaunchKernel,6104    1    1, 256    1    1,"<unnamed>::pack_face_y(const double *, double *, int, int, int, int, int)"
219732301022,4156,219732305178,29541255,219761846433,62080,29607491,127,127,5,cudaLaunchKernel,6104    1    1, 256    1    1,"<unnamed>::pack_face_z(const double *, double *, int, int, int, int, int)"
219732321596,6691,219732328287,1512737,219733841024,27999490,29518918,127,127,5,cudaLaunchKernel,  39  312  312,  32    4    4,"<unnamed>::step_kernel_interior(const double *, const double *, double *, const double *, const double *, int, int, int, int, int, int, int, double, double)"
219733225677,26035,219733251712,680626,219733932338,8192,714853,121,121,0,cudaLaunchKernel,6104    1    1, 256    1    1,"<unnamed>::unpack_face_x(const double *, double *, int, int, int, int, int)"
219733252988,10578,219733263566,678244,219733941810,10208,699030,121,121,0,cudaLaunchKernel,6104    1    1, 256    1    1,"<unnamed>::unpack_face_y(const double *, double *, int, int, int, int, int)"
219733264604,4673,219733269277,683797,219733953074,121407,809877,121,121,0,cudaLaunchKernel,6104    1    1, 256    1    1,"<unnamed>::unpack_face_z(const double *, double *, int, int, int, int, int)"
219733270682,5425,219733276107,799846,219734075953,62623,867894,121,121,0,cudaLaunchKernel,12208    1    1, 256    1    1,"<unnamed>::step_kernel_boundary_x_faces(const double *, const double *, double *, const double *, const double *, int, int, int, int, int, int, int, double, double)"
219733276759,4422,219733281181,859731,219734140912,60064,924217,121,121,0,cudaLaunchKernel,12188    1    1, 256    1    1,"<unnamed>::step_kernel_boundary_y_faces(const double *, const double *, double *, const double *, const double *, int, int, int, int, int, int, int, double, double)"
219733281949,4858,219733286807,916057,219734202864,720441,1641356,121,121,0,cudaLaunchKernel,12168    1    1, 256    1    1,"<unnamed>::step_kernel_boundary_z_faces(const double *, const double *, double *, const double *, const double *, int, int, int, int, int, int, int, double, double)"
219733335638,12700,219733348338,29561046,219762909384,9984,29583730,121,121,0,cudaLaunchKernel,6104    1    1, 256    1    1,"<unnamed>::pack_face_x(const double *, double *, int, int, int, int, int)"
219733348795,8126,219733356921,29564175,219762921096,10431,29582732,121,121,0,cudaLaunchKernel,6104    1    1, 256    1    1,"<unnamed>::pack_face_y(const double *, double *, int, int, int, int, int)"
219733357835,5512,219733363347,29569524,219762932871,63360,29638396,121,121,0,cudaLaunchKernel,6104    1    1, 256    1    1,"<unnamed>::pack_face_z(const double *, double *, int, int, int, int, int)"
219733374096,6191,219733380287,1544714,219734925001,27990623,29541528,121,121,0,cudaLaunchKernel,  39  312  312,  32    4    4,"<unnamed>::step_kernel_interior(const double *, const double *, double *, const double *, const double *, int, int, int, int, int, int, int, double, double)"
219733379982,17495,219733397477,672490,219734069967,8256,698241,124,124,3,cudaLaunchKernel,6104    1    1, 256    1    1,"<unnamed>::unpack_face_x(const double *, double *, int, int, int, int, int)"
219733398817,5168,219733403985,675326,219734079311,9856,690350,124,124,3,cudaLaunchKernel,6104    1    1, 256    1    1,"<unnamed>::unpack_face_y(const double *, double *, int, int, int, int, int)"
219733404837,5120,219733409957,680297,219734090254,122719,808136,124,124,3,cudaLaunchKernel,6104    1    1, 256    1    1,"<unnamed>::unpack_face_z(const double *, double *, int, int, int, int, int)"
219733411257,10216,219733421473,792876,219734214349,62848,865940,124,124,3,cudaLaunchKernel,12208    1    1, 256    1    1,"<unnamed>::step_kernel_boundary_x_faces(const double *, const double *, double *, const double *, const double *, int, int, int, int, int, int, int, double, double)"
219733422568,5547,219733428115,850490,219734278605,60671,916708,124,124,3,cudaLaunchKernel,12188    1    1, 256    1    1,"<unnamed>::step_kernel_boundary_y_faces(const double *, const double *, double *, const double *, const double *, int, int, int, int, int, int, int, double, double)"
219733429169,5015,219733434184,906468,219734340652,724088,1635571,124,124,3,cudaLaunchKernel,12168    1    1, 256    1    1,"<unnamed>::step_kernel_boundary_z_faces(const double *, const double *, double *, const double *, const double *, int, int, int, int, int, int, int, double, double)"
219733484489,6986,219733491475,1574641,219735066116,13856,1595483,124,124,3,cudaLaunchKernel,6104    1    1, 256    1    1,"<unnamed>::pack_face_x(const double *, double *, int, int, int, int, int)"
219733492282,3954,219733496236,29567733,219763063969,10656,29582343,124,124,3,cudaLaunchKernel,6104    1    1, 256    1    1,"<unnamed>::pack_face_y(const double *, double *, int, int, int, int, int)"
219733496859,4301,219733501160,29574873,219763076033,62144,29641318,124,124,3,cudaLaunchKernel,6104    1    1, 256    1    1,"<unnamed>::pack_face_z(const double *, double *, int, int, int, int, int)"
219733520589,6846,219733527435,1546425,219735073860,27996509,29549780,124,124,3,cudaLaunchKernel,  39  312  312,  32    4    4,"<unnamed>::step_kernel_interior(const double *, const double *, double *, const double *, const double *, int, int, int, int, int, int, int, double, double)"
219733810274,20454,219733830728,667392,219734498120,8256,696102,137,137,7,cudaLaunchKernel,6104    1    1, 256    1    1,"<unnamed>::unpack_face_x(const double *, double *, int, int, int, int, int)"
219733834870,11305,219733846175,661289,219734507464,10079,682673,137,137,7,cudaLaunchKernel,6104    1    1, 256    1    1,"<unnamed>::unpack_face_y(const double *, double *, int, int, int, int, int)"
219733847001,11528,219733858529,660134,219734518663,123359,795021,137,137,7,cudaLaunchKernel,6104    1    1, 256    1    1,"<unnamed>::unpack_face_z(const double *, double *, int, int, int, int, int)"
219733860481,7259,219733867740,775690,219734643430,61567,844516,137,137,7,cudaLaunchKernel,12208    1    1, 256    1    1,"<unnamed>::step_kernel_boundary_x_faces(const double *, const double *, double *, const double *, const double *, int, int, int, int, int, int, int, double, double)"
219733868284,6329,219733874613,831824,219734706437,61343,899496,137,137,7,cudaLaunchKernel,12188    1    1, 256    1    1,"<unnamed>::step_kernel_boundary_y_faces(const double *, const double *, double *, const double *, const double *, int, int, int, int, int, int, int, double, double)"
219733875437,5726,219733881163,888121,219734769284,720247,1614094,137,137,7,cudaLaunchKernel,12168    1    1, 256    1    1,"<unnamed>::step_kernel_boundary_z_faces(const double *, const double *, double *, const double *, const double *, int, int, int, int, int, int, int, double, double)"
219733939028,14490,219733953518,29524959,219763478477,11328,29550777,137,137,7,cudaLaunchKernel,6104    1    1, 256    1    1,"<unnamed>::pack_face_x(const double *, double *, int, int, int, int, int)"
219733954401,5533,219733959934,29531407,219763491341,10304,29547244,137,137,7,cudaLaunchKernel,6104    1    1, 256    1    1,"<unnamed>::pack_face_y(const double *, double *, int, int, int, int, int)"
219733960728,9555,219733970283,29532386,219763502669,62719,29604660,137,137,7,cudaLaunchKernel,6104    1    1, 256    1    1,"<unnamed>::pack_face_z(const double *, double *, int, int, int, int, int)"
219733984143,16124,219734000267,1490576,219735490843,27993714,29500414,137,137,7,cudaLaunchKernel,  39  312  312,  32    4    4,"<unnamed>::step_kernel_interior(const double *, const double *, double *, const double *, const double *, int, int, int, int, int, int, int, double, double)"
219735289673,22143,219735311816,671816,219735983632,8160,702119,125,125,4,cudaLaunchKernel,6104    1    1, 256    1    1,"<unnamed>::unpack_face_x(const double *, double *, int, int, int, int, int)"
219735312993,6441,219735319434,673478,219735992912,9951,689870,125,125,4,cudaLaunchKernel,6104    1    1, 256    1    1,"<unnamed>::unpack_face_y(const double *, double *, int, int, int, int, int)"
219735320169,5689,219735325858,678125,219736003983,120735,804549,125,125,4,cudaLaunchKernel,6104    1    1, 256    1    1,"<unnamed>::unpack_face_z(const double *, double *, int, int, int, int, int)"
219735327022,6601,219735333623,792535,219736126158,63456,862592,125,125,4,cudaLaunchKernel,12208    1    1, 256    1    1,"<unnamed>::step_kernel_boundary_x_faces(const double *, const double *, double *, const double *, const double *, int, int, int, int, int, int, int, double, double)"
219735334092,6878,219735340970,850052,219736191022,60703,917633,125,125,4,cudaLaunchKernel,12188    1    1, 256    1    1,"<unnamed>::step_kernel_boundary_y_faces(const double *, const double *, double *, const double *, const double *, int, int, int, int, int, int, int, double, double)"
219735341538,5709,219735347247,905950,219736253197,719803,1631462,125,125,4,cudaLaunchKernel,12168    1    1, 256    1    1,"<unnamed>::step_kernel_boundary_z_faces(const double *, const double *, double *, const double *, const double *, int, int, int, int, int, int, int, double, double)"
219735420420,7323,219735427743,29479533,219764907276,10880,29497736,125,125,4,cudaLaunchKernel,6104    1    1, 256    1    1,"<unnamed>::pack_face_x(const double *, double *, int, int, int, int, int)"
219735428205,4473,219735432678,29487014,219764919692,10336,29501823,125,125,4,cudaLaunchKernel,6104    1    1, 256    1    1,"<unnamed>::pack_face_y(const double *, double *, int, int, int, int, int)"
219735433084,5725,219735438809,29492307,219764931116,62495,29560527,125,125,4,cudaLaunchKernel,6104    1    1, 256    1    1,"<unnamed>::pack_face_z(const double *, double *, int, int, int, int, int)"
219735450242,6943,219735457185,1517127,219736974312,27940100,29464170,125,125,4,cudaLaunchKernel,  39  312  312,  32    4    4,"<unnamed>::step_kernel_interior(const double *, const double *, double *, const double *, const double *, int, int, int, int, int, int, int, double, double)"
219735969888,20710,219735990598,662236,219736652834,8032,690978,135,135,6,cudaLaunchKernel,6104    1    1, 256    1    1,"<unnamed>::unpack_face_x(const double *, double *, int, int, int, int, int)"
219735991447,15022,219736006469,655485,219736661954,9856,680363,135,135,6,cudaLaunchKernel,6104    1    1, 256    1    1,"<unnamed>::unpack_face_y(const double *, double *, int, int, int, int, int)"
219736007899,8123,219736016022,656748,219736672770,122046,786917,135,135,6,cudaLaunchKernel,6104    1    1, 256    1    1,"<unnamed>::unpack_face_z(const double *, double *, int, int, int, int, int)"
219736016576,22037,219736038613,658185,219736696798,8256,688478,123,123,2,cudaLaunchKernel,6104    1    1, 256    1    1,"<unnamed>::unpack_face_x(const double *, double *, int, int, int, int, int)"
219736017509,7373,219736024882,771374,219736796256,61695,840442,135,135,6,cudaLaunchKernel,12208    1    1, 256    1    1,"<unnamed>::step_kernel_boundary_x_faces(const double *, const double *, double *, const double *, const double *, int, int, int, int, int, int, int, double, double)"
219736025315,12039,219736037354,822325,219736859679,61631,895995,135,135,6,cudaLaunchKernel,12188    1    1, 256    1    1,"<unnamed>::step_kernel_boundary_y_faces(const double *, const double *, double *, const double *, const double *, int, int, int, int, int, int, int, double, double)"
219736038404,6767,219736045171,877643,219736922814,721623,1606033,135,135,6,cudaLaunchKernel,12168    1    1, 256    1    1,"<unnamed>::step_kernel_boundary_z_faces(const double *, const double *, double *, const double *, const double *, int, int, int, int, int, int, int, double, double)"
219736040052,6504,219736046556,659778,219736706334,9952,676234,123,123,2,cudaLaunchKernel,6104    1    1, 256    1    1,"<unnamed>::unpack_face_y(const double *, double *, int, int, int, int, int)"
219736047742,4871,219736052613,664953,219736717566,121950,791774,123,123,2,cudaLaunchKernel,6104    1    1, 256    1    1,"<unnamed>::unpack_face_z(const double *, double *, int, int, int, int, int)"
219736054161,6704,219736060865,780315,219736841180,62943,849962,123,123,2,cudaLaunchKernel,12208    1    1, 256    1    1,"<unnamed>::step_kernel_boundary_x_faces(const double *, const double *, double *, const double *, const double *, int, int, int, int, int, int, int, double, double)"
219736061472,4784,219736066256,839595,219736905851,60223,904602,123,123,2,cudaLaunchKernel,12188    1    1, 256    1    1,"<unnamed>::step_kernel_boundary_y_faces(const double *, const double *, double *, const double *, const double *, int, int, int, int, int, int, int, double, double)"
219736066790,9799,219736076589,891149,219736967738,723094,1624042,123,123,2,cudaLaunchKernel,12168    1    1, 256    1    1,"<unnamed>::step_kernel_boundary_z_faces(const double *, const double *, double *, const double *, const double *, int, int, int, int, int, int, int, double, double)"
219736098298,10575,219736108873,29529678,219765638551,10016,29550269,135,135,6,cudaLaunchKernel,6104    1    1, 256    1    1,"<unnamed>::pack_face_x(const double *, double *, int, int, int, int, int)"
219736109621,10283,219736119904,29530327,219765650231,10272,29550882,135,135,6,cudaLaunchKernel,6104    1    1, 256    1    1,"<unnamed>::pack_face_y(const double *, double *, int, int, int, int, int)"
219736120807,7336,219736128143,29533352,219765661495,63967,29604655,135,135,6,cudaLaunchKernel,6104    1    1, 256    1    1,"<unnamed>::pack_face_z(const double *, double *, int, int, int, int, int)"
219736129394,6808,219736136202,1556102,219737692304,13664,1576574,123,123,2,cudaLaunchKernel,6104    1    1, 256    1    1,"<unnamed>::pack_face_x(const double *, double *, int, int, int, int, int)"
219736137008,5240,219736142248,29539819,219765682067,10655,29555714,123,123,2,cudaLaunchKernel,6104    1    1, 256    1    1,"<unnamed>::pack_face_y(const double *, double *, int, int, int, int, int)"
219736140034,11313,219736151347,1494434,219737645781,27998818,29504565,135,135,6,cudaLaunchKernel,  39  312  312,  32    4    4,"<unnamed>::step_kernel_interior(const double *, const double *, double *, const double *, const double *, int, int, int, int, int, int, int, double, double)"
219736142853,10010,219736152863,29541523,219765694386,62079,29613612,123,123,2,cudaLaunchKernel,6104    1    1, 256    1    1,"<unnamed>::pack_face_z(const double *, double *, int, int, int, int, int)"
219736167017,7643,219736174660,1525388,219737700048,27987938,29520969,123,123,2,cudaLaunchKernel,  39  312  312,  32    4    4,"<unnamed>::step_kernel_interior(const double *, const double *, double *, const double *, const double *, int, int, int, int, int, int, int, double, double)"
219770936505,26382,219770962887,668210,219771631097,8128,702720,122,122,1,cudaLaunchKernel,6104    1    1, 256    1    1,"<unnamed>::unpack_face_x(const double *, double *, int, int, int, int, int)"
219770963849,6574,219770970423,669890,219771640313,10432,686896,122,122,1,cudaLaunchKernel,6104    1    1, 256    1    1,"<unnamed>::unpack_face_y(const double *, double *, int, int, int, int, int)"
219770971020,5957,219770976977,674920,219771651897,122495,803372,122,122,1,cudaLaunchKernel,6104    1    1, 256    1    1,"<unnamed>::unpack_face_z(const double *, double *, int, int, int, int, int)"
219770978398,9733,219770988131,787925,219771776056,63296,860954,122,122,1,cudaLaunchKernel,12208    1    1, 256    1    1,"<unnamed>::step_kernel_boundary_x_faces(const double *, const double *, double *, const double *, const double *, int, int, int, int, int, int, int, double, double)"
219770989113,6498,219770995611,845277,219771840888,61248,913023,122,122,1,cudaLaunchKernel,12188    1    1, 256    1    1,"<unnamed>::step_kernel_boundary_y_faces(const double *, const double *, double *, const double *, const double *, int, int, int, int, int, int, int, double, double)"
219770996125,6521,219771002646,900962,219771903608,716283,1623766,122,122,1,cudaLaunchKernel,12168    1    1, 256    1    1,"<unnamed>::step_kernel_boundary_z_faces(const double *, const double *, double *, const double *, const double *, int, int, int, int, int, int, int, double, double)"
219771050906,8661,219771059567,29544158,219800603725,10656,29563475,122,122,1,cudaLaunchKernel,6104    1    1, 256    1    1,"<unnamed>::pack_face_x(const double *, double *, int, int, int, int, int)"
219771060049,6151,219771066200,29549621,219800615821,11648,29567420,122,122,1,cudaLaunchKernel,6104    1    1, 256    1    1,"<unnamed>::pack_face_y(const double *, double *, int, int, int, int, int)"
219771066770,5964,219771072734,29555855,219800628589,62592,29624411,122,122,1,cudaLaunchKernel,6104    1    1, 256    1    1,"<unnamed>::pack_face_z(const double *, double *, int, int, int, int, int)"
219771083897,4612,219771088509,1532822,219772621331,27989114,29526548,122,122,1,cudaLaunchKernel,  39  312  312,  32    4    4,"<unnamed>::step_kernel_interior(const double *, const double *, double *, const double *, const double *, int, int, int, int, int, int, int, double, double)"
219771328105,13617,219771341722,670164,219772011886,8256,692037,127,127,5,cudaLaunchKernel,6104    1    1, 256    1    1,"<unnamed>::unpack_face_x(const double *, double *, int, int, int, int, int)"
219771342354,5015,219771347369,673893,219772021262,10047,688955,127,127,5,cudaLaunchKernel,6104    1    1, 256    1    1,"<unnamed>::unpack_face_y(const double *, double *, int, int, int, int, int)"
219771347973,4564,219771352537,679892,219772032429,123263,807719,127,127,5,cudaLaunchKernel,6104    1    1, 256    1    1,"<unnamed>::unpack_face_z(const double *, double *, int, int, int, int, int)"
219771353983,4550,219771358533,799143,219772157676,62463,866156,127,127,5,cudaLaunchKernel,12208    1    1, 256    1    1,"<unnamed>::step_kernel_boundary_x_faces(const double *, const double *, double *, const double *, const double *, int, int, int, int, int, int, int, double, double)"
219771359549,3753,219771363302,858341,219772221643,60064,922158,127,127,5,cudaLaunchKernel,12188    1    1, 256    1    1,"<unnamed>::step_kernel_boundary_y_faces(const double *, const double *, double *, const double *, const double *, int, int, int, int, int, int, int, double, double)"
219771363776,4002,219771367778,915433,219772283211,726199,1645634,127,127,5,cudaLaunchKernel,12168    1    1, 256    1    1,"<unnamed>::step_kernel_boundary_z_faces(const double *, const double *, double *, const double *, const double *, int, int, int, int, int, int, int, double, double)"
219771411596,3968,219771415564,29585527,219801001091,9920,29599415,127,127,5,cudaLaunchKernel,6104    1    1, 256    1    1,"<unnamed>::pack_face_x(const double *, double *, int, int, int, int, int)"
219771415977,4136,219771420113,29592178,219801012291,10272,29606586,127,127,5,cudaLaunchKernel,6104    1    1, 256    1    1,"<unnamed>::pack_face_y(const double *, double *, int, int, int, int, int)"
219771420844,4154,219771424998,29598621,219801023619,63327,29666102,127,127,5,cudaLaunchKernel,6104    1    1, 256    1    1,"<unnamed>::pack_face_z(const double *, double *, int, int, int, int, int)"
219771434828,5345,219771440173,1570869,219773011042,27995585,29571799,127,127,5,cudaLaunchKernel,  39  312  312,  32    4    4,"<unnamed>::step_kernel_interior(const double *, const double *, double *, const double *, const double *, int, int, int, int, int, int, int, double, double)"
219772496843,18780,219772515623,692226,219773207849,8160,719166,121,121,0,cudaLaunchKernel,6104    1    1, 256    1    1,"<unnamed>::unpack_face_x(const double *, double *, int, int, int, int, int)"
219772516670,5317,219772521987,695110,219773217097,9920,710347,121,121,0,cudaLaunchKernel,6104    1    1, 256    1    1,"<unnamed>::unpack_face_y(const double *, double *, int, int, int, int, int)"
219772522753,7936,219772530689,697640,219773228329,122143,827719,121,121,0,cudaLaunchKernel,6104    1    1, 256    1    1,"<unnamed>::unpack_face_z(const double *, double *, int, int, int, int, int)"
219772532571,8573,219772541144,811056,219773352200,62367,881996,121,121,0,cudaLaunchKernel,12208    1    1, 256    1    1,"<unnamed>::step_kernel_boundary_x_faces(const double *, const double *, double *, const double *, const double *, int, int, int, int, int, int, int, double, double)"
219772541808,4887,219772546695,869600,219773416295,61119,935606,121,121,0,cudaLaunchKernel,12188    1    1, 256    1    1,"<unnamed>::step_kernel_boundary_y_faces(const double *, const double *, double *, const double *, const double *, int, int, int, int, int, int, int, double, double)"
219772547347,3969,219772551316,927570,219773478886,730746,1662285,121,121,0,cudaLaunchKernel,12168    1    1, 256    1    1,"<unnamed>::step_kernel_boundary_z_faces(const double *, const double *, double *, const double *, const double *, int, int, int, int, int, int, int, double, double)"
219772559298,15944,219772575242,677486,219773252728,8128,701558,124,124,3,cudaLaunchKernel,6104    1    1, 256    1    1,"<unnamed>::unpack_face_x(const double *, double *, int, int, int, int, int)"
219772576352,5169,219772581521,680359,219773261880,10143,695671,124,124,3,cudaLaunchKernel,6104    1    1, 256    1    1,"<unnamed>::unpack_face_y(const double *, double *, int, int, int, int, int)"
219772582280,4009,219772586289,686854,219773273143,121823,812686,124,124,3,cudaLaunchKernel,6104    1    1, 256    1    1,"<unnamed>::unpack_face_z(const double *, double *, int, int, int, int, int)"
219772587340,5074,219772592414,804024,219773396438,62335,871433,124,124,3,cudaLaunchKernel,12208    1    1, 256    1    1,"<unnamed>::step_kernel_boundary_x_faces(const double *, const double *, double *, const double *, const double *, int, int, int, int, int, int, int, double, double)"
219772593049,5139,219772598188,862121,219773460309,61216,928476,124,124,3,cudaLaunchKernel,12188    1    1, 256    1    1,"<unnamed>::step_kernel_boundary_y_faces(const double *, const double *, double *, const double *, const double *, int, int, int, int, int, int, int, double, double)"
219772598964,4036,219772603000,919997,219773522997,726744,1650777,124,124,3,cudaLaunchKernel,12168    1    1, 256    1    1,"<unnamed>::step_kernel_boundary_z_faces(const double *, const double *, double *, const double *, const double *, int, int, int, int, int, int, int, double, double)"
219772600623,4687,219772605310,29599904,219802205214,11424,29616015,121,121,0,cudaLaunchKernel,6104    1    1, 256    1    1,"<unnamed>::pack_face_x(const double *, double *, int, int, int, int, int)"
219772605794,3450,219772609244,29608962,219802218206,10240,29622652,121,121,0,cudaLaunchKernel,6104    1    1, 256    1    1,"<unnamed>::pack_face_y(const double *, double *, int, int, int, int, int)"
219772609661,4369,219772614030,29615760,219802229790,62655,29682784,121,121,0,cudaLaunchKernel,6104    1    1, 256    1    1,"<unnamed>::pack_face_z(const double *, double *, int, int, int, int, int)"
219772626130,5709,219772631839,1579457,219774211296,28002078,29587244,121,121,0,cudaLaunchKernel,  39  312  312,  32    4    4,"<unnamed>::step_kernel_interior(const double *, const double *, double *, const double *, const double *, int, int, int, int, int, int, int, double, double)"
219772648371,38646,219772687017,1564132,219774251149,14368,1617146,124,124,3,cudaLaunchKernel,6104    1    1, 256    1    1,"<unnamed>::pack_face_x(const double *, double *, int, int, int, int, int)"
219772688258,4955,219772693213,29568045,219802261258,10752,29583752,124,124,3,cudaLaunchKernel,6104    1    1, 256    1    1,"<unnamed>::pack_face_y(const double *, double *, int, int, int, int, int)"
219772693959,4223,219772698182,29575108,219802273290,61184,29640515,124,124,3,cudaLaunchKernel,6104    1    1, 256    1    1,"<unnamed>::pack_face_z(const double *, double *, int, int, int, int, int)"
219772711211,5573,219772716784,1541949,219774258733,28008349,29555871,124,124,3,cudaLaunchKernel,  39  312  312,  32    4    4,"<unnamed>::step_kernel_interior(const double *, const double *, double *, const double *, const double *, int, int, int, int, int, int, int, double, double)"
219772756220,32572,219772788792,663475,219773452267,8352,704399,137,137,7,cudaLaunchKernel,6104    1    1, 256    1    1,"<unnamed>::unpack_face_x(const double *, double *, int, int, int, int, int)"
219772790157,6651,219772796808,664835,219773461643,10048,681534,137,137,7,cudaLaunchKernel,6104    1    1, 256    1    1,"<unnamed>::unpack_face_y(const double *, double *, int, int, int, int, int)"
219772797439,5823,219772803262,669453,219773472715,121406,796682,137,137,7,cudaLaunchKernel,6104    1    1, 256    1    1,"<unnamed>::unpack_face_z(const double *, double *, int, int, int, int, int)"
219772804817,5161,219772809978,785999,219773595977,62911,854071,137,137,7,cudaLaunchKernel,12208    1    1, 256    1    1,"<unnamed>::step_kernel_boundary_x_faces(const double *, const double *, double *, const double *, const double *, int, int, int, int, int, int, int, double, double)"
219772810489,8490,219772818979,841669,219773660648,60927,911086,137,137,7,cudaLaunchKernel,12188    1    1, 256    1    1,"<unnamed>::step_kernel_boundary_y_faces(const double *, const double *, double *, const double *, const double *, int, int, int, int, int, int, int, double, double)"
219772819555,5593,219772825148,897835,219773722983,726103,1629531,137,137,7,cudaLaunchKernel,12168    1    1, 256    1    1,"<unnamed>::step_kernel_boundary_z_faces(const double *, const double *, double *, const double *, const double *, int, int, int, int, int, int, int, double, double)"
219772879267,8950,219772888217,29547319,219802435536,11488,29567757,137,137,7,cudaLaunchKernel,6104    1    1, 256    1    1,"<unnamed>::pack_face_x(const double *, double *, int, int, int, int, int)"
219772888829,10857,219772899686,29548810,219802448496,10304,29569971,137,137,7,cudaLaunchKernel,6104    1    1, 256    1    1,"<unnamed>::pack_face_y(const double *, double *, int, int, int, int, int)"
219772900664,6169,219772906833,29553087,219802459920,62271,29621527,137,137,7,cudaLaunchKernel,6104    1    1, 256    1    1,"<unnamed>::pack_face_z(const double *, double *, int, int, int, int, int)"
219772923679,6553,219772930232,1520262,219774450494,27991346,29518161,137,137,7,cudaLaunchKernel,  39  312  312,  32    4    4,"<unnamed>::step_kernel_interior(const double *, const double *, double *, const double *, const double *, int, int, int, int, int, int, int, double, double)"
219775000625,21058,219775021683,669156,219775690839,8192,698406,125,125,4,cudaLaunchKernel,6104    1    1, 256    1    1,"<unnamed>::unpack_face_x(const double *, double *, int, int, int, int, int)"
219775022631,10813,219775033444,666579,219775700023,10240,687632,125,125,4,cudaLaunchKernel,6104    1    1, 256    1    1,"<unnamed>::unpack_face_y(const double *, double *, int, int, int, int, int)"
219775034514,10563,219775045077,666306,219775711383,122623,799492,125,125,4,cudaLaunchKernel,6104    1    1, 256    1    1,"<unnamed>::unpack_face_z(const double *, double *, int, int, int, int, int)"
219775046956,5694,219775052650,782924,219775835574,61791,850409,125,125,4,cudaLaunchKernel,12208    1    1, 256    1    1,"<unnamed>::step_kernel_boundary_x_faces(const double *, const double *, double *, const double *, const double *, int, int, int, int, int, int, int, double, double)"
219775053096,7549,219775060645,838224,219775898869,60928,906701,125,125,4,cudaLaunchKernel,12188    1    1, 256    1    1,"<unnamed>::step_kernel_boundary_y_faces(const double *, const double *, double *, const double *, const double *, int, int, int, int, int, int, int, double, double)"
219775061316,10856,219775072172,889257,219775961429,726426,1626539,125,125,4,cudaLaunchKernel,12168    1    1, 256    1    1,"<unnamed>::step_kernel_boundary_z_faces(const double *, const double *, double *, const double *, const double *, int, int, int, int, int, int, int, double, double)"
219775123595,12341,219775135936,1553455,219776689391,13472,1579268,125,125,4,cudaLaunchKernel,6104    1    1, 256    1    1,"<unnamed>::pack_face_x(const double *, double *, int, int, int, int, int)"
219775136880,5930,219775142810,29494137,219804636947,10464,29510531,125,125,4,cudaLaunchKernel,6104    1    1, 256    1    1,"<unnamed>::pack_face_y(const double *, double *, int, int, int, int, int)"
219775143194,4976,219775148170,29500905,219804649075,61919,29567800,125,125,4,cudaLaunchKernel,6104    1    1, 256    1    1,"<unnamed>::pack_face_z(const double *, double *, int, int, int, int, int)"
219775161576,7400,219775168976,1528063,219776697039,27945732,29481195,125,125,4,cudaLaunchKernel,  39  312  312,  32    4    4,"<unnamed>::step_kernel_interior(const double *, const double *, double *, const double *, const double *, int, int, int, int, int, int, int, double, double)"
219775566643,24167,219775590810,657497,219776248307,8160,689824,135,135,6,cudaLaunchKernel,6104    1    1, 256    1    1,"<unnamed>::unpack_face_x(const double *, double *, int, int, int, int, int)"
219775579417,23106,219775602523,661031,219776263554,8224,692361,123,123,2,cudaLaunchKernel,6104    1    1, 256    1    1,"<unnamed>::unpack_face_x(const double *, double *, int, int, int, int, int)"
219775592096,10224,219775602320,655235,219776257555,10111,675570,135,135,6,cudaLaunchKernel,6104    1    1, 256    1    1,"<unnamed>::unpack_face_y(const double *, double *, int, int, int, int, int)"
219775602931,7116,219775610047,658675,219776268722,123327,789118,135,135,6,cudaLaunchKernel,6104    1    1, 256    1    1,"<unnamed>::unpack_face_z(const double *, double *, int, int, int, int, int)"
219775603942,6347,219775610289,662769,219776273058,9920,679036,123,123,2,cudaLaunchKernel,6104    1    1, 256    1    1,"<unnamed>::unpack_face_y(const double *, double *, int, int, int, int, int)"
219775611349,5447,219775616796,667462,219776284258,122334,795243,123,123,2,cudaLaunchKernel,6104    1    1, 256    1    1,"<unnamed>::unpack_face_z(const double *, double *, int, int, int, int, int)"
219775611451,7271,219775618722,774767,219776393489,63135,845173,135,135,6,cudaLaunchKernel,12208    1    1, 256    1    1,"<unnamed>::step_kernel_boundary_x_faces(const double *, const double *, double *, const double *, const double *, int, int, int, int, int, int, int, double, double)"
219775618498,10781,219775629279,778817,219776408096,63007,852605,123,123,2,cudaLaunchKernel,12208    1    1, 256    1    1,"<unnamed>::step_kernel_boundary_x_faces(const double *, const double *, double *, const double *, const double *, int, int, int, int, int, int, int, double, double)"
219775619184,14072,219775633256,824936,219776458192,59871,898879,135,135,6,cudaLaunchKernel,12188    1    1, 256    1    1,"<unnamed>::step_kernel_boundary_y_faces(const double *, const double *, double *, const double *, const double *, int, int, int, int, int, int, int, double, double)"
219775630440,6811,219775637251,835612,219776472863,59711,902134,123,123,2,cudaLaunchKernel,12188    1    1, 256    1    1,"<unnamed>::step_kernel_boundary_y_faces(const double *, const double *, double *, const double *, const double *, int, int, int, int, int, int, int, double, double)"
219775634296,5942,219775640238,879425,219776519663,727255,1612622,135,135,6,cudaLaunchKernel,12168    1    1, 256    1    1,"<unnamed>::step_kernel_boundary_z_faces(const double *, const double *, double *, const double *, const double *, int, int, int, int, int, int, int, double, double)"
219775638177,4662,219775642839,891239,219776534078,730486,1626387,123,123,2,cudaLaunchKernel,12168    1    1, 256    1    1,"<unnamed>::step_kernel_boundary_z_faces(const double *, const double *, double *, const double *, const double *, int, int, int, int, int, int, int, double, double)"
219775700108,8776,219775708884,1539570,219777248454,14432,1562778,135,135,6,cudaLaunchKernel,6104    1    1, 256    1    1,"<unnamed>::pack_face_x(const double *, double *, int, int, int, int, int)"
219775704677,7512,219775712189,1553911,219777266100,14304,1575727,123,123,2,cudaLaunchKernel,6104    1    1, 256    1    1,"<unnamed>::pack_face_x(const double *, double *, int, int, int, int, int)"
219775709595,6315,219775715910,29541314,219805257224,10944,29558573,135,135,6,cudaLaunchKernel,6104    1    1, 256    1    1,"<unnamed>::pack_face_y(const double *, double *, int, int, int, int, int)"
219775712845,4693,219775717538,29536213,219805253751,10591,29551497,123,123,2,cudaLaunchKernel,6104    1    1, 256    1    1,"<unnamed>::pack_face_y(const double *, double *, int, int, int, int, int)"
219775716320,5970,219775722290,29547414,219805269704,62047,29615431,135,135,6,cudaLaunchKernel,6104    1    1, 256    1    1,"<unnamed>::pack_face_z(const double *, double *, int, int, int, int, int)"
219775718158,4118,219775722276,29543730,219805266006,61760,29609608,123,123,2,cudaLaunchKernel,6104    1    1, 256    1    1,"<unnamed>::pack_face_z(const double *, double *, int, int, int, int, int)"
219775740139,11508,219775751647,1504519,219777256166,28006754,29522781,135,135,6,cudaLaunchKernel,  39  312  312,  32    4    4,"<unnamed>::step_kernel_interior(const double *, const double *, double *, const double *, const double *, int, int, int, int, int, int, int, double, double)"
219775740634,14975,219775755609,1518267,219777273876,27985378,29518620,123,123,2,cudaLaunchKernel,  39  312  312,  32    4    4,"<unnamed>::step_kernel_interior(const double *, const double *, double *, const double *, const double *, int, int, int, int, int, int, int, double, double)"
219810281160,24465,219810305625,668567,219810974192,8288,701320,122,122,1,cudaLaunchKernel,6104    1    1, 256    1    1,"<unnamed>::unpack_face_x(const double *, double *, int, int, int, int, int)"
219810307168,8099,219810315267,668269,219810983536,10208,686576,122,122,1,cudaLaunchKernel,6104    1    1, 256    1    1,"<unnamed>::unpack_face_y(const double *, double *, int, int, int, int, int)"
219810315860,6753,219810322613,672283,219810994896,120895,799931,122,122,1,cudaLaunchKernel,6104    1    1, 256    1    1,"<unnamed>::unpack_face_z(const double *, double *, int, int, int, int, int)"
219810323983,6234,219810330217,787142,219811117359,62624,856000,122,122,1,cudaLaunchKernel,12208    1    1, 256    1    1,"<unnamed>::step_kernel_boundary_x_faces(const double *, const double *, double *, const double *, const double *, int, int, int, int, int, int, int, double, double)"
219810330661,5761,219810336422,845321,219811181743,61855,912937,122,122,1,cudaLaunchKernel,12188    1    1, 256    1    1,"<unnamed>::step_kernel_boundary_y_faces(const double *, const double *, double *, const double *, const double *, int, int, int, int, int, int, int, double, double)"
219810337087,6255,219810343342,901696,219811245038,717884,1625835,122,122,1,cudaLaunchKernel,12168    1    1, 256    1    1,"<unnamed>::step_kernel_boundary_z_faces(const double *, const double *, double *, const double *, const double *, int, int, int, int, int, int, int, double, double)"
219811278731,19084,219811297815,668784,219811966599,8191,696059,127,127,5,cudaLaunchKernel,6104    1    1, 256    1    1,"<unnamed>::unpack_face_x(const double *, double *, int, int, int, int, int)"
219811298984,6822,219811305806,670008,219811975814,10048,686878,127,127,5,cudaLaunchKernel,6104    1    1, 256    1    1,"<unnamed>::unpack_face_y(const double *, double *, int, int, int, int, int)"
219811306395,5799,219811312194,674788,219811986982,121535,802122,127,127,5,cudaLaunchKernel,6104    1    1, 256    1    1,"<unnamed>::unpack_face_z(const double *, double *, int, int, int, int, int)"
219811313305,5682,219811318987,791290,219812110277,62239,859211,127,127,5,cudaLaunchKernel,12208    1    1, 256    1    1,"<unnamed>::step_kernel_boundary_x_faces(const double *, const double *, double *, const double *, const double *, int, int, int, int, int, int, int, double, double)"
219811319597,4217,219811323814,850366,219812174180,60160,914743,127,127,5,cudaLaunchKernel,12188    1    1, 256    1    1,"<unnamed>::step_kernel_boundary_y_faces(const double *, const double *, double *, const double *, const double *, int, int, int, int, int, int, int, double, double)"
219811324407,4055,219811328462,907317,219812235779,724408,1635780,127,127,5,cudaLaunchKernel,12168    1    1, 256    1    1,"<unnamed>::step_kernel_boundary_z_faces(const double *, const double *, double *, const double *, const double *, int, int, int, int, int, int, int, double, double)"
219812078094,19073,219812097167,669819,219812766986,8063,696955,137,137,7,cudaLaunchKernel,6104    1    1, 256    1    1,"<unnamed>::unpack_face_x(const double *, double *, int, int, int, int, int)"
219812098131,5577,219812103708,672461,219812776169,10048,688086,137,137,7,cudaLaunchKernel,6104    1    1, 256    1    1,"<unnamed>::unpack_face_y(const double *, double *, int, int, int, int, int)"
219812104339,9387,219812113726,673579,219812787305,121503,804469,137,137,7,cudaLaunchKernel,6104    1    1, 256    1    1,"<unnamed>::unpack_face_z(const double *, double *, int, int, int, int, int)"
219812114997,5919,219812120916,789268,219812910184,62655,857842,137,137,7,cudaLaunchKernel,12208    1    1, 256    1    1,"<unnamed>::step_kernel_boundary_x_faces(const double *, const double *, double *, const double *, const double *, int, int, int, int, int, int, int, double, double)"
219812120874,17681,219812138555,686689,219812825244,8192,712562,121,121,0,cudaLaunchKernel,6104    1    1, 256    1    1,"<unnamed>::unpack_face_x(const double *, double *, int, int, int, int, int)"
219812121462,7044,219812128506,845805,219812974311,60767,913616,137,137,7,cudaLaunchKernel,12188    1    1, 256    1    1,"<unnamed>::step_kernel_boundary_y_faces(const double *, const double *, double *, const double *, const double *, int, int, int, int, int, int, int, double, double)"
219812129050,5941,219812134991,901495,219813036486,720215,1627651,137,137,7,cudaLaunchKernel,12168    1    1, 256    1    1,"<unnamed>::step_kernel_boundary_z_faces(const double *, const double *, double *, const double *, const double *, int, int, int, int, int, int, int, double, double)"
219812139510,4164,219812143674,691042,219812834716,10048,705254,121,121,0,cudaLaunchKernel,6104    1    1, 256    1    1,"<unnamed>::unpack_face_y(const double *, double *, int, int, int, int, int)"
219812144483,5409,219812149892,696312,219812846204,122047,823768,121,121,0,cudaLaunchKernel,6104    1    1, 256    1    1,"<unnamed>::unpack_face_z(const double *, double *, int, int, int, int, int)"
219812150882,4069,219812154951,814836,219812969787,62463,881368,121,121,0,cudaLaunchKernel,12208    1    1, 256    1    1,"<unnamed>::step_kernel_boundary_x_faces(const double *, const double *, double *, const double *, const double *, int, int, int, int, int, int, int, double, double)"
219812155560,5015,219812160575,873179,219813033754,60320,938514,121,121,0,cudaLaunchKernel,12188    1    1, 256    1    1,"<unnamed>::step_kernel_boundary_y_faces(const double *, const double *, double *, const double *, const double *, int, int, int, int, int, int, int, double, double)"
219812161335,4144,219812165479,930355,219813095834,718873,1653372,121,121,0,cudaLaunchKernel,12168    1    1, 256    1    1,"<unnamed>::step_kernel_boundary_z_faces(const double *, const double *, double *, const double *, const double *, int, int, int, int, int, int, int, double, double)"
219812284724,21485,219812306209,671450,219812977659,8384,701319,124,124,3,cudaLaunchKernel,6104    1    1, 256    1    1,"<unnamed>::unpack_face_x(const double *, double *, int, int, int, int, int)"
219812307550,4527,219812312077,675022,219812987099,9888,689437,124,124,3,cudaLaunchKernel,6104    1    1, 256    1    1,"<unnamed>::unpack_face_y(const double *, double *, int, int, int, int, int)"
219812312807,5742,219812318549,679494,219812998043,122398,807634,124,124,3,cudaLaunchKernel,6104    1    1, 256    1    1,"<unnamed>::unpack_face_z(const double *, double *, int, int, int, int, int)"
219812319576,4842,219812324418,797687,219813122105,62560,865089,124,124,3,cudaLaunchKernel,12208    1    1, 256    1    1,"<unnamed>::step_kernel_boundary_x_faces(const double *, const double *, double *, const double *, const double *, int, int, int, int, int, int, int, double, double)"
219812324994,5810,219812330804,855269,219813186073,60575,921654,124,124,3,cudaLaunchKernel,12188    1    1, 256    1    1,"<unnamed>::step_kernel_boundary_y_faces(const double *, const double *, double *, const double *, const double *, int, int, int, int, int, int, int, double, double)"
219812331642,3995,219812335637,912611,219813248248,725977,1642583,124,124,3,cudaLaunchKernel,12168    1    1, 256    1    1,"<unnamed>::step_kernel_boundary_z_faces(const double *, const double *, double *, const double *, const double *, int, int, int, int, int, int, int, double, double)"
219814719794,19025,219814738819,676731,219815415550,8192,703948,125,125,4,cudaLaunchKernel,6104    1    1, 256    1    1,"<unnamed>::unpack_face_x(const double *, double *, int, int, int, int, int)"
219814740138,6858,219814746996,677738,219815424734,9952,694548,125,125,4,cudaLaunchKernel,6104    1    1, 256    1    1,"<unnamed>::unpack_face_y(const double *, double *, int, int, int, int, int)"
219814747429,7367,219814754796,681074,219815435870,121567,810008,125,125,4,cudaLaunchKernel,6104    1    1, 256    1    1,"<unnamed>::unpack_face_z(const double *, double *, int, int, int, int, int)"
219814756058,5107,219814761165,797680,219815558845,62687,865474,125,125,4,cudaLaunchKernel,12208    1    1, 256    1    1,"<unnamed>::step_kernel_boundary_x_faces(const double *, const double *, double *, const double *, const double *, int, int, int, int, int, int, int, double, double)"
219814761625,7496,219814769121,853947,219815623068,59904,921347,125,125,4,cudaLaunchKernel,12188    1    1, 256    1    1,"<unnamed>::step_kernel_boundary_y_faces(const double *, const double *, double *, const double *, const double *, int, int, int, int, int, int, int, double, double)"
219814769876,5551,219814775427,910073,219815685500,715162,1630786,125,125,4,cudaLaunchKernel,12168    1    1, 256    1    1,"<unnamed>::step_kernel_boundary_z_faces(const double *, const double *, double *, const double *, const double *, int, int, int, int, int, int, int, double, double)"
219815254426,18423,219815272849,673329,219815946178,8288,700040,135,135,6,cudaLaunchKernel,6104    1    1, 256    1    1,"<unnamed>::unpack_face_x(const double *, double *, int, int, int, int, int)"
219815273441,16380,219815289821,673095,219815962916,8288,697763,123,123,2,cudaLaunchKernel,6104    1    1, 256    1    1,"<unnamed>::unpack_face_x(const double *, double *, int, int, int, int, int)"
219815273643,7545,219815281188,674398,219815955586,10112,692055,135,135,6,cudaLaunchKernel,6104    1    1, 256    1    1,"<unnamed>::unpack_face_y(const double *, double *, int, int, int, int, int)"
219815281827,8974,219815290801,675985,219815966786,121823,806782,135,135,6,cudaLaunchKernel,6104    1    1, 256    1    1,"<unnamed>::unpack_face_z(const double *, double *, int, int, int, int, int)"
219815291013,5498,219815296511,675813,219815972324,10016,691327,123,123,2,cudaLaunchKernel,6104    1    1, 256    1    1,"<unnamed>::unpack_face_y(const double *, double *, int, int, int, int, int)"
219815292050,7198,219815299248,790897,219816090145,62271,860366,135,135,6,cudaLaunchKernel,12208    1    1, 256    1    1,"<unnamed>::step_kernel_boundary_x_faces(const double *, const double *, double *, const double *, const double *, int, int, int, int, int, int, int, double, double)"
219815297459,6148,219815303607,680173,219815983780,121502,807823,123,123,2,cudaLaunchKernel,6104    1    1, 256    1    1,"<unnamed>::unpack_face_z(const double *, double *, int, int, int, int, int)"
219815299681,7964,219815307645,846179,219816153824,61503,915646,135,135,6,cudaLaunchKernel,12188    1    1, 256    1    1,"<unnamed>::step_kernel_boundary_y_faces(const double *, const double *, double *, const double *, const double *, int, int, int, int, int, int, int, double, double)"
219815305353,5560,219815310913,796097,219816107010,62176,863833,123,123,2,cudaLaunchKernel,12208    1    1, 256    1    1,"<unnamed>::step_kernel_boundary_x_faces(const double *, const double *, double *, const double *, const double *, int, int, int, int, int, int, int, double, double)"
219815308689,7317,219815316006,901017,219816217023,722263,1630597,135,135,6,cudaLaunchKernel,12168    1    1, 256    1    1,"<unnamed>::step_kernel_boundary_z_faces(const double *, const double *, double *, const double *, const double *, int, int, int, int, int, int, int, double, double)"
219815311532,5762,219815317294,853396,219816170690,61023,920181,123,123,2,cudaLaunchKernel,12188    1    1, 256    1    1,"<unnamed>::step_kernel_boundary_y_faces(const double *, const double *, double *, const double *, const double *, int, int, int, int, int, int, int, double, double)"
219815317988,5721,219815323709,909860,219816233569,720374,1635955,123,123,2,cudaLaunchKernel,12168    1    1, 256    1    1,"<unnamed>::step_kernel_boundary_z_faces(const double *, const double *, double *, const double *, const double *, int, int, int, int, int, int, int, double, double)"
