API Start (ns),API Dur (ns),Queue Start (ns),Queue Dur (ns),Kernel Start (ns),Kernel Dur (ns),Total Dur (ns),PID,TID,DevId,API Function,GridXYZ,BlockXYZ,Kernel Name
141577898354,245448,,,141578139668,896,245448,120,120,0,cudaLaunchKernel,   1    1    1,   1    1    1,<unnamed>::warmup_kernel(double *)
141578541049,34878,,,141578574608,5920,39479,120,120,0,cudaLaunchKernel,3907    1    1, 256    1    1,"<unnamed>::pack_face_x(const double *, double *, int, int, int, int, int)"
141578578682,22447,141578601129,2087,141578603216,11744,36278,120,120,0,cudaLaunchKernel,3907    1    1, 256    1    1,"<unnamed>::pack_face_y(const double *, double *, int, int, int, int, int)"
141578603177,17324,141578620501,2939,141578623440,41407,61670,120,120,0,cudaLaunchKernel,3907    1    1, 256    1    1,"<unnamed>::pack_face_z(const double *, double *, int, int, int, int, int)"
141603463296,221081,,,141603683736,864,221304,126,126,6,cudaLaunchKernel,   1    1    1,   1    1    1,<unnamed>::warmup_kernel(double *)
141604061910,33112,141604095022,1125,141604096147,6176,40413,126,126,6,cudaLaunchKernel,3907    1    1, 256    1    1,"<unnamed>::pack_face_x(const double *, double *, int, int, int, int, int)"
141604097322,23400,141604120722,2721,141604123443,12416,38537,126,126,6,cudaLaunchKernel,3907    1    1, 256    1    1,"<unnamed>::pack_face_y(const double *, double *, int, int, int, int, int)"
141604122494,15754,141604138248,3819,141604142067,41695,61268,126,126,6,cudaLaunchKernel,3907    1    1, 256    1    1,"<unnamed>::pack_face_z(const double *, double *, int, int, int, int, int)"
141637447642,243689,,,141637690253,992,243689,121,121,1,cudaLaunchKernel,   1    1    1,   1    1    1,<unnamed>::warmup_kernel(double *)
141638042589,40460,,,141638081611,6080,45102,121,121,1,cudaLaunchKernel,3907    1    1, 256    1    1,"<unnamed>::pack_face_x(const double *, double *, int, int, int, int, int)"
141638085612,20341,141638105953,3210,141638109163,11808,35359,121,121,1,cudaLaunchKernel,3907    1    1, 256    1    1,"<unnamed>::pack_face_y(const double *, double *, int, int, int, int, int)"
141638107203,24732,141638131935,2060,141638133995,41791,68583,121,121,1,cudaLaunchKernel,3907    1    1, 256    1    1,"<unnamed>::pack_face_z(const double *, double *, int, int, int, int, int)"
141659203649,238719,,,141659440926,896,238719,123,123,3,cudaLaunchKernel,   1    1    1,   1    1    1,<unnamed>::warmup_kernel(double *)
141659796544,38526,,,141659834748,6239,44443,123,123,3,cudaLaunchKernel,3907    1    1, 256    1    1,"<unnamed>::pack_face_x(const double *, double *, int, int, int, int, int)"
141659837538,24802,141659862340,3127,141659865467,11584,39513,123,123,3,cudaLaunchKernel,3907    1    1, 256    1    1,"<unnamed>::pack_face_y(const double *, double *, int, int, int, int, int)"
141659864486,16381,141659880867,3192,141659884059,42208,61781,123,123,3,cudaLaunchKernel,3907    1    1, 256    1    1,"<unnamed>::pack_face_z(const double *, double *, int, int, int, int, int)"
141668625226,193976,,,141668818790,896,194460,125,125,5,cudaLaunchKernel,   1    1    1,   1    1    1,<unnamed>::warmup_kernel(double *)
141669145181,31657,141669176838,1149,141669177987,5952,38758,125,125,5,cudaLaunchKernel,3907    1    1, 256    1    1,"<unnamed>::pack_face_x(const double *, double *, int, int, int, int, int)"
141669179210,19262,141669198472,3131,141669201603,11999,34392,125,125,5,cudaLaunchKernel,3907    1    1, 256    1    1,"<unnamed>::pack_face_y(const double *, double *, int, int, int, int, int)"
141669199913,15234,141669215147,4855,141669220002,41632,61721,125,125,5,cudaLaunchKernel,3907    1    1, 256    1    1,"<unnamed>::pack_face_z(const double *, double *, int, int, int, int, int)"
141676172851,52188,,,141676225021,6464,58634,121,121,1,cudaLaunchKernel,3907    1    1, 256    1    1,"<unnamed>::unpack_face_x(const double *, double *, int, int, int, int, int)"
141676227920,29259,141676257179,2242,141676259421,14304,45805,121,121,1,cudaLaunchKernel,3907    1    1, 256    1    1,"<unnamed>::unpack_face_y(const double *, double *, int, int, int, int, int)"
141676262497,30332,,,141676291773,77951,107227,121,121,1,cudaLaunchKernel,3907    1    1, 256    1    1,"<unnamed>::unpack_face_z(const double *, double *, int, int, int, int, int)"
141676674346,32896,,,141676706042,1664,33360,121,121,1,cudaLaunchKernel,   1    2    2,  32    4    4,"<unnamed>::step_kernel_interior(const double *, const double *, double *, const double *, const double *, int, int, int, int, int, int, int, double, double)"
141676709854,32596,141676742450,1352,141676743802,1600,35548,121,121,1,cudaLaunchKernel,   1    1    1, 256    1    1,"<unnamed>::step_kernel_boundary_x_faces(const double *, const double *, double *, const double *, const double *, int, int, int, int, int, int, int, double, double)"
141676747819,29847,,,141676776026,1632,29847,121,121,1,cudaLaunchKernel,   1    1    1, 256    1    1,"<unnamed>::step_kernel_boundary_y_faces(const double *, const double *, double *, const double *, const double *, int, int, int, int, int, int, int, double, double)"
141676779359,33438,141676812797,1085,141676813882,1696,36219,121,121,1,cudaLaunchKernel,   1    1    1, 256    1    1,"<unnamed>::step_kernel_boundary_z_faces(const double *, const double *, double *, const double *, const double *, int, int, int, int, int, int, int, double, double)"
141676829235,6541,141676835776,2170,141676837946,1728,10439,121,121,1,cudaLaunchKernel,   1    2    2,  32    4    4,"<unnamed>::step_kernel_interior(const double *, const double *, double *, const double *, const double *, int, int, int, int, int, int, int, double, double)"
141676836643,8267,141676844910,1164,141676846074,1568,10999,121,121,1,cudaLaunchKernel,   1    1    1, 256    1    1,"<unnamed>::step_kernel_boundary_x_faces(const double *, const double *, double *, const double *, const double *, int, int, int, int, int, int, int, double, double)"
141676845740,14154,,,141676858426,1632,14318,121,121,1,cudaLaunchKernel,   1    1    1, 256    1    1,"<unnamed>::step_kernel_boundary_y_faces(const double *, const double *, double *, const double *, const double *, int, int, int, int, int, int, int, double, double)"
141676860757,9117,141676869874,1127,141676871001,1600,11844,121,121,1,cudaLaunchKernel,   1    1    1, 256    1    1,"<unnamed>::step_kernel_boundary_z_faces(const double *, const double *, double *, const double *, const double *, int, int, int, int, int, int, int, double, double)"
142044557634,204638,,,142044755394,864,204638,122,122,2,cudaLaunchKernel,   1    1    1,   1    1    1,<unnamed>::warmup_kernel(double *)
142045199624,27361,142045226985,1907,142045228892,6144,35412,122,122,2,cudaLaunchKernel,3907    1    1, 256    1    1,"<unnamed>::pack_face_x(const double *, double *, int, int, int, int, int)"
142045229076,16399,142045245475,3225,142045248700,11456,31080,122,122,2,cudaLaunchKernel,3907    1    1, 256    1    1,"<unnamed>::pack_face_y(const double *, double *, int, int, int, int, int)"
142045246910,13676,142045260586,6386,142045266972,41695,61757,122,122,2,cudaLaunchKernel,3907    1    1, 256    1    1,"<unnamed>::pack_face_z(const double *, double *, int, int, int, int, int)"
142062007267,53598,142062060865,1220,142062062085,6240,61058,122,122,2,cudaLaunchKernel,3907    1    1, 256    1    1,"<unnamed>::unpack_face_x(const double *, double *, int, int, int, int, int)"
142062063917,16074,142062079991,3405,142062083396,14464,33943,122,122,2,cudaLaunchKernel,3907    1    1, 256    1    1,"<unnamed>::unpack_face_y(const double *, double *, int, int, int, int, int)"
142062082144,27235,,,142062107684,78271,103811,122,122,2,cudaLaunchKernel,3907    1    1, 256    1    1,"<unnamed>::unpack_face_z(const double *, double *, int, int, int, int, int)"
142062462713,23952,142062486665,3094,142062489759,1472,28518,122,122,2,cudaLaunchKernel,   1    2    2,  32    4    4,"<unnamed>::step_kernel_interior(const double *, const double *, double *, const double *, const double *, int, int, int, int, int, int, int, double, double)"
142062493482,20623,142062514105,2502,142062516607,1408,24533,122,122,2,cudaLaunchKernel,   1    1    1, 256    1    1,"<unnamed>::step_kernel_boundary_x_faces(const double *, const double *, double *, const double *, const double *, int, int, int, int, int, int, int, double, double)"
142062515587,16693,142062532280,2887,142062535167,1440,21020,122,122,2,cudaLaunchKernel,   1    1    1, 256    1    1,"<unnamed>::step_kernel_boundary_y_faces(const double *, const double *, double *, const double *, const double *, int, int, int, int, int, int, int, double, double)"
142062533604,23850,,,142062557022,1408,24826,122,122,2,cudaLaunchKernel,   1    1    1, 256    1    1,"<unnamed>::step_kernel_boundary_z_faces(const double *, const double *, double *, const double *, const double *, int, int, int, int, int, int, int, double, double)"
142062566565,6016,142062572581,2777,142062575358,1408,10201,122,122,2,cudaLaunchKernel,   1    2    2,  32    4    4,"<unnamed>::step_kernel_interior(const double *, const double *, double *, const double *, const double *, int, int, int, int, int, int, int, double, double)"
142062573163,5843,142062579006,2528,142062581534,1376,9747,122,122,2,cudaLaunchKernel,   1    1    1, 256    1    1,"<unnamed>::step_kernel_boundary_x_faces(const double *, const double *, double *, const double *, const double *, int, int, int, int, int, int, int, double, double)"
142062579420,4832,142062584252,3778,142062588030,1344,9954,122,122,2,cudaLaunchKernel,   1    1    1, 256    1    1,"<unnamed>::step_kernel_boundary_y_faces(const double *, const double *, double *, const double *, const double *, int, int, int, int, int, int, int, double, double)"
142062584644,5666,142062590310,2872,142062593182,1376,9914,122,122,2,cudaLaunchKernel,   1    1    1, 256    1    1,"<unnamed>::step_kernel_boundary_z_faces(const double *, const double *, double *, const double *, const double *, int, int, int, int, int, int, int, double, double)"
142068410848,209058,,,142068617760,896,209058,133,133,7,cudaLaunchKernel,   1    1    1,   1    1    1,<unnamed>::warmup_kernel(double *)
142069009233,41037,142069050270,1694,142069051964,5824,48555,133,133,7,cudaLaunchKernel,3907    1    1, 256    1    1,"<unnamed>::pack_face_x(const double *, double *, int, int, int, int, int)"
142069052862,17768,142069070630,4182,142069074812,11871,33821,133,133,7,cudaLaunchKernel,3907    1    1, 256    1    1,"<unnamed>::pack_face_y(const double *, double *, int, int, int, int, int)"
142069072460,16170,142069088630,4229,142069092859,42176,62575,133,133,7,cudaLaunchKernel,3907    1    1, 256    1    1,"<unnamed>::pack_face_z(const double *, double *, int, int, int, int, int)"
142082554554,48647,142082603201,1097,142082604298,6016,55760,123,123,3,cudaLaunchKernel,3907    1    1, 256    1    1,"<unnamed>::unpack_face_x(const double *, double *, int, int, int, int, int)"
142082605401,26708,142082632109,2588,142082634697,14848,44144,123,123,3,cudaLaunchKernel,3907    1    1, 256    1    1,"<unnamed>::unpack_face_y(const double *, double *, int, int, int, int, int)"
142082634217,17163,142082651380,4821,142082656201,77408,99392,123,123,3,cudaLaunchKernel,3907    1    1, 256    1    1,"<unnamed>::unpack_face_z(const double *, double *, int, int, int, int, int)"
142083857623,24289,142083881912,4169,142083886081,1472,29930,123,123,3,cudaLaunchKernel,   1    2    2,  32    4    4,"<unnamed>::step_kernel_interior(const double *, const double *, double *, const double *, const double *, int, int, int, int, int, int, int, double, double)"
142083883835,29988,142083913823,2945,142083916768,1440,34373,123,123,3,cudaLaunchKernel,   1    1    1, 256    1    1,"<unnamed>::step_kernel_boundary_x_faces(const double *, const double *, double *, const double *, const double *, int, int, int, int, int, int, int, double, double)"
142083915539,28507,142083944046,402,142083944448,1440,30349,123,123,3,cudaLaunchKernel,   1    1    1, 256    1    1,"<unnamed>::step_kernel_boundary_y_faces(const double *, const double *, double *, const double *, const double *, int, int, int, int, int, int, int, double, double)"
142083946796,21909,142083968705,3487,142083972192,1408,26804,123,123,3,cudaLaunchKernel,   1    1    1, 256    1    1,"<unnamed>::step_kernel_boundary_z_faces(const double *, const double *, double *, const double *, const double *, int, int, int, int, int, int, int, double, double)"
142083976472,4348,142083980820,3596,142083984416,1408,9352,123,123,3,cudaLaunchKernel,   1    2    2,  32    4    4,"<unnamed>::step_kernel_interior(const double *, const double *, double *, const double *, const double *, int, int, int, int, int, int, int, double, double)"
142083981356,6421,142083987777,3359,142083991136,1376,11156,123,123,3,cudaLaunchKernel,   1    1    1, 256    1    1,"<unnamed>::step_kernel_boundary_x_faces(const double *, const double *, double *, const double *, const double *, int, int, int, int, int, int, int, double, double)"
142083988166,5081,142083993247,4673,142083997920,1376,11130,123,123,3,cudaLaunchKernel,   1    1    1, 256    1    1,"<unnamed>::step_kernel_boundary_y_faces(const double *, const double *, double *, const double *, const double *, int, int, int, int, int, int, int, double, double)"
142083993614,6535,142084000149,3915,142084004064,1376,11826,123,123,3,cudaLaunchKernel,   1    1    1, 256    1    1,"<unnamed>::step_kernel_boundary_z_faces(const double *, const double *, double *, const double *, const double *, int, int, int, int, int, int, int, double, double)"
142085059923,60288,142085120211,998,142085121209,6496,67782,133,133,7,cudaLaunchKernel,3907    1    1, 256    1    1,"<unnamed>::unpack_face_x(const double *, double *, int, int, int, int, int)"
142085123854,24655,142085148509,4028,142085152537,14175,42858,133,133,7,cudaLaunchKernel,3907    1    1, 256    1    1,"<unnamed>::unpack_face_y(const double *, double *, int, int, int, int, int)"
142085150394,23999,142085174393,2079,142085176472,77311,103389,133,133,7,cudaLaunchKernel,3907    1    1, 256    1    1,"<unnamed>::unpack_face_z(const double *, double *, int, int, int, int, int)"
142085557857,31292,142085589149,2647,142085591796,1440,35379,133,133,7,cudaLaunchKernel,   1    2    2,  32    4    4,"<unnamed>::step_kernel_interior(const double *, const double *, double *, const double *, const double *, int, int, int, int, int, int, int, double, double)"
142085591796,23767,142085615563,3433,142085618996,1440,28640,133,133,7,cudaLaunchKernel,   1    1    1, 256    1    1,"<unnamed>::step_kernel_boundary_x_faces(const double *, const double *, double *, const double *, const double *, int, int, int, int, int, int, int, double, double)"
142085616929,17477,142085634406,3470,142085637876,1472,22419,133,133,7,cudaLaunchKernel,   1    1    1, 256    1    1,"<unnamed>::step_kernel_boundary_y_faces(const double *, const double *, double *, const double *, const double *, int, int, int, int, int, int, int, double, double)"
142085635804,17404,142085653208,3387,142085656595,1440,22231,133,133,7,cudaLaunchKernel,   1    1    1, 256    1    1,"<unnamed>::step_kernel_boundary_z_faces(const double *, const double *, double *, const double *, const double *, int, int, int, int, int, int, int, double, double)"
142085662209,12026,142085674235,2904,142085677139,1408,16338,133,133,7,cudaLaunchKernel,   1    2    2,  32    4    4,"<unnamed>::step_kernel_interior(const double *, const double *, double *, const double *, const double *, int, int, int, int, int, int, int, double, double)"
142085674966,11311,142085686277,2030,142085688307,1376,14717,133,133,7,cudaLaunchKernel,   1    1    1, 256    1    1,"<unnamed>::step_kernel_boundary_x_faces(const double *, const double *, double *, const double *, const double *, int, int, int, int, int, int, int, double, double)"
142085687136,6346,142085693482,3145,142085696627,1376,10867,133,133,7,cudaLaunchKernel,   1    1    1, 256    1    1,"<unnamed>::step_kernel_boundary_y_faces(const double *, const double *, double *, const double *, const double *, int, int, int, int, int, int, int, double, double)"
142085694078,10988,142085705066,2153,142085707219,1376,14517,133,133,7,cudaLaunchKernel,   1    1    1, 256    1    1,"<unnamed>::step_kernel_boundary_z_faces(const double *, const double *, double *, const double *, const double *, int, int, int, int, int, int, int, double, double)"
142280860597,213963,,,142281072711,896,213963,124,124,4,cudaLaunchKernel,   1    1    1,   1    1    1,<unnamed>::warmup_kernel(double *)
142281483442,30463,142281513905,1971,142281515876,5824,38258,124,124,4,cudaLaunchKernel,3907    1    1, 256    1    1,"<unnamed>::pack_face_x(const double *, double *, int, int, int, int, int)"
142281515906,23966,142281539872,2596,142281542468,11776,38338,124,124,4,cudaLaunchKernel,3907    1    1, 256    1    1,"<unnamed>::pack_face_y(const double *, double *, int, int, int, int, int)"
142281541836,12796,142281554632,5884,142281560516,41408,60088,124,124,4,cudaLaunchKernel,3907    1    1, 256    1    1,"<unnamed>::pack_face_z(const double *, double *, int, int, int, int, int)"
142295290222,70074,,,142295355797,6176,71751,120,120,0,cudaLaunchKernel,3907    1    1, 256    1    1,"<unnamed>::unpack_face_x(const double *, double *, int, int, int, int, int)"
142295306404,64675,,,142295365030,6624,65250,126,126,6,cudaLaunchKernel,3907    1    1, 256    1    1,"<unnamed>::unpack_face_x(const double *, double *, int, int, int, int, int)"
142295363470,23219,142295386689,2932,142295389621,14080,40231,120,120,0,cudaLaunchKernel,3907    1    1, 256    1    1,"<unnamed>::unpack_face_y(const double *, double *, int, int, int, int, int)"
142295373547,18175,142295391722,3931,142295395653,14176,36282,126,126,6,cudaLaunchKernel,3907    1    1, 256    1    1,"<unnamed>::unpack_face_y(const double *, double *, int, int, int, int, int)"
142295389439,18435,142295407874,2547,142295410421,79039,100021,120,120,0,cudaLaunchKernel,3907    1    1, 256    1    1,"<unnamed>::unpack_face_z(const double *, double *, int, int, int, int, int)"
142295393258,15241,142295408499,10034,142295418533,77663,102938,126,126,6,cudaLaunchKernel,3907    1    1, 256    1    1,"<unnamed>::unpack_face_z(const double *, double *, int, int, int, int, int)"
142297654614,45825,142297700439,885,142297701324,1440,48150,126,126,6,cudaLaunchKernel,   1    2    2,  32    4    4,"<unnamed>::step_kernel_interior(const double *, const double *, double *, const double *, const double *, int, int, int, int, int, int, int, double, double)"
142297693553,27323,142297720876,2741,142297723617,1440,31504,120,120,0,cudaLaunchKernel,   1    2    2,  32    4    4,"<unnamed>::step_kernel_interior(const double *, const double *, double *, const double *, const double *, int, int, int, int, int, int, int, double, double)"
142297702873,20906,142297723779,4265,142297728044,1408,26579,126,126,6,cudaLaunchKernel,   1    1    1, 256    1    1,"<unnamed>::step_kernel_boundary_x_faces(const double *, const double *, double *, const double *, const double *, int, int, int, int, int, int, int, double, double)"
142297723759,27892,142297751651,830,142297752481,1440,30162,120,120,0,cudaLaunchKernel,   1    1    1, 256    1    1,"<unnamed>::step_kernel_boundary_x_faces(const double *, const double *, double *, const double *, const double *, int, int, int, int, int, int, int, double, double)"
142297725258,22658,,,142297747532,1440,23714,126,126,6,cudaLaunchKernel,   1    1    1, 256    1    1,"<unnamed>::step_kernel_boundary_y_faces(const double *, const double *, double *, const double *, const double *, int, int, int, int, int, int, int, double, double)"
142297750175,25095,,,142297772332,1376,25095,126,126,6,cudaLaunchKernel,   1    1    1, 256    1    1,"<unnamed>::step_kernel_boundary_z_faces(const double *, const double *, double *, const double *, const double *, int, int, int, int, int, int, int, double, double)"
142297754076,25508,142297779584,1249,142297780833,1440,28197,120,120,0,cudaLaunchKernel,   1    1    1, 256    1    1,"<unnamed>::step_kernel_boundary_y_faces(const double *, const double *, double *, const double *, const double *, int, int, int, int, int, int, int, double, double)"
142297782194,19846,142297802040,2473,142297804513,1408,23727,120,120,0,cudaLaunchKernel,   1    1    1, 256    1    1,"<unnamed>::step_kernel_boundary_z_faces(const double *, const double *, double *, const double *, const double *, int, int, int, int, int, int, int, double, double)"
142297784334,7614,142297791948,2847,142297794795,1376,11837,126,126,6,cudaLaunchKernel,   1    2    2,  32    4    4,"<unnamed>::step_kernel_interior(const double *, const double *, double *, const double *, const double *, int, int, int, int, int, int, int, double, double)"
142297792495,5608,142297798103,2996,142297801099,1344,9948,126,126,6,cudaLaunchKernel,   1    1    1, 256    1    1,"<unnamed>::step_kernel_boundary_x_faces(const double *, const double *, double *, const double *, const double *, int, int, int, int, int, int, int, double, double)"
142297798942,4616,142297803558,3845,142297807403,1344,9805,126,126,6,cudaLaunchKernel,   1    1    1, 256    1    1,"<unnamed>::step_kernel_boundary_y_faces(const double *, const double *, double *, const double *, const double *, int, int, int, int, int, int, int, double, double)"
142297804025,6614,142297810639,3292,142297813931,1376,11282,126,126,6,cudaLaunchKernel,   1    1    1, 256    1    1,"<unnamed>::step_kernel_boundary_z_faces(const double *, const double *, double *, const double *, const double *, int, int, int, int, int, int, int, double, double)"
142297810353,6792,142297817145,2440,142297819585,1408,10640,120,120,0,cudaLaunchKernel,   1    2    2,  32    4    4,"<unnamed>::step_kernel_interior(const double *, const double *, double *, const double *, const double *, int, int, int, int, int, int, int, double, double)"
142297817776,6906,142297824682,2327,142297827009,1376,10609,120,120,0,cudaLaunchKernel,   1    1    1, 256    1    1,"<unnamed>::step_kernel_boundary_x_faces(const double *, const double *, double *, const double *, const double *, int, int, int, int, int, int, int, double, double)"
142297825079,5771,142297830850,3007,142297833857,1376,10154,120,120,0,cudaLaunchKernel,   1    1    1, 256    1    1,"<unnamed>::step_kernel_boundary_y_faces(const double *, const double *, double *, const double *, const double *, int, int, int, int, int, int, int, double, double)"
142297831249,6105,142297837354,2806,142297840160,1376,10287,120,120,0,cudaLaunchKernel,   1    1    1, 256    1    1,"<unnamed>::step_kernel_boundary_z_faces(const double *, const double *, double *, const double *, const double *, int, int, int, int, int, int, int, double, double)"
142297866608,45181,142297911789,583,142297912372,6143,51907,124,124,4,cudaLaunchKernel,3907    1    1, 256    1    1,"<unnamed>::unpack_face_x(const double *, double *, int, int, int, int, int)"
142297914279,28165,142297942444,1607,142297944051,13280,43052,124,124,4,cudaLaunchKernel,3907    1    1, 256    1    1,"<unnamed>::unpack_face_y(const double *, double *, int, int, int, int, int)"
142297938479,44078,142297982557,2651,142297985208,6336,53065,125,125,5,cudaLaunchKernel,3907    1    1, 256    1    1,"<unnamed>::unpack_face_x(const double *, double *, int, int, int, int, int)"
142297944571,15704,142297960275,3872,142297964147,76960,96536,124,124,4,cudaLaunchKernel,3907    1    1, 256    1    1,"<unnamed>::unpack_face_z(const double *, double *, int, int, int, int, int)"
142297984471,18230,142298002701,4555,142298007256,14464,37249,125,125,5,cudaLaunchKernel,3907    1    1, 256    1    1,"<unnamed>::unpack_face_y(const double *, double *, int, int, int, int, int)"
142298004822,16676,142298021498,6622,142298028120,79007,102305,125,125,5,cudaLaunchKernel,3907    1    1, 256    1    1,"<unnamed>::unpack_face_z(const double *, double *, int, int, int, int, int)"
142298424760,20721,142298445481,2983,142298448464,1472,25176,124,124,4,cudaLaunchKernel,   1    2    2,  32    4    4,"<unnamed>::step_kernel_interior(const double *, const double *, double *, const double *, const double *, int, int, int, int, int, int, int, double, double)"
142298447611,18556,142298466167,2553,142298468720,1376,22485,124,124,4,cudaLaunchKernel,   1    1    1, 256    1    1,"<unnamed>::step_kernel_boundary_x_faces(const double *, const double *, double *, const double *, const double *, int, int, int, int, int, int, int, double, double)"
142298467641,22576,142298490217,1767,142298491984,1407,25750,124,124,4,cudaLaunchKernel,   1    1    1, 256    1    1,"<unnamed>::step_kernel_boundary_y_faces(const double *, const double *, double *, const double *, const double *, int, int, int, int, int, int, int, double, double)"
142298491951,24365,142298516316,1843,142298518159,1472,27680,124,124,4,cudaLaunchKernel,   1    1    1, 256    1    1,"<unnamed>::step_kernel_boundary_z_faces(const double *, const double *, double *, const double *, const double *, int, int, int, int, int, int, int, double, double)"
142298529390,7801,142298537191,2184,142298539375,1536,11521,124,124,4,cudaLaunchKernel,   1    2    2,  32    4    4,"<unnamed>::step_kernel_interior(const double *, const double *, double *, const double *, const double *, int, int, int, int, int, int, int, double, double)"
142298537788,6519,142298544307,2396,142298546703,1376,10291,124,124,4,cudaLaunchKernel,   1    1    1, 256    1    1,"<unnamed>::step_kernel_boundary_x_faces(const double *, const double *, double *, const double *, const double *, int, int, int, int, int, int, int, double, double)"
142298544843,8057,142298552900,2251,142298555151,1376,11684,124,124,4,cudaLaunchKernel,   1    1    1, 256    1    1,"<unnamed>::step_kernel_boundary_y_faces(const double *, const double *, double *, const double *, const double *, int, int, int, int, int, int, int, double, double)"
142298553278,6133,142298559411,3580,142298562991,1376,11089,124,124,4,cudaLaunchKernel,   1    1    1, 256    1    1,"<unnamed>::step_kernel_boundary_z_faces(const double *, const double *, double *, const double *, const double *, int, int, int, int, int, int, int, double, double)"
142298554796,26867,142298581663,3635,142298585298,1440,31942,125,125,5,cudaLaunchKernel,   1    2    2,  32    4    4,"<unnamed>::step_kernel_interior(const double *, const double *, double *, const double *, const double *, int, int, int, int, int, int, int, double, double)"
142298584373,20252,142298604625,3937,142298608562,1408,25597,125,125,5,cudaLaunchKernel,   1    1    1, 256    1    1,"<unnamed>::step_kernel_boundary_x_faces(const double *, const double *, double *, const double *, const double *, int, int, int, int, int, int, int, double, double)"
142298606025,16295,142298622320,4034,142298626354,1440,21769,125,125,5,cudaLaunchKernel,   1    1    1, 256    1    1,"<unnamed>::step_kernel_boundary_y_faces(const double *, const double *, double *, const double *, const double *, int, int, int, int, int, int, int, double, double)"
142298623717,16963,142298640680,3786,142298644466,1408,22157,125,125,5,cudaLaunchKernel,   1    1    1, 256    1    1,"<unnamed>::step_kernel_boundary_z_faces(const double *, const double *, double *, const double *, const double *, int, int, int, int, int, int, int, double, double)"
142298648122,9126,142298657248,2290,142298659538,1408,12824,125,125,5,cudaLaunchKernel,   1    2    2,  32    4    4,"<unnamed>::step_kernel_interior(const double *, const double *, double *, const double *, const double *, int, int, int, int, int, int, int, double, double)"
142298658414,15670,,,142298667602,1376,15670,125,125,5,cudaLaunchKernel,   1    1    1, 256    1    1,"<unnamed>::step_kernel_boundary_x_faces(const double *, const double *, double *, const double *, const double *, int, int, int, int, int, int, int, double, double)"
142298675057,5918,142298680975,3650,142298684625,1376,10944,125,125,5,cudaLaunchKernel,   1    1    1, 256    1    1,"<unnamed>::step_kernel_boundary_y_faces(const double *, const double *, double *, const double *, const double *, int, int, int, int, int, int, int, double, double)"
142298681455,4765,142298686220,4869,142298691089,1408,11042,125,125,5,cudaLaunchKernel,   1    1    1, 256    1    1,"<unnamed>::step_kernel_boundary_z_faces(const double *, const double *, double *, const double *, const double *, int, int, int, int, int, int, int, double, double)"
142299212448,11183,142299223631,2941,142299226572,6976,21100,125,125,5,cudaLaunchKernel,3907    1    1, 256    1    1,"<unnamed>::pack_face_x(const double *, double *, int, int, int, int, int)"
142299215100,25197,142299240297,332,142299240629,7744,33273,120,120,0,cudaLaunchKernel,3907    1    1, 256    1    1,"<unnamed>::pack_face_x(const double *, double *, int, int, int, int, int)"
142299224346,8843,142299233189,4775,142299237964,7808,21426,125,125,5,cudaLaunchKernel,3907    1    1, 256    1    1,"<unnamed>::pack_face_y(const double *, double *, int, int, int, int, int)"
142299233668,7237,142299240905,6051,142299246956,48671,61959,125,125,5,cudaLaunchKernel,3907    1    1, 256    1    1,"<unnamed>::pack_face_z(const double *, double *, int, int, int, int, int)"
142299240929,7286,142299248215,3294,142299251509,7968,18548,120,120,0,cudaLaunchKernel,3907    1    1, 256    1    1,"<unnamed>::pack_face_y(const double *, double *, int, int, int, int, int)"
142299241837,4248,142299246085,36518,142299282603,14279858,14320624,125,125,5,cudaLaunchKernel,  32  250  250,  32    4    4,"<unnamed>::step_kernel_interior(const double *, const double *, double *, const double *, const double *, int, int, int, int, int, int, int, double, double)"
142299249312,10320,142299259632,773,142299260405,47327,58420,120,120,0,cudaLaunchKernel,3907    1    1, 256    1    1,"<unnamed>::pack_face_z(const double *, double *, int, int, int, int, int)"
142299250541,17161,142299267702,710,142299268412,7103,24974,126,126,6,cudaLaunchKernel,3907    1    1, 256    1    1,"<unnamed>::pack_face_x(const double *, double *, int, int, int, int, int)"
142299253186,29137,,,142299281544,6880,35238,122,122,2,cudaLaunchKernel,3907    1    1, 256    1    1,"<unnamed>::pack_face_x(const double *, double *, int, int, int, int, int)"
142299261434,10052,142299271486,23830,142299295316,14276907,14310789,120,120,0,cudaLaunchKernel,  32  250  250,  32    4    4,"<unnamed>::step_kernel_interior(const double *, const double *, double *, const double *, const double *, int, int, int, int, int, int, int, double, double)"
142299268802,6162,142299274964,3879,142299278843,7872,17913,126,126,6,cudaLaunchKernel,3907    1    1, 256    1    1,"<unnamed>::pack_face_y(const double *, double *, int, int, int, int, int)"
142299271268,12592,142299283860,1078,142299284938,6880,20550,124,124,4,cudaLaunchKernel,3907    1    1, 256    1    1,"<unnamed>::pack_face_x(const double *, double *, int, int, int, int, int)"
142299275493,6490,142299281983,5692,142299287675,47008,59190,126,126,6,cudaLaunchKernel,3907    1    1, 256    1    1,"<unnamed>::pack_face_z(const double *, double *, int, int, int, int, int)"
142299282456,27348,142299309804,368,142299310172,7808,35524,133,133,7,cudaLaunchKernel,3907    1    1, 256    1    1,"<unnamed>::pack_face_x(const double *, double *, int, int, int, int, int)"
142299282950,7761,142299290711,32676,142299323387,14279238,14319675,126,126,6,cudaLaunchKernel,  32  250  250,  32    4    4,"<unnamed>::step_kernel_interior(const double *, const double *, double *, const double *, const double *, int, int, int, int, int, int, int, double, double)"
142299283706,5484,142299289190,3522,142299292712,8000,17006,122,122,2,cudaLaunchKernel,3907    1    1, 256    1    1,"<unnamed>::pack_face_y(const double *, double *, int, int, int, int, int)"
142299284440,28716,142299313156,791,142299313947,6688,36195,123,123,3,cudaLaunchKernel,3907    1    1, 256    1    1,"<unnamed>::pack_face_x(const double *, double *, int, int, int, int, int)"
142299284544,5686,142299290230,3412,142299293642,8096,17194,124,124,4,cudaLaunchKernel,3907    1    1, 256    1    1,"<unnamed>::pack_face_y(const double *, double *, int, int, int, int, int)"
142299289817,12540,142299302357,1203,142299303560,48511,62254,122,122,2,cudaLaunchKernel,3907    1    1, 256    1    1,"<unnamed>::pack_face_z(const double *, double *, int, int, int, int, int)"
142299290932,12694,142299303626,1248,142299304874,47168,61110,124,124,4,cudaLaunchKernel,3907    1    1, 256    1    1,"<unnamed>::pack_face_z(const double *, double *, int, int, int, int, int)"
142299304275,10117,142299314392,24752,142299339144,14276265,14311134,122,122,2,cudaLaunchKernel,  32  250  250,  32    4    4,"<unnamed>::step_kernel_interior(const double *, const double *, double *, const double *, const double *, int, int, int, int, int, int, int, double, double)"
142299304950,6239,142299311189,28565,142299339754,14254558,14289362,124,124,4,cudaLaunchKernel,  32  250  250,  32    4    4,"<unnamed>::step_kernel_interior(const double *, const double *, double *, const double *, const double *, int, int, int, int, int, int, int, double, double)"
142299311214,7545,142299318759,4661,142299323420,7744,19950,133,133,7,cudaLaunchKernel,3907    1    1, 256    1    1,"<unnamed>::pack_face_y(const double *, double *, int, int, int, int, int)"
142299314579,6075,142299320654,5037,142299325691,7968,19080,123,123,3,cudaLaunchKernel,3907    1    1, 256    1    1,"<unnamed>::pack_face_y(const double *, double *, int, int, int, int, int)"
142299319509,8041,142299327550,4574,142299332124,47775,60390,133,133,7,cudaLaunchKernel,3907    1    1, 256    1    1,"<unnamed>::pack_face_z(const double *, double *, int, int, int, int, int)"
142299321253,6393,142299327646,7229,142299334875,49311,62933,123,123,3,cudaLaunchKernel,3907    1    1, 256    1    1,"<unnamed>::pack_face_z(const double *, double *, int, int, int, int, int)"
142299324171,35755,,,142299358231,7104,41164,121,121,1,cudaLaunchKernel,3907    1    1, 256    1    1,"<unnamed>::pack_face_x(const double *, double *, int, int, int, int, int)"
142299329095,14420,142299343515,26879,142299370394,14287002,14328301,123,123,3,cudaLaunchKernel,  32  250  250,  32    4    4,"<unnamed>::step_kernel_interior(const double *, const double *, double *, const double *, const double *, int, int, int, int, int, int, int, double, double)"
142299329615,15974,142299345589,22151,142299367740,14281423,14319548,133,133,7,cudaLaunchKernel,  32  250  250,  32    4    4,"<unnamed>::step_kernel_interior(const double *, const double *, double *, const double *, const double *, int, int, int, int, int, int, int, double, double)"
142299361334,6829,142299368163,2452,142299370615,8096,17377,121,121,1,cudaLaunchKernel,3907    1    1, 256    1    1,"<unnamed>::pack_face_y(const double *, double *, int, int, int, int, int)"
142299368703,5922,142299374625,5110,142299379735,47968,59000,121,121,1,cudaLaunchKernel,3907    1    1, 256    1    1,"<unnamed>::pack_face_z(const double *, double *, int, int, int, int, int)"
142299376082,6118,142299382200,33279,142299415479,14257971,14297368,121,121,1,cudaLaunchKernel,  32  250  250,  32    4    4,"<unnamed>::step_kernel_interior(const double *, const double *, double *, const double *, const double *, int, int, int, int, int, int, int, double, double)"
142299599859,11110,142299610969,13976655,142313587624,7551,13995316,124,124,4,cudaLaunchKernel,3907    1    1, 256    1    1,"<unnamed>::unpack_face_x(const double *, double *, int, int, int, int, int)"
142299612037,11985,142299624022,13972433,142313596455,7520,13991938,124,124,4,cudaLaunchKernel,3907    1    1, 256    1    1,"<unnamed>::unpack_face_y(const double *, double *, int, int, int, int, int)"
142299625028,5655,142299630683,13974348,142313605031,75648,14055651,124,124,4,cudaLaunchKernel,3907    1    1, 256    1    1,"<unnamed>::unpack_face_z(const double *, double *, int, int, int, int, int)"
142299631901,5258,142299637159,14045152,142313682311,42752,14093162,124,124,4,cudaLaunchKernel,7813    1    1, 256    1    1,"<unnamed>::step_kernel_boundary_x_faces(const double *, const double *, double *, const double *, const double *, int, int, int, int, int, int, int, double, double)"
142299637560,5732,142299643292,14083307,142313726599,39871,14128910,124,124,4,cudaLaunchKernel,7797    1    1, 256    1    1,"<unnamed>::step_kernel_boundary_y_faces(const double *, const double *, double *, const double *, const double *, int, int, int, int, int, int, int, double, double)"
142299643718,3523,142299647241,14120989,142313768230,481405,14605917,124,124,4,cudaLaunchKernel,7782    1    1, 256    1    1,"<unnamed>::step_kernel_boundary_z_faces(const double *, const double *, double *, const double *, const double *, int, int, int, int, int, int, int, double, double)"
142299662957,29307,142299692264,28791513,142328483777,7296,28828116,124,124,4,cudaLaunchKernel,3907    1    1, 256    1    1,"<unnamed>::pack_face_x(const double *, double *, int, int, int, int, int)"
142299693560,7504,142299701064,28791321,142328492385,6400,28805225,124,124,4,cudaLaunchKernel,3907    1    1, 256    1    1,"<unnamed>::pack_face_y(const double *, double *, int, int, int, int, int)"
142299705614,11684,142299717298,13878703,142313596001,7520,13897907,126,126,6,cudaLaunchKernel,3907    1    1, 256    1    1,"<unnamed>::unpack_face_x(const double *, double *, int, int, int, int, int)"
142299705905,14605,142299720510,28779395,142328499905,42560,28836560,124,124,4,cudaLaunchKernel,3907    1    1, 256    1    1,"<unnamed>::pack_face_z(const double *, double *, int, int, int, int, int)"
142299718437,8220,142299726657,13878144,142313604801,6272,13892636,126,126,6,cudaLaunchKernel,3907    1    1, 256    1    1,"<unnamed>::unpack_face_y(const double *, double *, int, int, int, int, int)"
142299722207,6593,142299728800,14522243,142314251043,14238590,28767426,124,124,4,cudaLaunchKernel,  32  250  250,  32    4    4,"<unnamed>::step_kernel_interior(const double *, const double *, double *, const double *, const double *, int, int, int, int, int, int, int, double, double)"
142299727119,4596,142299731715,13880478,142313612193,77151,13962225,126,126,6,cudaLaunchKernel,3907    1    1, 256    1    1,"<unnamed>::unpack_face_z(const double *, double *, int, int, int, int, int)"
142299732601,10027,142299742628,13948796,142313691424,42271,14001094,126,126,6,cudaLaunchKernel,7813    1    1, 256    1    1,"<unnamed>::step_kernel_boundary_x_faces(const double *, const double *, double *, const double *, const double *, int, int, int, int, int, int, int, double, double)"
142299742009,11031,142299753040,13803053,142313556093,7456,13821540,125,125,5,cudaLaunchKernel,3907    1    1, 256    1    1,"<unnamed>::unpack_face_x(const double *, double *, int, int, int, int, int)"
142299743562,11582,142299755144,13980279,142313735423,41024,14032885,126,126,6,cudaLaunchKernel,7797    1    1, 256    1    1,"<unnamed>::step_kernel_boundary_y_faces(const double *, const double *, double *, const double *, const double *, int, int, int, int, int, int, int, double, double)"
142299753875,9079,142299762954,13801589,142313564543,8640,13819308,120,120,0,cudaLaunchKernel,3907    1    1, 256    1    1,"<unnamed>::unpack_face_x(const double *, double *, int, int, int, int, int)"
142299754139,5849,142299759988,13805257,142313565245,6368,13817474,125,125,5,cudaLaunchKernel,3907    1    1, 256    1    1,"<unnamed>::unpack_face_y(const double *, double *, int, int, int, int, int)"
142299756062,3776,142299759838,14018113,142313777951,478427,14500316,126,126,6,cudaLaunchKernel,7782    1    1, 256    1    1,"<unnamed>::step_kernel_boundary_z_faces(const double *, const double *, double *, const double *, const double *, int, int, int, int, int, int, int, double, double)"
142299760474,5350,142299765824,13806845,142313572669,77311,13889506,125,125,5,cudaLaunchKernel,3907    1    1, 256    1    1,"<unnamed>::unpack_face_z(const double *, double *, int, int, int, int, int)"
142299763621,11129,142299774750,13799745,142313574495,6272,13817146,120,120,0,cudaLaunchKernel,3907    1    1, 256    1    1,"<unnamed>::unpack_face_y(const double *, double *, int, int, int, int, int)"
142299764946,12065,142299777011,13865656,142313642667,7488,13885209,133,133,7,cudaLaunchKernel,3907    1    1, 256    1    1,"<unnamed>::unpack_face_x(const double *, double *, int, int, int, int, int)"
142299766600,8478,142299775078,13876630,142313651708,43071,13928179,125,125,5,cudaLaunchKernel,7813    1    1, 256    1    1,"<unnamed>::step_kernel_boundary_x_faces(const double *, const double *, double *, const double *, const double *, int, int, int, int, int, int, int, double, double)"
142299767477,9793,142299777270,28734026,142328511296,7392,28751211,126,126,6,cudaLaunchKernel,3907    1    1, 256    1    1,"<unnamed>::pack_face_x(const double *, double *, int, int, int, int, int)"
142299775761,10788,142299786549,13795562,142313582111,76959,13883309,120,120,0,cudaLaunchKernel,3907    1    1, 256    1    1,"<unnamed>::unpack_face_z(const double *, double *, int, int, int, int, int)"
142299776010,10990,142299787000,13909731,142313696731,39808,13960529,125,125,5,cudaLaunchKernel,7797    1    1, 256    1    1,"<unnamed>::step_kernel_boundary_y_faces(const double *, const double *, double *, const double *, const double *, int, int, int, int, int, int, int, double, double)"
142299778039,12495,142299790534,13860997,142313651531,6368,13879860,133,133,7,cudaLaunchKernel,3907    1    1, 256    1    1,"<unnamed>::unpack_face_y(const double *, double *, int, int, int, int, int)"
142299778222,11203,142299789425,28730703,142328520128,6271,28748177,126,126,6,cudaLaunchKernel,3907    1    1, 256    1    1,"<unnamed>::pack_face_y(const double *, double *, int, int, int, int, int)"
142299787940,5053,142299792993,13945050,142313738043,478907,14429010,125,125,5,cudaLaunchKernel,7782    1    1, 256    1    1,"<unnamed>::step_kernel_boundary_z_faces(const double *, const double *, double *, const double *, const double *, int, int, int, int, int, int, int, double, double)"
142299788204,6318,142299794522,13866436,142313660958,42944,13915698,120,120,0,cudaLaunchKernel,7813    1    1, 256    1    1,"<unnamed>::step_kernel_boundary_x_faces(const double *, const double *, double *, const double *, const double *, int, int, int, int, int, int, int, double, double)"
142299790389,5956,142299796345,28731142,142328527487,42272,28779370,126,126,6,cudaLaunchKernel,3907    1    1, 256    1    1,"<unnamed>::pack_face_z(const double *, double *, int, int, int, int, int)"
142299791579,5558,142299797137,13861850,142313658987,76767,13944175,133,133,7,cudaLaunchKernel,3907    1    1, 256    1    1,"<unnamed>::unpack_face_z(const double *, double *, int, int, int, int, int)"
142299795007,5522,142299800529,13905133,142313705662,39423,13950078,120,120,0,cudaLaunchKernel,7797    1    1, 256    1    1,"<unnamed>::step_kernel_boundary_y_faces(const double *, const double *, double *, const double *, const double *, int, int, int, int, int, int, int, double, double)"
142299797031,7193,142299804224,14453594,142314257818,14259302,28720089,126,126,6,cudaLaunchKernel,  32  250  250,  32    4    4,"<unnamed>::step_kernel_interior(const double *, const double *, double *, const double *, const double *, int, int, int, int, int, int, int, double, double)"
142299798316,6409,142299804725,13932853,142313737578,42463,13981725,133,133,7,cudaLaunchKernel,7813    1    1, 256    1    1,"<unnamed>::step_kernel_boundary_x_faces(const double *, const double *, double *, const double *, const double *, int, int, int, int, int, int, int, double, double)"
142299800574,5343,142299805917,28671275,142328477192,7296,28683914,125,125,5,cudaLaunchKernel,3907    1    1, 256    1    1,"<unnamed>::pack_face_x(const double *, double *, int, int, int, int, int)"
142299801181,8222,142299809403,13799926,142313609329,7040,13815188,122,122,2,cudaLaunchKernel,3907    1    1, 256    1    1,"<unnamed>::unpack_face_x(const double *, double *, int, int, int, int, int)"
142299801183,5320,142299806503,13940054,142313746557,478204,14423578,120,120,0,cudaLaunchKernel,7782    1    1, 256    1    1,"<unnamed>::step_kernel_boundary_z_faces(const double *, const double *, double *, const double *, const double *, int, int, int, int, int, int, int, double, double)"
142299805545,7237,142299812782,13968795,142313781577,40224,14016256,133,133,7,cudaLaunchKernel,7797    1    1, 256    1    1,"<unnamed>::step_kernel_boundary_y_faces(const double *, const double *, double *, const double *, const double *, int, int, int, int, int, int, int, double, double)"
142299806326,4706,142299811032,28674832,142328485864,6592,28686130,125,125,5,cudaLaunchKernel,3907    1    1, 256    1    1,"<unnamed>::pack_face_y(const double *, double *, int, int, int, int, int)"
142299809982,5961,142299815943,13801898,142313617841,6144,13814003,122,122,2,cudaLaunchKernel,3907    1    1, 256    1    1,"<unnamed>::unpack_face_y(const double *, double *, int, int, int, int, int)"
142299811452,4668,142299816120,28677456,142328493576,42271,28724395,125,125,5,cudaLaunchKernel,3907    1    1, 256    1    1,"<unnamed>::pack_face_z(const double *, double *, int, int, int, int, int)"
142299813305,4648,142299817953,14005256,142313823209,479355,14489259,133,133,7,cudaLaunchKernel,7782    1    1, 256    1    1,"<unnamed>::step_kernel_boundary_z_faces(const double *, const double *, double *, const double *, const double *, int, int, int, int, int, int, int, double, double)"
142299814815,9305,142299824120,14402081,142314226201,11488,14422874,120,120,0,cudaLaunchKernel,3907    1    1, 256    1    1,"<unnamed>::pack_face_x(const double *, double *, int, int, int, int, int)"
142299816697,11034,142299827731,13797566,142313625297,76703,13885303,122,122,2,cudaLaunchKernel,3907    1    1, 256    1    1,"<unnamed>::unpack_face_z(const double *, double *, int, int, int, int, int)"
142299816704,8441,142299825145,14393437,142314218582,14264178,28666056,125,125,5,cudaLaunchKernel,  32  250  250,  32    4    4,"<unnamed>::step_kernel_interior(const double *, const double *, double *, const double *, const double *, int, int, int, int, int, int, int, double, double)"
142299816993,11367,142299828360,13822412,142313650772,7616,13841395,123,123,3,cudaLaunchKernel,3907    1    1, 256    1    1,"<unnamed>::unpack_face_x(const double *, double *, int, int, int, int, int)"
142299823948,7682,142299831630,13835964,142313667594,7328,13850974,121,121,1,cudaLaunchKernel,3907    1    1, 256    1    1,"<unnamed>::unpack_face_x(const double *, double *, int, int, int, int, int)"
142299825033,5790,142299830823,28655069,142328485892,8288,28669147,120,120,0,cudaLaunchKernel,3907    1    1, 256    1    1,"<unnamed>::pack_face_y(const double *, double *, int, int, int, int, int)"
142299829052,5263,142299834315,13869413,142313703728,43039,13917715,122,122,2,cudaLaunchKernel,7813    1    1, 256    1    1,"<unnamed>::step_kernel_boundary_x_faces(const double *, const double *, double *, const double *, const double *, int, int, int, int, int, int, int, double, double)"
142299829446,6457,142299835903,13824117,142313660020,6432,13837006,123,123,3,cudaLaunchKernel,3907    1    1, 256    1    1,"<unnamed>::unpack_face_y(const double *, double *, int, int, int, int, int)"
142299831274,4602,142299835876,28659744,142328495620,39967,28704313,120,120,0,cudaLaunchKernel,3907    1    1, 256    1    1,"<unnamed>::pack_face_z(const double *, double *, int, int, int, int, int)"
142299831342,8038,142299839380,28717312,142328556692,7359,28732709,133,133,7,cudaLaunchKernel,3907    1    1, 256    1    1,"<unnamed>::pack_face_x(const double *, double *, int, int, int, int, int)"
142299832308,4607,142299836915,13839351,142313676266,6624,13850582,121,121,1,cudaLaunchKernel,3907    1    1, 256    1    1,"<unnamed>::unpack_face_y(const double *, double *, int, int, int, int, int)"
142299834768,6156,142299840924,13907347,142313748271,39456,13952959,122,122,2,cudaLaunchKernel,7797    1    1, 256    1    1,"<unnamed>::step_kernel_boundary_y_faces(const double *, const double *, double *, const double *, const double *, int, int, int, int, int, int, int, double, double)"
142299836525,5916,142299842441,13825323,142313667764,77695,13908934,123,123,3,cudaLaunchKernel,3907    1    1, 256    1    1,"<unnamed>::unpack_face_z(const double *, double *, int, int, int, int, int)"
142299836588,5416,142299842004,14389189,142314231193,14262059,28656664,120,120,0,cudaLaunchKernel,  32  250  250,  32    4    4,"<unnamed>::step_kernel_interior(const double *, const double *, double *, const double *, const double *, int, int, int, int, int, int, int, double, double)"
142299837409,3993,142299841402,13842512,142313683914,77215,13923720,121,121,1,cudaLaunchKernel,3907    1    1, 256    1    1,"<unnamed>::unpack_face_z(const double *, double *, int, int, int, int, int)"
142299839821,5819,142299845640,28719787,142328565427,6272,28731878,133,133,7,cudaLaunchKernel,3907    1    1, 256    1    1,"<unnamed>::pack_face_y(const double *, double *, int, int, int, int, int)"
142299841507,4499,142299846006,13943513,142313789519,479929,14427941,122,122,2,cudaLaunchKernel,7782    1    1, 256    1    1,"<unnamed>::step_kernel_boundary_z_faces(const double *, const double *, double *, const double *, const double *, int, int, int, int, int, int, int, double, double)"
142299842406,3715,142299846121,13916768,142313762889,42112,13962595,121,121,1,cudaLaunchKernel,7813    1    1, 256    1    1,"<unnamed>::step_kernel_boundary_x_faces(const double *, const double *, double *, const double *, const double *, int, int, int, int, int, int, int, double, double)"
142299843195,4599,142299847794,13899361,142313747155,42656,13946616,123,123,3,cudaLaunchKernel,7813    1    1, 256    1    1,"<unnamed>::step_kernel_boundary_x_faces(const double *, const double *, double *, const double *, const double *, int, int, int, int, int, int, int, double, double)"
142299846043,5058,142299851101,28721718,142328572819,42304,28769080,133,133,7,cudaLaunchKernel,3907    1    1, 256    1    1,"<unnamed>::pack_face_z(const double *, double *, int, int, int, int, int)"
142299846563,3873,142299850436,13956037,142313806473,40512,14000422,121,121,1,cudaLaunchKernel,7797    1    1, 256    1    1,"<unnamed>::step_kernel_boundary_y_faces(const double *, const double *, double *, const double *, const double *, int, int, int, int, int, int, int, double, double)"
142299848237,5480,142299853717,13937822,142313791539,39488,13982790,123,123,3,cudaLaunchKernel,7797    1    1, 256    1    1,"<unnamed>::step_kernel_boundary_y_faces(const double *, const double *, double *, const double *, const double *, int, int, int, int, int, int, int, double, double)"
142299850864,3419,142299854283,13994174,142313848457,469181,14466774,121,121,1,cudaLaunchKernel,7782    1    1, 256    1    1,"<unnamed>::step_kernel_boundary_z_faces(const double *, const double *, double *, const double *, const double *, int, int, int, int, int, int, int, double, double)"
142299851711,4943,142299856654,14447286,142314303940,14258735,28710964,133,133,7,cudaLaunchKernel,  32  250  250,  32    4    4,"<unnamed>::step_kernel_interior(const double *, const double *, double *, const double *, const double *, int, int, int, int, int, int, int, double, double)"
142299854150,4449,142299858599,13974188,142313832787,481788,14460425,123,123,3,cudaLaunchKernel,7782    1    1, 256    1    1,"<unnamed>::step_kernel_boundary_z_faces(const double *, const double *, double *, const double *, const double *, int, int, int, int, int, int, int, double, double)"
142299854810,5547,142299860357,28669549,142328529906,7072,28682168,122,122,2,cudaLaunchKernel,3907    1    1, 256    1    1,"<unnamed>::pack_face_x(const double *, double *, int, int, int, int, int)"
142299860805,4407,142299865212,28673430,142328538642,6432,28684269,122,122,2,cudaLaunchKernel,3907    1    1, 256    1    1,"<unnamed>::pack_face_y(const double *, double *, int, int, int, int, int)"
142299862674,4666,142299867340,28703853,142328571193,6848,28715367,121,121,1,cudaLaunchKernel,3907    1    1, 256    1    1,"<unnamed>::pack_face_x(const double *, double *, int, int, int, int, int)"
142299865659,9876,142299875535,28670819,142328546354,42111,28722806,122,122,2,cudaLaunchKernel,3907    1    1, 256    1    1,"<unnamed>::pack_face_z(const double *, double *, int, int, int, int, int)"
142299867190,10662,142299877852,28699117,142328576969,6944,28716723,123,123,3,cudaLaunchKernel,3907    1    1, 256    1    1,"<unnamed>::pack_face_x(const double *, double *, int, int, int, int, int)"
142299867790,8683,142299876473,28702912,142328579385,6752,28718347,121,121,1,cudaLaunchKernel,3907    1    1, 256    1    1,"<unnamed>::pack_face_y(const double *, double *, int, int, int, int, int)"
142299876711,6850,142299883561,14387679,142314271240,14264426,28658955,122,122,2,cudaLaunchKernel,  32  250  250,  32    4    4,"<unnamed>::step_kernel_interior(const double *, const double *, double *, const double *, const double *, int, int, int, int, int, int, int, double, double)"
142299877388,4109,142299881497,28705664,142328587161,41888,28751661,121,121,1,cudaLaunchKernel,3907    1    1, 256    1    1,"<unnamed>::pack_face_z(const double *, double *, int, int, int, int, int)"
142299878914,5806,142299884720,28700921,142328585641,6368,28713095,123,123,3,cudaLaunchKernel,3907    1    1, 256    1    1,"<unnamed>::pack_face_y(const double *, double *, int, int, int, int, int)"
142299882181,3770,142299885951,14433031,142314318982,14256979,28693780,121,121,1,cudaLaunchKernel,  32  250  250,  32    4    4,"<unnamed>::step_kernel_interior(const double *, const double *, double *, const double *, const double *, int, int, int, int, int, int, int, double, double)"
142299885143,4577,142299889720,28703601,142328593321,43040,28751218,123,123,3,cudaLaunchKernel,3907    1    1, 256    1    1,"<unnamed>::pack_face_z(const double *, double *, int, int, int, int, int)"
142299890379,4185,142299894564,14421419,142314315983,14267258,28692862,123,123,3,cudaLaunchKernel,  32  250  250,  32    4    4,"<unnamed>::step_kernel_interior(const double *, const double *, double *, const double *, const double *, int, int, int, int, int, int, int, double, double)"
142328771531,10545,142328782076,1349,142328783425,5696,17590,120,120,0,cudaLaunchKernel,3907    1    1, 256    1    1,"<unnamed>::unpack_face_x(const double *, double *, int, int, int, int, int)"
142328776371,8009,142328784380,3529,142328787909,5824,17362,125,125,5,cudaLaunchKernel,3907    1    1, 256    1    1,"<unnamed>::unpack_face_x(const double *, double *, int, int, int, int, int)"
142328779165,8355,142328787520,3165,142328790685,5792,17312,126,126,6,cudaLaunchKernel,3907    1    1, 256    1    1,"<unnamed>::unpack_face_x(const double *, double *, int, int, int, int, int)"
142328779688,13449,142328793137,1486,142328794623,5728,20663,124,124,4,cudaLaunchKernel,3907    1    1, 256    1    1,"<unnamed>::unpack_face_x(const double *, double *, int, int, int, int, int)"
142328782670,5478,142328788148,3405,142328791553,6048,14931,120,120,0,cudaLaunchKernel,3907    1    1, 256    1    1,"<unnamed>::unpack_face_y(const double *, double *, int, int, int, int, int)"
142328784995,3629,142328788624,6389,142328795013,6111,16129,125,125,5,cudaLaunchKernel,3907    1    1, 256    1    1,"<unnamed>::unpack_face_y(const double *, double *, int, int, int, int, int)"
142328787954,4602,142328792556,4881,142328797437,5984,15467,126,126,6,cudaLaunchKernel,3907    1    1, 256    1    1,"<unnamed>::unpack_face_y(const double *, double *, int, int, int, int, int)"
142328788531,4715,142328793246,5571,142328798817,77407,87693,120,120,0,cudaLaunchKernel,3907    1    1, 256    1    1,"<unnamed>::unpack_face_z(const double *, double *, int, int, int, int, int)"
142328789018,5733,142328794751,7781,142328802532,77600,91114,125,125,5,cudaLaunchKernel,3907    1    1, 256    1    1,"<unnamed>::unpack_face_z(const double *, double *, int, int, int, int, int)"
142328792957,4940,142328797897,6739,142328804636,77952,89631,126,126,6,cudaLaunchKernel,3907    1    1, 256    1    1,"<unnamed>::unpack_face_z(const double *, double *, int, int, int, int, int)"
142328793261,8063,142328801324,2274,142328803598,5888,16225,122,122,2,cudaLaunchKernel,3907    1    1, 256    1    1,"<unnamed>::unpack_face_x(const double *, double *, int, int, int, int, int)"
142328793862,5614,142328799476,3563,142328803039,6304,15481,124,124,4,cudaLaunchKernel,3907    1    1, 256    1    1,"<unnamed>::unpack_face_y(const double *, double *, int, int, int, int, int)"
142328794133,5633,142328799766,78090,142328877856,42336,126059,120,120,0,cudaLaunchKernel,7813    1    1, 256    1    1,"<unnamed>::step_kernel_boundary_x_faces(const double *, const double *, double *, const double *, const double *, int, int, int, int, int, int, int, double, double)"
142328795452,4321,142328799773,81831,142328881604,42559,128711,125,125,5,cudaLaunchKernel,7813    1    1, 256    1    1,"<unnamed>::step_kernel_boundary_x_faces(const double *, const double *, double *, const double *, const double *, int, int, int, int, int, int, int, double, double)"
142328798566,5137,142328803703,80613,142328884316,41759,127509,126,126,6,cudaLaunchKernel,7813    1    1, 256    1    1,"<unnamed>::step_kernel_boundary_x_faces(const double *, const double *, double *, const double *, const double *, int, int, int, int, int, int, int, double, double)"
142328800015,5676,142328805691,4900,142328810591,76959,87535,124,124,4,cudaLaunchKernel,3907    1    1, 256    1    1,"<unnamed>::unpack_face_z(const double *, double *, int, int, int, int, int)"
142328800174,4247,142328804421,117211,142328921632,39808,161266,120,120,0,cudaLaunchKernel,7797    1    1, 256    1    1,"<unnamed>::step_kernel_boundary_y_faces(const double *, const double *, double *, const double *, const double *, int, int, int, int, int, int, int, double, double)"
142328800175,5078,142328805253,120446,142328925699,39456,164980,125,125,5,cudaLaunchKernel,7797    1    1, 256    1    1,"<unnamed>::step_kernel_boundary_y_faces(const double *, const double *, double *, const double *, const double *, int, int, int, int, int, int, int, double, double)"
142328801791,4107,142328805898,4676,142328810574,6496,15279,122,122,2,cudaLaunchKernel,3907    1    1, 256    1    1,"<unnamed>::unpack_face_y(const double *, double *, int, int, int, int, int)"
142328804094,5277,142328809371,118304,142328927675,40768,164349,126,126,6,cudaLaunchKernel,7797    1    1, 256    1    1,"<unnamed>::step_kernel_boundary_y_faces(const double *, const double *, double *, const double *, const double *, int, int, int, int, int, int, int, double, double)"
142328804898,5611,142328810509,152403,142328962912,479260,637274,120,120,0,cudaLaunchKernel,7782    1    1, 256    1    1,"<unnamed>::step_kernel_boundary_z_faces(const double *, const double *, double *, const double *, const double *, int, int, int, int, int, int, int, double, double)"
142328805148,8646,142328813794,3727,142328817521,5600,17973,133,133,7,cudaLaunchKernel,3907    1    1, 256    1    1,"<unnamed>::unpack_face_x(const double *, double *, int, int, int, int, int)"
142328805648,5663,142328811311,155604,142328966915,483643,644910,125,125,5,cudaLaunchKernel,7782    1    1, 256    1    1,"<unnamed>::step_kernel_boundary_z_faces(const double *, const double *, double *, const double *, const double *, int, int, int, int, int, int, int, double, double)"
142328806314,6276,142328812590,5664,142328818254,77055,88995,122,122,2,cudaLaunchKernel,3907    1    1, 256    1    1,"<unnamed>::unpack_face_z(const double *, double *, int, int, int, int, int)"
142328806951,5049,142328812000,76958,142328888958,42880,124887,124,124,4,cudaLaunchKernel,7813    1    1, 256    1    1,"<unnamed>::step_kernel_boundary_x_faces(const double *, const double *, double *, const double *, const double *, int, int, int, int, int, int, int, double, double)"
142328809735,4355,142328814090,155761,142328969851,476571,636687,126,126,6,cudaLaunchKernel,7782    1    1, 256    1    1,"<unnamed>::step_kernel_boundary_z_faces(const double *, const double *, double *, const double *, const double *, int, int, int, int, int, int, int, double, double)"
142328812554,6109,142328818663,114583,142328933246,39744,160436,124,124,4,cudaLaunchKernel,7797    1    1, 256    1    1,"<unnamed>::step_kernel_boundary_y_faces(const double *, const double *, double *, const double *, const double *, int, int, int, int, int, int, int, double, double)"
142328813286,4635,142328817921,78860,142328896781,41536,125031,122,122,2,cudaLaunchKernel,7813    1    1, 256    1    1,"<unnamed>::step_kernel_boundary_x_faces(const double *, const double *, double *, const double *, const double *, int, int, int, int, int, int, int, double, double)"
142328814285,5026,142328819311,5314,142328824625,6144,16484,133,133,7,cudaLaunchKernel,3907    1    1, 256    1    1,"<unnamed>::unpack_face_y(const double *, double *, int, int, int, int, int)"
142328816944,5572,142328822516,14870034,142343692550,6848,14882454,120,120,0,cudaLaunchKernel,3907    1    1, 256    1    1,"<unnamed>::pack_face_x(const double *, double *, int, int, int, int, int)"
142328816959,4509,142328821468,14877844,142343699312,7552,14889905,125,125,5,cudaLaunchKernel,3907    1    1, 256    1    1,"<unnamed>::pack_face_x(const double *, double *, int, int, int, int, int)"
142328818132,7357,142328825489,2439,142328827928,6048,15844,121,121,1,cudaLaunchKernel,3907    1    1, 256    1    1,"<unnamed>::unpack_face_x(const double *, double *, int, int, int, int, int)"
142328818316,4878,142328823194,116595,142328939789,40831,162304,122,122,2,cudaLaunchKernel,7797    1    1, 256    1    1,"<unnamed>::step_kernel_boundary_y_faces(const double *, const double *, double *, const double *, const double *, int, int, int, int, int, int, int, double, double)"
142328819057,5888,142328824945,149837,142328974782,475484,631209,124,124,4,cudaLaunchKernel,7782    1    1, 256    1    1,"<unnamed>::step_kernel_boundary_z_faces(const double *, const double *, double *, const double *, const double *, int, int, int, int, int, int, int, double, double)"
142328819514,5632,142328825146,622684,142329447830,11647,639963,126,126,6,cudaLaunchKernel,3907    1    1, 256    1    1,"<unnamed>::pack_face_x(const double *, double *, int, int, int, int, int)"
142328819702,5110,142328824812,7141,142328831953,76799,89050,133,133,7,cudaLaunchKernel,3907    1    1, 256    1    1,"<unnamed>::unpack_face_z(const double *, double *, int, int, int, int, int)"
142328820391,8575,142328828966,4129,142328833095,5728,18432,123,123,3,cudaLaunchKernel,3907    1    1, 256    1    1,"<unnamed>::unpack_face_x(const double *, double *, int, int, int, int, int)"
142328821841,4478,142328826319,14881985,142343708304,6399,14892862,125,125,5,cudaLaunchKernel,3907    1    1, 256    1    1,"<unnamed>::pack_face_y(const double *, double *, int, int, int, int, int)"
142328822958,6269,142328829227,14871739,142343700966,6272,14884280,120,120,0,cudaLaunchKernel,3907    1    1, 256    1    1,"<unnamed>::pack_face_y(const double *, double *, int, int, int, int, int)"
142328823608,5986,142328829594,152818,142328982412,477242,636046,122,122,2,cudaLaunchKernel,7782    1    1, 256    1    1,"<unnamed>::step_kernel_boundary_z_faces(const double *, const double *, double *, const double *, const double *, int, int, int, int, int, int, int, double, double)"
142328825474,4260,142328829734,80778,142328910512,41760,126798,133,133,7,cudaLaunchKernel,7813    1    1, 256    1    1,"<unnamed>::step_kernel_boundary_x_faces(const double *, const double *, double *, const double *, const double *, int, int, int, int, int, int, int, double, double)"
142328825521,4609,142328830130,14887497,142343717627,7520,14899626,126,126,6,cudaLaunchKernel,3907    1    1, 256    1    1,"<unnamed>::pack_face_y(const double *, double *, int, int, int, int, int)"
142328825929,3516,142328829445,5683,142328835128,6240,15439,121,121,1,cudaLaunchKernel,3907    1    1, 256    1    1,"<unnamed>::unpack_face_y(const double *, double *, int, int, int, int, int)"
142328826748,4211,142328830959,14884832,142343715791,42848,14931891,125,125,5,cudaLaunchKernel,3907    1    1, 256    1    1,"<unnamed>::pack_face_z(const double *, double *, int, int, int, int, int)"
142328829434,4147,142328833581,6330,142328839911,6176,16653,123,123,3,cudaLaunchKernel,3907    1    1, 256    1    1,"<unnamed>::unpack_face_y(const double *, double *, int, int, int, int, int)"
142328829668,3742,142328833410,14874948,142343708358,42176,14920866,120,120,0,cudaLaunchKernel,3907    1    1, 256    1    1,"<unnamed>::pack_face_z(const double *, double *, int, int, int, int, int)"
142328829858,7922,142328837780,4740,142328842520,77599,90261,121,121,1,cudaLaunchKernel,3907    1    1, 256    1    1,"<unnamed>::unpack_face_z(const double *, double *, int, int, int, int, int)"
142328830151,11199,142328841350,112330,142328953680,39807,163336,133,133,7,cudaLaunchKernel,7797    1    1, 256    1    1,"<unnamed>::step_kernel_boundary_y_faces(const double *, const double *, double *, const double *, const double *, int, int, int, int, int, int, int, double, double)"
142328830494,4894,142328835388,14891423,142343726811,40320,14936637,126,126,6,cudaLaunchKernel,3907    1    1, 256    1    1,"<unnamed>::pack_face_z(const double *, double *, int, int, int, int, int)"
142328831551,9168,142328840719,611663,142329452382,14252530,14873361,125,125,5,cudaLaunchKernel,  32  250  250,  32    4    4,"<unnamed>::step_kernel_interior(const double *, const double *, double *, const double *, const double *, int, int, int, int, int, int, int, double, double)"
142328833660,13661,142328847321,604577,142329451898,11328,629566,124,124,4,cudaLaunchKernel,3907    1    1, 256    1    1,"<unnamed>::pack_face_x(const double *, double *, int, int, int, int, int)"
142328833983,6543,142328840526,6713,142328847239,78016,91272,123,123,3,cudaLaunchKernel,3907    1    1, 256    1    1,"<unnamed>::unpack_face_z(const double *, double *, int, int, int, int, int)"
142328834224,5406,142328839630,603982,142329443612,14254634,14864022,120,120,0,cudaLaunchKernel,  32  250  250,  32    4    4,"<unnamed>::step_kernel_interior(const double *, const double *, double *, const double *, const double *, int, int, int, int, int, int, int, double, double)"
142328834445,12318,142328846763,614299,142329461062,11168,637785,122,122,2,cudaLaunchKernel,3907    1    1, 256    1    1,"<unnamed>::pack_face_x(const double *, double *, int, int, int, int, int)"
142328835917,6121,142328842038,610719,142329452757,14269702,14886542,126,126,6,cudaLaunchKernel,  32  250  250,  32    4    4,"<unnamed>::step_kernel_interior(const double *, const double *, double *, const double *, const double *, int, int, int, int, int, int, int, double, double)"
142328838486,9543,142328848029,73626,142328921655,42688,125857,121,121,1,cudaLaunchKernel,7813    1    1, 256    1    1,"<unnamed>::step_kernel_boundary_x_faces(const double *, const double *, double *, const double *, const double *, int, int, int, int, int, int, int, double, double)"
142328841195,4530,142328845725,81066,142328926791,41663,127259,123,123,3,cudaLaunchKernel,7813    1    1, 256    1    1,"<unnamed>::step_kernel_boundary_x_faces(const double *, const double *, double *, const double *, const double *, int, int, int, int, int, int, int, double, double)"
142328841748,5255,142328847003,147892,142328994895,483387,636534,133,133,7,cudaLaunchKernel,7782    1    1, 256    1    1,"<unnamed>::step_kernel_boundary_z_faces(const double *, const double *, double *, const double *, const double *, int, int, int, int, int, int, int, double, double)"
142328846085,5357,142328851442,118644,142328970086,40480,164481,123,123,3,cudaLaunchKernel,7797    1    1, 256    1    1,"<unnamed>::step_kernel_boundary_y_faces(const double *, const double *, double *, const double *, const double *, int, int, int, int, int, int, int, double, double)"
142328847134,4955,142328852089,14872694,142343724783,7840,14885489,122,122,2,cudaLaunchKernel,3907    1    1, 256    1    1,"<unnamed>::pack_face_y(const double *, double *, int, int, int, int, int)"
142328847770,5147,142328852917,14830019,142343682936,7680,14842846,124,124,4,cudaLaunchKernel,3907    1    1, 256    1    1,"<unnamed>::pack_face_y(const double *, double *, int, int, int, int, int)"
142328848381,3717,142328852098,113813,142328965911,39776,157306,121,121,1,cudaLaunchKernel,7797    1    1, 256    1    1,"<unnamed>::step_kernel_boundary_y_faces(const double *, const double *, double *, const double *, const double *, int, int, int, int, int, int, int, double, double)"
142328851811,10972,142328862783,149575,142329012358,481085,641632,123,123,3,cudaLaunchKernel,7782    1    1, 256    1    1,"<unnamed>::step_kernel_boundary_z_faces(const double *, const double *, double *, const double *, const double *, int, int, int, int, int, int, int, double, double)"
142328852471,7466,142328859937,147190,142329007127,469149,623805,121,121,1,cudaLaunchKernel,7782    1    1, 256    1    1,"<unnamed>::step_kernel_boundary_z_faces(const double *, const double *, double *, const double *, const double *, int, int, int, int, int, int, int, double, double)"
142328852502,9357,142328861859,14872428,142343734287,40928,14922713,122,122,2,cudaLaunchKernel,3907    1    1, 256    1    1,"<unnamed>::pack_face_z(const double *, double *, int, int, int, int, int)"
142328853250,10476,142328863726,615900,142329479626,11424,637800,133,133,7,cudaLaunchKernel,3907    1    1, 256    1    1,"<unnamed>::pack_face_x(const double *, double *, int, int, int, int, int)"
142328853365,10464,142328863829,14828227,142343692056,39680,14878371,124,124,4,cudaLaunchKernel,3907    1    1, 256    1    1,"<unnamed>::pack_face_z(const double *, double *, int, int, int, int, int)"
142328862995,6361,142328869356,596634,142329465990,14264585,14867580,122,122,2,cudaLaunchKernel,  32  250  250,  32    4    4,"<unnamed>::step_kernel_interior(const double *, const double *, double *, const double *, const double *, int, int, int, int, int, int, int, double, double)"
142328864647,6205,142328870852,14873237,142343744089,7456,14886898,133,133,7,cudaLaunchKernel,3907    1    1, 256    1    1,"<unnamed>::pack_face_y(const double *, double *, int, int, int, int, int)"
142328865067,7408,142328872475,584639,142329457114,14231646,14823693,124,124,4,cudaLaunchKernel,  32  250  250,  32    4    4,"<unnamed>::step_kernel_interior(const double *, const double *, double *, const double *, const double *, int, int, int, int, int, int, int, double, double)"
142328866026,5452,142328871478,14854257,142343725735,7040,14866749,121,121,1,cudaLaunchKernel,3907    1    1, 256    1    1,"<unnamed>::pack_face_x(const double *, double *, int, int, int, int, int)"
142328869257,6357,142328875614,14872959,142343748573,7072,14886388,123,123,3,cudaLaunchKernel,3907    1    1, 256    1    1,"<unnamed>::pack_face_x(const double *, double *, int, int, int, int, int)"
142328871248,4699,142328875947,14876878,142343752825,39712,14921289,133,133,7,cudaLaunchKernel,3907    1    1, 256    1    1,"<unnamed>::pack_face_z(const double *, double *, int, int, int, int, int)"
142328871910,3587,142328875497,14858718,142343734215,6688,14868993,121,121,1,cudaLaunchKernel,3907    1    1, 256    1    1,"<unnamed>::pack_face_y(const double *, double *, int, int, int, int, int)"
142328875890,3684,142328879574,14862353,142343741927,42112,14908149,121,121,1,cudaLaunchKernel,3907    1    1, 256    1    1,"<unnamed>::pack_face_z(const double *, double *, int, int, int, int, int)"
142328876013,4942,142328880955,14876578,142343757533,6304,14887824,123,123,3,cudaLaunchKernel,3907    1    1, 256    1    1,"<unnamed>::pack_face_y(const double *, double *, int, int, int, int, int)"
142328876671,5210,142328881881,602769,142329484650,14265231,14873210,133,133,7,cudaLaunchKernel,  32  250  250,  32    4    4,"<unnamed>::step_kernel_interior(const double *, const double *, double *, const double *, const double *, int, int, int, int, int, int, int, double, double)"
142328880151,4176,142328884327,593293,142329477620,14254035,14851504,121,121,1,cudaLaunchKernel,  32  250  250,  32    4    4,"<unnamed>::step_kernel_interior(const double *, const double *, double *, const double *, const double *, int, int, int, int, int, int, int, double, double)"
142328881344,4710,142328886054,14879063,142343765117,41535,14925308,123,123,3,cudaLaunchKernel,3907    1    1, 256    1    1,"<unnamed>::pack_face_z(const double *, double *, int, int, int, int, int)"
142328886580,3934,142328890514,604913,142329495427,14259450,14868297,123,123,3,cudaLaunchKernel,  32  250  250,  32    4    4,"<unnamed>::step_kernel_interior(const double *, const double *, double *, const double *, const double *, int, int, int, int, int, int, int, double, double)"
142343914399,11866,142343926265,606,142343926871,5632,18104,124,124,4,cudaLaunchKernel,3907    1    1, 256    1    1,"<unnamed>::unpack_face_x(const double *, double *, int, int, int, int, int)"
142343927271,7294,142343934565,3730,142343938295,6143,17167,124,124,4,cudaLaunchKernel,3907    1    1, 256    1    1,"<unnamed>::unpack_face_y(const double *, double *, int, int, int, int, int)"
142343932078,6927,142343939005,2544,142343941549,5631,15102,122,122,2,cudaLaunchKernel,3907    1    1, 256    1    1,"<unnamed>::unpack_face_x(const double *, double *, int, int, int, int, int)"
142343932984,12177,,,142343943684,5664,16364,120,120,0,cudaLaunchKernel,3907    1    1, 256    1    1,"<unnamed>::unpack_face_x(const double *, double *, int, int, int, int, int)"
142343934962,4505,142343939467,6059,142343945526,77184,87748,124,124,4,cudaLaunchKernel,3907    1    1, 256    1    1,"<unnamed>::unpack_face_z(const double *, double *, int, int, int, int, int)"
142343939839,9667,142343949506,2570,142343952076,5920,18157,122,122,2,cudaLaunchKernel,3907    1    1, 256    1    1,"<unnamed>::unpack_face_y(const double *, double *, int, int, int, int, int)"
142343940154,11416,142343951570,72676,142344024246,43232,127324,124,124,4,cudaLaunchKernel,7813    1    1, 256    1    1,"<unnamed>::step_kernel_boundary_x_faces(const double *, const double *, double *, const double *, const double *, int, int, int, int, int, int, int, double, double)"
142343946260,7516,142343953776,2420,142343956196,6176,16112,120,120,0,cudaLaunchKernel,3907    1    1, 256    1    1,"<unnamed>::unpack_face_y(const double *, double *, int, int, int, int, int)"
142343950394,5942,142343956336,2972,142343959308,76863,85777,122,122,2,cudaLaunchKernel,3907    1    1, 256    1    1,"<unnamed>::unpack_face_z(const double *, double *, int, int, int, int, int)"
142343952478,5458,142343957936,111078,142344069014,39711,156247,124,124,4,cudaLaunchKernel,7797    1    1, 256    1    1,"<unnamed>::step_kernel_boundary_y_faces(const double *, const double *, double *, const double *, const double *, int, int, int, int, int, int, int, double, double)"
142343954563,5009,142343959572,4656,142343964228,78655,88320,120,120,0,cudaLaunchKernel,3907    1    1, 256    1    1,"<unnamed>::unpack_face_z(const double *, double *, int, int, int, int, int)"
142343956354,7027,142343963381,3928,142343967309,5664,16619,125,125,5,cudaLaunchKernel,3907    1    1, 256    1    1,"<unnamed>::unpack_face_x(const double *, double *, int, int, int, int, int)"
142343956998,4314,142343961312,76459,142344037771,42528,123301,122,122,2,cudaLaunchKernel,7813    1    1, 256    1    1,"<unnamed>::step_kernel_boundary_x_faces(const double *, const double *, double *, const double *, const double *, int, int, int, int, int, int, int, double, double)"
142343957353,8244,142343965597,3036,142343968633,5632,16912,126,126,6,cudaLaunchKernel,3907    1    1, 256    1    1,"<unnamed>::unpack_face_x(const double *, double *, int, int, int, int, int)"
142343958313,4069,142343962382,147687,142344110069,477565,629321,124,124,4,cudaLaunchKernel,7782    1    1, 256    1    1,"<unnamed>::step_kernel_boundary_z_faces(const double *, const double *, double *, const double *, const double *, int, int, int, int, int, int, int, double, double)"
142343960302,6916,142343967218,77425,142344044643,41664,126005,120,120,0,cudaLaunchKernel,7813    1    1, 256    1    1,"<unnamed>::step_kernel_boundary_x_faces(const double *, const double *, double *, const double *, const double *, int, int, int, int, int, int, int, double, double)"
142343960869,22412,,,142343971575,5600,22412,133,133,7,cudaLaunchKernel,3907    1    1, 256    1    1,"<unnamed>::unpack_face_x(const double *, double *, int, int, int, int, int)"
142343961691,5030,142343966721,115114,142344081835,39903,160047,122,122,2,cudaLaunchKernel,7797    1    1, 256    1    1,"<unnamed>::step_kernel_boundary_y_faces(const double *, const double *, double *, const double *, const double *, int, int, int, int, int, int, int, double, double)"
142343963776,5047,142343968823,5590,142343974413,6112,16749,125,125,5,cudaLaunchKernel,3907    1    1, 256    1    1,"<unnamed>::unpack_face_y(const double *, double *, int, int, int, int, int)"
142343966030,7252,142343973282,4407,142343977689,6240,17899,126,126,6,cudaLaunchKernel,3907    1    1, 256    1    1,"<unnamed>::unpack_face_y(const double *, double *, int, int, int, int, int)"
142343967092,4609,142343971701,151733,142344123434,480442,636784,122,122,2,cudaLaunchKernel,7782    1    1, 256    1    1,"<unnamed>::step_kernel_boundary_z_faces(const double *, const double *, double *, const double *, const double *, int, int, int, int, int, int, int, double, double)"
142343967614,5142,142343972756,114959,142344087715,40256,160357,120,120,0,cudaLaunchKernel,7797    1    1, 256    1    1,"<unnamed>::step_kernel_boundary_y_faces(const double *, const double *, double *, const double *, const double *, int, int, int, int, int, int, int, double, double)"
142343969232,4888,142343974120,7845,142343981965,77343,90076,125,125,5,cudaLaunchKernel,3907    1    1, 256    1    1,"<unnamed>::unpack_face_z(const double *, double *, int, int, int, int, int)"
142343970199,6066,142343976265,612809,142344589074,10368,629243,124,124,4,cudaLaunchKernel,3907    1    1, 256    1    1,"<unnamed>::pack_face_x(const double *, double *, int, int, int, int, int)"
142343972870,6535,142343979405,2489,142343981894,5856,14880,121,121,1,cudaLaunchKernel,3907    1    1, 256    1    1,"<unnamed>::unpack_face_x(const double *, double *, int, int, int, int, int)"
142343973170,4150,142343977320,151994,142344129314,477629,633773,120,120,0,cudaLaunchKernel,7782    1    1, 256    1    1,"<unnamed>::step_kernel_boundary_z_faces(const double *, const double *, double *, const double *, const double *, int, int, int, int, int, int, int, double, double)"
142343973641,4890,142343978531,6614,142343985145,77503,89007,126,126,6,cudaLaunchKernel,3907    1    1, 256    1    1,"<unnamed>::unpack_face_z(const double *, double *, int, int, int, int, int)"
142343974599,7569,142343982168,4099,142343986267,5664,17332,123,123,3,cudaLaunchKernel,3907    1    1, 256    1    1,"<unnamed>::unpack_face_x(const double *, double *, int, int, int, int, int)"
142343974782,4418,142343979200,81772,142344060972,41920,128110,125,125,5,cudaLaunchKernel,7813    1    1, 256    1    1,"<unnamed>::step_kernel_boundary_x_faces(const double *, const double *, double *, const double *, const double *, int, int, int, int, int, int, int, double, double)"
142343976703,3931,142343980634,14846390,142358827024,7392,14857713,124,124,4,cudaLaunchKernel,3907    1    1, 256    1    1,"<unnamed>::pack_face_y(const double *, double *, int, int, int, int, int)"
142343979174,6024,142343985198,79018,142344064216,42303,127345,126,126,6,cudaLaunchKernel,7813    1    1, 256    1    1,"<unnamed>::step_kernel_boundary_x_faces(const double *, const double *, double *, const double *, const double *, int, int, int, int, int, int, int, double, double)"
142343979487,5070,142343984557,620919,142344605476,11232,637221,122,122,2,cudaLaunchKernel,3907    1    1, 256    1    1,"<unnamed>::pack_face_x(const double *, double *, int, int, int, int, int)"
142343979813,5469,142343985282,119114,142344104396,40607,165190,125,125,5,cudaLaunchKernel,7797    1    1, 256    1    1,"<unnamed>::step_kernel_boundary_y_faces(const double *, const double *, double *, const double *, const double *, int, int, int, int, int, int, int, double, double)"
142343979839,4134,142343983973,5249,142343989222,6272,15655,121,121,1,cudaLaunchKernel,3907    1    1, 256    1    1,"<unnamed>::unpack_face_y(const double *, double *, int, int, int, int, int)"
142343981070,5943,142343987013,14849035,142358836048,40768,14895746,124,124,4,cudaLaunchKernel,3907    1    1, 256    1    1,"<unnamed>::pack_face_z(const double *, double *, int, int, int, int, int)"
142343982588,4772,142343987360,6171,142343993531,6208,17151,123,123,3,cudaLaunchKernel,3907    1    1, 256    1    1,"<unnamed>::unpack_face_y(const double *, double *, int, int, int, int, int)"
142343983039,5612,142343988651,619732,142344608383,10815,636159,120,120,0,cudaLaunchKernel,3907    1    1, 256    1    1,"<unnamed>::pack_face_x(const double *, double *, int, int, int, int, int)"
142343983942,6405,142343990347,3980,142343994327,6112,16497,133,133,7,cudaLaunchKernel,3907    1    1, 256    1    1,"<unnamed>::unpack_face_y(const double *, double *, int, int, int, int, int)"
142343984391,3368,142343987759,8983,142343996742,78143,90494,121,121,1,cudaLaunchKernel,3907    1    1, 256    1    1,"<unnamed>::unpack_face_z(const double *, double *, int, int, int, int, int)"
142343985144,4297,142343989441,14884108,142358873549,7488,14895893,122,122,2,cudaLaunchKernel,3907    1    1, 256    1    1,"<unnamed>::pack_face_y(const double *, double *, int, int, int, int, int)"
142343985539,4933,142343990472,117583,142344108055,39840,162356,126,126,6,cudaLaunchKernel,7797    1    1, 256    1    1,"<unnamed>::step_kernel_boundary_y_faces(const double *, const double *, double *, const double *, const double *, int, int, int, int, int, int, int, double, double)"
142343985762,4376,142343990138,156305,142344146443,479259,639940,125,125,5,cudaLaunchKernel,7782    1    1, 256    1    1,"<unnamed>::step_kernel_boundary_z_faces(const double *, const double *, double *, const double *, const double *, int, int, int, int, int, int, int, double, double)"
142343987587,5207,142343992794,601208,142344594002,14237950,14844365,124,124,4,cudaLaunchKernel,  32  250  250,  32    4    4,"<unnamed>::step_kernel_interior(const double *, const double *, double *, const double *, const double *, int, int, int, int, int, int, int, double, double)"
142343987781,5421,142343993202,7945,142344001147,78367,91733,123,123,3,cudaLaunchKernel,3907    1    1, 256    1    1,"<unnamed>::unpack_face_z(const double *, double *, int, int, int, int, int)"
142343988411,4263,142343992674,83747,142344076421,41888,129898,121,121,1,cudaLaunchKernel,7813    1    1, 256    1    1,"<unnamed>::step_kernel_boundary_x_faces(const double *, const double *, double *, const double *, const double *, int, int, int, int, int, int, int, double, double)"
142343989041,4022,142343993063,14880898,142358873961,7776,14892696,120,120,0,cudaLaunchKernel,3907    1    1, 256    1    1,"<unnamed>::pack_face_y(const double *, double *, int, int, int, int, int)"
142343989816,5972,142343995788,14886689,142358882477,40896,14933557,122,122,2,cudaLaunchKernel,3907    1    1, 256    1    1,"<unnamed>::pack_face_z(const double *, double *, int, int, int, int, int)"
142343990754,5127,142343995881,6126,142344002007,76415,87668,133,133,7,cudaLaunchKernel,3907    1    1, 256    1    1,"<unnamed>::unpack_face_z(const double *, double *, int, int, int, int, int)"
142343990831,3679,142343994510,154825,142344149335,486074,644578,126,126,6,cudaLaunchKernel,7782    1    1, 256    1    1,"<unnamed>::step_kernel_boundary_z_faces(const double *, const double *, double *, const double *, const double *, int, int, int, int, int, int, int, double, double)"
142343993037,3409,142343996446,123495,142344119941,40032,166936,121,121,1,cudaLaunchKernel,7797    1    1, 256    1    1,"<unnamed>::step_kernel_boundary_y_faces(const double *, const double *, double *, const double *, const double *, int, int, int, int, int, int, int, double, double)"
142343993463,5264,142343998727,14884322,142358883049,39743,14929329,120,120,0,cudaLaunchKernel,3907    1    1, 256    1    1,"<unnamed>::pack_face_z(const double *, double *, int, int, int, int, int)"
142343993839,4733,142343998572,82734,142344081306,42432,129899,123,123,3,cudaLaunchKernel,7813    1    1, 256    1    1,"<unnamed>::step_kernel_boundary_x_faces(const double *, const double *, double *, const double *, const double *, int, int, int, int, int, int, int, double, double)"
142343995876,4963,142344000839,626623,142344627462,11040,642626,125,125,5,cudaLaunchKernel,3907    1    1, 256    1    1,"<unnamed>::pack_face_x(const double *, double *, int, int, int, int, int)"
142343996361,6298,142344002659,607809,142344610468,14268809,14882916,122,122,2,cudaLaunchKernel,  32  250  250,  32    4    4,"<unnamed>::step_kernel_interior(const double *, const double *, double *, const double *, const double *, int, int, int, int, int, int, int, double, double)"
142343996539,5003,142344001542,78448,142344079990,42016,125467,133,133,7,cudaLaunchKernel,7813    1    1, 256    1    1,"<unnamed>::step_kernel_boundary_x_faces(const double *, const double *, double *, const double *, const double *, int, int, int, int, int, int, int, double, double)"
142343996967,3596,142344000563,161106,142344161669,474717,639419,121,121,1,cudaLaunchKernel,7782    1    1, 256    1    1,"<unnamed>::step_kernel_boundary_z_faces(const double *, const double *, double *, const double *, const double *, int, int, int, int, int, int, int, double, double)"
142343998945,5437,142344004382,121308,142344125690,39648,166393,123,123,3,cudaLaunchKernel,7797    1    1, 256    1    1,"<unnamed>::step_kernel_boundary_y_faces(const double *, const double *, double *, const double *, const double *, int, int, int, int, int, int, int, double, double)"
142343999302,5272,142344004574,608929,142344613503,14266634,14880835,120,120,0,cudaLaunchKernel,  32  250  250,  32    4    4,"<unnamed>::step_kernel_interior(const double *, const double *, double *, const double *, const double *, int, int, int, int, int, int, int, double, double)"
142344001253,4418,142344005671,14883217,142358888888,7328,14894963,125,125,5,cudaLaunchKernel,3907    1    1, 256    1    1,"<unnamed>::pack_face_y(const double *, double *, int, int, int, int, int)"
142344001501,6575,142344008076,628741,142344636817,10912,646228,126,126,6,cudaLaunchKernel,3907    1    1, 256    1    1,"<unnamed>::pack_face_x(const double *, double *, int, int, int, int, int)"
142344001930,5305,142344007235,116339,142344123574,40671,162315,133,133,7,cudaLaunchKernel,7797    1    1, 256    1    1,"<unnamed>::step_kernel_boundary_y_faces(const double *, const double *, double *, const double *, const double *, int, int, int, int, int, int, int, double, double)"
142344004736,4468,142344009204,157734,142344166938,481628,643830,123,123,3,cudaLaunchKernel,7782    1    1, 256    1    1,"<unnamed>::step_kernel_boundary_z_faces(const double *, const double *, double *, const double *, const double *, int, int, int, int, int, int, int, double, double)"
142344006057,5643,142344011700,14885956,142358897656,39999,14931598,125,125,5,cudaLaunchKernel,3907    1    1, 256    1    1,"<unnamed>::pack_face_z(const double *, double *, int, int, int, int, int)"
142344006814,5067,142344011881,625945,142344637826,11008,642020,121,121,1,cudaLaunchKernel,3907    1    1, 256    1    1,"<unnamed>::pack_face_x(const double *, double *, int, int, int, int, int)"
142344007599,5031,142344012630,153247,142344165877,484827,643105,133,133,7,cudaLaunchKernel,7782    1    1, 256    1    1,"<unnamed>::step_kernel_boundary_z_faces(const double *, const double *, double *, const double *, const double *, int, int, int, int, int, int, int, double, double)"
142344008475,4887,142344013362,14880101,142358893463,7744,14892732,126,126,6,cudaLaunchKernel,3907    1    1, 256    1    1,"<unnamed>::pack_face_y(const double *, double *, int, int, int, int, int)"
142344012263,3440,142344015703,14884030,142358899733,7520,14894990,121,121,1,cudaLaunchKernel,3907    1    1, 256    1    1,"<unnamed>::pack_face_y(const double *, double *, int, int, int, int, int)"
142344012272,3505,142344015777,616837,142344632614,14261618,14881960,125,125,5,cudaLaunchKernel,  32  250  250,  32    4    4,"<unnamed>::step_kernel_interior(const double *, const double *, double *, const double *, const double *, int, int, int, int, int, int, int, double, double)"
142344013736,5677,142344019413,14883138,142358902551,41376,14930191,126,126,6,cudaLaunchKernel,3907    1    1, 256    1    1,"<unnamed>::pack_face_z(const double *, double *, int, int, int, int, int)"
142344014838,5399,142344020237,629737,142344649974,10912,646048,123,123,3,cudaLaunchKernel,3907    1    1, 256    1    1,"<unnamed>::pack_face_x(const double *, double *, int, int, int, int, int)"
142344016053,3520,142344019573,14889280,142358908853,40384,14933184,121,121,1,cudaLaunchKernel,3907    1    1, 256    1    1,"<unnamed>::pack_face_z(const double *, double *, int, int, int, int, int)"
142344018570,5042,142344023612,14885636,142358909248,7360,14898038,133,133,7,cudaLaunchKernel,3907    1    1, 256    1    1,"<unnamed>::pack_face_x(const double *, double *, int, int, int, int, int)"
142344019913,6655,142344026568,615209,142344641777,14257734,14879598,126,126,6,cudaLaunchKernel,  32  250  250,  32    4    4,"<unnamed>::step_kernel_interior(const double *, const double *, double *, const double *, const double *, int, int, int, int, int, int, int, double, double)"
142344020109,4197,142344024306,618768,142344643074,14261939,14884904,121,121,1,cudaLaunchKernel,  32  250  250,  32    4    4,"<unnamed>::step_kernel_interior(const double *, const double *, double *, const double *, const double *, int, int, int, int, int, int, int, double, double)"
142344020654,4500,142344025154,14886094,142358911248,7776,14898370,123,123,3,cudaLaunchKernel,3907    1    1, 256    1    1,"<unnamed>::pack_face_y(const double *, double *, int, int, int, int, int)"
142344024022,4597,142344028619,14889589,142358918208,6751,14900937,133,133,7,cudaLaunchKernel,3907    1    1, 256    1    1,"<unnamed>::pack_face_y(const double *, double *, int, int, int, int, int)"
142344025524,6271,142344031795,14888893,142358920688,40896,14936060,123,123,3,cudaLaunchKernel,3907    1    1, 256    1    1,"<unnamed>::pack_face_z(const double *, double *, int, int, int, int, int)"
142344028993,5412,142344034405,14891642,142358926047,42816,14939870,133,133,7,cudaLaunchKernel,3907    1    1, 256    1    1,"<unnamed>::pack_face_z(const double *, double *, int, int, int, int, int)"
142344032325,3997,142344036322,618516,142344654838,14261850,14884363,123,123,3,cudaLaunchKernel,  32  250  250,  32    4    4,"<unnamed>::step_kernel_interior(const double *, const double *, double *, const double *, const double *, int, int, int, int, int, int, int, double, double)"
142344034968,4623,142344039591,612393,142344651984,14263536,14880552,133,133,7,cudaLaunchKernel,  32  250  250,  32    4    4,"<unnamed>::step_kernel_interior(const double *, const double *, double *, const double *, const double *, int, int, int, int, int, int, int, double, double)"
142359090683,8377,142359099060,2298,142359101358,5600,16275,124,124,4,cudaLaunchKernel,3907    1    1, 256    1    1,"<unnamed>::unpack_face_x(const double *, double *, int, int, int, int, int)"
142359099513,5416,142359104929,4173,142359109102,6080,15669,124,124,4,cudaLaunchKernel,3907    1    1, 256    1    1,"<unnamed>::unpack_face_y(const double *, double *, int, int, int, int, int)"
142359099889,7060,142359106949,2629,142359109578,5760,15449,122,122,2,cudaLaunchKernel,3907    1    1, 256    1    1,"<unnamed>::unpack_face_x(const double *, double *, int, int, int, int, int)"
142359101685,8253,142359109938,2453,142359112391,5920,16626,120,120,0,cudaLaunchKernel,3907    1    1, 256    1    1,"<unnamed>::unpack_face_x(const double *, double *, int, int, int, int, int)"
142359105509,4601,142359110110,6320,142359116430,77695,88616,124,124,4,cudaLaunchKernel,3907    1    1, 256    1    1,"<unnamed>::unpack_face_z(const double *, double *, int, int, int, int, int)"
142359107387,4684,142359112071,4483,142359116554,5952,15119,122,122,2,cudaLaunchKernel,3907    1    1, 256    1    1,"<unnamed>::unpack_face_y(const double *, double *, int, int, int, int, int)"
142359110361,20617,142359130978,2309,142359133287,6272,29198,120,120,0,cudaLaunchKernel,3907    1    1, 256    1    1,"<unnamed>::unpack_face_y(const double *, double *, int, int, int, int, int)"
142359110777,4897,142359115674,80339,142359196013,41824,127060,124,124,4,cudaLaunchKernel,7813    1    1, 256    1    1,"<unnamed>::step_kernel_boundary_x_faces(const double *, const double *, double *, const double *, const double *, int, int, int, int, int, int, int, double, double)"
142359112464,4921,142359117385,6561,142359123946,76479,87961,122,122,2,cudaLaunchKernel,3907    1    1, 256    1    1,"<unnamed>::unpack_face_z(const double *, double *, int, int, int, int, int)"
142359116029,5079,142359121108,118553,142359239661,40736,164368,124,124,4,cudaLaunchKernel,7797    1    1, 256    1    1,"<unnamed>::step_kernel_boundary_y_faces(const double *, const double *, double *, const double *, const double *, int, int, int, int, int, int, int, double, double)"
142359118030,3811,142359121841,80504,142359202345,41824,126139,122,122,2,cudaLaunchKernel,7813    1    1, 256    1    1,"<unnamed>::step_kernel_boundary_x_faces(const double *, const double *, double *, const double *, const double *, int, int, int, int, int, int, int, double, double)"
142359121498,3979,142359125477,156200,142359281677,476797,636976,124,124,4,cudaLaunchKernel,7782    1    1, 256    1    1,"<unnamed>::step_kernel_boundary_z_faces(const double *, const double *, double *, const double *, const double *, int, int, int, int, int, int, int, double, double)"
142359121590,6795,142359128385,3828,142359132213,5792,16415,125,125,5,cudaLaunchKernel,3907    1    1, 256    1    1,"<unnamed>::unpack_face_x(const double *, double *, int, int, int, int, int)"
142359122218,6275,142359128493,117308,142359245801,39711,163294,122,122,2,cudaLaunchKernel,7797    1    1, 256    1    1,"<unnamed>::step_kernel_boundary_y_faces(const double *, const double *, double *, const double *, const double *, int, int, int, int, int, int, int, double, double)"
142359125727,7950,142359133677,3176,142359136853,5792,16918,126,126,6,cudaLaunchKernel,3907    1    1, 256    1    1,"<unnamed>::unpack_face_x(const double *, double *, int, int, int, int, int)"
142359127049,7626,142359134675,3914,142359138589,5952,17492,133,133,7,cudaLaunchKernel,3907    1    1, 256    1    1,"<unnamed>::unpack_face_x(const double *, double *, int, int, int, int, int)"
142359128785,4324,142359133109,6048,142359139157,6048,16420,125,125,5,cudaLaunchKernel,3907    1    1, 256    1    1,"<unnamed>::unpack_face_y(const double *, double *, int, int, int, int, int)"
142359128876,4698,142359133574,153506,142359287080,478746,636950,122,122,2,cudaLaunchKernel,7782    1    1, 256    1    1,"<unnamed>::step_kernel_boundary_z_faces(const double *, const double *, double *, const double *, const double *, int, int, int, int, int, int, int, double, double)"
142359130261,10998,142359141259,3075,142359144334,5600,19673,123,123,3,cudaLaunchKernel,3907    1    1, 256    1    1,"<unnamed>::unpack_face_x(const double *, double *, int, int, int, int, int)"
142359130848,9455,142359140303,14856537,142373996840,7519,14873511,124,124,4,cudaLaunchKernel,3907    1    1, 256    1    1,"<unnamed>::pack_face_x(const double *, double *, int, int, int, int, int)"
142359131501,10653,142359142154,2333,142359144487,76831,89817,120,120,0,cudaLaunchKernel,3907    1    1, 256    1    1,"<unnamed>::unpack_face_z(const double *, double *, int, int, int, int, int)"
142359132309,9836,142359142145,1715,142359143860,5888,17439,121,121,1,cudaLaunchKernel,3907    1    1, 256    1    1,"<unnamed>::unpack_face_x(const double *, double *, int, int, int, int, int)"
142359133503,9526,142359143029,3328,142359146357,77664,90518,125,125,5,cudaLaunchKernel,3907    1    1, 256    1    1,"<unnamed>::unpack_face_z(const double *, double *, int, int, int, int, int)"
142359134095,10258,142359144353,3252,142359147605,6176,19686,126,126,6,cudaLaunchKernel,3907    1    1, 256    1    1,"<unnamed>::unpack_face_y(const double *, double *, int, int, int, int, int)"
142359138500,7453,142359145953,4924,142359150877,6240,18617,133,133,7,cudaLaunchKernel,3907    1    1, 256    1    1,"<unnamed>::unpack_face_y(const double *, double *, int, int, int, int, int)"
142359141310,6793,142359148103,14857696,142374005799,6336,14870825,124,124,4,cudaLaunchKernel,3907    1    1, 256    1    1,"<unnamed>::pack_face_y(const double *, double *, int, int, int, int, int)"
142359142280,6351,142359148631,5687,142359154318,6112,18150,123,123,3,cudaLaunchKernel,3907    1    1, 256    1    1,"<unnamed>::unpack_face_y(const double *, double *, int, int, int, int, int)"
142359143064,7482,142359150546,14875769,142374026315,7328,14890579,122,122,2,cudaLaunchKernel,3907    1    1, 256    1    1,"<unnamed>::pack_face_x(const double *, double *, int, int, int, int, int)"
142359143086,4891,142359147977,4043,142359152020,6208,15142,121,121,1,cudaLaunchKernel,3907    1    1, 256    1    1,"<unnamed>::unpack_face_y(const double *, double *, int, int, int, int, int)"
142359143329,5283,142359148612,74146,142359222758,42656,122085,120,120,0,cudaLaunchKernel,7813    1    1, 256    1    1,"<unnamed>::step_kernel_boundary_x_faces(const double *, const double *, double *, const double *, const double *, int, int, int, int, int, int, int, double, double)"
142359144164,4769,142359148933,76655,142359225588,42816,124240,125,125,5,cudaLaunchKernel,7813    1    1, 256    1    1,"<unnamed>::step_kernel_boundary_x_faces(const double *, const double *, double *, const double *, const double *, int, int, int, int, int, int, int, double, double)"
142359145266,5573,142359150839,4126,142359154965,76895,86594,126,126,6,cudaLaunchKernel,3907    1    1, 256    1    1,"<unnamed>::unpack_face_z(const double *, double *, int, int, int, int, int)"
142359146540,26541,,,142359158333,77151,88944,133,133,7,cudaLaunchKernel,3907    1    1, 256    1    1,"<unnamed>::unpack_face_z(const double *, double *, int, int, int, int, int)"
142359148357,3543,142359151900,7448,142359159348,76448,87439,121,121,1,cudaLaunchKernel,3907    1    1, 256    1    1,"<unnamed>::unpack_face_z(const double *, double *, int, int, int, int, int)"
142359148514,4503,142359153017,14860558,142374013575,41696,14906757,124,124,4,cudaLaunchKernel,3907    1    1, 256    1    1,"<unnamed>::pack_face_z(const double *, double *, int, int, int, int, int)"
142359149049,9983,142359159032,2998,142359162030,77024,90005,123,123,3,cudaLaunchKernel,3907    1    1, 256    1    1,"<unnamed>::unpack_face_z(const double *, double *, int, int, int, int, int)"
142359149288,10781,142359160069,106881,142359266950,39583,157245,120,120,0,cudaLaunchKernel,7797    1    1, 256    1    1,"<unnamed>::step_kernel_boundary_y_faces(const double *, const double *, double *, const double *, const double *, int, int, int, int, int, int, int, double, double)"
142359149308,11237,142359160545,109491,142359270036,39616,160344,125,125,5,cudaLaunchKernel,7797    1    1, 256    1    1,"<unnamed>::step_kernel_boundary_y_faces(const double *, const double *, double *, const double *, const double *, int, int, int, int, int, int, int, double, double)"
142359150967,9892,142359160859,14874224,142374035083,6432,14890548,122,122,2,cudaLaunchKernel,3907    1    1, 256    1    1,"<unnamed>::pack_face_y(const double *, double *, int, int, int, int, int)"
142359151524,9897,142359161421,72487,142359233908,41855,124239,126,126,6,cudaLaunchKernel,7813    1    1, 256    1    1,"<unnamed>::step_kernel_boundary_x_faces(const double *, const double *, double *, const double *, const double *, int, int, int, int, int, int, int, double, double)"
142359152550,9248,142359161798,76014,142359237812,41823,127085,121,121,1,cudaLaunchKernel,7813    1    1, 256    1    1,"<unnamed>::step_kernel_boundary_x_faces(const double *, const double *, double *, const double *, const double *, int, int, int, int, int, int, int, double, double)"
142359157823,8333,142359166156,593694,142359759850,14243229,14845256,124,124,4,cudaLaunchKernel,  32  250  250,  32    4    4,"<unnamed>::step_kernel_interior(const double *, const double *, double *, const double *, const double *, int, int, int, int, int, int, int, double, double)"
142359160113,5311,142359165424,75774,142359241198,42559,123644,123,123,3,cudaLaunchKernel,7813    1    1, 256    1    1,"<unnamed>::step_kernel_boundary_x_faces(const double *, const double *, double *, const double *, const double *, int, int, int, int, int, int, int, double, double)"
142359160885,5524,142359166409,141596,142359308005,477756,624876,120,120,0,cudaLaunchKernel,7782    1    1, 256    1    1,"<unnamed>::step_kernel_boundary_z_faces(const double *, const double *, double *, const double *, const double *, int, int, int, int, int, int, int, double, double)"
142359161401,5710,142359167111,143981,142359311092,478555,628246,125,125,5,cudaLaunchKernel,7782    1    1, 256    1    1,"<unnamed>::step_kernel_boundary_z_faces(const double *, const double *, double *, const double *, const double *, int, int, int, int, int, int, int, double, double)"
142359161749,5701,142359167450,14875313,142374042763,42240,14923254,122,122,2,cudaLaunchKernel,3907    1    1, 256    1    1,"<unnamed>::pack_face_z(const double *, double *, int, int, int, int, int)"
142359162331,6912,142359169243,107960,142359277203,40480,155352,126,126,6,cudaLaunchKernel,7797    1    1, 256    1    1,"<unnamed>::step_kernel_boundary_y_faces(const double *, const double *, double *, const double *, const double *, int, int, int, int, int, int, int, double, double)"
142359162610,4361,142359166971,114200,142359281171,40480,159041,121,121,1,cudaLaunchKernel,7797    1    1, 256    1    1,"<unnamed>::step_kernel_boundary_y_faces(const double *, const double *, double *, const double *, const double *, int, int, int, int, int, int, int, double, double)"
142359165799,11430,142359177229,108224,142359285453,39776,159430,123,123,3,cudaLaunchKernel,7797    1    1, 256    1    1,"<unnamed>::step_kernel_boundary_y_faces(const double *, const double *, double *, const double *, const double *, int, int, int, int, int, int, int, double, double)"
142359167381,8439,142359175820,147207,142359323027,469630,625276,121,121,1,cudaLaunchKernel,7782    1    1, 256    1    1,"<unnamed>::step_kernel_boundary_z_faces(const double *, const double *, double *, const double *, const double *, int, int, int, int, int, int, int, double, double)"
142359168064,9873,142359177937,589361,142359767298,14265577,14864811,122,122,2,cudaLaunchKernel,  32  250  250,  32    4    4,"<unnamed>::step_kernel_interior(const double *, const double *, double *, const double *, const double *, int, int, int, int, int, int, int, double, double)"
142359169685,11293,142359180978,138369,142359319347,479291,628953,126,126,6,cudaLaunchKernel,7782    1    1, 256    1    1,"<unnamed>::step_kernel_boundary_z_faces(const double *, const double *, double *, const double *, const double *, int, int, int, int, int, int, int, double, double)"
142359174368,6596,142359180964,56504,142359237468,43232,106332,133,133,7,cudaLaunchKernel,7813    1    1, 256    1    1,"<unnamed>::step_kernel_boundary_x_faces(const double *, const double *, double *, const double *, const double *, int, int, int, int, int, int, int, double, double)"
142359175885,7120,142359183005,14864847,142374047852,7008,14878975,120,120,0,cudaLaunchKernel,3907    1    1, 256    1    1,"<unnamed>::pack_face_x(const double *, double *, int, int, int, int, int)"
142359177083,7369,142359184452,606827,142359791279,11168,625364,125,125,5,cudaLaunchKernel,3907    1    1, 256    1    1,"<unnamed>::pack_face_x(const double *, double *, int, int, int, int, int)"
142359178064,5914,142359183978,142659,142359326637,476605,625178,123,123,3,cudaLaunchKernel,7782    1    1, 256    1    1,"<unnamed>::step_kernel_boundary_z_faces(const double *, const double *, double *, const double *, const double *, int, int, int, int, int, int, int, double, double)"
142359181354,11462,142359192816,89196,142359282012,39583,140241,133,133,7,cudaLaunchKernel,7797    1    1, 256    1    1,"<unnamed>::step_kernel_boundary_y_faces(const double *, const double *, double *, const double *, const double *, int, int, int, int, int, int, int, double, double)"
142359182090,9239,142359191329,14856355,142374047684,6975,14872569,121,121,1,cudaLaunchKernel,3907    1    1, 256    1    1,"<unnamed>::pack_face_x(const double *, double *, int, int, int, int, int)"
142359183389,9781,142359193170,14863354,142374056524,6335,14879470,120,120,0,cudaLaunchKernel,3907    1    1, 256    1    1,"<unnamed>::pack_face_y(const double *, double *, int, int, int, int, int)"
142359184840,12897,142359197737,14857559,142374055296,7264,14877720,125,125,5,cudaLaunchKernel,3907    1    1, 256    1    1,"<unnamed>::pack_face_y(const double *, double *, int, int, int, int, int)"
142359191094,11004,142359202098,598012,142359800110,11744,620760,126,126,6,cudaLaunchKernel,3907    1    1, 256    1    1,"<unnamed>::pack_face_x(const double *, double *, int, int, int, int, int)"
142359192232,9587,142359201819,14854312,142374056131,6784,14870683,121,121,1,cudaLaunchKernel,3907    1    1, 256    1    1,"<unnamed>::pack_face_y(const double *, double *, int, int, int, int, int)"
142359193653,10649,142359204302,118957,142359323259,481340,610946,133,133,7,cudaLaunchKernel,7782    1    1, 256    1    1,"<unnamed>::step_kernel_boundary_z_faces(const double *, const double *, double *, const double *, const double *, int, int, int, int, int, int, int, double, double)"
142359194065,10892,142359204957,14859342,142374064299,41568,14911802,120,120,0,cudaLaunchKernel,3907    1    1, 256    1    1,"<unnamed>::pack_face_z(const double *, double *, int, int, int, int, int)"
142359197468,8855,142359206323,14859313,142374065636,6784,14874952,123,123,3,cudaLaunchKernel,3907    1    1, 256    1    1,"<unnamed>::pack_face_x(const double *, double *, int, int, int, int, int)"
142359198843,7146,142359205989,14858523,142374064512,40672,14906341,125,125,5,cudaLaunchKernel,3907    1    1, 256    1    1,"<unnamed>::pack_face_z(const double *, double *, int, int, int, int, int)"
142359202710,4079,142359206789,14857374,142374064163,41792,14903245,121,121,1,cudaLaunchKernel,3907    1    1, 256    1    1,"<unnamed>::pack_face_z(const double *, double *, int, int, int, int, int)"
142359203000,7384,142359210384,14853732,142374064116,7679,14868795,126,126,6,cudaLaunchKernel,3907    1    1, 256    1    1,"<unnamed>::pack_face_y(const double *, double *, int, int, int, int, int)"
142359206048,4141,142359210189,577044,142359787233,14266891,14848076,120,120,0,cudaLaunchKernel,  32  250  250,  32    4    4,"<unnamed>::step_kernel_interior(const double *, const double *, double *, const double *, const double *, int, int, int, int, int, int, int, double, double)"
142359206630,3664,142359210294,585849,142359796143,14264721,14854234,125,125,5,cudaLaunchKernel,  32  250  250,  32    4    4,"<unnamed>::step_kernel_interior(const double *, const double *, double *, const double *, const double *, int, int, int, int, int, int, int, double, double)"
142359206949,5021,142359211970,14862114,142374074084,6368,14873503,123,123,3,cudaLaunchKernel,3907    1    1, 256    1    1,"<unnamed>::pack_face_y(const double *, double *, int, int, int, int, int)"
142359207426,4173,142359211599,582626,142359794225,14259250,14846049,121,121,1,cudaLaunchKernel,  32  250  250,  32    4    4,"<unnamed>::step_kernel_interior(const double *, const double *, double *, const double *, const double *, int, int, int, int, int, int, int, double, double)"
142359210868,4473,142359215341,14857958,142374073299,40128,14902559,126,126,6,cudaLaunchKernel,3907    1    1, 256    1    1,"<unnamed>::pack_face_z(const double *, double *, int, int, int, int, int)"
142359211366,5343,142359216709,14839745,142374056454,7168,14852256,133,133,7,cudaLaunchKernel,3907    1    1, 256    1    1,"<unnamed>::pack_face_x(const double *, double *, int, int, int, int, int)"
142359212305,5340,142359217645,14863991,142374081636,41535,14910866,123,123,3,cudaLaunchKernel,3907    1    1, 256    1    1,"<unnamed>::pack_face_z(const double *, double *, int, int, int, int, int)"
142359216117,5239,142359221356,583490,142359804846,14265382,14854111,126,126,6,cudaLaunchKernel,  32  250  250,  32    4    4,"<unnamed>::step_kernel_interior(const double *, const double *, double *, const double *, const double *, int, int, int, int, int, int, int, double, double)"
142359217121,5373,142359222494,14842536,142374065030,6464,14854373,133,133,7,cudaLaunchKernel,3907    1    1, 256    1    1,"<unnamed>::pack_face_y(const double *, double *, int, int, int, int, int)"
142359218349,4295,142359222644,582294,142359804938,14266554,14853143,123,123,3,cudaLaunchKernel,  32  250  250,  32    4    4,"<unnamed>::step_kernel_interior(const double *, const double *, double *, const double *, const double *, int, int, int, int, int, int, int, double, double)"
142359222889,9771,142359232660,14840018,142374072678,42559,14892348,133,133,7,cudaLaunchKernel,3907    1    1, 256    1    1,"<unnamed>::pack_face_z(const double *, double *, int, int, int, int, int)"
142359233803,7023,142359240826,565245,142359806071,14256207,14828475,133,133,7,cudaLaunchKernel,  32  250  250,  32    4    4,"<unnamed>::step_kernel_interior(const double *, const double *, double *, const double *, const double *, int, int, int, int, int, int, int, double, double)"
142374293998,10003,142374304001,2500,142374306501,5760,18263,124,124,4,cudaLaunchKernel,3907    1    1, 256    1    1,"<unnamed>::unpack_face_x(const double *, double *, int, int, int, int, int)"
142374294039,10389,142374304428,2789,142374307217,5632,18810,126,126,6,cudaLaunchKernel,3907    1    1, 256    1    1,"<unnamed>::unpack_face_x(const double *, double *, int, int, int, int, int)"
142374295144,8641,142374303785,2432,142374306217,5792,16865,120,120,0,cudaLaunchKernel,3907    1    1, 256    1    1,"<unnamed>::unpack_face_x(const double *, double *, int, int, int, int, int)"
142374301747,7775,142374309522,3948,142374313470,5632,17355,125,125,5,cudaLaunchKernel,3907    1    1, 256    1    1,"<unnamed>::unpack_face_x(const double *, double *, int, int, int, int, int)"
142374304253,4865,142374309118,4075,142374313193,6016,14956,120,120,0,cudaLaunchKernel,3907    1    1, 256    1    1,"<unnamed>::unpack_face_y(const double *, double *, int, int, int, int, int)"
142374304473,5278,142374309751,3982,142374313733,6112,15372,124,124,4,cudaLaunchKernel,3907    1    1, 256    1    1,"<unnamed>::unpack_face_y(const double *, double *, int, int, int, int, int)"
142374304832,5391,142374310223,4674,142374314897,6272,16337,126,126,6,cudaLaunchKernel,3907    1    1, 256    1    1,"<unnamed>::unpack_face_y(const double *, double *, int, int, int, int, int)"
142374306336,7373,142374313709,2645,142374316354,5920,15938,121,121,1,cudaLaunchKernel,3907    1    1, 256    1    1,"<unnamed>::unpack_face_x(const double *, double *, int, int, int, int, int)"
142374309606,4454,142374314060,6365,142374320425,77216,88035,120,120,0,cudaLaunchKernel,3907    1    1, 256    1    1,"<unnamed>::unpack_face_z(const double *, double *, int, int, int, int, int)"
142374309960,4658,142374314618,5924,142374320542,6048,16630,125,125,5,cudaLaunchKernel,3907    1    1, 256    1    1,"<unnamed>::unpack_face_y(const double *, double *, int, int, int, int, int)"
142374310159,4106,142374314265,7052,142374321317,78720,89878,124,124,4,cudaLaunchKernel,3907    1    1, 256    1    1,"<unnamed>::unpack_face_z(const double *, double *, int, int, int, int, int)"
142374310581,4652,142374315233,7056,142374322289,77119,88827,126,126,6,cudaLaunchKernel,3907    1    1, 256    1    1,"<unnamed>::unpack_face_z(const double *, double *, int, int, int, int, int)"
142374314136,3697,142374317833,5689,142374323522,6240,15626,121,121,1,cudaLaunchKernel,3907    1    1, 256    1    1,"<unnamed>::unpack_face_y(const double *, double *, int, int, int, int, int)"
142374314261,8428,142374322689,3874,142374326563,5824,18126,133,133,7,cudaLaunchKernel,3907    1    1, 256    1    1,"<unnamed>::unpack_face_x(const double *, double *, int, int, int, int, int)"
142374314749,4963,142374319712,79305,142374399017,41983,126251,120,120,0,cudaLaunchKernel,7813    1    1, 256    1    1,"<unnamed>::step_kernel_boundary_x_faces(const double *, const double *, double *, const double *, const double *, int, int, int, int, int, int, int, double, double)"
142374314881,6330,142374321211,80234,142374401445,42111,128675,124,124,4,cudaLaunchKernel,7813    1    1, 256    1    1,"<unnamed>::step_kernel_boundary_x_faces(const double *, const double *, double *, const double *, const double *, int, int, int, int, int, int, int, double, double)"
142374314970,4322,142374319292,8738,142374328030,77119,90179,125,125,5,cudaLaunchKernel,3907    1    1, 256    1    1,"<unnamed>::unpack_face_z(const double *, double *, int, int, int, int, int)"
142374315849,7799,142374323648,77040,142374400688,43359,128198,126,126,6,cudaLaunchKernel,7813    1    1, 256    1    1,"<unnamed>::step_kernel_boundary_x_faces(const double *, const double *, double *, const double *, const double *, int, int, int, int, int, int, int, double, double)"
142374317383,7465,142374324848,4178,142374329026,5664,17307,123,123,3,cudaLaunchKernel,3907    1    1, 256    1    1,"<unnamed>::unpack_face_x(const double *, double *, int, int, int, int, int)"
142374318177,3674,142374321851,9127,142374330978,76288,89089,121,121,1,cudaLaunchKernel,3907    1    1, 256    1    1,"<unnamed>::unpack_face_z(const double *, double *, int, int, int, int, int)"
142374318615,7701,142374326316,2652,142374328968,5664,16017,122,122,2,cudaLaunchKernel,3907    1    1, 256    1    1,"<unnamed>::unpack_face_x(const double *, double *, int, int, int, int, int)"
142374319929,5925,142374325854,80671,142374406525,41439,128035,125,125,5,cudaLaunchKernel,7813    1    1, 256    1    1,"<unnamed>::step_kernel_boundary_x_faces(const double *, const double *, double *, const double *, const double *, int, int, int, int, int, int, int, double, double)"
142374320077,5729,142374325806,116634,142374442440,40384,162747,120,120,0,cudaLaunchKernel,7797    1    1, 256    1    1,"<unnamed>::step_kernel_boundary_y_faces(const double *, const double *, double *, const double *, const double *, int, int, int, int, int, int, int, double, double)"
142374321583,4784,142374326367,118501,142374444868,39552,162837,124,124,4,cudaLaunchKernel,7797    1    1, 256    1    1,"<unnamed>::step_kernel_boundary_y_faces(const double *, const double *, double *, const double *, const double *, int, int, int, int, int, int, int, double, double)"
142374322500,4446,142374326946,81728,142374408674,42527,128701,121,121,1,cudaLaunchKernel,7813    1    1, 256    1    1,"<unnamed>::step_kernel_boundary_x_faces(const double *, const double *, double *, const double *, const double *, int, int, int, int, int, int, int, double, double)"
142374323147,4860,142374328007,5596,142374333603,6240,16696,133,133,7,cudaLaunchKernel,3907    1    1, 256    1    1,"<unnamed>::unpack_face_y(const double *, double *, int, int, int, int, int)"
142374324009,4154,142374328163,117260,142374445423,39936,161350,126,126,6,cudaLaunchKernel,7797    1    1, 256    1    1,"<unnamed>::step_kernel_boundary_y_faces(const double *, const double *, double *, const double *, const double *, int, int, int, int, int, int, int, double, double)"
142374325274,4554,142374329828,6334,142374336162,5984,16872,123,123,3,cudaLaunchKernel,3907    1    1, 256    1    1,"<unnamed>::unpack_face_y(const double *, double *, int, int, int, int, int)"
142374326226,18271,142374344497,139735,142374484232,476668,634674,120,120,0,cudaLaunchKernel,7782    1    1, 256    1    1,"<unnamed>::step_kernel_boundary_z_faces(const double *, const double *, double *, const double *, const double *, int, int, int, int, int, int, int, double, double)"
142374326248,16419,142374342667,106929,142374449596,40512,163860,125,125,5,cudaLaunchKernel,7797    1    1, 256    1    1,"<unnamed>::step_kernel_boundary_y_faces(const double *, const double *, double *, const double *, const double *, int, int, int, int, int, int, int, double, double)"
142374326908,16824,142374343732,142320,142374486052,477533,636677,124,124,4,cudaLaunchKernel,7782    1    1, 256    1    1,"<unnamed>::step_kernel_boundary_z_faces(const double *, const double *, double *, const double *, const double *, int, int, int, int, int, int, int, double, double)"
142374327105,16716,142374343821,2458,142374346279,6272,25446,122,122,2,cudaLaunchKernel,3907    1    1, 256    1    1,"<unnamed>::unpack_face_y(const double *, double *, int, int, int, int, int)"
142374327338,3207,142374330545,122128,142374452673,40064,165399,121,121,1,cudaLaunchKernel,7797    1    1, 256    1    1,"<unnamed>::step_kernel_boundary_y_faces(const double *, const double *, double *, const double *, const double *, int, int, int, int, int, int, int, double, double)"
142374328424,16142,142374344566,3437,142374348003,77919,97498,133,133,7,cudaLaunchKernel,3907    1    1, 256    1    1,"<unnamed>::unpack_face_z(const double *, double *, int, int, int, int, int)"
142374328500,14885,142374343385,143350,142374486735,485787,644022,126,126,6,cudaLaunchKernel,7782    1    1, 256    1    1,"<unnamed>::step_kernel_boundary_z_faces(const double *, const double *, double *, const double *, const double *, int, int, int, int, int, int, int, double, double)"
142374330245,15794,142374346039,3211,142374349250,77023,96028,123,123,3,cudaLaunchKernel,3907    1    1, 256    1    1,"<unnamed>::unpack_face_z(const double *, double *, int, int, int, int, int)"
142374339812,7042,142374346854,147483,142374494337,469566,624091,121,121,1,cudaLaunchKernel,7782    1    1, 256    1    1,"<unnamed>::step_kernel_boundary_z_faces(const double *, const double *, double *, const double *, const double *, int, int, int, int, int, int, int, double, double)"
142374343594,6275,142374349869,142031,142374491900,478011,626317,125,125,5,cudaLaunchKernel,7782    1    1, 256    1    1,"<unnamed>::step_kernel_boundary_z_faces(const double *, const double *, double *, const double *, const double *, int, int, int, int, int, int, int, double, double)"
142374344722,5907,142374350629,3938,142374354567,77215,87060,122,122,2,cudaLaunchKernel,3907    1    1, 256    1    1,"<unnamed>::unpack_face_z(const double *, double *, int, int, int, int, int)"
142374345786,5946,142374351732,75470,142374427202,41664,123080,133,133,7,cudaLaunchKernel,7813    1    1, 256    1    1,"<unnamed>::step_kernel_boundary_x_faces(const double *, const double *, double *, const double *, const double *, int, int, int, int, int, int, int, double, double)"
142374347434,5960,142374353394,74255,142374427649,42816,123031,123,123,3,cudaLaunchKernel,7813    1    1, 256    1    1,"<unnamed>::step_kernel_boundary_x_faces(const double *, const double *, double *, const double *, const double *, int, int, int, int, int, int, int, double, double)"
142374351261,5710,142374356971,76219,142374433190,42016,123945,122,122,2,cudaLaunchKernel,7813    1    1, 256    1    1,"<unnamed>::step_kernel_boundary_x_faces(const double *, const double *, double *, const double *, const double *, int, int, int, int, int, int, int, double, double)"
142374352265,5919,142374358184,112026,142374470210,40479,158424,133,133,7,cudaLaunchKernel,7797    1    1, 256    1    1,"<unnamed>::step_kernel_boundary_y_faces(const double *, const double *, double *, const double *, const double *, int, int, int, int, int, int, int, double, double)"
142374353783,5149,142374358932,113037,142374471969,39807,157993,123,123,3,cudaLaunchKernel,7797    1    1, 256    1    1,"<unnamed>::step_kernel_boundary_y_faces(const double *, const double *, double *, const double *, const double *, int, int, int, int, int, int, int, double, double)"
142374355063,5208,142374360271,613563,142374973834,10624,629395,126,126,6,cudaLaunchKernel,3907    1    1, 256    1    1,"<unnamed>::pack_face_x(const double *, double *, int, int, int, int, int)"
142374357357,5121,142374362478,114136,142374476614,40479,159736,122,122,2,cudaLaunchKernel,7797    1    1, 256    1    1,"<unnamed>::step_kernel_boundary_y_faces(const double *, const double *, double *, const double *, const double *, int, int, int, int, int, int, int, double, double)"
142374357756,6861,142374364617,14854885,142389219502,6880,14868626,120,120,0,cudaLaunchKernel,3907    1    1, 256    1    1,"<unnamed>::pack_face_x(const double *, double *, int, int, int, int, int)"
142374358255,3453,142374361708,603667,142374965375,11200,618320,121,121,1,cudaLaunchKernel,3907    1    1, 256    1    1,"<unnamed>::pack_face_x(const double *, double *, int, int, int, int, int)"
142374358590,5707,142374364297,147704,142374512001,478588,631999,133,133,7,cudaLaunchKernel,7782    1    1, 256    1    1,"<unnamed>::step_kernel_boundary_z_faces(const double *, const double *, double *, const double *, const double *, int, int, int, int, int, int, int, double, double)"
142374359281,6160,142374365441,147935,142374513376,484093,638188,123,123,3,cudaLaunchKernel,7782    1    1, 256    1    1,"<unnamed>::step_kernel_boundary_z_faces(const double *, const double *, double *, const double *, const double *, int, int, int, int, int, int, int, double, double)"
142374359997,5574,142374365571,14866630,142389232201,7488,14879692,125,125,5,cudaLaunchKernel,3907    1    1, 256    1    1,"<unnamed>::pack_face_x(const double *, double *, int, int, int, int, int)"
142374360675,5525,142374366200,14873336,142389239536,7488,14886349,126,126,6,cudaLaunchKernel,3907    1    1, 256    1    1,"<unnamed>::pack_face_y(const double *, double *, int, int, int, int, int)"
142374362439,3941,142374366380,14857222,142389223602,7840,14869003,121,121,1,cudaLaunchKernel,3907    1    1, 256    1    1,"<unnamed>::pack_face_y(const double *, double *, int, int, int, int, int)"
142374362874,4763,142374367637,150832,142374518469,480954,636549,122,122,2,cudaLaunchKernel,7782    1    1, 256    1    1,"<unnamed>::step_kernel_boundary_z_faces(const double *, const double *, double *, const double *, const double *, int, int, int, int, int, int, int, double, double)"
142374364984,4213,142374369197,14859137,142389228334,6432,14869782,120,120,0,cudaLaunchKernel,3907    1    1, 256    1    1,"<unnamed>::pack_face_y(const double *, double *, int, int, int, int, int)"
142374365937,4171,142374370108,14871213,142389241321,6720,14882104,125,125,5,cudaLaunchKernel,3907    1    1, 256    1    1,"<unnamed>::pack_face_y(const double *, double *, int, int, int, int, int)"
142374366561,4335,142374370896,14877536,142389248432,40575,14922446,126,126,6,cudaLaunchKernel,3907    1    1, 256    1    1,"<unnamed>::pack_face_z(const double *, double *, int, int, int, int, int)"
142374366883,4227,142374371110,14861868,142389232978,40863,14906958,121,121,1,cudaLaunchKernel,3907    1    1, 256    1    1,"<unnamed>::pack_face_z(const double *, double *, int, int, int, int, int)"
142374367085,6704,142374373789,591268,142374965057,11808,609780,124,124,4,cudaLaunchKernel,3907    1    1, 256    1    1,"<unnamed>::pack_face_x(const double *, double *, int, int, int, int, int)"
142374369582,7981,142374377563,14858643,142389236206,42464,14909088,120,120,0,cudaLaunchKernel,3907    1    1, 256    1    1,"<unnamed>::pack_face_z(const double *, double *, int, int, int, int, int)"
142374370504,5002,142374375506,14873975,142389249481,41407,14920384,125,125,5,cudaLaunchKernel,3907    1    1, 256    1    1,"<unnamed>::pack_face_z(const double *, double *, int, int, int, int, int)"
142374371397,5980,142374377377,601321,142374978698,14266758,14874059,126,126,6,cudaLaunchKernel,  32  250  250,  32    4    4,"<unnamed>::step_kernel_interior(const double *, const double *, double *, const double *, const double *, int, int, int, int, int, int, int, double, double)"
142374371506,4919,142374376425,14886574,142389262999,6848,14898341,123,123,3,cudaLaunchKernel,3907    1    1, 256    1    1,"<unnamed>::pack_face_x(const double *, double *, int, int, int, int, int)"
142374371650,6250,142374377900,592659,142374970559,14258131,14857040,121,121,1,cudaLaunchKernel,  32  250  250,  32    4    4,"<unnamed>::step_kernel_interior(const double *, const double *, double *, const double *, const double *, int, int, int, int, int, int, int, double, double)"
142374374254,5523,142374379777,14827678,142389207455,8640,14841841,124,124,4,cudaLaunchKernel,3907    1    1, 256    1    1,"<unnamed>::pack_face_y(const double *, double *, int, int, int, int, int)"
142374374735,5109,142374379844,621147,142375000991,10976,637232,122,122,2,cudaLaunchKernel,3907    1    1, 256    1    1,"<unnamed>::pack_face_x(const double *, double *, int, int, int, int, int)"
142374375730,5487,142374381217,14873803,142389255020,7936,14887226,133,133,7,cudaLaunchKernel,3907    1    1, 256    1    1,"<unnamed>::pack_face_x(const double *, double *, int, int, int, int, int)"
142374376092,4026,142374380118,591489,142374971607,14266674,14862189,125,125,5,cudaLaunchKernel,  32  250  250,  32    4    4,"<unnamed>::step_kernel_interior(const double *, const double *, double *, const double *, const double *, int, int, int, int, int, int, int, double, double)"
142374376809,5096,142374381905,14889702,142389271607,6304,14901102,123,123,3,cudaLaunchKernel,3907    1    1, 256    1    1,"<unnamed>::pack_face_y(const double *, double *, int, int, int, int, int)"
142374378085,6332,142374384417,578243,142374962660,14262570,14847145,120,120,0,cudaLaunchKernel,  32  250  250,  32    4    4,"<unnamed>::step_kernel_interior(const double *, const double *, double *, const double *, const double *, int, int, int, int, int, int, int, double, double)"
142374380176,4546,142374384722,14832877,142389217599,39711,14877134,124,124,4,cudaLaunchKernel,3907    1    1, 256    1    1,"<unnamed>::pack_face_z(const double *, double *, int, int, int, int, int)"
142374380234,4744,142374384978,14874998,142389259976,7648,14887390,122,122,2,cudaLaunchKernel,3907    1    1, 256    1    1,"<unnamed>::pack_face_y(const double *, double *, int, int, int, int, int)"
142374381626,4382,142374386008,14878356,142389264364,6240,14888978,133,133,7,cudaLaunchKernel,3907    1    1, 256    1    1,"<unnamed>::pack_face_y(const double *, double *, int, int, int, int, int)"
142374382299,4846,142374387145,14892174,142389279319,43231,14940251,123,123,3,cudaLaunchKernel,3907    1    1, 256    1    1,"<unnamed>::pack_face_z(const double *, double *, int, int, int, int, int)"
142374385298,6135,142374391433,578680,142374970113,14244030,14828845,124,124,4,cudaLaunchKernel,  32  250  250,  32    4    4,"<unnamed>::step_kernel_interior(const double *, const double *, double *, const double *, const double *, int, int, int, int, int, int, int, double, double)"
142374385376,5204,142374390580,14879092,142389269672,39808,14924104,122,122,2,cudaLaunchKernel,3907    1    1, 256    1    1,"<unnamed>::pack_face_z(const double *, double *, int, int, int, int, int)"
142374386370,5931,142374392301,14879423,142389271724,42239,14927593,133,133,7,cudaLaunchKernel,3907    1    1, 256    1    1,"<unnamed>::pack_face_z(const double *, double *, int, int, int, int, int)"
142374387625,4184,142374391809,607420,142374999229,14269402,14881006,123,123,3,cudaLaunchKernel,  32  250  250,  32    4    4,"<unnamed>::step_kernel_interior(const double *, const double *, double *, const double *, const double *, int, int, int, int, int, int, int, double, double)"
142374391142,4784,142374395926,610057,142375005983,14259561,14874402,122,122,2,cudaLaunchKernel,  32  250  250,  32    4    4,"<unnamed>::step_kernel_interior(const double *, const double *, double *, const double *, const double *, int, int, int, int, int, int, int, double, double)"
142374392814,4994,142374397808,594221,142374992029,14269391,14868606,133,133,7,cudaLaunchKernel,  32  250  250,  32    4    4,"<unnamed>::step_kernel_interior(const double *, const double *, double *, const double *, const double *, int, int, int, int, int, int, int, double, double)"
142389437740,7633,142389445373,1811,142389447184,5792,15236,121,121,1,cudaLaunchKernel,3907    1    1, 256    1    1,"<unnamed>::unpack_face_x(const double *, double *, int, int, int, int, int)"
142389445805,4007,142389449812,4316,142389454128,6176,14499,121,121,1,cudaLaunchKernel,3907    1    1, 256    1    1,"<unnamed>::unpack_face_y(const double *, double *, int, int, int, int, int)"
142389450165,4122,142389454287,7105,142389461392,77312,88539,121,121,1,cudaLaunchKernel,3907    1    1, 256    1    1,"<unnamed>::unpack_face_z(const double *, double *, int, int, int, int, int)"
142389454990,3595,142389458585,81463,142389540048,41792,126850,121,121,1,cudaLaunchKernel,7813    1    1, 256    1    1,"<unnamed>::step_kernel_boundary_x_faces(const double *, const double *, double *, const double *, const double *, int, int, int, int, int, int, int, double, double)"
142389458962,3708,142389462670,120738,142389583408,39743,164189,121,121,1,cudaLaunchKernel,7797    1    1, 256    1    1,"<unnamed>::step_kernel_boundary_y_faces(const double *, const double *, double *, const double *, const double *, int, int, int, int, int, int, int, double, double)"
142389463059,3825,142389466884,157867,142389624751,476574,638266,121,121,1,cudaLaunchKernel,7782    1    1, 256    1    1,"<unnamed>::step_kernel_boundary_z_faces(const double *, const double *, double *, const double *, const double *, int, int, int, int, int, int, int, double, double)"
142389464724,7609,142389472333,2649,142389474982,5664,15922,122,122,2,cudaLaunchKernel,3907    1    1, 256    1    1,"<unnamed>::unpack_face_x(const double *, double *, int, int, int, int, int)"
142389472003,8350,142389480353,622508,142390102861,11104,641962,121,121,1,cudaLaunchKernel,3907    1    1, 256    1    1,"<unnamed>::pack_face_x(const double *, double *, int, int, int, int, int)"
142389472711,12214,142389484925,3244,142389488169,5760,21218,133,133,7,cudaLaunchKernel,3907    1    1, 256    1    1,"<unnamed>::unpack_face_x(const double *, double *, int, int, int, int, int)"
142389472734,11442,142389484176,2806,142389486982,6495,20743,122,122,2,cudaLaunchKernel,3907    1    1, 256    1    1,"<unnamed>::unpack_face_y(const double *, double *, int, int, int, int, int)"
142389474723,10965,142389485688,3517,142389489205,5920,20402,123,123,3,cudaLaunchKernel,3907    1    1, 256    1    1,"<unnamed>::unpack_face_x(const double *, double *, int, int, int, int, int)"
142389481300,5311,142389486611,14872557,142404359168,8544,14886412,121,121,1,cudaLaunchKernel,3907    1    1, 256    1    1,"<unnamed>::pack_face_y(const double *, double *, int, int, int, int, int)"
142389485095,5338,142389490433,4388,142389494821,77887,87613,122,122,2,cudaLaunchKernel,3907    1    1, 256    1    1,"<unnamed>::unpack_face_z(const double *, double *, int, int, int, int, int)"
142389485873,6705,142389492578,4967,142389497545,6240,17912,133,133,7,cudaLaunchKernel,3907    1    1, 256    1    1,"<unnamed>::unpack_face_y(const double *, double *, int, int, int, int, int)"
142389486592,6123,142389492715,5642,142389498357,6048,17813,123,123,3,cudaLaunchKernel,3907    1    1, 256    1    1,"<unnamed>::unpack_face_y(const double *, double *, int, int, int, int, int)"
142389486970,3521,142389490491,14878789,142404369280,40256,14922566,121,121,1,cudaLaunchKernel,3907    1    1, 256    1    1,"<unnamed>::pack_face_z(const double *, double *, int, int, int, int, int)"
142389491054,8246,142389499300,74784,142389574084,41696,124726,122,122,2,cudaLaunchKernel,7813    1    1, 256    1    1,"<unnamed>::step_kernel_boundary_x_faces(const double *, const double *, double *, const double *, const double *, int, int, int, int, int, int, int, double, double)"
142389491202,4248,142389495450,612723,142390108173,14257235,14874206,121,121,1,cudaLaunchKernel,  32  250  250,  32    4    4,"<unnamed>::step_kernel_interior(const double *, const double *, double *, const double *, const double *, int, int, int, int, int, int, int, double, double)"
142389492999,7110,142389500109,4764,142389504873,76960,88834,133,133,7,cudaLaunchKernel,3907    1    1, 256    1    1,"<unnamed>::unpack_face_z(const double *, double *, int, int, int, int, int)"
142389493092,5372,142389498464,7285,142389505749,77184,89841,123,123,3,cudaLaunchKernel,3907    1    1, 256    1    1,"<unnamed>::unpack_face_z(const double *, double *, int, int, int, int, int)"
142389494849,7530,142389502379,2497,142389504876,5664,15691,120,120,0,cudaLaunchKernel,3907    1    1, 256    1    1,"<unnamed>::unpack_face_x(const double *, double *, int, int, int, int, int)"
142389499090,4655,142389503745,80820,142389584565,42463,127938,123,123,3,cudaLaunchKernel,7813    1    1, 256    1    1,"<unnamed>::step_kernel_boundary_x_faces(const double *, const double *, double *, const double *, const double *, int, int, int, int, int, int, int, double, double)"
142389499685,4201,142389503886,113238,142389617124,40575,158014,122,122,2,cudaLaunchKernel,7797    1    1, 256    1    1,"<unnamed>::step_kernel_boundary_y_faces(const double *, const double *, double *, const double *, const double *, int, int, int, int, int, int, int, double, double)"
142389500769,5699,142389506468,76837,142389583305,42271,124807,133,133,7,cudaLaunchKernel,7813    1    1, 256    1    1,"<unnamed>::step_kernel_boundary_x_faces(const double *, const double *, double *, const double *, const double *, int, int, int, int, int, int, int, double, double)"
142389502780,5592,142389508372,4152,142389512524,6016,15760,120,120,0,cudaLaunchKernel,3907    1    1, 256    1    1,"<unnamed>::unpack_face_y(const double *, double *, int, int, int, int, int)"
142389504119,4874,142389508993,119603,142389628596,39744,164221,123,123,3,cudaLaunchKernel,7797    1    1, 256    1    1,"<unnamed>::step_kernel_boundary_y_faces(const double *, const double *, double *, const double *, const double *, int, int, int, int, int, int, int, double, double)"
142389504289,3640,142389507929,151146,142389659075,478906,633692,122,122,2,cudaLaunchKernel,7782    1    1, 256    1    1,"<unnamed>::step_kernel_boundary_z_faces(const double *, const double *, double *, const double *, const double *, int, int, int, int, int, int, int, double, double)"
142389506836,5480,142389512316,114604,142389626920,39712,159796,133,133,7,cudaLaunchKernel,7797    1    1, 256    1    1,"<unnamed>::step_kernel_boundary_y_faces(const double *, const double *, double *, const double *, const double *, int, int, int, int, int, int, int, double, double)"
142389508758,4549,142389513307,6225,142389519532,78751,89525,120,120,0,cudaLaunchKernel,3907    1    1, 256    1    1,"<unnamed>::unpack_face_z(const double *, double *, int, int, int, int, int)"
142389509341,4328,142389513669,156271,142389669940,476605,637204,123,123,3,cudaLaunchKernel,7782    1    1, 256    1    1,"<unnamed>::step_kernel_boundary_z_faces(const double *, const double *, double *, const double *, const double *, int, int, int, int, int, int, int, double, double)"
142389512687,7916,142389520603,3090,142389523693,5696,16702,126,126,6,cudaLaunchKernel,3907    1    1, 256    1    1,"<unnamed>::unpack_face_x(const double *, double *, int, int, int, int, int)"
142389512743,3896,142389516639,151433,142389668072,476315,631644,133,133,7,cudaLaunchKernel,7782    1    1, 256    1    1,"<unnamed>::step_kernel_boundary_z_faces(const double *, const double *, double *, const double *, const double *, int, int, int, int, int, int, int, double, double)"
142389514069,5238,142389519307,80416,142389599723,41920,127574,120,120,0,cudaLaunchKernel,7813    1    1, 256    1    1,"<unnamed>::step_kernel_boundary_x_faces(const double *, const double *, double *, const double *, const double *, int, int, int, int, int, int, int, double, double)"
142389514713,6092,142389520805,14877730,142404398535,6752,14890574,122,122,2,cudaLaunchKernel,3907    1    1, 256    1    1,"<unnamed>::pack_face_x(const double *, double *, int, int, int, int, int)"
142389519153,5220,142389524373,14874678,142404399051,6912,14886810,123,123,3,cudaLaunchKernel,3907    1    1, 256    1    1,"<unnamed>::pack_face_x(const double *, double *, int, int, int, int, int)"
142389519665,5648,142389525313,117642,142389642955,40416,163706,120,120,0,cudaLaunchKernel,7797    1    1, 256    1    1,"<unnamed>::step_kernel_boundary_y_faces(const double *, const double *, double *, const double *, const double *, int, int, int, int, int, int, int, double, double)"
142389521024,5259,142389526283,4674,142389530957,6047,15980,126,126,6,cudaLaunchKernel,3907    1    1, 256    1    1,"<unnamed>::unpack_face_y(const double *, double *, int, int, int, int, int)"
142389521213,4466,142389525679,14881432,142404407111,6432,14892330,122,122,2,cudaLaunchKernel,3907    1    1, 256    1    1,"<unnamed>::pack_face_y(const double *, double *, int, int, int, int, int)"
142389522831,6545,142389529376,14861810,142404391186,7232,14875587,133,133,7,cudaLaunchKernel,3907    1    1, 256    1    1,"<unnamed>::pack_face_x(const double *, double *, int, int, int, int, int)"
142389524806,4742,142389529548,14878047,142404407595,7295,14890084,123,123,3,cudaLaunchKernel,3907    1    1, 256    1    1,"<unnamed>::pack_face_y(const double *, double *, int, int, int, int, int)"
142389525726,4073,142389529799,154884,142389684683,475836,634793,120,120,0,cudaLaunchKernel,7782    1    1, 256    1    1,"<unnamed>::step_kernel_boundary_z_faces(const double *, const double *, double *, const double *, const double *, int, int, int, int, int, int, int, double, double)"
142389526070,4925,142389530995,14883987,142404414982,41376,14930288,122,122,2,cudaLaunchKernel,3907    1    1, 256    1    1,"<unnamed>::pack_face_z(const double *, double *, int, int, int, int, int)"
142389526624,5498,142389532122,5938,142389538060,77568,89004,126,126,6,cudaLaunchKernel,3907    1    1, 256    1    1,"<unnamed>::unpack_face_z(const double *, double *, int, int, int, int, int)"
142389529768,4113,142389533881,14865977,142404399858,6528,14876618,133,133,7,cudaLaunchKernel,3907    1    1, 256    1    1,"<unnamed>::pack_face_y(const double *, double *, int, int, int, int, int)"
142389529941,6072,142389536013,14880317,142404416330,41664,14928053,123,123,3,cudaLaunchKernel,3907    1    1, 256    1    1,"<unnamed>::pack_face_z(const double *, double *, int, int, int, int, int)"
142389531514,5373,142389536887,602598,142390139485,14264202,14872173,122,122,2,cudaLaunchKernel,  32  250  250,  32    4    4,"<unnamed>::step_kernel_interior(const double *, const double *, double *, const double *, const double *, int, int, int, int, int, int, int, double, double)"
142389532814,5073,142389537887,79533,142389617420,42431,127037,126,126,6,cudaLaunchKernel,7813    1    1, 256    1    1,"<unnamed>::step_kernel_boundary_x_faces(const double *, const double *, double *, const double *, const double *, int, int, int, int, int, int, int, double, double)"
142389534264,4904,142389539168,14868402,142404407570,42336,14915642,133,133,7,cudaLaunchKernel,3907    1    1, 256    1    1,"<unnamed>::pack_face_z(const double *, double *, int, int, int, int, int)"
142389535646,6453,142389542099,14880766,142404422865,6816,14894035,120,120,0,cudaLaunchKernel,3907    1    1, 256    1    1,"<unnamed>::pack_face_x(const double *, double *, int, int, int, int, int)"
142389536541,3353,142389539894,608411,142390148305,14256602,14868366,123,123,3,cudaLaunchKernel,  32  250  250,  32    4    4,"<unnamed>::step_kernel_interior(const double *, const double *, double *, const double *, const double *, int, int, int, int, int, int, int, double, double)"
142389538244,3624,142389541868,119615,142389661483,39584,162823,126,126,6,cudaLaunchKernel,7797    1    1, 256    1    1,"<unnamed>::step_kernel_boundary_y_faces(const double *, const double *, double *, const double *, const double *, int, int, int, int, int, int, int, double, double)"
142389539705,4786,142389544491,601432,142390145923,14250735,14856953,133,133,7,cudaLaunchKernel,  32  250  250,  32    4    4,"<unnamed>::step_kernel_interior(const double *, const double *, double *, const double *, const double *, int, int, int, int, int, int, int, double, double)"
142389542241,5302,142389547543,155028,142389702571,479674,640004,126,126,6,cudaLaunchKernel,7782    1    1, 256    1    1,"<unnamed>::step_kernel_boundary_z_faces(const double *, const double *, double *, const double *, const double *, int, int, int, int, int, int, int, double, double)"
142389542663,4421,142389547084,14884325,142404431409,6752,14895498,120,120,0,cudaLaunchKernel,3907    1    1, 256    1    1,"<unnamed>::pack_face_y(const double *, double *, int, int, int, int, int)"
142389547474,5010,142389552484,14887117,142404439601,41311,14933438,120,120,0,cudaLaunchKernel,3907    1    1, 256    1    1,"<unnamed>::pack_face_z(const double *, double *, int, int, int, int, int)"
142389549023,7000,142389556023,4014,142389560037,5760,16774,125,125,5,cudaLaunchKernel,3907    1    1, 256    1    1,"<unnamed>::unpack_face_x(const double *, double *, int, int, int, int, int)"
142389551416,10159,142389561575,2293,142389563868,5728,18180,124,124,4,cudaLaunchKernel,3907    1    1, 256    1    1,"<unnamed>::unpack_face_x(const double *, double *, int, int, int, int, int)"
142389552231,5859,142389558090,625883,142390183973,11520,643262,126,126,6,cudaLaunchKernel,3907    1    1, 256    1    1,"<unnamed>::pack_face_x(const double *, double *, int, int, int, int, int)"
142389553018,4778,142389557796,604291,142390162087,14266346,14875415,120,120,0,cudaLaunchKernel,  32  250  250,  32    4    4,"<unnamed>::step_kernel_interior(const double *, const double *, double *, const double *, const double *, int, int, int, int, int, int, int, double, double)"
142389556414,6476,142389562890,5211,142389568101,6144,17831,125,125,5,cudaLaunchKernel,3907    1    1, 256    1    1,"<unnamed>::unpack_face_y(const double *, double *, int, int, int, int, int)"
142389558487,7518,142389566005,14874230,142404440235,7520,14889268,126,126,6,cudaLaunchKernel,3907    1    1, 256    1    1,"<unnamed>::pack_face_y(const double *, double *, int, int, int, int, int)"
142389562067,5540,142389567607,4133,142389571740,6048,15721,124,124,4,cudaLaunchKernel,3907    1    1, 256    1    1,"<unnamed>::unpack_face_y(const double *, double *, int, int, int, int, int)"
142389563250,4317,142389567567,7766,142389575333,77887,89970,125,125,5,cudaLaunchKernel,3907    1    1, 256    1    1,"<unnamed>::unpack_face_z(const double *, double *, int, int, int, int, int)"
142389566391,5073,142389571464,14877731,142404449195,41056,14923860,126,126,6,cudaLaunchKernel,3907    1    1, 256    1    1,"<unnamed>::pack_face_z(const double *, double *, int, int, int, int, int)"
142389568014,4628,142389572642,6170,142389578812,76960,87758,124,124,4,cudaLaunchKernel,3907    1    1, 256    1    1,"<unnamed>::unpack_face_z(const double *, double *, int, int, int, int, int)"
142389568224,6003,142389574227,80625,142389654852,41536,128164,125,125,5,cudaLaunchKernel,7813    1    1, 256    1    1,"<unnamed>::step_kernel_boundary_x_faces(const double *, const double *, double *, const double *, const double *, int, int, int, int, int, int, int, double, double)"
142389571968,5784,142389577752,611085,142390188837,14257414,14874283,126,126,6,cudaLaunchKernel,  32  250  250,  32    4    4,"<unnamed>::step_kernel_interior(const double *, const double *, double *, const double *, const double *, int, int, int, int, int, int, int, double, double)"
142389573453,5391,142389578844,78528,142389657372,41791,125710,124,124,4,cudaLaunchKernel,7813    1    1, 256    1    1,"<unnamed>::step_kernel_boundary_x_faces(const double *, const double *, double *, const double *, const double *, int, int, int, int, int, int, int, double, double)"
142389574605,3999,142389578604,119416,142389698020,39456,162871,125,125,5,cudaLaunchKernel,7797    1    1, 256    1    1,"<unnamed>::step_kernel_boundary_y_faces(const double *, const double *, double *, const double *, const double *, int, int, int, int, int, int, int, double, double)"
142389578960,3583,142389582543,156533,142389739076,477915,638031,125,125,5,cudaLaunchKernel,7782    1    1, 256    1    1,"<unnamed>::step_kernel_boundary_z_faces(const double *, const double *, double *, const double *, const double *, int, int, int, int, int, int, int, double, double)"
142389579253,4207,142389583460,117047,142389700507,40640,161894,124,124,4,cudaLaunchKernel,7797    1    1, 256    1    1,"<unnamed>::step_kernel_boundary_y_faces(const double *, const double *, double *, const double *, const double *, int, int, int, int, int, int, int, double, double)"
142389584024,5269,142389589293,153198,142389742491,480893,639360,124,124,4,cudaLaunchKernel,7782    1    1, 256    1    1,"<unnamed>::step_kernel_boundary_z_faces(const double *, const double *, double *, const double *, const double *, int, int, int, int, int, int, int, double, double)"
142389587214,6097,142389593311,14884529,142404477840,7136,14897762,125,125,5,cudaLaunchKernel,3907    1    1, 256    1    1,"<unnamed>::pack_face_x(const double *, double *, int, int, int, int, int)"
142389593704,4530,142389598234,14888534,142404486768,6560,14899624,125,125,5,cudaLaunchKernel,3907    1    1, 256    1    1,"<unnamed>::pack_face_y(const double *, double *, int, int, int, int, int)"
142389596465,5358,142389601823,14855255,142404457078,7136,14867749,124,124,4,cudaLaunchKernel,3907    1    1, 256    1    1,"<unnamed>::pack_face_x(const double *, double *, int, int, int, int, int)"
142389598608,4399,142389603007,14891761,142404494768,42368,14938528,125,125,5,cudaLaunchKernel,3907    1    1, 256    1    1,"<unnamed>::pack_face_z(const double *, double *, int, int, int, int, int)"
142389602307,5167,142389607474,14858148,142404465622,6400,14869715,124,124,4,cudaLaunchKernel,3907    1    1, 256    1    1,"<unnamed>::pack_face_y(const double *, double *, int, int, int, int, int)"
142389603572,3342,142389606914,612029,142390218943,14264593,14879964,125,125,5,cudaLaunchKernel,  32  250  250,  32    4    4,"<unnamed>::step_kernel_interior(const double *, const double *, double *, const double *, const double *, int, int, int, int, int, int, int, double, double)"
142389607878,5485,142389613363,14859907,142404473270,41855,14907247,124,124,4,cudaLaunchKernel,3907    1    1, 256    1    1,"<unnamed>::pack_face_z(const double *, double *, int, int, int, int, int)"
142389613961,4543,142389618504,606288,142390224792,14238046,14848877,124,124,4,cudaLaunchKernel,  32  250  250,  32    4    4,"<unnamed>::step_kernel_interior(const double *, const double *, double *, const double *, const double *, int, int, int, int, int, int, int, double, double)"
142404695766,7725,142404703491,4357,142404707848,5504,17586,123,123,3,cudaLaunchKernel,3907    1    1, 256    1    1,"<unnamed>::unpack_face_x(const double *, double *, int, int, int, int, int)"
142404703938,4965,142404708903,6081,142404714984,6016,17062,123,123,3,cudaLaunchKernel,3907    1    1, 256    1    1,"<unnamed>::unpack_face_y(const double *, double *, int, int, int, int, int)"
142404709299,5399,142404714698,7390,142404722088,76672,89461,123,123,3,cudaLaunchKernel,3907    1    1, 256    1    1,"<unnamed>::unpack_face_z(const double *, double *, int, int, int, int, int)"
142404714924,8360,142404723284,2575,142404725859,5535,16470,122,122,2,cudaLaunchKernel,3907    1    1, 256    1    1,"<unnamed>::unpack_face_x(const double *, double *, int, int, int, int, int)"
142404715306,4461,142404719767,80369,142404800136,42591,127421,123,123,3,cudaLaunchKernel,7813    1    1, 256    1    1,"<unnamed>::step_kernel_boundary_x_faces(const double *, const double *, double *, const double *, const double *, int, int, int, int, int, int, int, double, double)"
142404717106,8256,142404725362,2460,142404727822,5760,16476,120,120,0,cudaLaunchKernel,3907    1    1, 256    1    1,"<unnamed>::unpack_face_x(const double *, double *, int, int, int, int, int)"
142404720329,6322,142404726651,117484,142404844135,39680,163486,123,123,3,cudaLaunchKernel,7797    1    1, 256    1    1,"<unnamed>::step_kernel_boundary_y_faces(const double *, const double *, double *, const double *, const double *, int, int, int, int, int, int, int, double, double)"
142404723419,6553,142404729972,2730,142404732702,5728,15011,121,121,1,cudaLaunchKernel,3907    1    1, 256    1    1,"<unnamed>::unpack_face_x(const double *, double *, int, int, int, int, int)"
142404723906,5951,142404729857,3713,142404733570,6240,15904,122,122,2,cudaLaunchKernel,3907    1    1, 256    1    1,"<unnamed>::unpack_face_y(const double *, double *, int, int, int, int, int)"
142404725753,5405,142404731158,4312,142404735470,6208,15925,120,120,0,cudaLaunchKernel,3907    1    1, 256    1    1,"<unnamed>::unpack_face_y(const double *, double *, int, int, int, int, int)"
142404727035,4341,142404731376,153911,142404885287,478781,637033,123,123,3,cudaLaunchKernel,7782    1    1, 256    1    1,"<unnamed>::step_kernel_boundary_z_faces(const double *, const double *, double *, const double *, const double *, int, int, int, int, int, int, int, double, double)"
142404730316,4676,142404734992,6194,142404741186,76991,87861,122,122,2,cudaLaunchKernel,3907    1    1, 256    1    1,"<unnamed>::unpack_face_z(const double *, double *, int, int, int, int, int)"
142404730411,3224,142404733635,5819,142404739454,6240,15283,121,121,1,cudaLaunchKernel,3907    1    1, 256    1    1,"<unnamed>::unpack_face_y(const double *, double *, int, int, int, int, int)"
142404731546,5551,142404737097,5861,142404742958,77312,88724,120,120,0,cudaLaunchKernel,3907    1    1, 256    1    1,"<unnamed>::unpack_face_z(const double *, double *, int, int, int, int, int)"
142404734019,4630,142404738649,8197,142404746846,76991,89818,121,121,1,cudaLaunchKernel,3907    1    1, 256    1    1,"<unnamed>::unpack_face_z(const double *, double *, int, int, int, int, int)"
142404735680,5277,142404740957,78884,142404819841,42880,127041,122,122,2,cudaLaunchKernel,7813    1    1, 256    1    1,"<unnamed>::step_kernel_boundary_x_faces(const double *, const double *, double *, const double *, const double *, int, int, int, int, int, int, int, double, double)"
142404736851,5441,142404742292,623568,142405365860,10944,639953,123,123,3,cudaLaunchKernel,3907    1    1, 256    1    1,"<unnamed>::pack_face_x(const double *, double *, int, int, int, int, int)"
142404737912,5393,142404743305,78373,142404821678,41855,125621,120,120,0,cudaLaunchKernel,7813    1    1, 256    1    1,"<unnamed>::step_kernel_boundary_x_faces(const double *, const double *, double *, const double *, const double *, int, int, int, int, int, int, int, double, double)"
142404739315,3350,142404742665,82580,142404825245,42848,128778,121,121,1,cudaLaunchKernel,7813    1    1, 256    1    1,"<unnamed>::step_kernel_boundary_x_faces(const double *, const double *, double *, const double *, const double *, int, int, int, int, int, int, int, double, double)"
142404741367,4727,142404746094,118227,142404864321,39455,162409,122,122,2,cudaLaunchKernel,7797    1    1, 256    1    1,"<unnamed>::step_kernel_boundary_y_faces(const double *, const double *, double *, const double *, const double *, int, int, int, int, int, int, int, double, double)"
142404742666,5578,142404748244,14880458,142419628702,8864,14894900,123,123,3,cudaLaunchKernel,3907    1    1, 256    1    1,"<unnamed>::pack_face_y(const double *, double *, int, int, int, int, int)"
142404743052,4077,142404747129,122436,142404869565,39680,166193,121,121,1,cudaLaunchKernel,7797    1    1, 256    1    1,"<unnamed>::step_kernel_boundary_y_faces(const double *, const double *, double *, const double *, const double *, int, int, int, int, int, int, int, double, double)"
142404743658,5058,142404748716,116545,142404865261,40448,162051,120,120,0,cudaLaunchKernel,7797    1    1, 256    1    1,"<unnamed>::step_kernel_boundary_y_faces(const double *, const double *, double *, const double *, const double *, int, int, int, int, int, int, int, double, double)"
142404746466,5070,142404751536,153968,142404905504,483226,642264,122,122,2,cudaLaunchKernel,7782    1    1, 256    1    1,"<unnamed>::step_kernel_boundary_z_faces(const double *, const double *, double *, const double *, const double *, int, int, int, int, int, int, int, double, double)"
142404747250,7807,142404755057,3998,142404759055,5696,17501,133,133,7,cudaLaunchKernel,3907    1    1, 256    1    1,"<unnamed>::unpack_face_x(const double *, double *, int, int, int, int, int)"
142404747508,3772,142404751280,159661,142404910941,470173,633606,121,121,1,cudaLaunchKernel,7782    1    1, 256    1    1,"<unnamed>::step_kernel_boundary_z_faces(const double *, const double *, double *, const double *, const double *, int, int, int, int, int, int, int, double, double)"
142404747709,8792,142404756501,2931,142404759432,5728,17451,126,126,6,cudaLaunchKernel,3907    1    1, 256    1    1,"<unnamed>::unpack_face_x(const double *, double *, int, int, int, int, int)"
142404748642,4919,142404753561,14885540,142419639101,39904,14930363,123,123,3,cudaLaunchKernel,3907    1    1, 256    1    1,"<unnamed>::pack_face_z(const double *, double *, int, int, int, int, int)"
142404749160,3846,142404753006,154111,142404907117,480828,638785,120,120,0,cudaLaunchKernel,7782    1    1, 256    1    1,"<unnamed>::step_kernel_boundary_z_faces(const double *, const double *, double *, const double *, const double *, int, int, int, int, int, int, int, double, double)"
142404754118,4246,142404758364,612680,142405371044,14264730,14881656,123,123,3,cudaLaunchKernel,  32  250  250,  32    4    4,"<unnamed>::step_kernel_interior(const double *, const double *, double *, const double *, const double *, int, int, int, int, int, int, int, double, double)"
142404755555,10318,142404765873,3677,142404769550,6112,20107,133,133,7,cudaLaunchKernel,3907    1    1, 256    1    1,"<unnamed>::unpack_face_y(const double *, double *, int, int, int, int, int)"
142404756653,6519,142404763172,14868585,142419631757,7200,14882304,121,121,1,cudaLaunchKernel,3907    1    1, 256    1    1,"<unnamed>::pack_face_x(const double *, double *, int, int, int, int, int)"
142404757408,8718,142404766126,14870518,142419636644,6944,14886180,122,122,2,cudaLaunchKernel,3907    1    1, 256    1    1,"<unnamed>::pack_face_x(const double *, double *, int, int, int, int, int)"
142404757452,8964,142404766416,2520,142404768936,6240,17724,126,126,6,cudaLaunchKernel,3907    1    1, 256    1    1,"<unnamed>::unpack_face_y(const double *, double *, int, int, int, int, int)"
142404759424,10683,142404770107,619310,142405389417,12032,642025,120,120,0,cudaLaunchKernel,3907    1    1, 256    1    1,"<unnamed>::pack_face_x(const double *, double *, int, int, int, int, int)"
142404764304,6316,142404770620,14869873,142419640493,6688,14882877,121,121,1,cudaLaunchKernel,3907    1    1, 256    1    1,"<unnamed>::pack_face_y(const double *, double *, int, int, int, int, int)"
142404766751,6858,142404773609,4197,142404777806,77728,88783,133,133,7,cudaLaunchKernel,3907    1    1, 256    1    1,"<unnamed>::unpack_face_z(const double *, double *, int, int, int, int, int)"
142404767023,6340,142404773363,14871985,142419645348,6335,14884660,122,122,2,cudaLaunchKernel,3907    1    1, 256    1    1,"<unnamed>::pack_face_y(const double *, double *, int, int, int, int, int)"
142404767311,7962,142404775273,3391,142404778664,76863,88216,126,126,6,cudaLaunchKernel,3907    1    1, 256    1    1,"<unnamed>::unpack_face_z(const double *, double *, int, int, int, int, int)"
142404770976,5899,142404776875,14876936,142419653811,7456,14890291,120,120,0,cudaLaunchKernel,3907    1    1, 256    1    1,"<unnamed>::pack_face_y(const double *, double *, int, int, int, int, int)"
142404771003,6179,142404777182,14871151,142419648333,42336,14919666,121,121,1,cudaLaunchKernel,3907    1    1, 256    1    1,"<unnamed>::pack_face_z(const double *, double *, int, int, int, int, int)"
142404773764,3323,142404777087,14875748,142419652835,42272,14921343,122,122,2,cudaLaunchKernel,3907    1    1, 256    1    1,"<unnamed>::pack_face_z(const double *, double *, int, int, int, int, int)"
142404774278,5153,142404779431,77383,142404856814,41919,124455,133,133,7,cudaLaunchKernel,7813    1    1, 256    1    1,"<unnamed>::step_kernel_boundary_x_faces(const double *, const double *, double *, const double *, const double *, int, int, int, int, int, int, int, double, double)"
142404775933,4864,142404780797,75978,142404856775,42687,123529,126,126,6,cudaLaunchKernel,7813    1    1, 256    1    1,"<unnamed>::step_kernel_boundary_x_faces(const double *, const double *, double *, const double *, const double *, int, int, int, int, int, int, int, double, double)"
142404777260,4771,142404782031,14880612,142419662643,40288,14925671,120,120,0,cudaLaunchKernel,3907    1    1, 256    1    1,"<unnamed>::pack_face_z(const double *, double *, int, int, int, int, int)"
142404777756,4345,142404782101,608389,142405390490,14251914,14864648,122,122,2,cudaLaunchKernel,  32  250  250,  32    4    4,"<unnamed>::step_kernel_interior(const double *, const double *, double *, const double *, const double *, int, int, int, int, int, int, int, double, double)"
142404777909,4291,142404782200,600450,142405382650,14254323,14859064,121,121,1,cudaLaunchKernel,  32  250  250,  32    4    4,"<unnamed>::step_kernel_interior(const double *, const double *, double *, const double *, const double *, int, int, int, int, int, int, int, double, double)"
142404778999,13872,142404792871,1644,142404794515,5856,21372,124,124,4,cudaLaunchKernel,3907    1    1, 256    1    1,"<unnamed>::unpack_face_x(const double *, double *, int, int, int, int, int)"
142404779165,11684,142404790849,2924,142404793773,5664,20272,125,125,5,cudaLaunchKernel,3907    1    1, 256    1    1,"<unnamed>::unpack_face_x(const double *, double *, int, int, int, int, int)"
142404779792,9860,142404789652,110489,142404900141,40288,160637,133,133,7,cudaLaunchKernel,7797    1    1, 256    1    1,"<unnamed>::step_kernel_boundary_y_faces(const double *, const double *, double *, const double *, const double *, int, int, int, int, int, int, int, double, double)"
142404781144,9328,142404790472,110302,142404900774,39648,159278,126,126,6,cudaLaunchKernel,7797    1    1, 256    1    1,"<unnamed>::step_kernel_boundary_y_faces(const double *, const double *, double *, const double *, const double *, int, int, int, int, int, int, int, double, double)"
142404782785,11559,142404794344,600065,142405394409,14264490,14876114,120,120,0,cudaLaunchKernel,  32  250  250,  32    4    4,"<unnamed>::step_kernel_interior(const double *, const double *, double *, const double *, const double *, int, int, int, int, int, int, int, double, double)"
142404790532,9415,142404799947,142146,142404942093,477883,629444,133,133,7,cudaLaunchKernel,7782    1    1, 256    1    1,"<unnamed>::step_kernel_boundary_z_faces(const double *, const double *, double *, const double *, const double *, int, int, int, int, int, int, int, double, double)"
142404791365,11442,142404802807,139151,142404941958,479963,630556,126,126,6,cudaLaunchKernel,7782    1    1, 256    1    1,"<unnamed>::step_kernel_boundary_z_faces(const double *, const double *, double *, const double *, const double *, int, int, int, int, int, int, int, double, double)"
142404791808,10775,142404802583,2870,142404805453,6272,19917,125,125,5,cudaLaunchKernel,3907    1    1, 256    1    1,"<unnamed>::unpack_face_y(const double *, double *, int, int, int, int, int)"
142404796965,7253,142404804218,2169,142404806387,6464,15886,124,124,4,cudaLaunchKernel,3907    1    1, 256    1    1,"<unnamed>::unpack_face_y(const double *, double *, int, int, int, int, int)"
142404803452,10159,142404813611,4066,142404817677,76159,90384,125,125,5,cudaLaunchKernel,3907    1    1, 256    1    1,"<unnamed>::unpack_face_z(const double *, double *, int, int, int, int, int)"
142404805009,11360,142404816369,2434,142404818803,77152,90946,124,124,4,cudaLaunchKernel,3907    1    1, 256    1    1,"<unnamed>::unpack_face_z(const double *, double *, int, int, int, int, int)"
142404812270,11466,142404823736,598096,142405421832,10656,620218,133,133,7,cudaLaunchKernel,3907    1    1, 256    1    1,"<unnamed>::pack_face_x(const double *, double *, int, int, int, int, int)"
142404814193,10511,142404824704,14858439,142419683143,7328,14876278,126,126,6,cudaLaunchKernel,3907    1    1, 256    1    1,"<unnamed>::pack_face_x(const double *, double *, int, int, int, int, int)"
142404814710,9319,142404824029,71535,142404895564,42784,123638,125,125,5,cudaLaunchKernel,7813    1    1, 256    1    1,"<unnamed>::step_kernel_boundary_x_faces(const double *, const double *, double *, const double *, const double *, int, int, int, int, int, int, int, double, double)"
142404817501,26786,142404844287,52980,142404897267,42783,122549,124,124,4,cudaLaunchKernel,7813    1    1, 256    1    1,"<unnamed>::step_kernel_boundary_x_faces(const double *, const double *, double *, const double *, const double *, int, int, int, int, int, int, int, double, double)"
142404824692,6920,142404831612,14855195,142419686807,7488,14869603,133,133,7,cudaLaunchKernel,3907    1    1, 256    1    1,"<unnamed>::pack_face_y(const double *, double *, int, int, int, int, int)"
142404824900,7635,142404832535,107221,142404939756,39647,154503,125,125,5,cudaLaunchKernel,7797    1    1, 256    1    1,"<unnamed>::step_kernel_boundary_y_faces(const double *, const double *, double *, const double *, const double *, int, int, int, int, int, int, int, double, double)"
142404825638,7553,142404833191,14858880,142419692071,7424,14873857,126,126,6,cudaLaunchKernel,3907    1    1, 256    1    1,"<unnamed>::pack_face_y(const double *, double *, int, int, int, int, int)"
142404832004,4342,142404836346,14859613,142419695959,39936,14903891,133,133,7,cudaLaunchKernel,3907    1    1, 256    1    1,"<unnamed>::pack_face_z(const double *, double *, int, int, int, int, int)"
142404832949,7243,142404840192,140715,142404980907,478076,626034,125,125,5,cudaLaunchKernel,7782    1    1, 256    1    1,"<unnamed>::step_kernel_boundary_z_faces(const double *, const double *, double *, const double *, const double *, int, int, int, int, int, int, int, double, double)"
142404833584,4511,142404838095,14862616,142419700711,41855,14908982,126,126,6,cudaLaunchKernel,3907    1    1, 256    1    1,"<unnamed>::pack_face_z(const double *, double *, int, int, int, int, int)"
142404837046,5588,142404842634,584190,142405426824,14265615,14855393,133,133,7,cudaLaunchKernel,  32  250  250,  32    4    4,"<unnamed>::step_kernel_interior(const double *, const double *, double *, const double *, const double *, int, int, int, int, int, int, int, double, double)"
142404838755,4714,142404843469,579924,142405423393,14265574,14850212,126,126,6,cudaLaunchKernel,  32  250  250,  32    4    4,"<unnamed>::step_kernel_interior(const double *, const double *, double *, const double *, const double *, int, int, int, int, int, int, int, double, double)"
142404845222,5734,142404850956,90502,142404941458,39584,135820,124,124,4,cudaLaunchKernel,7797    1    1, 256    1    1,"<unnamed>::step_kernel_boundary_y_faces(const double *, const double *, double *, const double *, const double *, int, int, int, int, int, int, int, double, double)"
142404846976,5044,142404852020,608723,142405460743,10655,624422,125,125,5,cudaLaunchKernel,3907    1    1, 256    1    1,"<unnamed>::pack_face_x(const double *, double *, int, int, int, int, int)"
142404851352,3819,142404855171,127311,142404982482,474877,606007,124,124,4,cudaLaunchKernel,7782    1    1, 256    1    1,"<unnamed>::step_kernel_boundary_z_faces(const double *, const double *, double *, const double *, const double *, int, int, int, int, int, int, int, double, double)"
142404852398,9572,142404861970,14858470,142419720440,7264,14875306,125,125,5,cudaLaunchKernel,3907    1    1, 256    1    1,"<unnamed>::pack_face_y(const double *, double *, int, int, int, int, int)"
142404862897,6194,142404869091,14860373,142419729464,40736,14907303,125,125,5,cudaLaunchKernel,3907    1    1, 256    1    1,"<unnamed>::pack_face_z(const double *, double *, int, int, int, int, int)"
142404866719,7610,142404874329,14812212,142419686541,7168,14826990,124,124,4,cudaLaunchKernel,3907    1    1, 256    1    1,"<unnamed>::pack_face_x(const double *, double *, int, int, int, int, int)"
142404869732,3718,142404873450,592061,142405465511,14260497,14856276,125,125,5,cudaLaunchKernel,  32  250  250,  32    4    4,"<unnamed>::step_kernel_interior(const double *, const double *, double *, const double *, const double *, int, int, int, int, int, int, int, double, double)"
142404874861,5318,142404880179,14815258,142419695437,6496,14827072,124,124,4,cudaLaunchKernel,3907    1    1, 256    1    1,"<unnamed>::pack_face_y(const double *, double *, int, int, int, int, int)"
142404880596,4189,142404884785,14818364,142419703149,41407,14863960,124,124,4,cudaLaunchKernel,3907    1    1, 256    1    1,"<unnamed>::pack_face_z(const double *, double *, int, int, int, int, int)"
142404885409,6133,142404891542,567257,142405458799,14234238,14807628,124,124,4,cudaLaunchKernel,  32  250  250,  32    4    4,"<unnamed>::step_kernel_interior(const double *, const double *, double *, const double *, const double *, int, int, int, int, int, int, int, double, double)"
142419876402,9140,142419885542,2539,142419888081,5696,17375,120,120,0,cudaLaunchKernel,3907    1    1, 256    1    1,"<unnamed>::unpack_face_x(const double *, double *, int, int, int, int, int)"
142419883729,6840,142419890569,2627,142419893196,5984,15451,121,121,1,cudaLaunchKernel,3907    1    1, 256    1    1,"<unnamed>::unpack_face_x(const double *, double *, int, int, int, int, int)"
142419885998,5082,142419891080,4041,142419895121,6272,15395,120,120,0,cudaLaunchKernel,3907    1    1, 256    1    1,"<unnamed>::unpack_face_y(const double *, double *, int, int, int, int, int)"
142419887003,8344,142419895347,2701,142419898048,5824,16869,122,122,2,cudaLaunchKernel,3907    1    1, 256    1    1,"<unnamed>::unpack_face_x(const double *, double *, int, int, int, int, int)"
142419890965,11837,142419902802,4362,142419907164,5664,21863,123,123,3,cudaLaunchKernel,3907    1    1, 256    1    1,"<unnamed>::unpack_face_x(const double *, double *, int, int, int, int, int)"
142419890994,3641,142419894635,5569,142419900204,6112,15322,121,121,1,cudaLaunchKernel,3907    1    1, 256    1    1,"<unnamed>::unpack_face_y(const double *, double *, int, int, int, int, int)"
142419891656,4091,142419895747,6638,142419902385,77152,87881,120,120,0,cudaLaunchKernel,3907    1    1, 256    1    1,"<unnamed>::unpack_face_z(const double *, double *, int, int, int, int, int)"
142419895005,3538,142419898543,8797,142419907340,77599,89934,121,121,1,cudaLaunchKernel,3907    1    1, 256    1    1,"<unnamed>::unpack_face_z(const double *, double *, int, int, int, int, int)"
142419895773,4814,142419900587,4565,142419905152,6304,15683,122,122,2,cudaLaunchKernel,3907    1    1, 256    1    1,"<unnamed>::unpack_face_y(const double *, double *, int, int, int, int, int)"
142419896457,6819,142419903276,78213,142419981489,42911,127943,120,120,0,cudaLaunchKernel,7813    1    1, 256    1    1,"<unnamed>::step_kernel_boundary_x_faces(const double *, const double *, double *, const double *, const double *, int, int, int, int, int, int, int, double, double)"
142419898894,9325,142419908219,4090,142419912309,5920,19335,133,133,7,cudaLaunchKernel,3907    1    1, 256    1    1,"<unnamed>::unpack_face_x(const double *, double *, int, int, int, int, int)"
142419899165,3806,142419902971,83504,142419986475,42016,129326,121,121,1,cudaLaunchKernel,7813    1    1, 256    1    1,"<unnamed>::step_kernel_boundary_x_faces(const double *, const double *, double *, const double *, const double *, int, int, int, int, int, int, int, double, double)"
142419901002,4333,142419905335,7401,142419912736,77567,89301,122,122,2,cudaLaunchKernel,3907    1    1, 256    1    1,"<unnamed>::unpack_face_z(const double *, double *, int, int, int, int, int)"
142419903196,4622,142419907818,6546,142419914364,6335,17503,123,123,3,cudaLaunchKernel,3907    1    1, 256    1    1,"<unnamed>::unpack_face_y(const double *, double *, int, int, int, int, int)"
142419903342,3752,142419907094,122901,142420029995,39840,166493,121,121,1,cudaLaunchKernel,7797    1    1, 256    1    1,"<unnamed>::step_kernel_boundary_y_faces(const double *, const double *, double *, const double *, const double *, int, int, int, int, int, int, int, double, double)"
142419903797,5546,142419909343,116593,142420025936,39776,161915,120,120,0,cudaLaunchKernel,7797    1    1, 256    1    1,"<unnamed>::step_kernel_boundary_y_faces(const double *, const double *, double *, const double *, const double *, int, int, int, int, int, int, int, double, double)"
142419906035,6108,142419912143,79760,142419991903,41696,127564,122,122,2,cudaLaunchKernel,7813    1    1, 256    1    1,"<unnamed>::step_kernel_boundary_x_faces(const double *, const double *, double *, const double *, const double *, int, int, int, int, int, int, int, double, double)"
142419907587,4207,142419911794,159609,142420071403,470653,634469,121,121,1,cudaLaunchKernel,7782    1    1, 256    1    1,"<unnamed>::step_kernel_boundary_z_faces(const double *, const double *, double *, const double *, const double *, int, int, int, int, int, int, int, double, double)"
142419908226,4436,142419912662,9317,142419921979,77280,91033,123,123,3,cudaLaunchKernel,3907    1    1, 256    1    1,"<unnamed>::unpack_face_z(const double *, double *, int, int, int, int, int)"
142419908676,4494,142419913170,6051,142419919221,6176,16721,133,133,7,cudaLaunchKernel,3907    1    1, 256    1    1,"<unnamed>::unpack_face_y(const double *, double *, int, int, int, int, int)"
142419909730,6354,142419916084,151068,142420067152,481436,638858,120,120,0,cudaLaunchKernel,7782    1    1, 256    1    1,"<unnamed>::step_kernel_boundary_z_faces(const double *, const double *, double *, const double *, const double *, int, int, int, int, int, int, int, double, double)"
142419912543,3959,142419916502,118601,142420035103,39583,162143,122,122,2,cudaLaunchKernel,7797    1    1, 256    1    1,"<unnamed>::step_kernel_boundary_y_faces(const double *, const double *, double *, const double *, const double *, int, int, int, int, int, int, int, double, double)"
142419913304,5901,142419919205,82422,142420001627,42720,131043,123,123,3,cudaLaunchKernel,7813    1    1, 256    1    1,"<unnamed>::step_kernel_boundary_x_faces(const double *, const double *, double *, const double *, const double *, int, int, int, int, int, int, int, double, double)"
142419913525,3755,142419917280,9141,142419926421,77919,90815,133,133,7,cudaLaunchKernel,3907    1    1, 256    1    1,"<unnamed>::unpack_face_z(const double *, double *, int, int, int, int, int)"
142419916886,10808,142419927694,148752,142420076446,480730,640290,122,122,2,cudaLaunchKernel,7782    1    1, 256    1    1,"<unnamed>::step_kernel_boundary_z_faces(const double *, const double *, double *, const double *, const double *, int, int, int, int, int, int, int, double, double)"
142419917533,8341,142419925874,14876201,142434802075,8096,14892638,121,121,1,cudaLaunchKernel,3907    1    1, 256    1    1,"<unnamed>::pack_face_x(const double *, double *, int, int, int, int, int)"
142419917921,10523,142419928444,77336,142420005780,42623,130482,133,133,7,cudaLaunchKernel,7813    1    1, 256    1    1,"<unnamed>::step_kernel_boundary_x_faces(const double *, const double *, double *, const double *, const double *, int, int, int, int, int, int, int, double, double)"
142419919566,12710,142419932276,113831,142420046107,39487,166028,123,123,3,cudaLaunchKernel,7797    1    1, 256    1    1,"<unnamed>::step_kernel_boundary_y_faces(const double *, const double *, double *, const double *, const double *, int, int, int, int, int, int, int, double, double)"
142419926037,11355,142419937392,14864646,142434802038,6752,14882753,120,120,0,cudaLaunchKernel,3907    1    1, 256    1    1,"<unnamed>::pack_face_x(const double *, double *, int, int, int, int, int)"
142419926791,8903,142419935694,14876077,142434811771,6592,14891572,121,121,1,cudaLaunchKernel,3907    1    1, 256    1    1,"<unnamed>::pack_face_y(const double *, double *, int, int, int, int, int)"
142419932221,6698,142419938919,111244,142420050163,39552,157494,133,133,7,cudaLaunchKernel,7797    1    1, 256    1    1,"<unnamed>::step_kernel_boundary_y_faces(const double *, const double *, double *, const double *, const double *, int, int, int, int, int, int, int, double, double)"
142419933436,7205,142419940641,146713,142420087354,481597,635515,123,123,3,cudaLaunchKernel,7782    1    1, 256    1    1,"<unnamed>::step_kernel_boundary_z_faces(const double *, const double *, double *, const double *, const double *, int, int, int, int, int, int, int, double, double)"
142419936567,5922,142419942489,14877026,142434819515,41824,14924772,121,121,1,cudaLaunchKernel,3907    1    1, 256    1    1,"<unnamed>::pack_face_z(const double *, double *, int, int, int, int, int)"
142419938309,8304,142419946613,14863585,142434810198,6432,14878321,120,120,0,cudaLaunchKernel,3907    1    1, 256    1    1,"<unnamed>::pack_face_y(const double *, double *, int, int, int, int, int)"
142419939095,5636,142419944731,14867046,142434811777,6784,14879466,122,122,2,cudaLaunchKernel,3907    1    1, 256    1    1,"<unnamed>::pack_face_x(const double *, double *, int, int, int, int, int)"
142419939379,10578,142419949957,141262,142420091219,478107,629947,133,133,7,cudaLaunchKernel,7782    1    1, 256    1    1,"<unnamed>::step_kernel_boundary_z_faces(const double *, const double *, double *, const double *, const double *, int, int, int, int, int, int, int, double, double)"
142419942574,11555,142419954129,3109,142419957238,5824,20488,125,125,5,cudaLaunchKernel,3907    1    1, 256    1    1,"<unnamed>::unpack_face_x(const double *, double *, int, int, int, int, int)"
142419943200,8704,142419951904,591528,142420543432,14264915,14865147,121,121,1,cudaLaunchKernel,  32  250  250,  32    4    4,"<unnamed>::step_kernel_interior(const double *, const double *, double *, const double *, const double *, int, int, int, int, int, int, int, double, double)"
142419944588,12732,142419957320,1923,142419959243,5696,20351,124,124,4,cudaLaunchKernel,3907    1    1, 256    1    1,"<unnamed>::unpack_face_x(const double *, double *, int, int, int, int, int)"
142419945128,11291,142419956419,14863902,142434820321,6240,14881433,122,122,2,cudaLaunchKernel,3907    1    1, 256    1    1,"<unnamed>::pack_face_y(const double *, double *, int, int, int, int, int)"
142419945168,12568,142419957736,2812,142419960548,5568,20948,126,126,6,cudaLaunchKernel,3907    1    1, 256    1    1,"<unnamed>::unpack_face_x(const double *, double *, int, int, int, int, int)"
142419948258,6075,142419954333,14863417,142434817750,42144,14911636,120,120,0,cudaLaunchKernel,3907    1    1, 256    1    1,"<unnamed>::pack_face_z(const double *, double *, int, int, int, int, int)"
142419950787,7544,142419958331,14868822,142434827153,7232,14883598,123,123,3,cudaLaunchKernel,3907    1    1, 256    1    1,"<unnamed>::pack_face_x(const double *, double *, int, int, int, int, int)"
142419954990,5707,142419960697,589171,142420549868,14257514,14852392,120,120,0,cudaLaunchKernel,  32  250  250,  32    4    4,"<unnamed>::step_kernel_interior(const double *, const double *, double *, const double *, const double *, int, int, int, int, int, int, int, double, double)"
142419955218,5110,142419960328,5006,142419965334,6272,16388,125,125,5,cudaLaunchKernel,3907    1    1, 256    1    1,"<unnamed>::unpack_face_y(const double *, double *, int, int, int, int, int)"
142419956300,6024,142419962324,608410,142420570734,10592,625026,133,133,7,cudaLaunchKernel,3907    1    1, 256    1    1,"<unnamed>::pack_face_x(const double *, double *, int, int, int, int, int)"
142419957065,4673,142419961738,14866167,142434827905,41888,14912728,122,122,2,cudaLaunchKernel,3907    1    1, 256    1    1,"<unnamed>::pack_face_z(const double *, double *, int, int, int, int, int)"
142419958241,25038,,,142419967275,5984,25038,124,124,4,cudaLaunchKernel,3907    1    1, 256    1    1,"<unnamed>::unpack_face_y(const double *, double *, int, int, int, int, int)"
142419958517,5285,142419963802,4650,142419968452,6080,16015,126,126,6,cudaLaunchKernel,3907    1    1, 256    1    1,"<unnamed>::unpack_face_y(const double *, double *, int, int, int, int, int)"
142419958771,4023,142419962794,14873351,142434836145,6144,14883518,123,123,3,cudaLaunchKernel,3907    1    1, 256    1    1,"<unnamed>::pack_face_y(const double *, double *, int, int, int, int, int)"
142419960867,4502,142419965369,7357,142419972726,77983,89842,125,125,5,cudaLaunchKernel,3907    1    1, 256    1    1,"<unnamed>::unpack_face_z(const double *, double *, int, int, int, int, int)"
142419962459,10330,142419972789,586243,142420559032,14258473,14855046,122,122,2,cudaLaunchKernel,  32  250  250,  32    4    4,"<unnamed>::step_kernel_interior(const double *, const double *, double *, const double *, const double *, int, int, int, int, int, int, int, double, double)"
142419962733,9852,142419972585,14864372,142434836957,7584,14881808,133,133,7,cudaLaunchKernel,3907    1    1, 256    1    1,"<unnamed>::pack_face_y(const double *, double *, int, int, int, int, int)"
142419963179,9866,142419973045,14870588,142434843633,42367,14922821,123,123,3,cudaLaunchKernel,3907    1    1, 256    1    1,"<unnamed>::pack_face_z(const double *, double *, int, int, int, int, int)"
142419964193,10244,142419974437,1951,142419976388,78783,90978,126,126,6,cudaLaunchKernel,3907    1    1, 256    1    1,"<unnamed>::unpack_face_z(const double *, double *, int, int, int, int, int)"
142419966045,11262,142419977307,75066,142420052373,41375,127703,125,125,5,cudaLaunchKernel,7813    1    1, 256    1    1,"<unnamed>::step_kernel_boundary_x_faces(const double *, const double *, double *, const double *, const double *, int, int, int, int, int, int, int, double, double)"
142419973498,5360,142419978858,14867315,142434846173,40672,14913347,133,133,7,cudaLaunchKernel,3907    1    1, 256    1    1,"<unnamed>::pack_face_z(const double *, double *, int, int, int, int, int)"
142419974181,5475,142419979656,591151,142420570807,14262330,14858956,123,123,3,cudaLaunchKernel,  32  250  250,  32    4    4,"<unnamed>::step_kernel_interior(const double *, const double *, double *, const double *, const double *, int, int, int, int, int, int, int, double, double)"
142419975590,6307,142419981897,74874,142420056771,41439,122620,126,126,6,cudaLaunchKernel,7813    1    1, 256    1    1,"<unnamed>::step_kernel_boundary_x_faces(const double *, const double *, double *, const double *, const double *, int, int, int, int, int, int, int, double, double)"
142419978159,5168,142419983327,112277,142420095604,39296,156741,125,125,5,cudaLaunchKernel,7797    1    1, 256    1    1,"<unnamed>::step_kernel_boundary_y_faces(const double *, const double *, double *, const double *, const double *, int, int, int, int, int, int, int, double, double)"
142419979528,5433,142419984961,590477,142420575438,14267151,14863061,133,133,7,cudaLaunchKernel,  32  250  250,  32    4    4,"<unnamed>::step_kernel_interior(const double *, const double *, double *, const double *, const double *, int, int, int, int, int, int, int, double, double)"
142419982343,5976,142419988319,111331,142420099650,39776,157083,126,126,6,cudaLaunchKernel,7797    1    1, 256    1    1,"<unnamed>::step_kernel_boundary_y_faces(const double *, const double *, double *, const double *, const double *, int, int, int, int, int, int, int, double, double)"
142419983715,4613,142419988328,148332,142420136660,483707,636652,125,125,5,cudaLaunchKernel,7782    1    1, 256    1    1,"<unnamed>::step_kernel_boundary_z_faces(const double *, const double *, double *, const double *, const double *, int, int, int, int, int, int, int, double, double)"
142419984184,5754,142419989938,2329,142419992267,77919,86002,124,124,4,cudaLaunchKernel,3907    1    1, 256    1    1,"<unnamed>::unpack_face_z(const double *, double *, int, int, int, int, int)"
142419988671,4992,142419993663,147267,142420140930,480955,633214,126,126,6,cudaLaunchKernel,7782    1    1, 256    1    1,"<unnamed>::step_kernel_boundary_z_faces(const double *, const double *, double *, const double *, const double *, int, int, int, int, int, int, int, double, double)"
142419990661,4826,142419995487,76075,142420071562,41920,122821,124,124,4,cudaLaunchKernel,7813    1    1, 256    1    1,"<unnamed>::step_kernel_boundary_x_faces(const double *, const double *, double *, const double *, const double *, int, int, int, int, int, int, int, double, double)"
142419995087,9382,142420004469,14874924,142434879393,7328,14891634,125,125,5,cudaLaunchKernel,3907    1    1, 256    1    1,"<unnamed>::pack_face_x(const double *, double *, int, int, int, int, int)"
142419995873,9894,142420005767,109539,142420115306,40256,159689,124,124,4,cudaLaunchKernel,7797    1    1, 256    1    1,"<unnamed>::step_kernel_boundary_y_faces(const double *, const double *, double *, const double *, const double *, int, int, int, int, int, int, int, double, double)"
142420005376,4959,142420010335,14878370,142434888705,6303,14889632,125,125,5,cudaLaunchKernel,3907    1    1, 256    1    1,"<unnamed>::pack_face_y(const double *, double *, int, int, int, int, int)"
142420006651,6222,142420012873,144865,142420157738,477948,629035,124,124,4,cudaLaunchKernel,7782    1    1, 256    1    1,"<unnamed>::step_kernel_boundary_z_faces(const double *, const double *, double *, const double *, const double *, int, int, int, int, int, int, int, double, double)"
142420010724,5172,142420015896,14880456,142434896352,41472,14927100,125,125,5,cudaLaunchKernel,3907    1    1, 256    1    1,"<unnamed>::pack_face_z(const double *, double *, int, int, int, int, int)"
142420016612,3974,142420020586,601445,142420622031,14262898,14868317,125,125,5,cudaLaunchKernel,  32  250  250,  32    4    4,"<unnamed>::step_kernel_interior(const double *, const double *, double *, const double *, const double *, int, int, int, int, int, int, int, double, double)"
142420020127,7001,142420027128,14856427,142434883555,7200,14870628,126,126,6,cudaLaunchKernel,3907    1    1, 256    1    1,"<unnamed>::pack_face_x(const double *, double *, int, int, int, int, int)"
142420020286,5488,142420025774,611320,142420637094,10784,627592,124,124,4,cudaLaunchKernel,3907    1    1, 256    1    1,"<unnamed>::pack_face_x(const double *, double *, int, int, int, int, int)"
142420026201,4617,142420030818,14846434,142434877252,8832,14859883,124,124,4,cudaLaunchKernel,3907    1    1, 256    1    1,"<unnamed>::pack_face_y(const double *, double *, int, int, int, int, int)"
142420027521,4590,142420032111,14860051,142434892162,6336,14870977,126,126,6,cudaLaunchKernel,3907    1    1, 256    1    1,"<unnamed>::pack_face_y(const double *, double *, int, int, int, int, int)"
142420031215,8558,142420039773,14847751,142434887524,39840,14896149,124,124,4,cudaLaunchKernel,3907    1    1, 256    1    1,"<unnamed>::pack_face_z(const double *, double *, int, int, int, int, int)"
142420032510,5941,142420038451,14861071,142434899522,41984,14908996,126,126,6,cudaLaunchKernel,3907    1    1, 256    1    1,"<unnamed>::pack_face_z(const double *, double *, int, int, int, int, int)"
142420039045,6414,142420045459,577770,142420623229,14265638,14849822,126,126,6,cudaLaunchKernel,  32  250  250,  32    4    4,"<unnamed>::step_kernel_interior(const double *, const double *, double *, const double *, const double *, int, int, int, int, int, int, int, double, double)"
142420040362,4995,142420045357,596409,142420641766,14241662,14843066,124,124,4,cudaLaunchKernel,  32  250  250,  32    4    4,"<unnamed>::step_kernel_interior(const double *, const double *, double *, const double *, const double *, int, int, int, int, int, int, int, double, double)"
142435013629,8588,142435022217,2635,142435024852,5696,16919,120,120,0,cudaLaunchKernel,3907    1    1, 256    1    1,"<unnamed>::unpack_face_x(const double *, double *, int, int, int, int, int)"
142435022691,5921,142435028612,3856,142435032468,6272,16049,120,120,0,cudaLaunchKernel,3907    1    1, 256    1    1,"<unnamed>::unpack_face_y(const double *, double *, int, int, int, int, int)"
142435028314,5793,142435034107,2559,142435036666,5952,14304,121,121,1,cudaLaunchKernel,3907    1    1, 256    1    1,"<unnamed>::unpack_face_x(const double *, double *, int, int, int, int, int)"
142435029018,4974,142435033992,5836,142435039828,77984,88794,120,120,0,cudaLaunchKernel,3907    1    1, 256    1    1,"<unnamed>::unpack_face_z(const double *, double *, int, int, int, int, int)"
142435034533,4099,142435038632,5138,142435043770,6304,15541,121,121,1,cudaLaunchKernel,3907    1    1, 256    1    1,"<unnamed>::unpack_face_y(const double *, double *, int, int, int, int, int)"
142435034796,5393,142435040189,79159,142435119348,42687,127239,120,120,0,cudaLaunchKernel,7813    1    1, 256    1    1,"<unnamed>::step_kernel_boundary_x_faces(const double *, const double *, double *, const double *, const double *, int, int, int, int, int, int, int, double, double)"
142435039026,3428,142435042454,8772,142435051226,77440,89640,121,121,1,cudaLaunchKernel,3907    1    1, 256    1    1,"<unnamed>::unpack_face_z(const double *, double *, int, int, int, int, int)"
142435040565,4556,142435045121,118354,142435163475,39808,162718,120,120,0,cudaLaunchKernel,7797    1    1, 256    1    1,"<unnamed>::step_kernel_boundary_y_faces(const double *, const double *, double *, const double *, const double *, int, int, int, int, int, int, int, double, double)"
142435043134,3468,142435046602,83760,142435130362,41567,128795,121,121,1,cudaLaunchKernel,7813    1    1, 256    1    1,"<unnamed>::step_kernel_boundary_x_faces(const double *, const double *, double *, const double *, const double *, int, int, int, int, int, int, int, double, double)"
142435045522,5007,142435050529,154514,142435205043,479900,639421,120,120,0,cudaLaunchKernel,7782    1    1, 256    1    1,"<unnamed>::step_kernel_boundary_z_faces(const double *, const double *, double *, const double *, const double *, int, int, int, int, int, int, int, double, double)"
142435046960,4646,142435051606,121987,142435173593,40768,167401,121,121,1,cudaLaunchKernel,7797    1    1, 256    1    1,"<unnamed>::step_kernel_boundary_y_faces(const double *, const double *, double *, const double *, const double *, int, int, int, int, int, int, int, double, double)"
142435051846,11108,142435062954,1172,142435064126,5760,18040,122,122,2,cudaLaunchKernel,3907    1    1, 256    1    1,"<unnamed>::unpack_face_x(const double *, double *, int, int, int, int, int)"
142435051969,3611,142435055580,160349,142435215929,469886,633846,121,121,1,cudaLaunchKernel,7782    1    1, 256    1    1,"<unnamed>::step_kernel_boundary_z_faces(const double *, const double *, double *, const double *, const double *, int, int, int, int, int, int, int, double, double)"
142435056543,10298,142435066841,14876064,142449942905,6656,14893018,120,120,0,cudaLaunchKernel,3907    1    1, 256    1    1,"<unnamed>::pack_face_x(const double *, double *, int, int, int, int, int)"
142435062426,7797,142435070223,4416,142435074639,5664,17877,123,123,3,cudaLaunchKernel,3907    1    1, 256    1    1,"<unnamed>::unpack_face_x(const double *, double *, int, int, int, int, int)"
142435063873,7096,142435070969,3365,142435074334,5920,16381,122,122,2,cudaLaunchKernel,3907    1    1, 256    1    1,"<unnamed>::unpack_face_y(const double *, double *, int, int, int, int, int)"
142435065855,6319,142435072174,14858748,142449930922,6944,14872011,121,121,1,cudaLaunchKernel,3907    1    1, 256    1    1,"<unnamed>::pack_face_x(const double *, double *, int, int, int, int, int)"
142435067670,5433,142435073103,14877738,142449950841,6592,14889763,120,120,0,cudaLaunchKernel,3907    1    1, 256    1    1,"<unnamed>::pack_face_y(const double *, double *, int, int, int, int, int)"
142435070698,5972,142435076670,5937,142435082607,6080,17989,123,123,3,cudaLaunchKernel,3907    1    1, 256    1    1,"<unnamed>::unpack_face_y(const double *, double *, int, int, int, int, int)"
142435071376,5095,142435076471,4839,142435081310,76255,86189,122,122,2,cudaLaunchKernel,3907    1    1, 256    1    1,"<unnamed>::unpack_face_z(const double *, double *, int, int, int, int, int)"
142435072578,3361,142435075939,14863271,142449939210,6816,14873448,121,121,1,cudaLaunchKernel,3907    1    1, 256    1    1,"<unnamed>::pack_face_y(const double *, double *, int, int, int, int, int)"
142435073481,4475,142435077956,14880501,142449958457,42400,14927376,120,120,0,cudaLaunchKernel,3907    1    1, 256    1    1,"<unnamed>::pack_face_z(const double *, double *, int, int, int, int, int)"
142435075526,8098,142435083624,4147,142435087771,5696,17941,133,133,7,cudaLaunchKernel,3907    1    1, 256    1    1,"<unnamed>::unpack_face_x(const double *, double *, int, int, int, int, int)"
142435076378,3827,142435080205,14866909,142449947114,41567,14912303,121,121,1,cudaLaunchKernel,3907    1    1, 256    1    1,"<unnamed>::pack_face_z(const double *, double *, int, int, int, int, int)"
142435077077,4452,142435081529,8310,142435089839,77887,90649,123,123,3,cudaLaunchKernel,3907    1    1, 256    1    1,"<unnamed>::unpack_face_z(const double *, double *, int, int, int, int, int)"
142435077141,4854,142435081995,77170,142435159165,41855,123879,122,122,2,cudaLaunchKernel,7813    1    1, 256    1    1,"<unnamed>::step_kernel_boundary_x_faces(const double *, const double *, double *, const double *, const double *, int, int, int, int, int, int, int, double, double)"
142435078632,4845,142435083477,603098,142435686575,14261194,14869137,120,120,0,cudaLaunchKernel,  32  250  250,  32    4    4,"<unnamed>::step_kernel_interior(const double *, const double *, double *, const double *, const double *, int, int, int, int, int, int, int, double, double)"
142435080949,4154,142435085103,602120,142435687223,14249331,14855605,121,121,1,cudaLaunchKernel,  32  250  250,  32    4    4,"<unnamed>::step_kernel_interior(const double *, const double *, double *, const double *, const double *, int, int, int, int, int, int, int, double, double)"
142435082152,5323,142435087475,81979,142435169454,41824,129126,123,123,3,cudaLaunchKernel,7813    1    1, 256    1    1,"<unnamed>::step_kernel_boundary_x_faces(const double *, const double *, double *, const double *, const double *, int, int, int, int, int, int, int, double, double)"
142435082355,3961,142435086316,116144,142435202460,39712,159817,122,122,2,cudaLaunchKernel,7797    1    1, 256    1    1,"<unnamed>::step_kernel_boundary_y_faces(const double *, const double *, double *, const double *, const double *, int, int, int, int, int, int, int, double, double)"
142435084106,6304,142435090410,5169,142435095579,6048,17521,133,133,7,cudaLaunchKernel,3907    1    1, 256    1    1,"<unnamed>::unpack_face_y(const double *, double *, int, int, int, int, int)"
142435086703,4846,142435091549,152415,142435243964,479322,636583,122,122,2,cudaLaunchKernel,7782    1    1, 256    1    1,"<unnamed>::step_kernel_boundary_z_faces(const double *, const double *, double *, const double *, const double *, int, int, int, int, int, int, int, double, double)"
142435087837,4969,142435092806,119944,142435212750,39904,164817,123,123,3,cudaLaunchKernel,7797    1    1, 256    1    1,"<unnamed>::step_kernel_boundary_y_faces(const double *, const double *, double *, const double *, const double *, int, int, int, int, int, int, int, double, double)"
142435090821,9134,142435099955,2728,142435102683,78143,90005,133,133,7,cudaLaunchKernel,3907    1    1, 256    1    1,"<unnamed>::unpack_face_z(const double *, double *, int, int, int, int, int)"
142435093191,8694,142435101885,152625,142435254510,481084,642403,123,123,3,cudaLaunchKernel,7782    1    1, 256    1    1,"<unnamed>::step_kernel_boundary_z_faces(const double *, const double *, double *, const double *, const double *, int, int, int, int, int, int, int, double, double)"
142435101194,7071,142435108265,73969,142435182234,41728,122768,133,133,7,cudaLaunchKernel,7813    1    1, 256    1    1,"<unnamed>::step_kernel_boundary_x_faces(const double *, const double *, double *, const double *, const double *, int, int, int, int, int, int, int, double, double)"
142435102178,7454,142435109632,14870015,142449979647,6720,14884189,122,122,2,cudaLaunchKernel,3907    1    1, 256    1    1,"<unnamed>::pack_face_x(const double *, double *, int, int, int, int, int)"
142435108465,7678,142435116143,621371,142435737514,11232,640281,123,123,3,cudaLaunchKernel,3907    1    1, 256    1    1,"<unnamed>::pack_face_x(const double *, double *, int, int, int, int, int)"
142435108643,4330,142435112973,112493,142435225466,39551,156374,133,133,7,cudaLaunchKernel,7797    1    1, 256    1    1,"<unnamed>::step_kernel_boundary_y_faces(const double *, const double *, double *, const double *, const double *, int, int, int, int, int, int, int, double, double)"
142435110049,4927,142435114976,14873215,142449988191,6752,14884894,122,122,2,cudaLaunchKernel,3907    1    1, 256    1    1,"<unnamed>::pack_face_y(const double *, double *, int, int, int, int, int)"
142435110722,8012,142435118734,3760,142435122494,5920,17692,125,125,5,cudaLaunchKernel,3907    1    1, 256    1    1,"<unnamed>::unpack_face_x(const double *, double *, int, int, int, int, int)"
142435113380,5121,142435118501,147924,142435266425,479835,632880,133,133,7,cudaLaunchKernel,7782    1    1, 256    1    1,"<unnamed>::step_kernel_boundary_z_faces(const double *, const double *, double *, const double *, const double *, int, int, int, int, int, int, int, double, double)"
142435115367,4279,142435119646,14876577,142449996223,42143,14922999,122,122,2,cudaLaunchKernel,3907    1    1, 256    1    1,"<unnamed>::pack_face_z(const double *, double *, int, int, int, int, int)"
142435119266,6201,142435125467,5091,142435130558,6208,17500,125,125,5,cudaLaunchKernel,3907    1    1, 256    1    1,"<unnamed>::unpack_face_y(const double *, double *, int, int, int, int, int)"
142435120270,5718,142435125988,598930,142435724918,14259721,14864369,122,122,2,cudaLaunchKernel,  32  250  250,  32    4    4,"<unnamed>::step_kernel_interior(const double *, const double *, double *, const double *, const double *, int, int, int, int, int, int, int, double, double)"
142435123629,8108,142435131737,2313,142435134050,5600,16021,124,124,4,cudaLaunchKernel,3907    1    1, 256    1    1,"<unnamed>::unpack_face_x(const double *, double *, int, int, int, int, int)"
142435124704,4661,142435129365,14877583,142450006948,7040,14889284,133,133,7,cudaLaunchKernel,3907    1    1, 256    1    1,"<unnamed>::pack_face_x(const double *, double *, int, int, int, int, int)"
142435125150,8348,142435133498,3110,142435136608,5728,17186,126,126,6,cudaLaunchKernel,3907    1    1, 256    1    1,"<unnamed>::unpack_face_x(const double *, double *, int, int, int, int, int)"
142435125846,4127,142435129973,7881,142435137854,76255,88263,125,125,5,cudaLaunchKernel,3907    1    1, 256    1    1,"<unnamed>::unpack_face_z(const double *, double *, int, int, int, int, int)"
142435129772,5411,142435135183,14880213,142450015396,6655,14892279,133,133,7,cudaLaunchKernel,3907    1    1, 256    1    1,"<unnamed>::pack_face_y(const double *, double *, int, int, int, int, int)"
142435130661,5279,142435135940,79929,142435215869,41568,126776,125,125,5,cudaLaunchKernel,7813    1    1, 256    1    1,"<unnamed>::step_kernel_boundary_x_faces(const double *, const double *, double *, const double *, const double *, int, int, int, int, int, int, int, double, double)"
142435132325,5622,142435137947,3591,142435141538,6112,15325,124,124,4,cudaLaunchKernel,3907    1    1, 256    1    1,"<unnamed>::unpack_face_y(const double *, double *, int, int, int, int, int)"
142435133200,5827,142435139027,14864817,142450003844,7360,14878004,123,123,3,cudaLaunchKernel,3907    1    1, 256    1    1,"<unnamed>::pack_face_y(const double *, double *, int, int, int, int, int)"
142435133940,5623,142435139563,4501,142435144064,6080,16204,126,126,6,cudaLaunchKernel,3907    1    1, 256    1    1,"<unnamed>::unpack_face_y(const double *, double *, int, int, int, int, int)"
142435135586,4522,142435140108,14883031,142450023139,41632,14929185,133,133,7,cudaLaunchKernel,3907    1    1, 256    1    1,"<unnamed>::pack_face_z(const double *, double *, int, int, int, int, int)"
142435136315,5089,142435141404,117537,142435258941,40799,163425,125,125,5,cudaLaunchKernel,7797    1    1, 256    1    1,"<unnamed>::step_kernel_boundary_y_faces(const double *, const double *, double *, const double *, const double *, int, int, int, int, int, int, int, double, double)"
142435138664,4833,142435143497,5177,142435148674,77920,87930,124,124,4,cudaLaunchKernel,3907    1    1, 256    1    1,"<unnamed>::unpack_face_z(const double *, double *, int, int, int, int, int)"
142435139423,4944,142435144367,14868373,142450012740,40512,14913829,123,123,3,cudaLaunchKernel,3907    1    1, 256    1    1,"<unnamed>::pack_face_z(const double *, double *, int, int, int, int, int)"
142435139923,4788,142435144711,6713,142435151424,77343,88844,126,126,6,cudaLaunchKernel,3907    1    1, 256    1    1,"<unnamed>::unpack_face_z(const double *, double *, int, int, int, int, int)"
142435140616,6132,142435146748,600952,142435747700,14264912,14871996,133,133,7,cudaLaunchKernel,  32  250  250,  32    4    4,"<unnamed>::step_kernel_interior(const double *, const double *, double *, const double *, const double *, int, int, int, int, int, int, int, double, double)"
142435141807,3914,142435145721,155779,142435301500,479068,638761,125,125,5,cudaLaunchKernel,7782    1    1, 256    1    1,"<unnamed>::step_kernel_boundary_z_faces(const double *, const double *, double *, const double *, const double *, int, int, int, int, int, int, int, double, double)"
142435144290,5406,142435149696,78658,142435228354,41696,125760,124,124,4,cudaLaunchKernel,7813    1    1, 256    1    1,"<unnamed>::step_kernel_boundary_x_faces(const double *, const double *, double *, const double *, const double *, int, int, int, int, int, int, int, double, double)"
142435144897,4965,142435149862,592580,142435742442,14266618,14864163,123,123,3,cudaLaunchKernel,  32  250  250,  32    4    4,"<unnamed>::step_kernel_interior(const double *, const double *, double *, const double *, const double *, int, int, int, int, int, int, int, double, double)"
142435145367,4086,142435149453,81042,142435230495,41759,126887,126,126,6,cudaLaunchKernel,7813    1    1, 256    1    1,"<unnamed>::step_kernel_boundary_x_faces(const double *, const double *, double *, const double *, const double *, int, int, int, int, int, int, int, double, double)"
142435150115,5428,142435155543,115947,142435271490,40447,161822,124,124,4,cudaLaunchKernel,7797    1    1, 256    1    1,"<unnamed>::step_kernel_boundary_y_faces(const double *, const double *, double *, const double *, const double *, int, int, int, int, int, int, int, double, double)"
142435150368,6630,142435156998,117016,142435274014,39680,163326,126,126,6,cudaLaunchKernel,7797    1    1, 256    1    1,"<unnamed>::step_kernel_boundary_y_faces(const double *, const double *, double *, const double *, const double *, int, int, int, int, int, int, int, double, double)"
142435151053,6236,142435157289,624783,142435782072,11232,642251,125,125,5,cudaLaunchKernel,3907    1    1, 256    1    1,"<unnamed>::pack_face_x(const double *, double *, int, int, int, int, int)"
142435155947,4158,142435160105,153240,142435313345,477789,635187,124,124,4,cudaLaunchKernel,7782    1    1, 256    1    1,"<unnamed>::step_kernel_boundary_z_faces(const double *, const double *, double *, const double *, const double *, int, int, int, int, int, int, int, double, double)"
142435157498,5005,142435162503,152823,142435315326,481179,639007,126,126,6,cudaLaunchKernel,7782    1    1, 256    1    1,"<unnamed>::step_kernel_boundary_z_faces(const double *, const double *, double *, const double *, const double *, int, int, int, int, int, int, int, double, double)"
142435157701,4323,142435162024,14888321,142450050345,7328,14899972,125,125,5,cudaLaunchKernel,3907    1    1, 256    1    1,"<unnamed>::pack_face_y(const double *, double *, int, int, int, int, int)"
142435162414,4062,142435166476,14892829,142450059305,40640,14937531,125,125,5,cudaLaunchKernel,3907    1    1, 256    1    1,"<unnamed>::pack_face_z(const double *, double *, int, int, int, int, int)"
142435165939,6470,142435172409,14844771,142450017180,7168,14858409,124,124,4,cudaLaunchKernel,3907    1    1, 256    1    1,"<unnamed>::pack_face_x(const double *, double *, int, int, int, int, int)"
142435167038,3852,142435170890,616046,142435786936,14268497,14888395,125,125,5,cudaLaunchKernel,  32  250  250,  32    4    4,"<unnamed>::step_kernel_interior(const double *, const double *, double *, const double *, const double *, int, int, int, int, int, int, int, double, double)"
142435168436,6811,142435175247,622922,142435798169,11488,641221,126,126,6,cudaLaunchKernel,3907    1    1, 256    1    1,"<unnamed>::pack_face_x(const double *, double *, int, int, int, int, int)"
142435172903,3891,142435176794,14848866,142450025660,6432,14859189,124,124,4,cudaLaunchKernel,3907    1    1, 256    1    1,"<unnamed>::pack_face_y(const double *, double *, int, int, int, int, int)"
142435175627,4870,142435180497,14879854,142450060351,7040,14891764,126,126,6,cudaLaunchKernel,3907    1    1, 256    1    1,"<unnamed>::pack_face_y(const double *, double *, int, int, int, int, int)"
142435177198,8729,142435185927,14847221,142450033148,41280,14897230,124,124,4,cudaLaunchKernel,3907    1    1, 256    1    1,"<unnamed>::pack_face_z(const double *, double *, int, int, int, int, int)"
142435180862,9927,142435190789,14878010,142450068799,39711,14927648,126,126,6,cudaLaunchKernel,3907    1    1, 256    1    1,"<unnamed>::pack_face_z(const double *, double *, int, int, int, int, int)"
142435187487,11945,142435199432,593142,142435792574,14230270,14835357,124,124,4,cudaLaunchKernel,  32  250  250,  32    4    4,"<unnamed>::step_kernel_interior(const double *, const double *, double *, const double *, const double *, int, int, int, int, int, int, int, double, double)"
142435191866,11440,142435203306,599791,142435803097,14262118,14873349,126,126,6,cudaLaunchKernel,  32  250  250,  32    4    4,"<unnamed>::step_kernel_interior(const double *, const double *, double *, const double *, const double *, int, int, int, int, int, int, int, double, double)"
142450151074,11709,,,142450161848,5855,16629,120,120,0,cudaLaunchKernel,3907    1    1, 256    1    1,"<unnamed>::unpack_face_x(const double *, double *, int, int, int, int, int)"
142450163893,6877,142450170770,3365,142450174135,6112,16354,120,120,0,cudaLaunchKernel,3907    1    1, 256    1    1,"<unnamed>::unpack_face_y(const double *, double *, int, int, int, int, int)"
142450171644,6373,142450178017,3670,142450181687,76832,86875,120,120,0,cudaLaunchKernel,3907    1    1, 256    1    1,"<unnamed>::unpack_face_z(const double *, double *, int, int, int, int, int)"
142450178888,4574,142450183462,76817,142450260279,42463,123854,120,120,0,cudaLaunchKernel,7813    1    1, 256    1    1,"<unnamed>::step_kernel_boundary_x_faces(const double *, const double *, double *, const double *, const double *, int, int, int, int, int, int, int, double, double)"
142450179369,8920,142450188289,2215,142450190504,5760,16895,121,121,1,cudaLaunchKernel,3907    1    1, 256    1    1,"<unnamed>::unpack_face_x(const double *, double *, int, int, int, int, int)"
142450183824,4028,142450187852,116746,142450304598,39552,160326,120,120,0,cudaLaunchKernel,7797    1    1, 256    1    1,"<unnamed>::step_kernel_boundary_y_faces(const double *, const double *, double *, const double *, const double *, int, int, int, int, int, int, int, double, double)"
142450188262,10221,142450198483,147427,142450345910,477404,635052,120,120,0,cudaLaunchKernel,7782    1    1, 256    1    1,"<unnamed>::step_kernel_boundary_z_faces(const double *, const double *, double *, const double *, const double *, int, int, int, int, int, int, int, double, double)"
142450188794,8180,142450196974,2330,142450199304,6240,16750,121,121,1,cudaLaunchKernel,3907    1    1, 256    1    1,"<unnamed>::unpack_face_y(const double *, double *, int, int, int, int, int)"
142450197848,5658,142450203506,3254,142450206760,77536,86448,121,121,1,cudaLaunchKernel,3907    1    1, 256    1    1,"<unnamed>::unpack_face_z(const double *, double *, int, int, int, int, int)"
142450201667,7593,142450209260,2576,142450211836,5600,15769,122,122,2,cudaLaunchKernel,3907    1    1, 256    1    1,"<unnamed>::unpack_face_x(const double *, double *, int, int, int, int, int)"
142450204232,3962,142450208194,77574,142450285768,43007,124543,121,121,1,cudaLaunchKernel,7813    1    1, 256    1    1,"<unnamed>::step_kernel_boundary_x_faces(const double *, const double *, double *, const double *, const double *, int, int, int, int, int, int, int, double, double)"
142450208566,3645,142450212211,118036,142450330247,40064,161745,121,121,1,cudaLaunchKernel,7797    1    1, 256    1    1,"<unnamed>::step_kernel_boundary_y_faces(const double *, const double *, double *, const double *, const double *, int, int, int, int, int, int, int, double, double)"
142450209719,4007,142450213726,4990,142450218716,6016,15013,122,122,2,cudaLaunchKernel,3907    1    1, 256    1    1,"<unnamed>::unpack_face_y(const double *, double *, int, int, int, int, int)"
142450212783,3767,142450216550,155329,142450371879,469470,628566,121,121,1,cudaLaunchKernel,7782    1    1, 256    1    1,"<unnamed>::step_kernel_boundary_z_faces(const double *, const double *, double *, const double *, const double *, int, int, int, int, int, int, int, double, double)"
142450214414,6541,142450220955,5217,142450226172,76127,87885,122,122,2,cudaLaunchKernel,3907    1    1, 256    1    1,"<unnamed>::unpack_face_z(const double *, double *, int, int, int, int, int)"
142450221798,5074,142450226872,77251,142450304123,42880,125205,122,122,2,cudaLaunchKernel,7813    1    1, 256    1    1,"<unnamed>::step_kernel_boundary_x_faces(const double *, const double *, double *, const double *, const double *, int, int, int, int, int, int, int, double, double)"
142450223448,8671,142450232119,4428,142450236547,5663,18762,123,123,3,cudaLaunchKernel,3907    1    1, 256    1    1,"<unnamed>::unpack_face_x(const double *, double *, int, int, int, int, int)"
142450227233,5329,142450232562,116201,142450348763,39583,161113,122,122,2,cudaLaunchKernel,7797    1    1, 256    1    1,"<unnamed>::step_kernel_boundary_y_faces(const double *, const double *, double *, const double *, const double *, int, int, int, int, int, int, int, double, double)"
142450232524,5131,142450237655,6155,142450243810,6016,17302,123,123,3,cudaLaunchKernel,3907    1    1, 256    1    1,"<unnamed>::unpack_face_y(const double *, double *, int, int, int, int, int)"
142450232914,5360,142450238274,151864,142450390138,481562,638786,122,122,2,cudaLaunchKernel,7782    1    1, 256    1    1,"<unnamed>::step_kernel_boundary_z_faces(const double *, const double *, double *, const double *, const double *, int, int, int, int, int, int, int, double, double)"
142450238053,4779,142450242832,8210,142450251042,77152,90141,123,123,3,cudaLaunchKernel,3907    1    1, 256    1    1,"<unnamed>::unpack_face_z(const double *, double *, int, int, int, int, int)"
142450243478,10669,142450254147,75903,142450330050,41600,128172,123,123,3,cudaLaunchKernel,7813    1    1, 256    1    1,"<unnamed>::step_kernel_boundary_x_faces(const double *, const double *, double *, const double *, const double *, int, int, int, int, int, int, int, double, double)"
142450255033,5564,142450260597,112557,142450373154,40543,158664,123,123,3,cudaLaunchKernel,7797    1    1, 256    1    1,"<unnamed>::step_kernel_boundary_y_faces(const double *, const double *, double *, const double *, const double *, int, int, int, int, int, int, int, double, double)"
142450255817,8125,142450263942,4059,142450268001,5696,17880,133,133,7,cudaLaunchKernel,3907    1    1, 256    1    1,"<unnamed>::unpack_face_x(const double *, double *, int, int, int, int, int)"
142450258474,8585,142450267059,3924,142450270983,5728,18237,125,125,5,cudaLaunchKernel,3907    1    1, 256    1    1,"<unnamed>::unpack_face_x(const double *, double *, int, int, int, int, int)"
142450261094,6077,142450267171,148286,142450415457,478749,633112,123,123,3,cudaLaunchKernel,7782    1    1, 256    1    1,"<unnamed>::step_kernel_boundary_z_faces(const double *, const double *, double *, const double *, const double *, int, int, int, int, int, int, int, double, double)"
142450264408,4556,142450268964,5725,142450274689,5856,16137,133,133,7,cudaLaunchKernel,3907    1    1, 256    1    1,"<unnamed>::unpack_face_y(const double *, double *, int, int, int, int, int)"
142450267585,5310,142450272895,5256,142450278151,6048,16614,125,125,5,cudaLaunchKernel,3907    1    1, 256    1    1,"<unnamed>::unpack_face_y(const double *, double *, int, int, int, int, int)"
142450269348,6456,142450275804,5925,142450281729,76223,88604,133,133,7,cudaLaunchKernel,3907    1    1, 256    1    1,"<unnamed>::unpack_face_z(const double *, double *, int, int, int, int, int)"
142450273325,4634,142450277959,7680,142450285639,76351,88665,125,125,5,cudaLaunchKernel,3907    1    1, 256    1    1,"<unnamed>::unpack_face_z(const double *, double *, int, int, int, int, int)"
142450276589,5449,142450282038,77642,142450359680,42656,125747,133,133,7,cudaLaunchKernel,7813    1    1, 256    1    1,"<unnamed>::step_kernel_boundary_x_faces(const double *, const double *, double *, const double *, const double *, int, int, int, int, int, int, int, double, double)"
142450278628,5001,142450283629,80121,142450363750,42656,127778,125,125,5,cudaLaunchKernel,7813    1    1, 256    1    1,"<unnamed>::step_kernel_boundary_x_faces(const double *, const double *, double *, const double *, const double *, int, int, int, int, int, int, int, double, double)"
142450280323,9743,142450290066,2248,142450292314,5824,17815,124,124,4,cudaLaunchKernel,3907    1    1, 256    1    1,"<unnamed>::unpack_face_x(const double *, double *, int, int, int, int, int)"
142450280855,6865,142450287720,3284,142450291004,6016,16165,126,126,6,cudaLaunchKernel,3907    1    1, 256    1    1,"<unnamed>::unpack_face_x(const double *, double *, int, int, int, int, int)"
142450282786,4493,142450287279,116753,142450404032,39807,161053,133,133,7,cudaLaunchKernel,7797    1    1, 256    1    1,"<unnamed>::step_kernel_boundary_y_faces(const double *, const double *, double *, const double *, const double *, int, int, int, int, int, int, int, double, double)"
142450284004,4305,142450288309,119664,142450407973,39936,163905,125,125,5,cudaLaunchKernel,7797    1    1, 256    1    1,"<unnamed>::step_kernel_boundary_y_faces(const double *, const double *, double *, const double *, const double *, int, int, int, int, int, int, int, double, double)"
142450287619,6331,142450293950,151297,142450445247,480443,638071,133,133,7,cudaLaunchKernel,7782    1    1, 256    1    1,"<unnamed>::step_kernel_boundary_z_faces(const double *, const double *, double *, const double *, const double *, int, int, int, int, int, int, int, double, double)"
142450288120,4854,142450292974,5102,142450298076,6016,15972,126,126,6,cudaLaunchKernel,3907    1    1, 256    1    1,"<unnamed>::unpack_face_y(const double *, double *, int, int, int, int, int)"
142450288713,5085,142450293798,155871,142450449669,479611,640567,125,125,5,cudaLaunchKernel,7782    1    1, 256    1    1,"<unnamed>::step_kernel_boundary_z_faces(const double *, const double *, double *, const double *, const double *, int, int, int, int, int, int, int, double, double)"
142450290480,5356,142450295836,3870,142450299706,6688,15914,124,124,4,cudaLaunchKernel,3907    1    1, 256    1    1,"<unnamed>::unpack_face_y(const double *, double *, int, int, int, int, int)"
142450293328,5430,142450298758,6550,142450305308,78015,89995,126,126,6,cudaLaunchKernel,3907    1    1, 256    1    1,"<unnamed>::unpack_face_z(const double *, double *, int, int, int, int, int)"
142450296242,5811,142450302053,5397,142450307450,76511,87719,124,124,4,cudaLaunchKernel,3907    1    1, 256    1    1,"<unnamed>::unpack_face_z(const double *, double *, int, int, int, int, int)"
142450299450,5620,142450305070,80397,142450385467,41760,127777,126,126,6,cudaLaunchKernel,7813    1    1, 256    1    1,"<unnamed>::step_kernel_boundary_x_faces(const double *, const double *, double *, const double *, const double *, int, int, int, int, int, int, int, double, double)"
142450302816,4828,142450307644,77725,142450385369,42496,125049,124,124,4,cudaLaunchKernel,7813    1    1, 256    1    1,"<unnamed>::step_kernel_boundary_x_faces(const double *, const double *, double *, const double *, const double *, int, int, int, int, int, int, int, double, double)"
142450305460,5262,142450310722,118169,142450428891,40543,163974,126,126,6,cudaLaunchKernel,7797    1    1, 256    1    1,"<unnamed>::step_kernel_boundary_y_faces(const double *, const double *, double *, const double *, const double *, int, int, int, int, int, int, int, double, double)"
142450308060,4320,142450312380,116861,142450429241,39744,160925,124,124,4,cudaLaunchKernel,7797    1    1, 256    1    1,"<unnamed>::step_kernel_boundary_y_faces(const double *, const double *, double *, const double *, const double *, int, int, int, int, int, int, int, double, double)"
142450311070,5019,142450316089,154881,142450470970,479451,639351,126,126,6,cudaLaunchKernel,7782    1    1, 256    1    1,"<unnamed>::step_kernel_boundary_z_faces(const double *, const double *, double *, const double *, const double *, int, int, int, int, int, int, int, double, double)"
142450312799,4512,142450317311,153146,142450470457,474333,631991,124,124,4,cudaLaunchKernel,7782    1    1, 256    1    1,"<unnamed>::step_kernel_boundary_z_faces(const double *, const double *, double *, const double *, const double *, int, int, int, int, int, int, int, double, double)"
