API Start (ns),API Dur (ns),Queue Start (ns),Queue Dur (ns),Kernel Start (ns),Kernel Dur (ns),Total Dur (ns),PID,TID,DevId,API Function,GridXYZ,BlockXYZ,Kernel Name
71360401852,268766,,,71360663384,896,268766,123,123,5,cudaLaunchKernel,   1    1    1,   1    1    1,<unnamed>::warmup_kernel(double *)
71361128085,30834,71361158919,2827,71361161746,4128,37789,123,123,5,cudaLaunchKernel,2198    1    1, 256    1    1,"<unnamed>::pack_face_x(const double *, double *, int, int, int, int, int)"
71361160779,15064,71361175843,2735,71361178578,6912,24711,123,123,5,cudaLaunchKernel,2198    1    1, 256    1    1,"<unnamed>::pack_face_y(const double *, double *, int, int, int, int, int)"
71361177481,17649,71361195130,1688,71361196818,24639,43976,123,123,5,cudaLaunchKernel,2198    1    1, 256    1    1,"<unnamed>::pack_face_z(const double *, double *, int, int, int, int, int)"
71384753945,185962,71384939907,727,71384940634,896,187585,121,121,3,cudaLaunchKernel,   1    1    1,   1    1    1,<unnamed>::warmup_kernel(double *)
71385310315,35844,71385346159,2376,71385348535,4128,42348,121,121,3,cudaLaunchKernel,2198    1    1, 256    1    1,"<unnamed>::pack_face_x(const double *, double *, int, int, int, int, int)"
71385351905,21303,71385373208,3167,71385376375,6976,31446,121,121,3,cudaLaunchKernel,2198    1    1, 256    1    1,"<unnamed>::pack_face_y(const double *, double *, int, int, int, int, int)"
71385375216,25409,71385400625,3141,71385403766,24672,53222,121,121,3,cudaLaunchKernel,2198    1    1, 256    1    1,"<unnamed>::pack_face_z(const double *, double *, int, int, int, int, int)"
71390811019,219323,,,71391026905,896,219323,124,124,6,cudaLaunchKernel,   1    1    1,   1    1    1,<unnamed>::warmup_kernel(double *)
71391352594,31452,71391384046,2311,71391386357,4160,37923,124,124,6,cudaLaunchKernel,2198    1    1, 256    1    1,"<unnamed>::pack_face_x(const double *, double *, int, int, int, int, int)"
71391386139,25811,71391411950,3207,71391415157,6848,35866,124,124,6,cudaLaunchKernel,2198    1    1, 256    1    1,"<unnamed>::pack_face_y(const double *, double *, int, int, int, int, int)"
71391414202,19079,71391433281,1363,71391434644,24320,44762,124,124,6,cudaLaunchKernel,2198    1    1, 256    1    1,"<unnamed>::pack_face_z(const double *, double *, int, int, int, int, int)"
71421665936,169445,71421835381,1410,71421836791,928,171783,119,119,1,cudaLaunchKernel,   1    1    1,   1    1    1,<unnamed>::warmup_kernel(double *)
71422159269,36612,71422195881,2508,71422198389,4128,43248,119,119,1,cudaLaunchKernel,2198    1    1, 256    1    1,"<unnamed>::pack_face_x(const double *, double *, int, int, int, int, int)"
71422198133,27114,71422225247,886,71422226133,7008,35008,119,119,1,cudaLaunchKernel,2198    1    1, 256    1    1,"<unnamed>::pack_face_y(const double *, double *, int, int, int, int, int)"
71422227118,15309,71422242427,3962,71422246389,24608,43879,119,119,1,cudaLaunchKernel,2198    1    1, 256    1    1,"<unnamed>::pack_face_z(const double *, double *, int, int, int, int, int)"
71629575457,210144,,,71629782636,896,210144,129,129,7,cudaLaunchKernel,   1    1    1,   1    1    1,<unnamed>::warmup_kernel(double *)
71630268795,38870,71630307665,2165,71630309830,4160,45195,129,129,7,cudaLaunchKernel,2198    1    1, 256    1    1,"<unnamed>::pack_face_x(const double *, double *, int, int, int, int, int)"
71630310169,22245,71630332414,2503,71630334917,6688,31436,129,129,7,cudaLaunchKernel,2198    1    1, 256    1    1,"<unnamed>::pack_face_y(const double *, double *, int, int, int, int, int)"
71630334244,23310,71630357554,1043,71630358597,24608,48961,129,129,7,cudaLaunchKernel,2198    1    1, 256    1    1,"<unnamed>::pack_face_z(const double *, double *, int, int, int, int, int)"
71630620943,195346,,,71630815800,896,195753,118,118,0,cudaLaunchKernel,   1    1    1,   1    1    1,<unnamed>::warmup_kernel(double *)
71631156385,34312,,,71631189301,4192,37108,118,118,0,cudaLaunchKernel,2198    1    1, 256    1    1,"<unnamed>::pack_face_x(const double *, double *, int, int, int, int, int)"
71631193025,21995,71631215020,1641,71631216661,6816,30452,118,118,0,cudaLaunchKernel,2198    1    1, 256    1    1,"<unnamed>::pack_face_y(const double *, double *, int, int, int, int, int)"
71631220260,28480,71631248740,2097,71631250837,24831,55408,118,118,0,cudaLaunchKernel,2198    1    1, 256    1    1,"<unnamed>::pack_face_z(const double *, double *, int, int, int, int, int)"
71644213462,61601,71644275063,1934,71644276997,4064,67599,119,119,1,cudaLaunchKernel,2198    1    1, 256    1    1,"<unnamed>::unpack_face_x(const double *, double *, int, int, int, int, int)"
71644280282,20655,71644300937,4700,71644305637,8415,33770,119,119,1,cudaLaunchKernel,2198    1    1, 256    1    1,"<unnamed>::unpack_face_y(const double *, double *, int, int, int, int, int)"
71644302774,23008,71644325782,3726,71644329508,41536,68270,119,119,1,cudaLaunchKernel,2198    1    1, 256    1    1,"<unnamed>::unpack_face_z(const double *, double *, int, int, int, int, int)"
71645750526,32257,71645782783,2078,71645784861,1504,35839,119,119,1,cudaLaunchKernel,   1    2    2,  32    4    4,"<unnamed>::step_kernel_interior(const double *, const double *, double *, const double *, const double *, int, int, int, int, int, int, int, double, double)"
71645785313,23157,71645808470,3943,71645812413,1440,28540,119,119,1,cudaLaunchKernel,   1    1    1, 256    1    1,"<unnamed>::step_kernel_boundary_x_faces(const double *, const double *, double *, const double *, const double *, int, int, int, int, int, int, int, double, double)"
71645813541,24426,71645837967,3406,71645841373,1472,29304,119,119,1,cudaLaunchKernel,   1    1    1, 256    1    1,"<unnamed>::step_kernel_boundary_y_faces(const double *, const double *, double *, const double *, const double *, int, int, int, int, int, int, int, double, double)"
71645839650,25108,71645864758,3495,71645868253,1472,30075,119,119,1,cudaLaunchKernel,   1    1    1, 256    1    1,"<unnamed>::step_kernel_boundary_z_faces(const double *, const double *, double *, const double *, const double *, int, int, int, int, int, int, int, double, double)"
71645874235,12486,71645886721,732,71645887453,1504,14722,119,119,1,cudaLaunchKernel,   1    2    2,  32    4    4,"<unnamed>::step_kernel_interior(const double *, const double *, double *, const double *, const double *, int, int, int, int, int, int, int, double, double)"
71645888539,10787,71645899326,2687,71645902013,1408,14882,119,119,1,cudaLaunchKernel,   1    1    1, 256    1    1,"<unnamed>::step_kernel_boundary_x_faces(const double *, const double *, double *, const double *, const double *, int, int, int, int, int, int, int, double, double)"
71645900204,5242,71645905446,4119,71645909565,1440,10801,119,119,1,cudaLaunchKernel,   1    1    1, 256    1    1,"<unnamed>::step_kernel_boundary_y_faces(const double *, const double *, double *, const double *, const double *, int, int, int, int, int, int, int, double, double)"
71645905854,10023,71645915877,3672,71645919549,1408,15103,119,119,1,cudaLaunchKernel,   1    1    1, 256    1    1,"<unnamed>::step_kernel_boundary_z_faces(const double *, const double *, double *, const double *, const double *, int, int, int, int, int, int, int, double, double)"
71651359016,67434,,,71651421643,4416,67434,129,129,7,cudaLaunchKernel,2198    1    1, 256    1    1,"<unnamed>::unpack_face_x(const double *, double *, int, int, int, int, int)"
71651429852,22513,71651452365,2877,71651455242,7968,33358,129,129,7,cudaLaunchKernel,2198    1    1, 256    1    1,"<unnamed>::unpack_face_y(const double *, double *, int, int, int, int, int)"
71651454351,16586,71651470937,2641,71651473578,41408,60635,129,129,7,cudaLaunchKernel,2198    1    1, 256    1    1,"<unnamed>::unpack_face_z(const double *, double *, int, int, int, int, int)"
71651845306,28489,71651873795,1442,71651875237,1472,31403,129,129,7,cudaLaunchKernel,   1    2    2,  32    4    4,"<unnamed>::step_kernel_interior(const double *, const double *, double *, const double *, const double *, int, int, int, int, int, int, int, double, double)"
71651879728,32151,71651911879,1374,71651913253,1440,34965,129,129,7,cudaLaunchKernel,   1    1    1, 256    1    1,"<unnamed>::step_kernel_boundary_x_faces(const double *, const double *, double *, const double *, const double *, int, int, int, int, int, int, int, double, double)"
71651913706,26038,71651939744,1252,71651940996,1440,28730,129,129,7,cudaLaunchKernel,   1    1    1, 256    1    1,"<unnamed>::step_kernel_boundary_y_faces(const double *, const double *, double *, const double *, const double *, int, int, int, int, int, int, int, double, double)"
71651946674,29160,71651975834,2090,71651977924,1408,32658,129,129,7,cudaLaunchKernel,   1    1    1, 256    1    1,"<unnamed>::step_kernel_boundary_z_faces(const double *, const double *, double *, const double *, const double *, int, int, int, int, int, int, int, double, double)"
71651993821,12040,71652005861,927,71652006788,1408,14375,129,129,7,cudaLaunchKernel,   1    2    2,  32    4    4,"<unnamed>::step_kernel_interior(const double *, const double *, double *, const double *, const double *, int, int, int, int, int, int, int, double, double)"
71652007112,12810,,,71652017540,1376,12810,129,129,7,cudaLaunchKernel,   1    1    1, 256    1    1,"<unnamed>::step_kernel_boundary_x_faces(const double *, const double *, double *, const double *, const double *, int, int, int, int, int, int, int, double, double)"
71652020947,12778,71652033725,1094,71652034819,1376,15248,129,129,7,cudaLaunchKernel,   1    1    1, 256    1    1,"<unnamed>::step_kernel_boundary_y_faces(const double *, const double *, double *, const double *, const double *, int, int, int, int, int, int, int, double, double)"
71652034587,11566,71652046153,1466,71652047619,1376,14408,129,129,7,cudaLaunchKernel,   1    1    1, 256    1    1,"<unnamed>::step_kernel_boundary_z_faces(const double *, const double *, double *, const double *, const double *, int, int, int, int, int, int, int, double, double)"
71682015729,203922,,,71682218094,896,203922,122,122,4,cudaLaunchKernel,   1    1    1,   1    1    1,<unnamed>::warmup_kernel(double *)
71682585383,39998,71682625381,1126,71682626507,4224,45348,122,122,4,cudaLaunchKernel,2198    1    1, 256    1    1,"<unnamed>::pack_face_x(const double *, double *, int, int, int, int, int)"
71682627709,22016,71682649725,2574,71682652299,6944,31534,122,122,4,cudaLaunchKernel,2198    1    1, 256    1    1,"<unnamed>::pack_face_y(const double *, double *, int, int, int, int, int)"
71682651359,22859,71682674218,1856,71682676074,24704,49419,122,122,4,cudaLaunchKernel,2198    1    1, 256    1    1,"<unnamed>::pack_face_z(const double *, double *, int, int, int, int, int)"
71698717713,70978,,,71698785499,4384,72170,123,123,5,cudaLaunchKernel,2198    1    1, 256    1    1,"<unnamed>::unpack_face_x(const double *, double *, int, int, int, int, int)"
71698750196,56061,71698806257,1034,71698807291,4128,61223,122,122,4,cudaLaunchKernel,2198    1    1, 256    1    1,"<unnamed>::unpack_face_x(const double *, double *, int, int, int, int, int)"
71698792044,27980,71698820024,643,71698820667,8160,36783,123,123,5,cudaLaunchKernel,2198    1    1, 256    1    1,"<unnamed>::unpack_face_y(const double *, double *, int, int, int, int, int)"
71698811588,21135,71698832723,2888,71698835611,8160,32183,122,122,4,cudaLaunchKernel,2198    1    1, 256    1    1,"<unnamed>::unpack_face_y(const double *, double *, int, int, int, int, int)"
71698822589,16304,71698838893,2701,71698841594,43008,62013,123,123,5,cudaLaunchKernel,2198    1    1, 256    1    1,"<unnamed>::unpack_face_z(const double *, double *, int, int, int, int, int)"
71698834809,22383,,,71698856283,41472,62946,122,122,4,cudaLaunchKernel,2198    1    1, 256    1    1,"<unnamed>::unpack_face_z(const double *, double *, int, int, int, int, int)"
71699328122,22143,71699350265,2751,71699353016,1472,26366,122,122,4,cudaLaunchKernel,   1    2    2,  32    4    4,"<unnamed>::step_kernel_interior(const double *, const double *, double *, const double *, const double *, int, int, int, int, int, int, int, double, double)"
71699352478,16758,71699369236,2660,71699371896,1376,20794,122,122,4,cudaLaunchKernel,   1    1    1, 256    1    1,"<unnamed>::step_kernel_boundary_x_faces(const double *, const double *, double *, const double *, const double *, int, int, int, int, int, int, int, double, double)"
71699370322,31556,71699401878,833,71699402711,1408,33797,122,122,4,cudaLaunchKernel,   1    1    1, 256    1    1,"<unnamed>::step_kernel_boundary_y_faces(const double *, const double *, double *, const double *, const double *, int, int, int, int, int, int, int, double, double)"
71699403638,31009,,,71699432183,1472,31009,122,122,4,cudaLaunchKernel,   1    1    1, 256    1    1,"<unnamed>::step_kernel_boundary_z_faces(const double *, const double *, double *, const double *, const double *, int, int, int, int, int, int, int, double, double)"
71699448254,6794,71699455048,1967,71699457015,1568,10329,122,122,4,cudaLaunchKernel,   1    2    2,  32    4    4,"<unnamed>::step_kernel_interior(const double *, const double *, double *, const double *, const double *, int, int, int, int, int, int, int, double, double)"
71699455664,5609,71699461273,2366,71699463639,1344,9319,122,122,4,cudaLaunchKernel,   1    1    1, 256    1    1,"<unnamed>::step_kernel_boundary_x_faces(const double *, const double *, double *, const double *, const double *, int, int, int, int, int, int, int, double, double)"
71699461647,10223,71699471870,793,71699472663,1344,12360,122,122,4,cudaLaunchKernel,   1    1    1, 256    1    1,"<unnamed>::step_kernel_boundary_y_faces(const double *, const double *, double *, const double *, const double *, int, int, int, int, int, int, int, double, double)"
71699475868,12576,71699488444,219,71699488663,1344,14139,122,122,4,cudaLaunchKernel,   1    1    1, 256    1    1,"<unnamed>::step_kernel_boundary_z_faces(const double *, const double *, double *, const double *, const double *, int, int, int, int, int, int, int, double, double)"
71699607356,42387,,,71699649137,1440,43221,123,123,5,cudaLaunchKernel,   1    2    2,  32    4    4,"<unnamed>::step_kernel_interior(const double *, const double *, double *, const double *, const double *, int, int, int, int, int, int, int, double, double)"
71699652946,23982,71699676928,1233,71699678161,1440,26655,123,123,5,cudaLaunchKernel,   1    1    1, 256    1    1,"<unnamed>::step_kernel_boundary_x_faces(const double *, const double *, double *, const double *, const double *, int, int, int, int, int, int, int, double, double)"
71699679299,24771,71699704070,1290,71699705360,1440,27501,123,123,5,cudaLaunchKernel,   1    1    1, 256    1    1,"<unnamed>::step_kernel_boundary_y_faces(const double *, const double *, double *, const double *, const double *, int, int, int, int, int, int, int, double, double)"
71699705971,22726,71699728697,1111,71699729808,1408,25245,123,123,5,cudaLaunchKernel,   1    1    1, 256    1    1,"<unnamed>::step_kernel_boundary_z_faces(const double *, const double *, double *, const double *, const double *, int, int, int, int, int, int, int, double, double)"
71699738422,4254,71699742676,1916,71699744592,1408,7578,123,123,5,cudaLaunchKernel,   1    2    2,  32    4    4,"<unnamed>::step_kernel_interior(const double *, const double *, double *, const double *, const double *, int, int, int, int, int, int, int, double, double)"
71699743197,4041,71699747238,1706,71699748944,1376,7123,123,123,5,cudaLaunchKernel,   1    1    1, 256    1    1,"<unnamed>::step_kernel_boundary_x_faces(const double *, const double *, double *, const double *, const double *, int, int, int, int, int, int, int, double, double)"
71699747611,3272,71699750883,2829,71699753712,1376,7477,123,123,5,cudaLaunchKernel,   1    1    1, 256    1    1,"<unnamed>::step_kernel_boundary_y_faces(const double *, const double *, double *, const double *, const double *, int, int, int, int, int, int, int, double, double)"
71699751245,15959,71699767204,651,71699767855,1376,17986,123,123,5,cudaLaunchKernel,   1    1    1, 256    1    1,"<unnamed>::step_kernel_boundary_z_faces(const double *, const double *, double *, const double *, const double *, int, int, int, int, int, int, int, double, double)"
71724215763,198309,,,71724410550,896,198309,120,120,2,cudaLaunchKernel,   1    1    1,   1    1    1,<unnamed>::warmup_kernel(double *)
71724805550,39602,71724845152,3954,71724849106,4352,47908,120,120,2,cudaLaunchKernel,2198    1    1, 256    1    1,"<unnamed>::pack_face_x(const double *, double *, int, int, int, int, int)"
71724847560,21175,71724868735,3570,71724872305,6880,31625,120,120,2,cudaLaunchKernel,2198    1    1, 256    1    1,"<unnamed>::pack_face_y(const double *, double *, int, int, int, int, int)"
71724870544,26801,71724897345,4688,71724902033,24320,55809,120,120,2,cudaLaunchKernel,2198    1    1, 256    1    1,"<unnamed>::pack_face_z(const double *, double *, int, int, int, int, int)"
71741155922,62807,71741218729,1090,71741219819,4224,68121,121,121,3,cudaLaunchKernel,2198    1    1, 256    1    1,"<unnamed>::unpack_face_x(const double *, double *, int, int, int, int, int)"
71741164974,54132,71741219106,439,71741219545,4320,58891,124,124,6,cudaLaunchKernel,2198    1    1, 256    1    1,"<unnamed>::unpack_face_x(const double *, double *, int, int, int, int, int)"
71741171401,46184,71741217585,205,71741217790,4064,50453,118,118,0,cudaLaunchKernel,2198    1    1, 256    1    1,"<unnamed>::unpack_face_x(const double *, double *, int, int, int, int, int)"
71741182147,49894,71741232041,854,71741232895,4096,54844,120,120,2,cudaLaunchKernel,2198    1    1, 256    1    1,"<unnamed>::unpack_face_x(const double *, double *, int, int, int, int, int)"
71741220176,31202,71741251378,780,71741252158,7968,39950,118,118,0,cudaLaunchKernel,2198    1    1, 256    1    1,"<unnamed>::unpack_face_y(const double *, double *, int, int, int, int, int)"
71741221310,28288,71741249598,2381,71741251979,8096,38765,121,121,3,cudaLaunchKernel,2198    1    1, 256    1    1,"<unnamed>::unpack_face_y(const double *, double *, int, int, int, int, int)"
71741221902,27929,71741249831,1201,71741251032,8128,37258,124,124,6,cudaLaunchKernel,2198    1    1, 256    1    1,"<unnamed>::unpack_face_y(const double *, double *, int, int, int, int, int)"
71741234932,23978,71741258910,4481,71741263391,7967,36426,120,120,2,cudaLaunchKernel,2198    1    1, 256    1    1,"<unnamed>::unpack_face_y(const double *, double *, int, int, int, int, int)"
71741252099,20844,71741272943,5083,71741278026,41568,67495,121,121,3,cudaLaunchKernel,2198    1    1, 256    1    1,"<unnamed>::unpack_face_z(const double *, double *, int, int, int, int, int)"
71741252217,15563,71741267780,3636,71741271416,42304,61503,124,124,6,cudaLaunchKernel,2198    1    1, 256    1    1,"<unnamed>::unpack_face_z(const double *, double *, int, int, int, int, int)"
71741253602,19892,71741273494,2856,71741276350,42367,65115,118,118,0,cudaLaunchKernel,2198    1    1, 256    1    1,"<unnamed>::unpack_face_z(const double *, double *, int, int, int, int, int)"
71741261164,23132,71741284296,4022,71741288318,41472,68626,120,120,2,cudaLaunchKernel,2198    1    1, 256    1    1,"<unnamed>::unpack_face_z(const double *, double *, int, int, int, int, int)"
71741962556,31865,71741994421,3937,71741998358,1440,37242,120,120,2,cudaLaunchKernel,   1    2    2,  32    4    4,"<unnamed>::step_kernel_interior(const double *, const double *, double *, const double *, const double *, int, int, int, int, int, int, int, double, double)"
71741993807,23417,71742017224,2632,71742019856,1440,27489,124,124,6,cudaLaunchKernel,   1    2    2,  32    4    4,"<unnamed>::step_kernel_interior(const double *, const double *, double *, const double *, const double *, int, int, int, int, int, int, int, double, double)"
71741996789,19243,71742016032,5878,71742021910,1440,26561,120,120,2,cudaLaunchKernel,   1    1    1, 256    1    1,"<unnamed>::step_kernel_boundary_x_faces(const double *, const double *, double *, const double *, const double *, int, int, int, int, int, int, int, double, double)"
71742017772,25563,71742043335,4431,71742047766,1440,31434,120,120,2,cudaLaunchKernel,   1    1    1, 256    1    1,"<unnamed>::step_kernel_boundary_y_faces(const double *, const double *, double *, const double *, const double *, int, int, int, int, int, int, int, double, double)"
71742019664,21995,71742041659,2101,71742043760,1408,25504,124,124,6,cudaLaunchKernel,   1    1    1, 256    1    1,"<unnamed>::step_kernel_boundary_x_faces(const double *, const double *, double *, const double *, const double *, int, int, int, int, int, int, int, double, double)"
71742043551,16317,71742059868,2963,71742062831,1440,20720,124,124,6,cudaLaunchKernel,   1    1    1, 256    1    1,"<unnamed>::step_kernel_boundary_y_faces(const double *, const double *, double *, const double *, const double *, int, int, int, int, int, int, int, double, double)"
71742045136,15963,71742061099,5131,71742066230,1408,22502,120,120,2,cudaLaunchKernel,   1    1    1, 256    1    1,"<unnamed>::step_kernel_boundary_z_faces(const double *, const double *, double *, const double *, const double *, int, int, int, int, int, int, int, double, double)"
71742061021,13846,71742074867,2556,71742077423,1376,17778,124,124,6,cudaLaunchKernel,   1    1    1, 256    1    1,"<unnamed>::step_kernel_boundary_z_faces(const double *, const double *, double *, const double *, const double *, int, int, int, int, int, int, int, double, double)"
71742066454,33468,71742099922,389,71742100311,1472,35329,118,118,0,cudaLaunchKernel,   1    2    2,  32    4    4,"<unnamed>::step_kernel_interior(const double *, const double *, double *, const double *, const double *, int, int, int, int, int, int, int, double, double)"
71742068609,5888,71742074497,4917,71742079414,1408,12213,120,120,2,cudaLaunchKernel,   1    2    2,  32    4    4,"<unnamed>::step_kernel_interior(const double *, const double *, double *, const double *, const double *, int, int, int, int, int, int, int, double, double)"
71742074995,9288,71742084283,3547,71742087830,1375,14210,120,120,2,cudaLaunchKernel,   1    1    1, 256    1    1,"<unnamed>::step_kernel_boundary_x_faces(const double *, const double *, double *, const double *, const double *, int, int, int, int, int, int, int, double, double)"
71742085187,5318,71742090505,5036,71742095541,1376,11730,120,120,2,cudaLaunchKernel,   1    1    1, 256    1    1,"<unnamed>::step_kernel_boundary_y_faces(const double *, const double *, double *, const double *, const double *, int, int, int, int, int, int, int, double, double)"
71742087403,6396,71742093799,2504,71742096303,1376,10276,124,124,6,cudaLaunchKernel,   1    2    2,  32    4    4,"<unnamed>::step_kernel_interior(const double *, const double *, double *, const double *, const double *, int, int, int, int, int, int, int, double, double)"
71742090880,4472,71742095352,6365,71742101717,1408,12245,120,120,2,cudaLaunchKernel,   1    1    1, 256    1    1,"<unnamed>::step_kernel_boundary_z_faces(const double *, const double *, double *, const double *, const double *, int, int, int, int, int, int, int, double, double)"
71742094370,4087,71742098457,2710,71742101167,1376,8173,124,124,6,cudaLaunchKernel,   1    1    1, 256    1    1,"<unnamed>::step_kernel_boundary_x_faces(const double *, const double *, double *, const double *, const double *, int, int, int, int, int, int, int, double, double)"
71742098845,3627,71742102472,3783,71742106255,1376,8786,124,124,6,cudaLaunchKernel,   1    1    1, 256    1    1,"<unnamed>::step_kernel_boundary_y_faces(const double *, const double *, double *, const double *, const double *, int, int, int, int, int, int, int, double, double)"
71742102737,30321,71742133058,2453,71742135511,1440,34214,118,118,0,cudaLaunchKernel,   1    1    1, 256    1    1,"<unnamed>::step_kernel_boundary_x_faces(const double *, const double *, double *, const double *, const double *, int, int, int, int, int, int, int, double, double)"
71742102853,8844,71742111697,1438,71742113135,1376,11658,124,124,6,cudaLaunchKernel,   1    1    1, 256    1    1,"<unnamed>::step_kernel_boundary_z_faces(const double *, const double *, double *, const double *, const double *, int, int, int, int, int, int, int, double, double)"
71742138376,29570,,,71742166839,1440,29903,118,118,0,cudaLaunchKernel,   1    1    1, 256    1    1,"<unnamed>::step_kernel_boundary_y_faces(const double *, const double *, double *, const double *, const double *, int, int, int, int, int, int, int, double, double)"
71742170288,26977,71742197265,965,71742198230,1408,29350,118,118,0,cudaLaunchKernel,   1    1    1, 256    1    1,"<unnamed>::step_kernel_boundary_z_faces(const double *, const double *, double *, const double *, const double *, int, int, int, int, int, int, int, double, double)"
71742186545,45984,71742232529,1521,71742234050,1472,48977,121,121,3,cudaLaunchKernel,   1    2    2,  32    4    4,"<unnamed>::step_kernel_interior(const double *, const double *, double *, const double *, const double *, int, int, int, int, int, int, int, double, double)"
71742206166,12174,71742218340,1074,71742219414,1408,14656,118,118,0,cudaLaunchKernel,   1    2    2,  32    4    4,"<unnamed>::step_kernel_interior(const double *, const double *, double *, const double *, const double *, int, int, int, int, int, int, int, double, double)"
71742219627,11614,71742231241,717,71742231958,1376,13707,118,118,0,cudaLaunchKernel,   1    1    1, 256    1    1,"<unnamed>::step_kernel_boundary_x_faces(const double *, const double *, double *, const double *, const double *, int, int, int, int, int, int, int, double, double)"
71742232177,11332,71742243509,97,71742243606,1376,12805,118,118,0,cudaLaunchKernel,   1    1    1, 256    1    1,"<unnamed>::step_kernel_boundary_y_faces(const double *, const double *, double *, const double *, const double *, int, int, int, int, int, int, int, double, double)"
71742235598,32629,71742268227,4735,71742272962,1440,38804,121,121,3,cudaLaunchKernel,   1    1    1, 256    1    1,"<unnamed>::step_kernel_boundary_x_faces(const double *, const double *, double *, const double *, const double *, int, int, int, int, int, int, int, double, double)"
71742244438,12700,71742257138,1092,71742258230,1536,15328,118,118,0,cudaLaunchKernel,   1    1    1, 256    1    1,"<unnamed>::step_kernel_boundary_z_faces(const double *, const double *, double *, const double *, const double *, int, int, int, int, int, int, int, double, double)"
71742270738,29110,71742299848,3289,71742303137,1440,33839,121,121,3,cudaLaunchKernel,   1    1    1, 256    1    1,"<unnamed>::step_kernel_boundary_y_faces(const double *, const double *, double *, const double *, const double *, int, int, int, int, int, int, int, double, double)"
71742301976,24825,71742326801,3152,71742329953,1408,29385,121,121,3,cudaLaunchKernel,   1    1    1, 256    1    1,"<unnamed>::step_kernel_boundary_z_faces(const double *, const double *, double *, const double *, const double *, int, int, int, int, int, int, int, double, double)"
71742336458,4513,71742340971,4406,71742345377,1408,10327,121,121,3,cudaLaunchKernel,   1    2    2,  32    4    4,"<unnamed>::step_kernel_interior(const double *, const double *, double *, const double *, const double *, int, int, int, int, int, int, int, double, double)"
71742341508,8824,71742350332,1861,71742352193,1376,12061,121,121,3,cudaLaunchKernel,   1    1    1, 256    1    1,"<unnamed>::step_kernel_boundary_x_faces(const double *, const double *, double *, const double *, const double *, int, int, int, int, int, int, int, double, double)"
71742351236,5480,71742356716,3989,71742360705,1376,10845,121,121,3,cudaLaunchKernel,   1    1    1, 256    1    1,"<unnamed>::step_kernel_boundary_y_faces(const double *, const double *, double *, const double *, const double *, int, int, int, int, int, int, int, double, double)"
71742357230,3845,71742361075,5678,71742366753,1376,10899,121,121,3,cudaLaunchKernel,   1    1    1, 256    1    1,"<unnamed>::step_kernel_boundary_z_faces(const double *, const double *, double *, const double *, const double *, int, int, int, int, int, int, int, double, double)"
71743012908,18516,,,71743030523,4544,22159,121,121,3,cudaLaunchKernel,2198    1    1, 256    1    1,"<unnamed>::pack_face_x(const double *, double *, int, int, int, int, int)"
71743013986,16180,,,71743028549,4672,19235,124,124,6,cudaLaunchKernel,2198    1    1, 256    1    1,"<unnamed>::pack_face_x(const double *, double *, int, int, int, int, int)"
71743019695,18701,,,71743037940,4608,22853,123,123,5,cudaLaunchKernel,2198    1    1, 256    1    1,"<unnamed>::pack_face_x(const double *, double *, int, int, int, int, int)"
71743024517,26719,71743051236,2055,71743053291,4672,33446,120,120,2,cudaLaunchKernel,2198    1    1, 256    1    1,"<unnamed>::pack_face_x(const double *, double *, int, int, int, int, int)"
71743031699,6750,71743038449,2100,71743040549,4800,13650,124,124,6,cudaLaunchKernel,2198    1    1, 256    1    1,"<unnamed>::pack_face_y(const double *, double *, int, int, int, int, int)"
71743032735,11467,,,71743043771,4896,15932,121,121,3,cudaLaunchKernel,2198    1    1, 256    1    1,"<unnamed>::pack_face_y(const double *, double *, int, int, int, int, int)"
71743033721,23362,,,71743054122,4576,24977,129,129,7,cudaLaunchKernel,2198    1    1, 256    1    1,"<unnamed>::pack_face_x(const double *, double *, int, int, int, int, int)"
71743038338,26480,,,71743064207,4928,30797,118,118,0,cudaLaunchKernel,2198    1    1, 256    1    1,"<unnamed>::pack_face_x(const double *, double *, int, int, int, int, int)"
71743038991,10446,71743049437,1416,71743050853,32319,44181,124,124,6,cudaLaunchKernel,2198    1    1, 256    1    1,"<unnamed>::pack_face_z(const double *, double *, int, int, int, int, int)"
71743042865,7451,71743050316,1000,71743051316,4768,13219,123,123,5,cudaLaunchKernel,2198    1    1, 256    1    1,"<unnamed>::pack_face_y(const double *, double *, int, int, int, int, int)"
71743043351,17586,71743060937,226,71743061163,4576,22388,122,122,4,cudaLaunchKernel,2198    1    1, 256    1    1,"<unnamed>::pack_face_x(const double *, double *, int, int, int, int, int)"
71743045322,11514,,,71743056699,33951,45328,121,121,3,cudaLaunchKernel,2198    1    1, 256    1    1,"<unnamed>::pack_face_z(const double *, double *, int, int, int, int, int)"
71743046615,16809,71743063424,2376,71743065800,4512,23697,119,119,1,cudaLaunchKernel,2198    1    1, 256    1    1,"<unnamed>::pack_face_x(const double *, double *, int, int, int, int, int)"
71743050875,9376,71743060251,9001,71743069252,6059358,6077735,124,124,6,cudaLaunchKernel,  24  187  187,  32    4    4,"<unnamed>::step_kernel_interior(const double *, const double *, double *, const double *, const double *, int, int, int, int, int, int, int, double, double)"
71743051210,11628,71743062838,190,71743063028,33599,45417,123,123,5,cudaLaunchKernel,2198    1    1, 256    1    1,"<unnamed>::pack_face_z(const double *, double *, int, int, int, int, int)"
71743055781,7865,71743063646,4493,71743068139,4832,17190,120,120,2,cudaLaunchKernel,2198    1    1, 256    1    1,"<unnamed>::pack_face_y(const double *, double *, int, int, int, int, int)"
71743058180,8483,71743066663,1635,71743068298,4800,14918,129,129,7,cudaLaunchKernel,2198    1    1, 256    1    1,"<unnamed>::pack_face_y(const double *, double *, int, int, int, int, int)"
71743058197,6596,71743064793,10753,71743075546,6064330,6081679,121,121,3,cudaLaunchKernel,  24  187  187,  32    4    4,"<unnamed>::step_kernel_interior(const double *, const double *, double *, const double *, const double *, int, int, int, int, int, int, int, double, double)"
71743061973,11336,71743073309,1230,71743074539,5024,17590,122,122,4,cudaLaunchKernel,2198    1    1, 256    1    1,"<unnamed>::pack_face_y(const double *, double *, int, int, int, int, int)"
71743064304,9708,71743074012,8600,71743082612,6059513,6077821,123,123,5,cudaLaunchKernel,  24  187  187,  32    4    4,"<unnamed>::step_kernel_interior(const double *, const double *, double *, const double *, const double *, int, int, int, int, int, int, int, double, double)"
71743064346,11763,71743076109,3582,71743079691,32671,48016,120,120,2,cudaLaunchKernel,2198    1    1, 256    1    1,"<unnamed>::pack_face_z(const double *, double *, int, int, int, int, int)"
71743064691,10286,71743074977,2663,71743077640,4767,17716,119,119,1,cudaLaunchKernel,2198    1    1, 256    1    1,"<unnamed>::pack_face_y(const double *, double *, int, int, int, int, int)"
71743065877,12324,71743078201,1078,71743079279,4736,18138,118,118,0,cudaLaunchKernel,2198    1    1, 256    1    1,"<unnamed>::pack_face_y(const double *, double *, int, int, int, int, int)"
71743067312,17598,71743084910,443,71743085353,33568,51609,129,129,7,cudaLaunchKernel,2198    1    1, 256    1    1,"<unnamed>::pack_face_z(const double *, double *, int, int, int, int, int)"
71743074377,12284,71743086661,870,71743087531,32576,45730,122,122,4,cudaLaunchKernel,2198    1    1, 256    1    1,"<unnamed>::pack_face_z(const double *, double *, int, int, int, int, int)"
71743075927,10543,71743086470,2753,71743089223,34272,47568,119,119,1,cudaLaunchKernel,2198    1    1, 256    1    1,"<unnamed>::pack_face_z(const double *, double *, int, int, int, int, int)"
71743077777,13260,71743091037,8077,71743099114,6063870,6085207,120,120,2,cudaLaunchKernel,  24  187  187,  32    4    4,"<unnamed>::step_kernel_interior(const double *, const double *, double *, const double *, const double *, int, int, int, int, int, int, int, double, double)"
71743082607,9084,71743091691,1924,71743093615,32736,43744,118,118,0,cudaLaunchKernel,2198    1    1, 256    1    1,"<unnamed>::pack_face_z(const double *, double *, int, int, int, int, int)"
71743086296,8964,71743095260,9709,71743104969,6064440,6083113,129,129,7,cudaLaunchKernel,  24  187  187,  32    4    4,"<unnamed>::step_kernel_interior(const double *, const double *, double *, const double *, const double *, int, int, int, int, int, int, int, double, double)"
71743087805,7474,71743095279,12664,71743107943,6061891,6082029,119,119,1,cudaLaunchKernel,  24  187  187,  32    4    4,"<unnamed>::step_kernel_interior(const double *, const double *, double *, const double *, const double *, int, int, int, int, int, int, int, double, double)"
71743088001,7201,71743095202,12329,71743107531,6049718,6069248,122,122,4,cudaLaunchKernel,  24  187  187,  32    4    4,"<unnamed>::step_kernel_interior(const double *, const double *, double *, const double *, const double *, int, int, int, int, int, int, int, double, double)"
71743093100,6963,71743100063,12592,71743112655,6061839,6081394,118,118,0,cudaLaunchKernel,  24  187  187,  32    4    4,"<unnamed>::step_kernel_interior(const double *, const double *, double *, const double *, const double *, int, int, int, int, int, int, int, double, double)"
71743309216,7780,71743316996,5838724,71749155720,6624,5853128,120,120,2,cudaLaunchKernel,2198    1    1, 256    1    1,"<unnamed>::unpack_face_x(const double *, double *, int, int, int, int, int)"
71743317556,5755,71743323311,5840601,71749163912,4352,5850708,120,120,2,cudaLaunchKernel,2198    1    1, 256    1    1,"<unnamed>::unpack_face_y(const double *, double *, int, int, int, int, int)"
71743323876,4462,71743328338,5841238,71749169576,42496,5888196,120,120,2,cudaLaunchKernel,2198    1    1, 256    1    1,"<unnamed>::unpack_face_z(const double *, double *, int, int, int, int, int)"
71743333511,11415,71743344926,5868458,71749213384,25631,5905504,120,120,2,cudaLaunchKernel,4395    1    1, 256    1    1,"<unnamed>::step_kernel_boundary_x_faces(const double *, const double *, double *, const double *, const double *, int, int, int, int, int, int, int, double, double)"
71743345875,11135,71743357010,5883509,71749240519,24416,5919060,120,120,2,cudaLaunchKernel,4383    1    1, 256    1    1,"<unnamed>::step_kernel_boundary_y_faces(const double *, const double *, double *, const double *, const double *, int, int, int, int, int, int, int, double, double)"
71743361422,6694,71743368116,5898323,71749266439,257469,6162486,120,120,2,cudaLaunchKernel,4372    1    1, 256    1    1,"<unnamed>::step_kernel_boundary_z_faces(const double *, const double *, double *, const double *, const double *, int, int, int, int, int, int, int, double, double)"
71743369747,8249,71743377996,5790098,71749168094,7232,5805579,118,118,0,cudaLaunchKernel,2198    1    1, 256    1    1,"<unnamed>::unpack_face_x(const double *, double *, int, int, int, int, int)"
71743373378,7104,71743380482,5742048,71749122530,6816,5755968,124,124,6,cudaLaunchKernel,2198    1    1, 256    1    1,"<unnamed>::unpack_face_x(const double *, double *, int, int, int, int, int)"
71743376560,5975,71743382535,6143133,71749525668,9728,6158836,120,120,2,cudaLaunchKernel,2198    1    1, 256    1    1,"<unnamed>::pack_face_x(const double *, double *, int, int, int, int, int)"
71743378524,6677,71743385201,5791469,71749176670,4000,5802146,118,118,0,cudaLaunchKernel,2198    1    1, 256    1    1,"<unnamed>::unpack_face_y(const double *, double *, int, int, int, int, int)"
71743381003,4520,71743385523,5745135,71749130658,4352,5754007,124,124,6,cudaLaunchKernel,2198    1    1, 256    1    1,"<unnamed>::unpack_face_y(const double *, double *, int, int, int, int, int)"
71743382921,5099,71743388020,12182254,71755570274,5984,12193337,120,120,2,cudaLaunchKernel,2198    1    1, 256    1    1,"<unnamed>::pack_face_y(const double *, double *, int, int, int, int, int)"
71743385674,5271,71743390945,5790781,71749181726,41472,5837524,118,118,0,cudaLaunchKernel,2198    1    1, 256    1    1,"<unnamed>::unpack_face_z(const double *, double *, int, int, int, int, int)"
71743386061,3179,71743389240,5746730,71749135970,42047,5791956,124,124,6,cudaLaunchKernel,2198    1    1, 256    1    1,"<unnamed>::unpack_face_z(const double *, double *, int, int, int, int, int)"
71743388441,4636,71743393077,12184845,71755577922,25504,12214985,120,120,2,cudaLaunchKernel,2198    1    1, 256    1    1,"<unnamed>::pack_face_z(const double *, double *, int, int, int, int, int)"
71743390227,3699,71743393926,5785947,71749179873,26144,5815790,124,124,6,cudaLaunchKernel,4395    1    1, 256    1    1,"<unnamed>::step_kernel_boundary_x_faces(const double *, const double *, double *, const double *, const double *, int, int, int, int, int, int, int, double, double)"
71743391836,5353,71743397189,5827577,71749224766,27263,5860193,118,118,0,cudaLaunchKernel,4395    1    1, 256    1    1,"<unnamed>::step_kernel_boundary_x_faces(const double *, const double *, double *, const double *, const double *, int, int, int, int, int, int, int, double, double)"
71743393584,5527,71743399111,6129501,71749528612,6046590,12181618,120,120,2,cudaLaunchKernel,  24  187  187,  32    4    4,"<unnamed>::step_kernel_interior(const double *, const double *, double *, const double *, const double *, int, int, int, int, int, int, int, double, double)"
71743394554,4018,71743398572,5808853,71749207425,24352,5837223,124,124,6,cudaLaunchKernel,4383    1    1, 256    1    1,"<unnamed>::step_kernel_boundary_y_faces(const double *, const double *, double *, const double *, const double *, int, int, int, int, int, int, int, double, double)"
71743397626,5644,71743403270,5850295,71749253565,24224,5880163,118,118,0,cudaLaunchKernel,4383    1    1, 256    1    1,"<unnamed>::step_kernel_boundary_y_faces(const double *, const double *, double *, const double *, const double *, int, int, int, int, int, int, int, double, double)"
71743397829,7029,71743404858,5758832,71749163690,6976,5772837,119,119,1,cudaLaunchKernel,2198    1    1, 256    1    1,"<unnamed>::unpack_face_x(const double *, double *, int, int, int, int, int)"
71743398964,3511,71743402475,5830678,71749233153,255933,6090122,124,124,6,cudaLaunchKernel,4372    1    1, 256    1    1,"<unnamed>::step_kernel_boundary_z_faces(const double *, const double *, double *, const double *, const double *, int, int, int, int, int, int, int, double, double)"
71743399245,12071,71743411316,5740525,71749151841,6368,5758964,122,122,4,cudaLaunchKernel,2198    1    1, 256    1    1,"<unnamed>::unpack_face_x(const double *, double *, int, int, int, int, int)"
71743400584,11077,71743411661,5721975,71749133636,7072,5740124,121,121,3,cudaLaunchKernel,2198    1    1, 256    1    1,"<unnamed>::unpack_face_x(const double *, double *, int, int, int, int, int)"
71743403790,8948,71743412738,5866523,71749279261,257342,6132813,118,118,0,cudaLaunchKernel,4372    1    1, 256    1    1,"<unnamed>::step_kernel_boundary_z_faces(const double *, const double *, double *, const double *, const double *, int, int, int, int, int, int, int, double, double)"
71743405401,9469,71743414870,5757236,71749172106,4384,5771089,119,119,1,cudaLaunchKernel,2198    1    1, 256    1    1,"<unnamed>::unpack_face_y(const double *, double *, int, int, int, int, int)"
71743412362,11617,71743423979,5735830,71749159809,4096,5751543,122,122,4,cudaLaunchKernel,2198    1    1, 256    1    1,"<unnamed>::unpack_face_y(const double *, double *, int, int, int, int, int)"
71743412882,11063,71743423945,5718331,71749142276,4064,5733458,121,121,3,cudaLaunchKernel,2198    1    1, 256    1    1,"<unnamed>::unpack_face_y(const double *, double *, int, int, int, int, int)"
71743413196,10281,71743423477,6067017,71749490494,9824,6087122,124,124,6,cudaLaunchKernel,2198    1    1, 256    1    1,"<unnamed>::pack_face_x(const double *, double *, int, int, int, int, int)"
71743415943,9130,71743425073,5752505,71749177578,43424,5805059,119,119,1,cudaLaunchKernel,2198    1    1, 256    1    1,"<unnamed>::unpack_face_z(const double *, double *, int, int, int, int, int)"
71743420662,11035,71743431697,5704348,71749136045,6592,5721975,123,123,5,cudaLaunchKernel,2198    1    1, 256    1    1,"<unnamed>::unpack_face_x(const double *, double *, int, int, int, int, int)"
71743423001,13603,71743436604,5725573,71749162177,6688,5745864,129,129,7,cudaLaunchKernel,2198    1    1, 256    1    1,"<unnamed>::unpack_face_x(const double *, double *, int, int, int, int, int)"
71743424493,9827,71743434320,12104460,71755538780,6336,12120623,124,124,6,cudaLaunchKernel,2198    1    1, 256    1    1,"<unnamed>::pack_face_y(const double *, double *, int, int, int, int, int)"
71743424937,10673,71743435610,5729607,71749165217,43296,5783576,122,122,4,cudaLaunchKernel,2198    1    1, 256    1    1,"<unnamed>::unpack_face_z(const double *, double *, int, int, int, int, int)"
71743425237,10403,71743435640,5711820,71749147460,41728,5763951,121,121,3,cudaLaunchKernel,2198    1    1, 256    1    1,"<unnamed>::unpack_face_z(const double *, double *, int, int, int, int, int)"
71743429325,6622,71743435947,5786527,71749222474,25824,5818973,119,119,1,cudaLaunchKernel,4395    1    1, 256    1    1,"<unnamed>::step_kernel_boundary_x_faces(const double *, const double *, double *, const double *, const double *, int, int, int, int, int, int, int, double, double)"
71743429511,8685,71743438196,6100007,71749538203,8768,6117460,118,118,0,cudaLaunchKernel,2198    1    1, 256    1    1,"<unnamed>::pack_face_x(const double *, double *, int, int, int, int, int)"
71743432743,5752,71743438495,5705517,71749144012,5248,5716517,123,123,5,cudaLaunchKernel,2198    1    1, 256    1    1,"<unnamed>::unpack_face_y(const double *, double *, int, int, int, int, int)"
71743435290,4312,71743439602,12106922,71755546524,25823,12137057,124,124,6,cudaLaunchKernel,2198    1    1, 256    1    1,"<unnamed>::pack_face_z(const double *, double *, int, int, int, int, int)"
71743436527,8707,71743445234,5804536,71749249770,24128,5837371,119,119,1,cudaLaunchKernel,4383    1    1, 256    1    1,"<unnamed>::step_kernel_boundary_y_faces(const double *, const double *, double *, const double *, const double *, int, int, int, int, int, int, int, double, double)"
71743436832,7902,71743444734,5746310,71749191044,25984,5780196,121,121,3,cudaLaunchKernel,4395    1    1, 256    1    1,"<unnamed>::step_kernel_boundary_x_faces(const double *, const double *, double *, const double *, const double *, int, int, int, int, int, int, int, double, double)"
71743436923,9316,71743446239,5764034,71749210273,27199,5800549,122,122,4,cudaLaunchKernel,4395    1    1, 256    1    1,"<unnamed>::step_kernel_boundary_x_faces(const double *, const double *, double *, const double *, const double *, int, int, int, int, int, int, int, double, double)"
71743437696,12555,71743450251,5720310,71749170561,4352,5737217,129,129,7,cudaLaunchKernel,2198    1    1, 256    1    1,"<unnamed>::unpack_face_y(const double *, double *, int, int, int, int, int)"
71743438831,11057,71743449888,12138762,71755588650,6432,12156251,118,118,0,cudaLaunchKernel,2198    1    1, 256    1    1,"<unnamed>::pack_face_y(const double *, double *, int, int, int, int, int)"
71743439135,8631,71743447766,5702582,71749150348,41216,5752429,123,123,5,cudaLaunchKernel,2198    1    1, 256    1    1,"<unnamed>::unpack_face_z(const double *, double *, int, int, int, int, int)"
71743443967,6256,71743450223,6043375,71749493598,6051006,12100637,124,124,6,cudaLaunchKernel,  24  187  187,  32    4    4,"<unnamed>::step_kernel_interior(const double *, const double *, double *, const double *, const double *, int, int, int, int, int, int, int, double, double)"
71743445712,5822,71743451534,5766934,71749218468,24351,5797107,121,121,3,cudaLaunchKernel,4383    1    1, 256    1    1,"<unnamed>::step_kernel_boundary_y_faces(const double *, const double *, double *, const double *, const double *, int, int, int, int, int, int, int, double, double)"
71743446142,5499,71743451641,5823697,71749275338,256798,6085994,119,119,1,cudaLaunchKernel,4372    1    1, 256    1    1,"<unnamed>::step_kernel_boundary_z_faces(const double *, const double *, double *, const double *, const double *, int, int, int, int, int, int, int, double, double)"
71743447128,12117,71743459245,5779443,71749238688,24384,5815944,122,122,4,cudaLaunchKernel,4383    1    1, 256    1    1,"<unnamed>::step_kernel_boundary_y_faces(const double *, const double *, double *, const double *, const double *, int, int, int, int, int, int, int, double, double)"
71743448903,3951,71743452854,5740982,71749193836,25952,5770885,123,123,5,cudaLaunchKernel,4395    1    1, 256    1    1,"<unnamed>::step_kernel_boundary_x_faces(const double *, const double *, double *, const double *, const double *, int, int, int, int, int, int, int, double, double)"
71743450809,10639,71743461448,12135010,71755596458,24736,12170385,118,118,0,cudaLaunchKernel,2198    1    1, 256    1    1,"<unnamed>::pack_face_z(const double *, double *, int, int, int, int, int)"
71743451308,10859,71743462167,5714058,71749176225,41887,5766804,129,129,7,cudaLaunchKernel,2198    1    1, 256    1    1,"<unnamed>::unpack_face_z(const double *, double *, int, int, int, int, int)"
71743451961,7386,71743459347,5785104,71749244451,255166,6047656,121,121,3,cudaLaunchKernel,4372    1    1, 256    1    1,"<unnamed>::step_kernel_boundary_z_faces(const double *, const double *, double *, const double *, const double *, int, int, int, int, int, int, int, double, double)"
71743453306,8782,71743462088,5759140,71749221228,24351,5792273,123,123,5,cudaLaunchKernel,4383    1    1, 256    1    1,"<unnamed>::step_kernel_boundary_y_faces(const double *, const double *, double *, const double *, const double *, int, int, int, int, int, int, int, double, double)"
71743460105,11670,71743471775,5793249,71749265024,254655,6059574,122,122,4,cudaLaunchKernel,4372    1    1, 256    1    1,"<unnamed>::step_kernel_boundary_z_faces(const double *, const double *, double *, const double *, const double *, int, int, int, int, int, int, int, double, double)"
71743462550,11189,71743473739,6067376,71749541115,6053455,12132020,118,118,0,cudaLaunchKernel,  24  187  187,  32    4    4,"<unnamed>::step_kernel_interior(const double *, const double *, double *, const double *, const double *, int, int, int, int, int, int, int, double, double)"
71743462633,10497,71743473130,6060510,71749533640,9568,6080575,119,119,1,cudaLaunchKernel,2198    1    1, 256    1    1,"<unnamed>::pack_face_x(const double *, double *, int, int, int, int, int)"
71743463009,9252,71743472261,5775750,71749248011,255549,6040551,123,123,5,cudaLaunchKernel,4372    1    1, 256    1    1,"<unnamed>::step_kernel_boundary_z_faces(const double *, const double *, double *, const double *, const double *, int, int, int, int, int, int, int, double, double)"
71743463400,10807,71743474207,5745697,71749219904,25760,5782264,129,129,7,cudaLaunchKernel,4395    1    1, 256    1    1,"<unnamed>::step_kernel_boundary_x_faces(const double *, const double *, double *, const double *, const double *, int, int, int, int, int, int, int, double, double)"
71743471747,10828,71743482575,12060732,71755543307,6016,12077576,121,121,3,cudaLaunchKernel,2198    1    1, 256    1    1,"<unnamed>::pack_face_x(const double *, double *, int, int, int, int, int)"
71743474051,9060,71743483111,12097348,71755580459,6624,12113032,119,119,1,cudaLaunchKernel,2198    1    1, 256    1    1,"<unnamed>::pack_face_y(const double *, double *, int, int, int, int, int)"
71743475170,10229,71743485399,5761993,71749247392,24672,5796894,129,129,7,cudaLaunchKernel,4383    1    1, 256    1    1,"<unnamed>::step_kernel_boundary_y_faces(const double *, const double *, double *, const double *, const double *, int, int, int, int, int, int, int, double, double)"
71743483530,5183,71743488713,12062242,71755550955,4448,12071873,121,121,3,cudaLaunchKernel,2198    1    1, 256    1    1,"<unnamed>::pack_face_y(const double *, double *, int, int, int, int, int)"
71743484018,5807,71743489825,12098698,71755588523,24320,12128825,119,119,1,cudaLaunchKernel,2198    1    1, 256    1    1,"<unnamed>::pack_face_z(const double *, double *, int, int, int, int, int)"
71743484281,11159,71743495440,12053905,71755549345,6208,12071272,123,123,5,cudaLaunchKernel,2198    1    1, 256    1    1,"<unnamed>::pack_face_x(const double *, double *, int, int, int, int, int)"
71743484377,12210,71743496587,12055722,71755552309,6624,12074556,122,122,4,cudaLaunchKernel,2198    1    1, 256    1    1,"<unnamed>::pack_face_x(const double *, double *, int, int, int, int, int)"
71743486269,11702,71743497971,5775885,71749273856,257181,6044768,129,129,7,cudaLaunchKernel,4372    1    1, 256    1    1,"<unnamed>::step_kernel_boundary_z_faces(const double *, const double *, double *, const double *, const double *, int, int, int, int, int, int, int, double, double)"
71743489147,7996,71743497143,12059572,71755556715,25856,12093424,121,121,3,cudaLaunchKernel,2198    1    1, 256    1    1,"<unnamed>::pack_face_z(const double *, double *, int, int, int, int, int)"
71743493799,10987,71743504786,6031766,71749536552,6049411,12092164,119,119,1,cudaLaunchKernel,  24  187  187,  32    4    4,"<unnamed>::step_kernel_interior(const double *, const double *, double *, const double *, const double *, int, int, int, int, int, int, int, double, double)"
71743496506,9856,71743506362,12051655,71755558017,4576,12066087,123,123,5,cudaLaunchKernel,2198    1    1, 256    1    1,"<unnamed>::pack_face_y(const double *, double *, int, int, int, int, int)"
71743497543,11707,71743509250,12051347,71755560597,4480,12067534,122,122,4,cudaLaunchKernel,2198    1    1, 256    1    1,"<unnamed>::pack_face_y(const double *, double *, int, int, int, int, int)"
71743498276,9929,71743508205,5993044,71749501249,6047562,12050535,121,121,3,cudaLaunchKernel,  24  187  187,  32    4    4,"<unnamed>::step_kernel_interior(const double *, const double *, double *, const double *, const double *, int, int, int, int, int, int, int, double, double)"
71743507376,5405,71743512781,12050900,71755563681,25312,12081617,123,123,5,cudaLaunchKernel,2198    1    1, 256    1    1,"<unnamed>::pack_face_z(const double *, double *, int, int, int, int, int)"
71743510185,5612,71743515797,12050368,71755566165,25088,12081068,122,122,4,cudaLaunchKernel,2198    1    1, 256    1    1,"<unnamed>::pack_face_z(const double *, double *, int, int, int, int, int)"
71743511372,11878,71743523250,6009547,71749532797,8576,6030001,129,129,7,cudaLaunchKernel,2198    1    1, 256    1    1,"<unnamed>::pack_face_x(const double *, double *, int, int, int, int, int)"
71743513445,8357,71743521802,5983358,71749505160,6050905,12042620,123,123,5,cudaLaunchKernel,  24  187  187,  32    4    4,"<unnamed>::step_kernel_interior(const double *, const double *, double *, const double *, const double *, int, int, int, int, int, int, int, double, double)"
71743516523,10663,71743527186,5994221,71749521407,6037014,12041898,122,122,4,cudaLaunchKernel,  24  187  187,  32    4    4,"<unnamed>::step_kernel_interior(const double *, const double *, double *, const double *, const double *, int, int, int, int, int, int, int, double, double)"
71743524208,6810,71743531018,12048107,71755579125,6304,12061221,129,129,7,cudaLaunchKernel,2198    1    1, 256    1    1,"<unnamed>::pack_face_y(const double *, double *, int, int, int, int, int)"
71743531391,9645,71743541036,12045769,71755586805,24416,12079830,129,129,7,cudaLaunchKernel,2198    1    1, 256    1    1,"<unnamed>::pack_face_z(const double *, double *, int, int, int, int, int)"
71743542187,6557,71743548744,5987029,71749535773,6048408,12041994,129,129,7,cudaLaunchKernel,  24  187  187,  32    4    4,"<unnamed>::step_kernel_interior(const double *, const double *, double *, const double *, const double *, int, int, int, int, int, int, int, double, double)"
71755704987,11660,71755716647,531,71755717178,3776,15967,124,124,6,cudaLaunchKernel,2198    1    1, 256    1    1,"<unnamed>::unpack_face_x(const double *, double *, int, int, int, int, int)"
71755709441,13401,71755722842,4391,71755727233,3744,21536,120,120,2,cudaLaunchKernel,2198    1    1, 256    1    1,"<unnamed>::unpack_face_x(const double *, double *, int, int, int, int, int)"
71755717063,7768,71755724831,3946,71755728777,3904,15618,121,121,3,cudaLaunchKernel,2198    1    1, 256    1    1,"<unnamed>::unpack_face_x(const double *, double *, int, int, int, int, int)"
71755717234,8250,71755725484,2024,71755727508,3744,14018,122,122,4,cudaLaunchKernel,2198    1    1, 256    1    1,"<unnamed>::unpack_face_x(const double *, double *, int, int, int, int, int)"
71755717827,5280,71755723107,2839,71755725946,4128,12247,124,124,6,cudaLaunchKernel,2198    1    1, 256    1    1,"<unnamed>::unpack_face_y(const double *, double *, int, int, int, int, int)"
71755719675,7544,71755727219,1804,71755729023,3840,13188,123,123,5,cudaLaunchKernel,2198    1    1, 256    1    1,"<unnamed>::unpack_face_x(const double *, double *, int, int, int, int, int)"
71755721761,13553,,,71755733427,3808,15474,129,129,7,cudaLaunchKernel,2198    1    1, 256    1    1,"<unnamed>::unpack_face_x(const double *, double *, int, int, int, int, int)"
71755721820,7197,71755729017,4145,71755733162,3872,15214,119,119,1,cudaLaunchKernel,2198    1    1, 256    1    1,"<unnamed>::unpack_face_x(const double *, double *, int, int, int, int, int)"
71755721932,9286,71755731218,2199,71755733417,3872,15357,118,118,0,cudaLaunchKernel,2198    1    1, 256    1    1,"<unnamed>::unpack_face_x(const double *, double *, int, int, int, int, int)"
71755723547,4006,71755727553,4505,71755732058,41951,50462,124,124,6,cudaLaunchKernel,2198    1    1, 256    1    1,"<unnamed>::unpack_face_z(const double *, double *, int, int, int, int, int)"
71755723770,4983,71755728753,6192,71755734945,3872,15047,120,120,2,cudaLaunchKernel,2198    1    1, 256    1    1,"<unnamed>::unpack_face_y(const double *, double *, int, int, int, int, int)"
71755725305,3798,71755729103,5658,71755734761,4064,13520,121,121,3,cudaLaunchKernel,2198    1    1, 256    1    1,"<unnamed>::unpack_face_y(const double *, double *, int, int, int, int, int)"
71755725900,7971,71755733871,197,71755734068,3936,12104,122,122,4,cudaLaunchKernel,2198    1    1, 256    1    1,"<unnamed>::unpack_face_y(const double *, double *, int, int, int, int, int)"
71755727701,3290,71755730991,3216,71755734207,3840,10346,123,123,5,cudaLaunchKernel,2198    1    1, 256    1    1,"<unnamed>::unpack_face_y(const double *, double *, int, int, int, int, int)"
71755728286,3092,71755731378,44039,71755775417,26176,73307,124,124,6,cudaLaunchKernel,4395    1    1, 256    1    1,"<unnamed>::step_kernel_boundary_x_faces(const double *, const double *, double *, const double *, const double *, int, int, int, int, int, int, int, double, double)"
71755729189,10652,71755739841,4031,71755743872,41120,55803,120,120,2,cudaLaunchKernel,2198    1    1, 256    1    1,"<unnamed>::unpack_face_z(const double *, double *, int, int, int, int, int)"
71755729465,8643,71755738108,3886,71755741994,4096,16625,119,119,1,cudaLaunchKernel,2198    1    1, 256    1    1,"<unnamed>::unpack_face_y(const double *, double *, int, int, int, int, int)"
71755729508,8791,71755738299,3246,71755741545,42080,54117,121,121,3,cudaLaunchKernel,2198    1    1, 256    1    1,"<unnamed>::unpack_face_z(const double *, double *, int, int, int, int, int)"
71755734999,6842,71755741841,1646,71755743487,41888,50376,123,123,5,cudaLaunchKernel,2198    1    1, 256    1    1,"<unnamed>::unpack_face_z(const double *, double *, int, int, int, int, int)"
71755735031,8611,71755743642,2202,71755745844,41887,52700,122,122,4,cudaLaunchKernel,2198    1    1, 256    1    1,"<unnamed>::unpack_face_z(const double *, double *, int, int, int, int, int)"
71755735201,6666,71755741867,61006,71755802873,24032,91704,124,124,6,cudaLaunchKernel,4383    1    1, 256    1    1,"<unnamed>::step_kernel_boundary_y_faces(const double *, const double *, double *, const double *, const double *, int, int, int, int, int, int, int, double, double)"
71755735722,7671,71755743393,2152,71755745545,4000,13823,118,118,0,cudaLaunchKernel,2198    1    1, 256    1    1,"<unnamed>::unpack_face_y(const double *, double *, int, int, int, int, int)"
71755736330,7980,71755744310,1885,71755746195,4096,13961,129,129,7,cudaLaunchKernel,2198    1    1, 256    1    1,"<unnamed>::unpack_face_y(const double *, double *, int, int, int, int, int)"
71755739045,5488,71755744533,4597,71755749130,41536,51621,119,119,1,cudaLaunchKernel,2198    1    1, 256    1    1,"<unnamed>::unpack_face_z(const double *, double *, int, int, int, int, int)"
71755739401,5130,71755744531,40662,71755785193,25792,71584,121,121,3,cudaLaunchKernel,4395    1    1, 256    1    1,"<unnamed>::step_kernel_boundary_x_faces(const double *, const double *, double *, const double *, const double *, int, int, int, int, int, int, int, double, double)"
71755740933,6666,71755747599,38865,71755786464,26656,72187,120,120,2,cudaLaunchKernel,4395    1    1, 256    1    1,"<unnamed>::step_kernel_boundary_x_faces(const double *, const double *, double *, const double *, const double *, int, int, int, int, int, int, int, double, double)"
71755742393,3589,71755745982,82459,71755828441,256189,342237,124,124,6,cudaLaunchKernel,4372    1    1, 256    1    1,"<unnamed>::step_kernel_boundary_z_faces(const double *, const double *, double *, const double *, const double *, int, int, int, int, int, int, int, double, double)"
71755742521,4373,71755746894,40049,71755786943,26015,70437,123,123,5,cudaLaunchKernel,4395    1    1, 256    1    1,"<unnamed>::step_kernel_boundary_x_faces(const double *, const double *, double *, const double *, const double *, int, int, int, int, int, int, int, double, double)"
71755743822,6791,71755750613,3668,71755754281,41216,51675,118,118,0,cudaLaunchKernel,2198    1    1, 256    1    1,"<unnamed>::unpack_face_z(const double *, double *, int, int, int, int, int)"
71755744295,5908,71755750203,39064,71755789267,26400,71372,122,122,4,cudaLaunchKernel,4395    1    1, 256    1    1,"<unnamed>::step_kernel_boundary_x_faces(const double *, const double *, double *, const double *, const double *, int, int, int, int, int, int, int, double, double)"
71755744896,5976,71755750872,3163,71755754035,40639,49778,129,129,7,cudaLaunchKernel,2198    1    1, 256    1    1,"<unnamed>::unpack_face_z(const double *, double *, int, int, int, int, int)"
71755744939,3935,71755748874,63935,71755812809,24351,92221,121,121,3,cudaLaunchKernel,4383    1    1, 256    1    1,"<unnamed>::step_kernel_boundary_y_faces(const double *, const double *, double *, const double *, const double *, int, int, int, int, int, int, int, double, double)"
71755745250,4597,71755749847,42387,71755792234,26528,73512,119,119,1,cudaLaunchKernel,4395    1    1, 256    1    1,"<unnamed>::step_kernel_boundary_x_faces(const double *, const double *, double *, const double *, const double *, int, int, int, int, int, int, int, double, double)"
71755747280,3202,71755750482,63660,71755814142,24256,91118,123,123,5,cudaLaunchKernel,4383    1    1, 256    1    1,"<unnamed>::step_kernel_boundary_y_faces(const double *, const double *, double *, const double *, const double *, int, int, int, int, int, int, int, double, double)"
71755748181,4986,71755753167,61521,71755814688,24255,90762,120,120,2,cudaLaunchKernel,4383    1    1, 256    1    1,"<unnamed>::step_kernel_boundary_y_faces(const double *, const double *, double *, const double *, const double *, int, int, int, int, int, int, int, double, double)"
71755749256,4455,71755753711,85209,71755838920,256574,346238,121,121,3,cudaLaunchKernel,4372    1    1, 256    1    1,"<unnamed>::step_kernel_boundary_z_faces(const double *, const double *, double *, const double *, const double *, int, int, int, int, int, int, int, double, double)"
71755750240,3380,71755753620,66390,71755820010,24768,94538,119,119,1,cudaLaunchKernel,4383    1    1, 256    1    1,"<unnamed>::step_kernel_boundary_y_faces(const double *, const double *, double *, const double *, const double *, int, int, int, int, int, int, int, double, double)"
71755750838,8717,71755759555,57584,71755817139,24960,91261,122,122,4,cudaLaunchKernel,4383    1    1, 256    1    1,"<unnamed>::step_kernel_boundary_y_faces(const double *, const double *, double *, const double *, const double *, int, int, int, int, int, int, int, double, double)"
71755750868,8836,71755759704,80454,71755840158,256317,345607,123,123,5,cudaLaunchKernel,4372    1    1, 256    1    1,"<unnamed>::step_kernel_boundary_z_faces(const double *, const double *, double *, const double *, const double *, int, int, int, int, int, int, int, double, double)"
71755751321,10490,71755761811,35606,71755797417,25919,72015,118,118,0,cudaLaunchKernel,4395    1    1, 256    1    1,"<unnamed>::step_kernel_boundary_x_faces(const double *, const double *, double *, const double *, const double *, int, int, int, int, int, int, int, double, double)"
71755751913,11777,71755763690,33000,71755796690,25824,70601,129,129,7,cudaLaunchKernel,4395    1    1, 256    1    1,"<unnamed>::step_kernel_boundary_x_faces(const double *, const double *, double *, const double *, const double *, int, int, int, int, int, int, int, double, double)"
71755753056,8463,71755761519,324359,71756085878,8480,341302,124,124,6,cudaLaunchKernel,2198    1    1, 256    1    1,"<unnamed>::pack_face_x(const double *, double *, int, int, int, int, int)"
71755753869,10345,71755764214,76489,71755840703,257758,344592,120,120,2,cudaLaunchKernel,4372    1    1, 256    1    1,"<unnamed>::step_kernel_boundary_z_faces(const double *, const double *, double *, const double *, const double *, int, int, int, int, int, int, int, double, double)"
71755754013,9592,71755763605,82901,71755846506,255711,348204,119,119,1,cudaLaunchKernel,4372    1    1, 256    1    1,"<unnamed>::step_kernel_boundary_z_faces(const double *, const double *, double *, const double *, const double *, int, int, int, int, int, int, int, double, double)"
71755760568,7453,71755768021,75646,71755843667,255198,338297,122,122,4,cudaLaunchKernel,4372    1    1, 256    1    1,"<unnamed>::step_kernel_boundary_z_faces(const double *, const double *, double *, const double *, const double *, int, int, int, int, int, int, int, double, double)"
71755762543,5179,71755767722,6365961,71762133683,6304,6377444,124,124,6,cudaLaunchKernel,2198    1    1, 256    1    1,"<unnamed>::pack_face_y(const double *, double *, int, int, int, int, int)"
71755762725,6822,71755769547,55197,71755824744,24832,86851,118,118,0,cudaLaunchKernel,4383    1    1, 256    1    1,"<unnamed>::step_kernel_boundary_y_faces(const double *, const double *, double *, const double *, const double *, int, int, int, int, int, int, int, double, double)"
71755764561,6549,71755771110,52844,71755823954,24288,83681,129,129,7,cudaLaunchKernel,4383    1    1, 256    1    1,"<unnamed>::step_kernel_boundary_y_faces(const double *, const double *, double *, const double *, const double *, int, int, int, int, int, int, int, double, double)"
71755765132,5654,71755770786,326116,71756096902,9120,340890,121,121,3,cudaLaunchKernel,2198    1    1, 256    1    1,"<unnamed>::pack_face_x(const double *, double *, int, int, int, int, int)"
71755767696,4241,71755771937,326170,71756098107,9472,339883,123,123,5,cudaLaunchKernel,2198    1    1, 256    1    1,"<unnamed>::pack_face_x(const double *, double *, int, int, int, int, int)"
71755768199,3313,71755771512,6369915,71762141427,24384,6397612,124,124,6,cudaLaunchKernel,2198    1    1, 256    1    1,"<unnamed>::pack_face_z(const double *, double *, int, int, int, int, int)"
71755769937,6523,71755776460,74620,71755851080,254782,335925,118,118,0,cudaLaunchKernel,4372    1    1, 256    1    1,"<unnamed>::step_kernel_boundary_z_faces(const double *, const double *, double *, const double *, const double *, int, int, int, int, int, int, int, double, double)"
71755770628,5379,71755776007,324086,71756100093,10783,340248,120,120,2,cudaLaunchKernel,2198    1    1, 256    1    1,"<unnamed>::pack_face_x(const double *, double *, int, int, int, int, int)"
71755770848,4385,71755775233,328328,71756103561,10048,342761,119,119,1,cudaLaunchKernel,2198    1    1, 256    1    1,"<unnamed>::pack_face_x(const double *, double *, int, int, int, int, int)"
71755771201,6252,71755777453,6357571,71762135024,6208,6370031,121,121,3,cudaLaunchKernel,2198    1    1, 256    1    1,"<unnamed>::pack_face_y(const double *, double *, int, int, int, int, int)"
71755771483,4901,71755776384,73618,71755850002,255581,334100,129,129,7,cudaLaunchKernel,4372    1    1, 256    1    1,"<unnamed>::step_kernel_boundary_z_faces(const double *, const double *, double *, const double *, const double *, int, int, int, int, int, int, int, double, double)"
71755772238,4162,71755776400,312326,71756088726,6050109,6366597,124,124,6,cudaLaunchKernel,  24  187  187,  32    4    4,"<unnamed>::step_kernel_interior(const double *, const double *, double *, const double *, const double *, int, int, int, int, int, int, int, double, double)"
71755772344,4335,71755776679,6366925,71762143604,6400,6377660,123,123,5,cudaLaunchKernel,2198    1    1, 256    1    1,"<unnamed>::pack_face_y(const double *, double *, int, int, int, int, int)"
71755774445,3997,71755778442,6346142,71762124584,6400,6356539,122,122,4,cudaLaunchKernel,2198    1    1, 256    1    1,"<unnamed>::pack_face_x(const double *, double *, int, int, int, int, int)"
71755775836,4271,71755780107,6369920,71762150027,6464,6380655,119,119,1,cudaLaunchKernel,2198    1    1, 256    1    1,"<unnamed>::pack_face_y(const double *, double *, int, int, int, int, int)"
71755776379,4726,71755781105,6360778,71762141883,7008,6372512,120,120,2,cudaLaunchKernel,2198    1    1, 256    1    1,"<unnamed>::pack_face_y(const double *, double *, int, int, int, int, int)"
71755777104,3373,71755780477,6371095,71762151572,25376,6399844,123,123,5,cudaLaunchKernel,2198    1    1, 256    1    1,"<unnamed>::pack_face_z(const double *, double *, int, int, int, int, int)"
71755777830,3581,71755781411,6361229,71762142640,24256,6389066,121,121,3,cudaLaunchKernel,2198    1    1, 256    1    1,"<unnamed>::pack_face_z(const double *, double *, int, int, int, int, int)"
71755778842,10587,71755789429,6343219,71762132648,5824,6359630,122,122,4,cudaLaunchKernel,2198    1    1, 256    1    1,"<unnamed>::pack_face_y(const double *, double *, int, int, int, int, int)"
71755780526,7888,71755788414,6369741,71762158155,24288,6401917,119,119,1,cudaLaunchKernel,2198    1    1, 256    1    1,"<unnamed>::pack_face_z(const double *, double *, int, int, int, int, int)"
71755781009,9158,71755790167,311140,71756101307,6047545,6367843,123,123,5,cudaLaunchKernel,  24  187  187,  32    4    4,"<unnamed>::step_kernel_interior(const double *, const double *, double *, const double *, const double *, int, int, int, int, int, int, int, double, double)"
71755781520,10288,71755791808,6358459,71762150267,24383,6393130,120,120,2,cudaLaunchKernel,2198    1    1, 256    1    1,"<unnamed>::pack_face_z(const double *, double *, int, int, int, int, int)"
71755782048,9398,71755791446,308400,71756099846,6040202,6358000,121,121,3,cudaLaunchKernel,  24  187  187,  32    4    4,"<unnamed>::step_kernel_interior(const double *, const double *, double *, const double *, const double *, int, int, int, int, int, int, int, double, double)"
71755787771,7753,71755795524,6357457,71762152981,6176,6371386,118,118,0,cudaLaunchKernel,2198    1    1, 256    1    1,"<unnamed>::pack_face_x(const double *, double *, int, int, int, int, int)"
71755787932,8165,71755796097,6358054,71762154151,6400,6372619,129,129,7,cudaLaunchKernel,2198    1    1, 256    1    1,"<unnamed>::pack_face_x(const double *, double *, int, int, int, int, int)"
71755789542,6552,71755796094,310315,71756106409,6049122,6365989,119,119,1,cudaLaunchKernel,  24  187  187,  32    4    4,"<unnamed>::step_kernel_interior(const double *, const double *, double *, const double *, const double *, int, int, int, int, int, int, int, double, double)"
71755790350,6235,71755796585,6343007,71762139592,24960,6374202,122,122,4,cudaLaunchKernel,2198    1    1, 256    1    1,"<unnamed>::pack_face_z(const double *, double *, int, int, int, int, int)"
71755792946,6825,71755799771,303202,71756102973,6044574,6354601,120,120,2,cudaLaunchKernel,  24  187  187,  32    4    4,"<unnamed>::step_kernel_interior(const double *, const double *, double *, const double *, const double *, int, int, int, int, int, int, int, double, double)"
71755796111,5673,71755801784,6358941,71762160725,4736,6369350,118,118,0,cudaLaunchKernel,2198    1    1, 256    1    1,"<unnamed>::pack_face_y(const double *, double *, int, int, int, int, int)"
71755796514,5271,71755801785,6360206,71762161991,4480,6369957,129,129,7,cudaLaunchKernel,2198    1    1, 256    1    1,"<unnamed>::pack_face_y(const double *, double *, int, int, int, int, int)"
71755797294,4949,71755802243,298286,71756100529,6029463,6332698,122,122,4,cudaLaunchKernel,  24  187  187,  32    4    4,"<unnamed>::step_kernel_interior(const double *, const double *, double *, const double *, const double *, int, int, int, int, int, int, int, double, double)"
71755802128,6288,71755808416,6359143,71762167559,24895,6390326,129,129,7,cudaLaunchKernel,2198    1    1, 256    1    1,"<unnamed>::pack_face_z(const double *, double *, int, int, int, int, int)"
71755802177,4806,71755806983,6359534,71762166517,25504,6389844,118,118,0,cudaLaunchKernel,2198    1    1, 256    1    1,"<unnamed>::pack_face_z(const double *, double *, int, int, int, int, int)"
71755807803,6413,71755814216,293182,71756107398,6051247,6350842,118,118,0,cudaLaunchKernel,  24  187  187,  32    4    4,"<unnamed>::step_kernel_interior(const double *, const double *, double *, const double *, const double *, int, int, int, int, int, int, int, double, double)"
71755809150,6697,71755815847,291400,71756107247,6052760,6350857,129,129,7,cudaLaunchKernel,  24  187  187,  32    4    4,"<unnamed>::step_kernel_interior(const double *, const double *, double *, const double *, const double *, int, int, int, int, int, int, int, double, double)"
71762276721,8227,71762284948,2227,71762287175,3712,14166,122,122,4,cudaLaunchKernel,2198    1    1, 256    1    1,"<unnamed>::unpack_face_x(const double *, double *, int, int, int, int, int)"
71762285404,5204,71762290608,3671,71762294279,4032,12907,122,122,4,cudaLaunchKernel,2198    1    1, 256    1    1,"<unnamed>::unpack_face_y(const double *, double *, int, int, int, int, int)"
71762287325,6990,71762294315,3940,71762298255,3680,14610,121,121,3,cudaLaunchKernel,2198    1    1, 256    1    1,"<unnamed>::unpack_face_x(const double *, double *, int, int, int, int, int)"
71762290996,5209,71762296205,3514,71762299719,41471,50194,122,122,4,cudaLaunchKernel,2198    1    1, 256    1    1,"<unnamed>::unpack_face_z(const double *, double *, int, int, int, int, int)"
71762293488,5938,71762299426,2800,71762302226,3871,12609,124,124,6,cudaLaunchKernel,2198    1    1, 256    1    1,"<unnamed>::unpack_face_x(const double *, double *, int, int, int, int, int)"
71762294767,3929,71762298696,5863,71762304559,4032,13824,121,121,3,cudaLaunchKernel,2198    1    1, 256    1    1,"<unnamed>::unpack_face_y(const double *, double *, int, int, int, int, int)"
71762296132,7932,71762304064,4953,71762309017,3808,16693,120,120,2,cudaLaunchKernel,2198    1    1, 256    1    1,"<unnamed>::unpack_face_x(const double *, double *, int, int, int, int, int)"
71762296878,5217,71762302095,40695,71762342790,25568,71480,122,122,4,cudaLaunchKernel,4395    1    1, 256    1    1,"<unnamed>::step_kernel_boundary_x_faces(const double *, const double *, double *, const double *, const double *, int, int, int, int, int, int, int, double, double)"
71762299127,3441,71762302568,7431,71762309999,41343,52215,121,121,3,cudaLaunchKernel,2198    1    1, 256    1    1,"<unnamed>::unpack_face_z(const double *, double *, int, int, int, int, int)"
71762299851,3756,71762303607,4410,71762308017,3808,11974,124,124,6,cudaLaunchKernel,2198    1    1, 256    1    1,"<unnamed>::unpack_face_y(const double *, double *, int, int, int, int, int)"
71762301211,7194,71762308405,4182,71762312587,3776,15152,119,119,1,cudaLaunchKernel,2198    1    1, 256    1    1,"<unnamed>::unpack_face_x(const double *, double *, int, int, int, int, int)"
71762301830,6484,71762308314,1784,71762310098,3648,11916,123,123,5,cudaLaunchKernel,2198    1    1, 256    1    1,"<unnamed>::unpack_face_x(const double *, double *, int, int, int, int, int)"
71762302441,3905,71762306346,63484,71762369830,24096,91485,122,122,4,cudaLaunchKernel,4383    1    1, 256    1    1,"<unnamed>::step_kernel_boundary_y_faces(const double *, const double *, double *, const double *, const double *, int, int, int, int, int, int, int, double, double)"
71762303216,3694,71762306910,46160,71762353070,25920,75774,121,121,3,cudaLaunchKernel,4395    1    1, 256    1    1,"<unnamed>::step_kernel_boundary_x_faces(const double *, const double *, double *, const double *, const double *, int, int, int, int, int, int, int, double, double)"
71762303320,11807,,,71762313268,3712,13660,118,118,0,cudaLaunchKernel,2198    1    1, 256    1    1,"<unnamed>::unpack_face_x(const double *, double *, int, int, int, int, int)"
71762303572,11938,71762315510,591,71762316101,3680,16209,129,129,7,cudaLaunchKernel,2198    1    1, 256    1    1,"<unnamed>::unpack_face_x(const double *, double *, int, int, int, int, int)"
71762304012,3296,71762307308,5701,71762313009,41792,50789,124,124,6,cudaLaunchKernel,2198    1    1, 256    1    1,"<unnamed>::unpack_face_z(const double *, double *, int, int, int, int, int)"
71762304492,8864,71762313356,3181,71762316537,3776,15821,120,120,2,cudaLaunchKernel,2198    1    1, 256    1    1,"<unnamed>::unpack_face_y(const double *, double *, int, int, int, int, int)"
71762306710,10549,71762317259,78299,71762395558,256158,345006,122,122,4,cudaLaunchKernel,4372    1    1, 256    1    1,"<unnamed>::step_kernel_boundary_z_faces(const double *, const double *, double *, const double *, const double *, int, int, int, int, int, int, int, double, double)"
71762307309,8258,71762315567,65151,71762380718,25504,98913,121,121,3,cudaLaunchKernel,4383    1    1, 256    1    1,"<unnamed>::step_kernel_boundary_y_faces(const double *, const double *, double *, const double *, const double *, int, int, int, int, int, int, int, double, double)"
71762307892,7938,71762315830,40475,71762356305,26336,74749,124,124,6,cudaLaunchKernel,4395    1    1, 256    1    1,"<unnamed>::step_kernel_boundary_x_faces(const double *, const double *, double *, const double *, const double *, int, int, int, int, int, int, int, double, double)"
71762308728,8915,71762317643,1703,71762319346,3840,14458,123,123,5,cudaLaunchKernel,2198    1    1, 256    1    1,"<unnamed>::unpack_face_y(const double *, double *, int, int, int, int, int)"
71762308837,8813,71762317650,3993,71762321643,3904,16710,119,119,1,cudaLaunchKernel,2198    1    1, 256    1    1,"<unnamed>::unpack_face_y(const double *, double *, int, int, int, int, int)"
71762314594,6727,71762321321,5264,71762326585,41279,53270,120,120,2,cudaLaunchKernel,2198    1    1, 256    1    1,"<unnamed>::unpack_face_z(const double *, double *, int, int, int, int, int)"
71762316080,6749,71762322829,2375,71762325204,4160,13284,118,118,0,cudaLaunchKernel,2198    1    1, 256    1    1,"<unnamed>::unpack_face_y(const double *, double *, int, int, int, int, int)"
71762316465,8054,71762324519,2494,71762327013,3968,14516,129,129,7,cudaLaunchKernel,2198    1    1, 256    1    1,"<unnamed>::unpack_face_y(const double *, double *, int, int, int, int, int)"
71762316562,4893,71762321455,86399,71762407854,258013,349305,121,121,3,cudaLaunchKernel,4372    1    1, 256    1    1,"<unnamed>::step_kernel_boundary_z_faces(const double *, const double *, double *, const double *, const double *, int, int, int, int, int, int, int, double, double)"
71762317110,5746,71762322856,60937,71762383793,24159,90842,124,124,6,cudaLaunchKernel,4383    1    1, 256    1    1,"<unnamed>::step_kernel_boundary_y_faces(const double *, const double *, double *, const double *, const double *, int, int, int, int, int, int, int, double, double)"
71762318579,4427,71762323006,4653,71762327659,41247,50327,119,119,1,cudaLaunchKernel,2198    1    1, 256    1    1,"<unnamed>::unpack_face_z(const double *, double *, int, int, int, int, int)"
71762318596,5030,71762323626,2248,71762325874,40383,47661,123,123,5,cudaLaunchKernel,2198    1    1, 256    1    1,"<unnamed>::unpack_face_z(const double *, double *, int, int, int, int, int)"
71762321977,4980,71762326957,42699,71762369656,26048,73727,120,120,2,cudaLaunchKernel,4395    1    1, 256    1    1,"<unnamed>::step_kernel_boundary_x_faces(const double *, const double *, double *, const double *, const double *, int, int, int, int, int, int, int, double, double)"
71762323263,4542,71762327805,3927,71762331732,41568,50037,118,118,0,cudaLaunchKernel,2198    1    1, 256    1    1,"<unnamed>::unpack_face_z(const double *, double *, int, int, int, int, int)"
71762323318,3629,71762326947,82349,71762409296,256862,342840,124,124,6,cudaLaunchKernel,4372    1    1, 256    1    1,"<unnamed>::step_kernel_boundary_z_faces(const double *, const double *, double *, const double *, const double *, int, int, int, int, int, int, int, double, double)"
71762323646,7741,71762331387,38735,71762370122,26080,72556,119,119,1,cudaLaunchKernel,4395    1    1, 256    1    1,"<unnamed>::step_kernel_boundary_x_faces(const double *, const double *, double *, const double *, const double *, int, int, int, int, int, int, int, double, double)"
71762324363,3777,71762328140,40165,71762368305,25984,69926,123,123,5,cudaLaunchKernel,4395    1    1, 256    1    1,"<unnamed>::step_kernel_boundary_x_faces(const double *, const double *, double *, const double *, const double *, int, int, int, int, int, int, int, double, double)"
71762324946,10557,71762335503,2486,71762337989,40895,53938,129,129,7,cudaLaunchKernel,2198    1    1, 256    1    1,"<unnamed>::unpack_face_z(const double *, double *, int, int, int, int, int)"
71762325197,11119,71762336316,316840,71762653156,9056,337015,122,122,4,cudaLaunchKernel,2198    1    1, 256    1    1,"<unnamed>::pack_face_x(const double *, double *, int, int, int, int, int)"
71762327445,10777,71762338222,59178,71762397400,24992,94947,120,120,2,cudaLaunchKernel,4383    1    1, 256    1    1,"<unnamed>::step_kernel_boundary_y_faces(const double *, const double *, double *, const double *, const double *, int, int, int, int, int, int, int, double, double)"
71762327932,9708,71762337640,329827,71762667467,10144,349679,121,121,3,cudaLaunchKernel,2198    1    1, 256    1    1,"<unnamed>::pack_face_x(const double *, double *, int, int, int, int, int)"
71762328444,14387,71762342831,31557,71762374388,26399,72343,118,118,0,cudaLaunchKernel,4395    1    1, 256    1    1,"<unnamed>::step_kernel_boundary_x_faces(const double *, const double *, double *, const double *, const double *, int, int, int, int, int, int, int, double, double)"
71762331907,6612,71762338519,57530,71762396049,24320,88462,123,123,5,cudaLaunchKernel,4383    1    1, 256    1    1,"<unnamed>::step_kernel_boundary_y_faces(const double *, const double *, double *, const double *, const double *, int, int, int, int, int, int, int, double, double)"
71762332604,6891,71762339495,58147,71762397642,24384,89422,119,119,1,cudaLaunchKernel,4383    1    1, 256    1    1,"<unnamed>::step_kernel_boundary_y_faces(const double *, const double *, double *, const double *, const double *, int, int, int, int, int, int, int, double, double)"
71762336653,11283,71762347936,32740,71762380676,25600,69623,129,129,7,cudaLaunchKernel,4395    1    1, 256    1    1,"<unnamed>::step_kernel_boundary_x_faces(const double *, const double *, double *, const double *, const double *, int, int, int, int, int, int, int, double, double)"
71762337226,11070,71762348296,6336275,71768684571,5792,6353137,122,122,4,cudaLaunchKernel,2198    1    1, 256    1    1,"<unnamed>::pack_face_y(const double *, double *, int, int, int, int, int)"
71762337457,10001,71762347458,6365737,71768713195,6368,6382106,124,124,6,cudaLaunchKernel,2198    1    1, 256    1    1,"<unnamed>::pack_face_x(const double *, double *, int, int, int, int, int)"
71762338606,8982,71762347588,6373905,71768721493,6304,6389191,121,121,3,cudaLaunchKernel,2198    1    1, 256    1    1,"<unnamed>::pack_face_y(const double *, double *, int, int, int, int, int)"
71762339057,8899,71762347956,74045,71762422001,256221,339165,123,123,5,cudaLaunchKernel,4372    1    1, 256    1    1,"<unnamed>::step_kernel_boundary_z_faces(const double *, const double *, double *, const double *, const double *, int, int, int, int, int, int, int, double, double)"
71762339240,10570,71762349810,74022,71762423832,255485,340077,120,120,2,cudaLaunchKernel,4372    1    1, 256    1    1,"<unnamed>::step_kernel_boundary_z_faces(const double *, const double *, double *, const double *, const double *, int, int, int, int, int, int, int, double, double)"
71762343184,7855,71762351039,72299,71762423338,256543,336697,119,119,1,cudaLaunchKernel,4372    1    1, 256    1    1,"<unnamed>::step_kernel_boundary_z_faces(const double *, const double *, double *, const double *, const double *, int, int, int, int, int, int, int, double, double)"
71762344274,6470,71762350744,51515,71762402259,23968,81953,118,118,0,cudaLaunchKernel,4383    1    1, 256    1    1,"<unnamed>::step_kernel_boundary_y_faces(const double *, const double *, double *, const double *, const double *, int, int, int, int, int, int, int, double, double)"
71762348398,4391,71762352789,6368086,71768720875,4544,6377021,124,124,6,cudaLaunchKernel,2198    1    1, 256    1    1,"<unnamed>::pack_face_y(const double *, double *, int, int, int, int, int)"
71762348535,8890,71762357425,6371812,71768729237,24576,6405278,121,121,3,cudaLaunchKernel,2198    1    1, 256    1    1,"<unnamed>::pack_face_z(const double *, double *, int, int, int, int, int)"
71762348814,12601,71762361415,46109,71762407524,24191,82901,129,129,7,cudaLaunchKernel,4383    1    1, 256    1    1,"<unnamed>::step_kernel_boundary_y_faces(const double *, const double *, double *, const double *, const double *, int, int, int, int, int, int, int, double, double)"
71762349190,10902,71762360092,6332095,71768692187,24543,6367540,122,122,4,cudaLaunchKernel,2198    1    1, 256    1    1,"<unnamed>::pack_face_z(const double *, double *, int, int, int, int, int)"
71762351129,18875,71762370004,57599,71762427603,258078,334552,118,118,0,cudaLaunchKernel,4372    1    1, 256    1    1,"<unnamed>::step_kernel_boundary_z_faces(const double *, const double *, double *, const double *, const double *, int, int, int, int, int, int, int, double, double)"
71762356228,10841,71762367069,6359502,71768726571,24768,6395111,124,124,6,cudaLaunchKernel,2198    1    1, 256    1    1,"<unnamed>::pack_face_z(const double *, double *, int, int, int, int, int)"
71762358580,10356,71762368936,301347,71762670283,6056746,6368449,121,121,3,cudaLaunchKernel,  24  187  187,  32    4    4,"<unnamed>::step_kernel_interior(const double *, const double *, double *, const double *, const double *, int, int, int, int, int, int, int, double, double)"
71762358827,10772,71762369599,310063,71762679662,9024,329859,123,123,5,cudaLaunchKernel,2198    1    1, 256    1    1,"<unnamed>::pack_face_x(const double *, double *, int, int, int, int, int)"
71762360614,11722,71762372336,6351203,71768723539,6496,6369421,120,120,2,cudaLaunchKernel,2198    1    1, 256    1    1,"<unnamed>::pack_face_x(const double *, double *, int, int, int, int, int)"
71762361214,11726,71762372940,283160,71762656100,6033687,6328573,122,122,4,cudaLaunchKernel,  24  187  187,  32    4    4,"<unnamed>::step_kernel_interior(const double *, const double *, double *, const double *, const double *, int, int, int, int, int, int, int, double, double)"
71762361363,10824,71762372187,309230,71762681417,9152,329206,119,119,1,cudaLaunchKernel,2198    1    1, 256    1    1,"<unnamed>::pack_face_x(const double *, double *, int, int, int, int, int)"
71762362263,11392,71762373655,59884,71762433539,255421,326697,129,129,7,cudaLaunchKernel,4372    1    1, 256    1    1,"<unnamed>::step_kernel_boundary_z_faces(const double *, const double *, double *, const double *, const double *, int, int, int, int, int, int, int, double, double)"
71762368351,6574,71762374925,292513,71762667438,6051613,6350700,124,124,6,cudaLaunchKernel,  24  187  187,  32    4    4,"<unnamed>::step_kernel_interior(const double *, const double *, double *, const double *, const double *, int, int, int, int, int, int, int, double, double)"
71762370550,4638,71762375188,6350003,71768725191,6208,6360849,123,123,5,cudaLaunchKernel,2198    1    1, 256    1    1,"<unnamed>::pack_face_y(const double *, double *, int, int, int, int, int)"
71762373124,4569,71762377693,6349423,71768727116,6240,6360232,119,119,1,cudaLaunchKernel,2198    1    1, 256    1    1,"<unnamed>::pack_face_y(const double *, double *, int, int, int, int, int)"
71762373308,5235,71762378543,6353188,71768731731,4608,6363031,120,120,2,cudaLaunchKernel,2198    1    1, 256    1    1,"<unnamed>::pack_face_y(const double *, double *, int, int, int, int, int)"
71762375575,3767,71762379342,6353465,71768732807,24384,6381616,123,123,5,cudaLaunchKernel,2198    1    1, 256    1    1,"<unnamed>::pack_face_z(const double *, double *, int, int, int, int, int)"
71762376911,10349,71762387260,299701,71762686961,9248,319298,118,118,0,cudaLaunchKernel,2198    1    1, 256    1    1,"<unnamed>::pack_face_x(const double *, double *, int, int, int, int, int)"
71762378065,8237,71762386302,6348462,71768734764,25855,6382554,119,119,1,cudaLaunchKernel,2198    1    1, 256    1    1,"<unnamed>::pack_face_z(const double *, double *, int, int, int, int, int)"
71762378924,10489,71762389413,6348238,71768737651,25343,6384070,120,120,2,cudaLaunchKernel,2198    1    1, 256    1    1,"<unnamed>::pack_face_z(const double *, double *, int, int, int, int, int)"
71762380086,10453,71762390539,299797,71762690336,9376,319626,129,129,7,cudaLaunchKernel,2198    1    1, 256    1    1,"<unnamed>::pack_face_x(const double *, double *, int, int, int, int, int)"
71762380133,9094,71762389227,293379,71762682606,6047993,6350466,123,123,5,cudaLaunchKernel,  24  187  187,  32    4    4,"<unnamed>::step_kernel_interior(const double *, const double *, double *, const double *, const double *, int, int, int, int, int, int, int, double, double)"
71762387387,7000,71762394387,289974,71762684361,6048067,6345041,119,119,1,cudaLaunchKernel,  24  187  187,  32    4    4,"<unnamed>::step_kernel_interior(const double *, const double *, double *, const double *, const double *, int, int, int, int, int, int, int, double, double)"
71762388215,7093,71762395308,6337460,71768732768,6624,6351177,118,118,0,cudaLaunchKernel,2198    1    1, 256    1    1,"<unnamed>::pack_face_y(const double *, double *, int, int, int, int, int)"
71762390513,11838,71762402351,278310,71762680661,6048894,6339042,120,120,2,cudaLaunchKernel,  24  187  187,  32    4    4,"<unnamed>::step_kernel_interior(const double *, const double *, double *, const double *, const double *, int, int, int, int, int, int, int, double, double)"
71762391449,11361,71762402810,6333663,71768736473,7167,6352191,129,129,7,cudaLaunchKernel,2198    1    1, 256    1    1,"<unnamed>::pack_face_y(const double *, double *, int, int, int, int, int)"
71762395982,13381,71762409363,6331501,71768740864,25248,6370130,118,118,0,cudaLaunchKernel,2198    1    1, 256    1    1,"<unnamed>::pack_face_z(const double *, double *, int, int, int, int, int)"
71762403670,12316,71762415986,6329286,71768745272,24384,6365986,129,129,7,cudaLaunchKernel,2198    1    1, 256    1    1,"<unnamed>::pack_face_z(const double *, double *, int, int, int, int, int)"
71762411676,12795,71762424471,265402,71762689873,6048623,6326820,118,118,0,cudaLaunchKernel,  24  187  187,  32    4    4,"<unnamed>::step_kernel_interior(const double *, const double *, double *, const double *, const double *, int, int, int, int, int, int, int, double, double)"
71762420283,9269,71762429552,263696,71762693248,6048600,6321565,129,129,7,cudaLaunchKernel,  24  187  187,  32    4    4,"<unnamed>::step_kernel_interior(const double *, const double *, double *, const double *, const double *, int, int, int, int, int, int, int, double, double)"
71768850539,8290,71768858829,2412,71768861241,3840,14542,122,122,4,cudaLaunchKernel,2198    1    1, 256    1    1,"<unnamed>::unpack_face_x(const double *, double *, int, int, int, int, int)"
71768859317,8295,71768867612,1661,71768869273,3968,13924,122,122,4,cudaLaunchKernel,2198    1    1, 256    1    1,"<unnamed>::unpack_face_y(const double *, double *, int, int, int, int, int)"
71768870821,12183,71768883004,1053,71768884057,41728,54964,122,122,4,cudaLaunchKernel,2198    1    1, 256    1    1,"<unnamed>::unpack_face_z(const double *, double *, int, int, int, int, int)"
71768878875,6908,71768885783,2546,71768888329,3712,13166,124,124,6,cudaLaunchKernel,2198    1    1, 256    1    1,"<unnamed>::unpack_face_x(const double *, double *, int, int, int, int, int)"
71768880193,6579,71768886772,2033,71768888805,3776,12388,123,123,5,cudaLaunchKernel,2198    1    1, 256    1    1,"<unnamed>::unpack_face_x(const double *, double *, int, int, int, int, int)"
71768880418,7700,71768888118,4053,71768892171,3712,15465,119,119,1,cudaLaunchKernel,2198    1    1, 256    1    1,"<unnamed>::unpack_face_x(const double *, double *, int, int, int, int, int)"
71768880724,10560,71768891284,355,71768891639,3744,14659,129,129,7,cudaLaunchKernel,2198    1    1, 256    1    1,"<unnamed>::unpack_face_x(const double *, double *, int, int, int, int, int)"
71768884104,9064,71768893168,34409,71768927577,26656,70129,122,122,4,cudaLaunchKernel,4395    1    1, 256    1    1,"<unnamed>::step_kernel_boundary_x_faces(const double *, const double *, double *, const double *, const double *, int, int, int, int, int, int, int, double, double)"
71768886276,6048,71768892324,1765,71768894089,3808,11621,124,124,6,cudaLaunchKernel,2198    1    1, 256    1    1,"<unnamed>::unpack_face_y(const double *, double *, int, int, int, int, int)"
71768887165,6740,71768893905,2676,71768896581,3840,13256,123,123,5,cudaLaunchKernel,2198    1    1, 256    1    1,"<unnamed>::unpack_face_y(const double *, double *, int, int, int, int, int)"
71768888482,7889,71768896371,5272,71768901643,3744,16905,119,119,1,cudaLaunchKernel,2198    1    1, 256    1    1,"<unnamed>::unpack_face_y(const double *, double *, int, int, int, int, int)"
71768892028,5957,71768897985,3702,71768901687,3776,13435,129,129,7,cudaLaunchKernel,2198    1    1, 256    1    1,"<unnamed>::unpack_face_y(const double *, double *, int, int, int, int, int)"
71768893105,5076,71768898181,2820,71768901001,41312,49208,124,124,6,cudaLaunchKernel,2198    1    1, 256    1    1,"<unnamed>::unpack_face_z(const double *, double *, int, int, int, int, int)"
71768893694,8675,71768902369,53368,71768955737,24416,86459,122,122,4,cudaLaunchKernel,4383    1    1, 256    1    1,"<unnamed>::step_kernel_boundary_y_faces(const double *, const double *, double *, const double *, const double *, int, int, int, int, int, int, int, double, double)"
71768894510,4770,71768899280,2421,71768901701,40991,48182,123,123,5,cudaLaunchKernel,2198    1    1, 256    1    1,"<unnamed>::unpack_face_z(const double *, double *, int, int, int, int, int)"
71768896928,7527,71768904455,3972,71768908427,41312,52811,119,119,1,cudaLaunchKernel,2198    1    1, 256    1    1,"<unnamed>::unpack_face_z(const double *, double *, int, int, int, int, int)"
71768898389,8424,71768906813,2105,71768908918,41920,52449,129,129,7,cudaLaunchKernel,2198    1    1, 256    1    1,"<unnamed>::unpack_face_z(const double *, double *, int, int, int, int, int)"
71768898823,6500,71768905323,38494,71768943817,25855,70849,124,124,6,cudaLaunchKernel,4395    1    1, 256    1    1,"<unnamed>::step_kernel_boundary_x_faces(const double *, const double *, double *, const double *, const double *, int, int, int, int, int, int, int, double, double)"
71768902325,4347,71768906672,37812,71768944484,25664,67823,123,123,5,cudaLaunchKernel,4395    1    1, 256    1    1,"<unnamed>::step_kernel_boundary_x_faces(const double *, const double *, double *, const double *, const double *, int, int, int, int, int, int, int, double, double)"
71768902922,6163,71768909085,72732,71768981817,254238,333133,122,122,4,cudaLaunchKernel,4372    1    1, 256    1    1,"<unnamed>::step_kernel_boundary_z_faces(const double *, const double *, double *, const double *, const double *, int, int, int, int, int, int, int, double, double)"
71768905337,4202,71768909539,42184,71768951723,25695,72081,119,119,1,cudaLaunchKernel,4395    1    1, 256    1    1,"<unnamed>::step_kernel_boundary_x_faces(const double *, const double *, double *, const double *, const double *, int, int, int, int, int, int, int, double, double)"
71768905903,4734,71768910637,60347,71768970984,25024,90105,124,124,6,cudaLaunchKernel,4383    1    1, 256    1    1,"<unnamed>::step_kernel_boundary_y_faces(const double *, const double *, double *, const double *, const double *, int, int, int, int, int, int, int, double, double)"
71768907026,4262,71768911288,60556,71768971844,25056,89874,123,123,5,cudaLaunchKernel,4383    1    1, 256    1    1,"<unnamed>::step_kernel_boundary_y_faces(const double *, const double *, double *, const double *, const double *, int, int, int, int, int, int, int, double, double)"
71768907696,4349,71768912045,40329,71768952374,25984,70662,129,129,7,cudaLaunchKernel,4395    1    1, 256    1    1,"<unnamed>::step_kernel_boundary_x_faces(const double *, const double *, double *, const double *, const double *, int, int, int, int, int, int, int, double, double)"
71768909914,11227,71768921141,57941,71768979082,24608,93776,119,119,1,cudaLaunchKernel,4383    1    1, 256    1    1,"<unnamed>::step_kernel_boundary_y_faces(const double *, const double *, double *, const double *, const double *, int, int, int, int, int, int, int, double, double)"
71768910985,5858,71768916843,80605,71768997448,255453,341916,124,124,6,cudaLaunchKernel,4372    1    1, 256    1    1,"<unnamed>::step_kernel_boundary_z_faces(const double *, const double *, double *, const double *, const double *, int, int, int, int, int, int, int, double, double)"
71768911689,6593,71768918282,80218,71768998500,256573,343384,123,123,5,cudaLaunchKernel,4372    1    1, 256    1    1,"<unnamed>::step_kernel_boundary_z_faces(const double *, const double *, double *, const double *, const double *, int, int, int, int, int, int, int, double, double)"
71768912395,9756,71768922151,57583,71768979734,24511,91850,129,129,7,cudaLaunchKernel,4383    1    1, 256    1    1,"<unnamed>::step_kernel_boundary_y_faces(const double *, const double *, double *, const double *, const double *, int, int, int, int, int, int, int, double, double)"
71768916998,5531,71768922529,315286,71769237815,8608,329425,122,122,4,cudaLaunchKernel,2198    1    1, 256    1    1,"<unnamed>::pack_face_x(const double *, double *, int, int, int, int, int)"
71768921639,11957,71768933596,71758,71769005354,257311,341026,119,119,1,cudaLaunchKernel,4372    1    1, 256    1    1,"<unnamed>::step_kernel_boundary_z_faces(const double *, const double *, double *, const double *, const double *, int, int, int, int, int, int, int, double, double)"
71768922673,13312,71768935985,69892,71769005877,255805,339009,129,129,7,cudaLaunchKernel,4372    1    1, 256    1    1,"<unnamed>::step_kernel_boundary_z_faces(const double *, const double *, double *, const double *, const double *, int, int, int, int, int, int, int, double, double)"
71768922950,12717,71768935667,6335258,71775270925,6560,6354535,122,122,4,cudaLaunchKernel,2198    1    1, 256    1    1,"<unnamed>::pack_face_y(const double *, double *, int, int, int, int, int)"
71768923200,11291,71768934491,319658,71769254149,9088,340037,124,124,6,cudaLaunchKernel,2198    1    1, 256    1    1,"<unnamed>::pack_face_x(const double *, double *, int, int, int, int, int)"
71768929131,5995,71768935126,321515,71769256641,8224,335734,123,123,5,cudaLaunchKernel,2198    1    1, 256    1    1,"<unnamed>::pack_face_x(const double *, double *, int, int, int, int, int)"
71768935454,4702,71768940156,6361223,71775301379,5792,6371717,124,124,6,cudaLaunchKernel,2198    1    1, 256    1    1,"<unnamed>::pack_face_y(const double *, double *, int, int, int, int, int)"
71768935556,4012,71768939568,6363786,71775303354,6208,6374006,123,123,5,cudaLaunchKernel,2198    1    1, 256    1    1,"<unnamed>::pack_face_y(const double *, double *, int, int, int, int, int)"
71768936705,3920,71768940625,6338620,71775279245,24736,6367276,122,122,4,cudaLaunchKernel,2198    1    1, 256    1    1,"<unnamed>::pack_face_z(const double *, double *, int, int, int, int, int)"
71768939944,7091,71768947035,6364287,71775311322,24447,6395825,123,123,5,cudaLaunchKernel,2198    1    1, 256    1    1,"<unnamed>::pack_face_z(const double *, double *, int, int, int, int, int)"
71768940563,12357,71768952920,6355659,71775308579,24480,6392496,124,124,6,cudaLaunchKernel,2198    1    1, 256    1    1,"<unnamed>::pack_face_z(const double *, double *, int, int, int, int, int)"
71768940737,15287,71768956024,6354260,71775310284,6176,6375723,119,119,1,cudaLaunchKernel,2198    1    1, 256    1    1,"<unnamed>::pack_face_x(const double *, double *, int, int, int, int, int)"
71768944930,15097,71768960027,280444,71769240471,6036470,6332011,122,122,4,cudaLaunchKernel,  24  187  187,  32    4    4,"<unnamed>::step_kernel_interior(const double *, const double *, double *, const double *, const double *, int, int, int, int, int, int, int, double, double)"
71768947401,13990,71768961391,301731,71769263122,8736,324457,129,129,7,cudaLaunchKernel,2198    1    1, 256    1    1,"<unnamed>::pack_face_x(const double *, double *, int, int, int, int, int)"
71768947850,12073,71768959923,299406,71769259329,6049465,6360944,123,123,5,cudaLaunchKernel,  24  187  187,  32    4    4,"<unnamed>::step_kernel_interior(const double *, const double *, double *, const double *, const double *, int, int, int, int, int, int, int, double, double)"
71768956058,5739,71768961797,295072,71769256869,6049662,6350473,124,124,6,cudaLaunchKernel,  24  187  187,  32    4    4,"<unnamed>::step_kernel_interior(const double *, const double *, double *, const double *, const double *, int, int, int, int, int, int, int, double, double)"
71768956618,5308,71768961926,6356038,71775317964,4352,6365698,119,119,1,cudaLaunchKernel,2198    1    1, 256    1    1,"<unnamed>::pack_face_y(const double *, double *, int, int, int, int, int)"
71768961952,8370,71768970322,6336088,71775306410,6336,6350794,129,129,7,cudaLaunchKernel,2198    1    1, 256    1    1,"<unnamed>::pack_face_y(const double *, double *, int, int, int, int, int)"
71768962320,6974,71768969294,6354270,71775323564,25504,6386748,119,119,1,cudaLaunchKernel,2198    1    1, 256    1    1,"<unnamed>::pack_face_z(const double *, double *, int, int, int, int, int)"
71768970062,4018,71768974080,290217,71769264297,6051651,6345886,119,119,1,cudaLaunchKernel,  24  187  187,  32    4    4,"<unnamed>::step_kernel_interior(const double *, const double *, double *, const double *, const double *, int, int, int, int, int, int, int, double, double)"
71768970834,12535,71768983369,6331297,71775314666,24416,6368248,129,129,7,cudaLaunchKernel,2198    1    1, 256    1    1,"<unnamed>::pack_face_z(const double *, double *, int, int, int, int, int)"
71768984663,17037,71769001700,264014,71769265714,6046040,6327091,129,129,7,cudaLaunchKernel,  24  187  187,  32    4    4,"<unnamed>::step_kernel_interior(const double *, const double *, double *, const double *, const double *, int, int, int, int, int, int, int, double, double)"
71769034507,8120,71769042627,2363,71769044990,3712,14195,118,118,0,cudaLaunchKernel,2198    1    1, 256    1    1,"<unnamed>::unpack_face_x(const double *, double *, int, int, int, int, int)"
71769038030,6465,71769044495,4099,71769048594,3744,14308,121,121,3,cudaLaunchKernel,2198    1    1, 256    1    1,"<unnamed>::unpack_face_x(const double *, double *, int, int, int, int, int)"
71769039211,11784,71769050995,1052,71769052047,3744,16580,120,120,2,cudaLaunchKernel,2198    1    1, 256    1    1,"<unnamed>::unpack_face_x(const double *, double *, int, int, int, int, int)"
71769043065,9311,,,71769051358,3968,12261,118,118,0,cudaLaunchKernel,2198    1    1, 256    1    1,"<unnamed>::unpack_face_y(const double *, double *, int, int, int, int, int)"
71769044890,8186,71769053076,4222,71769057298,3808,16216,121,121,3,cudaLaunchKernel,2198    1    1, 256    1    1,"<unnamed>::unpack_face_y(const double *, double *, int, int, int, int, int)"
71769052102,10901,71769063003,4244,71769067247,3744,18889,120,120,2,cudaLaunchKernel,2198    1    1, 256    1    1,"<unnamed>::unpack_face_y(const double *, double *, int, int, int, int, int)"
71769053466,11998,71769065464,1158,71769066622,40607,53763,118,118,0,cudaLaunchKernel,2198    1    1, 256    1    1,"<unnamed>::unpack_face_z(const double *, double *, int, int, int, int, int)"
71769054021,9655,71769063676,3126,71769066802,41792,54573,121,121,3,cudaLaunchKernel,2198    1    1, 256    1    1,"<unnamed>::unpack_face_z(const double *, double *, int, int, int, int, int)"
71769063924,7070,71769070994,6653,71769077647,41312,55035,120,120,2,cudaLaunchKernel,2198    1    1, 256    1    1,"<unnamed>::unpack_face_z(const double *, double *, int, int, int, int, int)"
71769064765,4517,71769069282,41232,71769110514,26432,72181,121,121,3,cudaLaunchKernel,4395    1    1, 256    1    1,"<unnamed>::step_kernel_boundary_x_faces(const double *, const double *, double *, const double *, const double *, int, int, int, int, int, int, int, double, double)"
71769066571,10758,71769077329,31276,71769108605,25824,67858,118,118,0,cudaLaunchKernel,4395    1    1, 256    1    1,"<unnamed>::step_kernel_boundary_x_faces(const double *, const double *, double *, const double *, const double *, int, int, int, int, int, int, int, double, double)"
71769069654,8679,71769078333,59829,71769138162,24223,92731,121,121,3,cudaLaunchKernel,4383    1    1, 256    1    1,"<unnamed>::step_kernel_boundary_y_faces(const double *, const double *, double *, const double *, const double *, int, int, int, int, int, int, int, double, double)"
71769075495,11472,71769086967,33592,71769120559,25919,70983,120,120,2,cudaLaunchKernel,4395    1    1, 256    1    1,"<unnamed>::step_kernel_boundary_x_faces(const double *, const double *, double *, const double *, const double *, int, int, int, int, int, int, int, double, double)"
71769078245,10744,71769088989,46400,71769135389,25184,82328,118,118,0,cudaLaunchKernel,4383    1    1, 256    1    1,"<unnamed>::step_kernel_boundary_y_faces(const double *, const double *, double *, const double *, const double *, int, int, int, int, int, int, int, double, double)"
71769079215,9327,71769088542,75507,71769164049,258974,343808,121,121,3,cudaLaunchKernel,4372    1    1, 256    1    1,"<unnamed>::step_kernel_boundary_z_faces(const double *, const double *, double *, const double *, const double *, int, int, int, int, int, int, int, double, double)"
71769087894,6215,71769094109,53905,71769148014,24480,84600,120,120,2,cudaLaunchKernel,4383    1    1, 256    1    1,"<unnamed>::step_kernel_boundary_y_faces(const double *, const double *, double *, const double *, const double *, int, int, int, int, int, int, int, double, double)"
71769089858,4695,71769094553,67364,71769161917,257054,329113,118,118,0,cudaLaunchKernel,4372    1    1, 256    1    1,"<unnamed>::step_kernel_boundary_z_faces(const double *, const double *, double *, const double *, const double *, int, int, int, int, int, int, int, double, double)"
71769097860,6545,71769104405,320282,71769424687,8960,335787,121,121,3,cudaLaunchKernel,2198    1    1, 256    1    1,"<unnamed>::pack_face_x(const double *, double *, int, int, int, int, int)"
71769098478,7898,71769106376,67558,71769173934,258365,333821,120,120,2,cudaLaunchKernel,4372    1    1, 256    1    1,"<unnamed>::step_kernel_boundary_z_faces(const double *, const double *, double *, const double *, const double *, int, int, int, int, int, int, int, double, double)"
71769105037,3811,71769108848,6368393,71775477241,6272,6378476,121,121,3,cudaLaunchKernel,2198    1    1, 256    1    1,"<unnamed>::pack_face_y(const double *, double *, int, int, int, int, int)"
71769105052,6945,71769111997,6351533,71775463530,7200,6365678,118,118,0,cudaLaunchKernel,2198    1    1, 256    1    1,"<unnamed>::pack_face_x(const double *, double *, int, int, int, int, int)"
71769109203,3630,71769112833,6372632,71775485465,25504,6401766,121,121,3,cudaLaunchKernel,2198    1    1, 256    1    1,"<unnamed>::pack_face_z(const double *, double *, int, int, int, int, int)"
71769111929,4629,71769116558,317501,71769434059,9280,331410,120,120,2,cudaLaunchKernel,2198    1    1, 256    1    1,"<unnamed>::pack_face_x(const double *, double *, int, int, int, int, int)"
71769112387,4984,71769117371,6354799,71775472170,4416,6364199,118,118,0,cudaLaunchKernel,2198    1    1, 256    1    1,"<unnamed>::pack_face_y(const double *, double *, int, int, int, int, int)"
71769113536,4433,71769117969,309630,71769427599,6054954,6369017,121,121,3,cudaLaunchKernel,  24  187  187,  32    4    4,"<unnamed>::step_kernel_interior(const double *, const double *, double *, const double *, const double *, int, int, int, int, int, int, int, double, double)"
71769116917,8339,71769125256,6356385,71775481641,6048,6370772,120,120,2,cudaLaunchKernel,2198    1    1, 256    1    1,"<unnamed>::pack_face_y(const double *, double *, int, int, int, int, int)"
71769117732,4076,71769121808,6355898,71775477706,25056,6385030,118,118,0,cudaLaunchKernel,2198    1    1, 256    1    1,"<unnamed>::pack_face_z(const double *, double *, int, int, int, int, int)"
71769122335,11103,71769133438,287037,71769420475,6049743,6347883,118,118,0,cudaLaunchKernel,  24  187  187,  32    4    4,"<unnamed>::step_kernel_interior(const double *, const double *, double *, const double *, const double *, int, int, int, int, int, int, int, double, double)"
71769126902,7218,71769134120,6355329,71775489449,24672,6387219,120,120,2,cudaLaunchKernel,2198    1    1, 256    1    1,"<unnamed>::pack_face_z(const double *, double *, int, int, int, int, int)"
71769134778,4194,71769138972,297775,71769436747,6050142,6352111,120,120,2,cudaLaunchKernel,  24  187  187,  32    4    4,"<unnamed>::step_kernel_interior(const double *, const double *, double *, const double *, const double *, int, int, int, int, int, int, int, double, double)"
71775446036,14257,71775460293,1459,71775461752,3744,19460,123,123,5,cudaLaunchKernel,2198    1    1, 256    1    1,"<unnamed>::unpack_face_x(const double *, double *, int, int, int, int, int)"
71775460688,7705,,,71775467832,3872,11016,123,123,5,cudaLaunchKernel,2198    1    1, 256    1    1,"<unnamed>::unpack_face_y(const double *, double *, int, int, int, int, int)"
71775469338,5733,71775475071,1849,71775476920,40959,48541,123,123,5,cudaLaunchKernel,2198    1    1, 256    1    1,"<unnamed>::unpack_face_z(const double *, double *, int, int, int, int, int)"
71775475757,9135,71775484892,34747,71775519639,25952,69834,123,123,5,cudaLaunchKernel,4395    1    1, 256    1    1,"<unnamed>::step_kernel_boundary_x_faces(const double *, const double *, double *, const double *, const double *, int, int, int, int, int, int, int, double, double)"
71775485785,3881,71775489666,57301,71775546967,24224,85406,123,123,5,cudaLaunchKernel,4383    1    1, 256    1    1,"<unnamed>::step_kernel_boundary_y_faces(const double *, const double *, double *, const double *, const double *, int, int, int, int, int, int, int, double, double)"
71775490022,4314,71775494336,78455,71775572791,256381,339150,123,123,5,cudaLaunchKernel,4372    1    1, 256    1    1,"<unnamed>::step_kernel_boundary_z_faces(const double *, const double *, double *, const double *, const double *, int, int, int, int, int, int, int, double, double)"
71775511713,9380,71775521093,309487,71775830580,9759,328626,123,123,5,cudaLaunchKernel,2198    1    1, 256    1    1,"<unnamed>::pack_face_x(const double *, double *, int, int, int, int, int)"
71775522058,5540,71775527598,6348095,71781875693,6016,6359651,123,123,5,cudaLaunchKernel,2198    1    1, 256    1    1,"<unnamed>::pack_face_y(const double *, double *, int, int, int, int, int)"
71775527950,3873,71775531823,6351486,71781883309,25119,6380478,123,123,5,cudaLaunchKernel,2198    1    1, 256    1    1,"<unnamed>::pack_face_z(const double *, double *, int, int, int, int, int)"
71775532593,4298,71775536891,296505,71775833396,6048825,6349628,123,123,5,cudaLaunchKernel,  24  187  187,  32    4    4,"<unnamed>::step_kernel_interior(const double *, const double *, double *, const double *, const double *, int, int, int, int, int, int, int, double, double)"
71775564082,9349,71775573431,2292,71775575723,3808,15449,122,122,4,cudaLaunchKernel,2198    1    1, 256    1    1,"<unnamed>::unpack_face_x(const double *, double *, int, int, int, int, int)"
71775564734,6749,71775571483,2661,71775574144,3744,13154,124,124,6,cudaLaunchKernel,2198    1    1, 256    1    1,"<unnamed>::unpack_face_x(const double *, double *, int, int, int, int, int)"
71775564748,7816,71775572564,2291,71775574855,3872,13979,129,129,7,cudaLaunchKernel,2198    1    1, 256    1    1,"<unnamed>::unpack_face_x(const double *, double *, int, int, int, int, int)"
71775571906,3532,71775575438,4306,71775579744,3968,11806,124,124,6,cudaLaunchKernel,2198    1    1, 256    1    1,"<unnamed>::unpack_face_y(const double *, double *, int, int, int, int, int)"
71775572983,5699,71775578682,3853,71775582535,3840,13392,129,129,7,cudaLaunchKernel,2198    1    1, 256    1    1,"<unnamed>::unpack_face_y(const double *, double *, int, int, int, int, int)"
71775573792,5294,71775579086,3773,71775582859,4096,13163,122,122,4,cudaLaunchKernel,2198    1    1, 256    1    1,"<unnamed>::unpack_face_y(const double *, double *, int, int, int, int, int)"
71775575852,3300,71775579152,5744,71775584896,41567,50611,124,124,6,cudaLaunchKernel,2198    1    1, 256    1    1,"<unnamed>::unpack_face_z(const double *, double *, int, int, int, int, int)"
71775579056,5189,71775584245,3954,71775588199,42496,51639,129,129,7,cudaLaunchKernel,2198    1    1, 256    1    1,"<unnamed>::unpack_face_z(const double *, double *, int, int, int, int, int)"
71775579474,4764,71775584238,4157,71775588395,41824,50745,122,122,4,cudaLaunchKernel,2198    1    1, 256    1    1,"<unnamed>::unpack_face_z(const double *, double *, int, int, int, int, int)"
71775579773,4028,71775583801,44742,71775628543,26016,74786,124,124,6,cudaLaunchKernel,4395    1    1, 256    1    1,"<unnamed>::step_kernel_boundary_x_faces(const double *, const double *, double *, const double *, const double *, int, int, int, int, int, int, int, double, double)"
71775584180,3122,71775587302,68537,71775655839,23776,95435,124,124,6,cudaLaunchKernel,4383    1    1, 256    1    1,"<unnamed>::step_kernel_boundary_y_faces(const double *, const double *, double *, const double *, const double *, int, int, int, int, int, int, int, double, double)"
71775584832,6095,71775590927,40988,71775631915,27232,74315,122,122,4,cudaLaunchKernel,4395    1    1, 256    1    1,"<unnamed>::step_kernel_boundary_x_faces(const double *, const double *, double *, const double *, const double *, int, int, int, int, int, int, int, double, double)"
71775584974,6275,71775591249,41078,71775632327,26463,73816,129,129,7,cudaLaunchKernel,4395    1    1, 256    1    1,"<unnamed>::step_kernel_boundary_x_faces(const double *, const double *, double *, const double *, const double *, int, int, int, int, int, int, int, double, double)"
71775587694,4045,71775591739,89220,71775680959,257245,350510,124,124,6,cudaLaunchKernel,4372    1    1, 256    1    1,"<unnamed>::step_kernel_boundary_z_faces(const double *, const double *, double *, const double *, const double *, int, int, int, int, int, int, int, double, double)"
71775591297,3807,71775595104,65675,71775660779,23871,93353,122,122,4,cudaLaunchKernel,4383    1    1, 256    1    1,"<unnamed>::step_kernel_boundary_y_faces(const double *, const double *, double *, const double *, const double *, int, int, int, int, int, int, int, double, double)"
71775591625,5263,71775596888,63022,71775659910,24096,92381,129,129,7,cudaLaunchKernel,4383    1    1, 256    1    1,"<unnamed>::step_kernel_boundary_y_faces(const double *, const double *, double *, const double *, const double *, int, int, int, int, int, int, int, double, double)"
71775595474,6128,71775601602,84680,71775686282,256575,347383,122,122,4,cudaLaunchKernel,4372    1    1, 256    1    1,"<unnamed>::step_kernel_boundary_z_faces(const double *, const double *, double *, const double *, const double *, int, int, int, int, int, int, int, double, double)"
71775597251,5012,71775602263,83151,71775685414,256349,344512,129,129,7,cudaLaunchKernel,4372    1    1, 256    1    1,"<unnamed>::step_kernel_boundary_z_faces(const double *, const double *, double *, const double *, const double *, int, int, int, int, int, int, int, double, double)"
71775600670,3768,71775604438,6381796,71781986234,6176,6391740,124,124,6,cudaLaunchKernel,2198    1    1, 256    1    1,"<unnamed>::pack_face_x(const double *, double *, int, int, int, int, int)"
71775604826,3550,71775608376,6385442,71781993818,4704,6393696,124,124,6,cudaLaunchKernel,2198    1    1, 256    1    1,"<unnamed>::pack_face_y(const double *, double *, int, int, int, int, int)"
71775608779,8537,71775617316,6382358,71781999674,26303,6417198,124,124,6,cudaLaunchKernel,2198    1    1, 256    1    1,"<unnamed>::pack_face_z(const double *, double *, int, int, int, int, int)"
71775614981,12280,71775627261,1067,71775628328,3775,17122,120,120,2,cudaLaunchKernel,2198    1    1, 256    1    1,"<unnamed>::unpack_face_x(const double *, double *, int, int, int, int, int)"
71775615608,10291,71775625899,6349844,71781975743,6720,6366855,122,122,4,cudaLaunchKernel,2198    1    1, 256    1    1,"<unnamed>::pack_face_x(const double *, double *, int, int, int, int, int)"
71775618072,13558,71775631630,6357069,71781988699,6144,6376771,129,129,7,cudaLaunchKernel,2198    1    1, 256    1    1,"<unnamed>::pack_face_x(const double *, double *, int, int, int, int, int)"
71775618418,9430,71775627848,311796,71775939644,6051806,6373032,124,124,6,cudaLaunchKernel,  24  187  187,  32    4    4,"<unnamed>::step_kernel_interior(const double *, const double *, double *, const double *, const double *, int, int, int, int, int, int, int, double, double)"
71775620065,12269,71775632334,1339,71775633673,3744,17352,118,118,0,cudaLaunchKernel,2198    1    1, 256    1    1,"<unnamed>::unpack_face_x(const double *, double *, int, int, int, int, int)"
71775620491,10805,71775631296,3210,71775634506,3840,17855,119,119,1,cudaLaunchKernel,2198    1    1, 256    1    1,"<unnamed>::unpack_face_x(const double *, double *, int, int, int, int, int)"
71775620680,9958,71775630638,3049,71775633687,3744,16751,121,121,3,cudaLaunchKernel,2198    1    1, 256    1    1,"<unnamed>::unpack_face_x(const double *, double *, int, int, int, int, int)"
71775626963,7576,71775634539,6349684,71781984223,4576,6361836,122,122,4,cudaLaunchKernel,2198    1    1, 256    1    1,"<unnamed>::pack_face_y(const double *, double *, int, int, int, int, int)"
71775628216,5881,71775634097,5302,71775639399,4128,15311,120,120,2,cudaLaunchKernel,2198    1    1, 256    1    1,"<unnamed>::unpack_face_y(const double *, double *, int, int, int, int, int)"
71775631602,4066,71775635668,5763,71775641431,4000,13829,121,121,3,cudaLaunchKernel,2198    1    1, 256    1    1,"<unnamed>::unpack_face_y(const double *, double *, int, int, int, int, int)"
71775632256,4419,71775636675,5543,71775642218,3968,13930,119,119,1,cudaLaunchKernel,2198    1    1, 256    1    1,"<unnamed>::unpack_face_y(const double *, double *, int, int, int, int, int)"
71775632549,5672,71775638221,6358542,71781996763,4544,6368758,129,129,7,cudaLaunchKernel,2198    1    1, 256    1    1,"<unnamed>::pack_face_y(const double *, double *, int, int, int, int, int)"
71775633337,6335,71775639672,3825,71775643497,3872,14032,118,118,0,cudaLaunchKernel,2198    1    1, 256    1    1,"<unnamed>::unpack_face_y(const double *, double *, int, int, int, int, int)"
71775634508,3932,71775638440,6975,71775645415,40736,51643,120,120,2,cudaLaunchKernel,2198    1    1, 256    1    1,"<unnamed>::unpack_face_z(const double *, double *, int, int, int, int, int)"
71775634902,4650,71775639552,6350495,71781990047,25216,6380361,122,122,4,cudaLaunchKernel,2198    1    1, 256    1    1,"<unnamed>::pack_face_z(const double *, double *, int, int, int, int, int)"
71775636070,3357,71775639427,7444,71775646871,41184,51985,121,121,3,cudaLaunchKernel,2198    1    1, 256    1    1,"<unnamed>::unpack_face_z(const double *, double *, int, int, int, int, int)"
71775637130,3795,71775640925,6381,71775647306,41632,51808,119,119,1,cudaLaunchKernel,2198    1    1, 256    1    1,"<unnamed>::unpack_face_z(const double *, double *, int, int, int, int, int)"
71775638598,10905,71775649503,6353276,71782002779,25216,6389397,129,129,7,cudaLaunchKernel,2198    1    1, 256    1    1,"<unnamed>::pack_face_z(const double *, double *, int, int, int, int, int)"
71775639045,11289,71775650334,37193,71775687527,26144,74626,120,120,2,cudaLaunchKernel,4395    1    1, 256    1    1,"<unnamed>::step_kernel_boundary_x_faces(const double *, const double *, double *, const double *, const double *, int, int, int, int, int, int, int, double, double)"
71775640054,8659,71775648713,41102,71775689815,26432,76193,121,121,3,cudaLaunchKernel,4395    1    1, 256    1    1,"<unnamed>::step_kernel_boundary_x_faces(const double *, const double *, double *, const double *, const double *, int, int, int, int, int, int, int, double, double)"
71775640101,9476,71775649577,2080,71775651657,41151,52707,118,118,0,cudaLaunchKernel,2198    1    1, 256    1    1,"<unnamed>::unpack_face_z(const double *, double *, int, int, int, int, int)"
71775640292,16700,71775656992,287593,71775944585,6037366,6341659,122,122,4,cudaLaunchKernel,  24  187  187,  32    4    4,"<unnamed>::step_kernel_interior(const double *, const double *, double *, const double *, const double *, int, int, int, int, int, int, int, double, double)"
71775641594,10500,71775652094,38124,71775690218,25440,74064,119,119,1,cudaLaunchKernel,4395    1    1, 256    1    1,"<unnamed>::step_kernel_boundary_x_faces(const double *, const double *, double *, const double *, const double *, int, int, int, int, int, int, int, double, double)"
71775649606,4617,71775654223,63464,71775717687,24384,92465,121,121,3,cudaLaunchKernel,4383    1    1, 256    1    1,"<unnamed>::step_kernel_boundary_y_faces(const double *, const double *, double *, const double *, const double *, int, int, int, int, int, int, int, double, double)"
71775650603,11458,71775662061,281462,71775943523,6050648,6343568,129,129,7,cudaLaunchKernel,  24  187  187,  32    4    4,"<unnamed>::step_kernel_interior(const double *, const double *, double *, const double *, const double *, int, int, int, int, int, int, int, double, double)"
71775650824,12246,71775663070,31946,71775695016,25888,70080,118,118,0,cudaLaunchKernel,4395    1    1, 256    1    1,"<unnamed>::step_kernel_boundary_x_faces(const double *, const double *, double *, const double *, const double *, int, int, int, int, int, int, int, double, double)"
71775651203,10488,71775661691,53612,71775715303,25727,89827,120,120,2,cudaLaunchKernel,4383    1    1, 256    1    1,"<unnamed>::step_kernel_boundary_y_faces(const double *, const double *, double *, const double *, const double *, int, int, int, int, int, int, int, double, double)"
71775652984,8088,71775661072,56154,71775717226,24128,88370,119,119,1,cudaLaunchKernel,4383    1    1, 256    1    1,"<unnamed>::step_kernel_boundary_y_faces(const double *, const double *, double *, const double *, const double *, int, int, int, int, int, int, int, double, double)"
71775657695,9761,71775667456,76279,71775743735,256701,342741,121,121,3,cudaLaunchKernel,4372    1    1, 256    1    1,"<unnamed>::step_kernel_boundary_z_faces(const double *, const double *, double *, const double *, const double *, int, int, int, int, int, int, int, double, double)"
71775661927,6152,71775668079,74651,71775742730,256287,337090,119,119,1,cudaLaunchKernel,4372    1    1, 256    1    1,"<unnamed>::step_kernel_boundary_z_faces(const double *, const double *, double *, const double *, const double *, int, int, int, int, int, int, int, double, double)"
71775662572,7893,71775670465,71973,71775742438,258781,338647,120,120,2,cudaLaunchKernel,4372    1    1, 256    1    1,"<unnamed>::step_kernel_boundary_z_faces(const double *, const double *, double *, const double *, const double *, int, int, int, int, int, int, int, double, double)"
71775664089,5723,71775669812,52180,71775721992,24096,81999,118,118,0,cudaLaunchKernel,4383    1    1, 256    1    1,"<unnamed>::step_kernel_boundary_y_faces(const double *, const double *, double *, const double *, const double *, int, int, int, int, int, int, int, double, double)"
71775670201,10254,71775680455,66881,71775747336,255902,333037,118,118,0,cudaLaunchKernel,4372    1    1, 256    1    1,"<unnamed>::step_kernel_boundary_z_faces(const double *, const double *, double *, const double *, const double *, int, int, int, int, int, int, int, double, double)"
71775681762,6398,71775688160,313940,71776002100,9984,330322,121,121,3,cudaLaunchKernel,2198    1    1, 256    1    1,"<unnamed>::pack_face_x(const double *, double *, int, int, int, int, int)"
71775682771,6356,71775689127,311362,71776000489,8479,326197,119,119,1,cudaLaunchKernel,2198    1    1, 256    1    1,"<unnamed>::pack_face_x(const double *, double *, int, int, int, int, int)"
71775686123,6741,71775692864,309763,71776002627,10048,326552,120,120,2,cudaLaunchKernel,2198    1    1, 256    1    1,"<unnamed>::pack_face_x(const double *, double *, int, int, int, int, int)"
71775688596,2950,71775691546,6352452,71782043998,6240,6361642,121,121,3,cudaLaunchKernel,2198    1    1, 256    1    1,"<unnamed>::pack_face_y(const double *, double *, int, int, int, int, int)"
71775689528,4064,71775693592,6352627,71782046219,6272,6362963,119,119,1,cudaLaunchKernel,2198    1    1, 256    1    1,"<unnamed>::pack_face_y(const double *, double *, int, int, int, int, int)"
71775690777,5327,71775696104,308542,71776004646,9600,323469,118,118,0,cudaLaunchKernel,2198    1    1, 256    1    1,"<unnamed>::pack_face_x(const double *, double *, int, int, int, int, int)"
71775691900,3831,71775695731,6356267,71782051998,24160,6384258,121,121,3,cudaLaunchKernel,2198    1    1, 256    1    1,"<unnamed>::pack_face_z(const double *, double *, int, int, int, int, int)"
71775693226,5014,71775698240,6349985,71782048225,6656,6361655,120,120,2,cudaLaunchKernel,2198    1    1, 256    1    1,"<unnamed>::pack_face_y(const double *, double *, int, int, int, int, int)"
71775694159,4636,71775698795,6355392,71782054187,25344,6385372,119,119,1,cudaLaunchKernel,2198    1    1, 256    1    1,"<unnamed>::pack_face_z(const double *, double *, int, int, int, int, int)"
71775696423,3984,71775700407,304925,71776005332,6044074,6352983,121,121,3,cudaLaunchKernel,  24  187  187,  32    4    4,"<unnamed>::step_kernel_interior(const double *, const double *, double *, const double *, const double *, int, int, int, int, int, int, int, double, double)"
71775696500,4597,71775701097,6338924,71782040021,6048,6349569,118,118,0,cudaLaunchKernel,2198    1    1, 256    1    1,"<unnamed>::pack_face_y(const double *, double *, int, int, int, int, int)"
71775698615,4073,71775702688,6354049,71782056737,24128,6382250,120,120,2,cudaLaunchKernel,2198    1    1, 256    1    1,"<unnamed>::pack_face_z(const double *, double *, int, int, int, int, int)"
71775699637,8975,71775708612,294693,71776003305,6047970,6351638,119,119,1,cudaLaunchKernel,  24  187  187,  32    4    4,"<unnamed>::step_kernel_interior(const double *, const double *, double *, const double *, const double *, int, int, int, int, int, int, int, double, double)"
71775701446,8587,71775710033,6337540,71782047573,24128,6370255,118,118,0,cudaLaunchKernel,2198    1    1, 256    1    1,"<unnamed>::pack_face_z(const double *, double *, int, int, int, int, int)"
71775703277,10518,71775713795,291648,71776005443,6048318,6350484,120,120,2,cudaLaunchKernel,  24  187  187,  32    4    4,"<unnamed>::step_kernel_interior(const double *, const double *, double *, const double *, const double *, int, int, int, int, int, int, int, double, double)"
71775711197,11130,71775722327,285103,71776007430,6037487,6333720,118,118,0,cudaLaunchKernel,  24  187  187,  32    4    4,"<unnamed>::step_kernel_interior(const double *, const double *, double *, const double *, const double *, int, int, int, int, int, int, int, double, double)"
71782136078,13344,71782149422,1200,71782150622,3712,18256,122,122,4,cudaLaunchKernel,2198    1    1, 256    1    1,"<unnamed>::unpack_face_x(const double *, double *, int, int, int, int, int)"
71782139357,19671,,,71782157177,3552,21372,129,129,7,cudaLaunchKernel,2198    1    1, 256    1    1,"<unnamed>::unpack_face_x(const double *, double *, int, int, int, int, int)"
71782141417,10618,71782152035,1589,71782153624,3776,15983,124,124,6,cudaLaunchKernel,2198    1    1, 256    1    1,"<unnamed>::unpack_face_x(const double *, double *, int, int, int, int, int)"
71782142476,10015,71782152491,894,71782153385,3776,14685,123,123,5,cudaLaunchKernel,2198    1    1, 256    1    1,"<unnamed>::unpack_face_x(const double *, double *, int, int, int, int, int)"
71782150497,12181,71782162678,1064,71782163742,4224,17469,122,122,4,cudaLaunchKernel,2198    1    1, 256    1    1,"<unnamed>::unpack_face_y(const double *, double *, int, int, int, int, int)"
71782153238,9743,71782162981,1395,71782164376,3936,15074,124,124,6,cudaLaunchKernel,2198    1    1, 256    1    1,"<unnamed>::unpack_face_y(const double *, double *, int, int, int, int, int)"
71782153419,9641,71782163060,757,71782163817,3808,14206,123,123,5,cudaLaunchKernel,2198    1    1, 256    1    1,"<unnamed>::unpack_face_y(const double *, double *, int, int, int, int, int)"
71782160176,9125,71782169301,1924,71782171225,3936,14985,129,129,7,cudaLaunchKernel,2198    1    1, 256    1    1,"<unnamed>::unpack_face_y(const double *, double *, int, int, int, int, int)"
71782163715,5536,71782169251,3387,71782172638,41824,50747,122,122,4,cudaLaunchKernel,2198    1    1, 256    1    1,"<unnamed>::unpack_face_z(const double *, double *, int, int, int, int, int)"
71782164024,4115,71782168139,3006,71782171145,41312,48433,123,123,5,cudaLaunchKernel,2198    1    1, 256    1    1,"<unnamed>::unpack_face_z(const double *, double *, int, int, int, int, int)"
71782164038,4150,71782168188,3868,71782172056,42463,50481,124,124,6,cudaLaunchKernel,2198    1    1, 256    1    1,"<unnamed>::unpack_face_z(const double *, double *, int, int, int, int, int)"
71782168803,11727,71782180530,33143,71782213673,26271,71141,123,123,5,cudaLaunchKernel,4395    1    1, 256    1    1,"<unnamed>::step_kernel_boundary_x_faces(const double *, const double *, double *, const double *, const double *, int, int, int, int, int, int, int, double, double)"
71782168835,7301,71782176136,39823,71782215959,25696,72820,124,124,6,cudaLaunchKernel,4395    1    1, 256    1    1,"<unnamed>::step_kernel_boundary_x_faces(const double *, const double *, double *, const double *, const double *, int, int, int, int, int, int, int, double, double)"
71782169850,22450,71782192300,909,71782193209,41343,64702,129,129,7,cudaLaunchKernel,2198    1    1, 256    1    1,"<unnamed>::unpack_face_z(const double *, double *, int, int, int, int, int)"
71782169918,20442,71782190360,25286,71782215646,25279,71007,122,122,4,cudaLaunchKernel,4395    1    1, 256    1    1,"<unnamed>::step_kernel_boundary_x_faces(const double *, const double *, double *, const double *, const double *, int, int, int, int, int, int, int, double, double)"
71782177036,11470,71782188506,54557,71782243063,24608,90635,124,124,6,cudaLaunchKernel,4383    1    1, 256    1    1,"<unnamed>::step_kernel_boundary_y_faces(const double *, const double *, double *, const double *, const double *, int, int, int, int, int, int, int, double, double)"
71782181370,8204,71782189574,4535,71782194109,3776,16515,121,121,3,cudaLaunchKernel,2198    1    1, 256    1    1,"<unnamed>::unpack_face_x(const double *, double *, int, int, int, int, int)"
71782181390,6717,71782188107,53213,71782241320,24544,84474,123,123,5,cudaLaunchKernel,4383    1    1, 256    1    1,"<unnamed>::step_kernel_boundary_y_faces(const double *, const double *, double *, const double *, const double *, int, int, int, int, int, int, int, double, double)"
71782181886,10717,71782192603,5125,71782197728,3808,19650,120,120,2,cudaLaunchKernel,2198    1    1, 256    1    1,"<unnamed>::unpack_face_x(const double *, double *, int, int, int, int, int)"
71782184912,7767,71782192679,2189,71782194868,3744,13700,118,118,0,cudaLaunchKernel,2198    1    1, 256    1    1,"<unnamed>::unpack_face_x(const double *, double *, int, int, int, int, int)"
71782185000,6781,71782191781,4582,71782196363,3776,15139,119,119,1,cudaLaunchKernel,2198    1    1, 256    1    1,"<unnamed>::unpack_face_x(const double *, double *, int, int, int, int, int)"
71782188506,2894,71782191400,76160,71782267560,258941,337995,123,123,5,cudaLaunchKernel,4372    1    1, 256    1    1,"<unnamed>::step_kernel_boundary_z_faces(const double *, const double *, double *, const double *, const double *, int, int, int, int, int, int, int, double, double)"
71782188896,3285,71782192181,76802,71782268983,255773,335860,124,124,6,cudaLaunchKernel,4372    1    1, 256    1    1,"<unnamed>::step_kernel_boundary_z_faces(const double *, const double *, double *, const double *, const double *, int, int, int, int, int, int, int, double, double)"
71782189969,4448,71782194417,5996,71782200413,4032,14476,121,121,3,cudaLaunchKernel,2198    1    1, 256    1    1,"<unnamed>::unpack_face_y(const double *, double *, int, int, int, int, int)"
71782191219,5091,71782196310,45863,71782242173,25408,76362,122,122,4,cudaLaunchKernel,4383    1    1, 256    1    1,"<unnamed>::step_kernel_boundary_y_faces(const double *, const double *, double *, const double *, const double *, int, int, int, int, int, int, int, double, double)"
71782192223,4353,71782196576,5835,71782202411,4064,14252,119,119,1,cudaLaunchKernel,2198    1    1, 256    1    1,"<unnamed>::unpack_face_y(const double *, double *, int, int, int, int, int)"
71782193051,6308,71782199359,6465,71782205824,3840,16613,120,120,2,cudaLaunchKernel,2198    1    1, 256    1    1,"<unnamed>::unpack_face_y(const double *, double *, int, int, int, int, int)"
71782193139,5941,71782199080,3052,71782202132,3968,12961,118,118,0,cudaLaunchKernel,2198    1    1, 256    1    1,"<unnamed>::unpack_face_y(const double *, double *, int, int, int, int, int)"
71782193472,5603,71782199075,37045,71782236120,25632,68280,129,129,7,cudaLaunchKernel,4395    1    1, 256    1    1,"<unnamed>::step_kernel_boundary_x_faces(const double *, const double *, double *, const double *, const double *, int, int, int, int, int, int, int, double, double)"
71782194839,3115,71782197954,7579,71782205533,41119,51813,121,121,3,cudaLaunchKernel,2198    1    1, 256    1    1,"<unnamed>::unpack_face_z(const double *, double *, int, int, int, int, int)"
71782196700,4132,71782200832,68125,71782268957,254302,326559,122,122,4,cudaLaunchKernel,4372    1    1, 256    1    1,"<unnamed>::step_kernel_boundary_z_faces(const double *, const double *, double *, const double *, const double *, int, int, int, int, int, int, int, double, double)"
71782196973,4180,71782201153,6372061,71788573214,6400,6382641,123,123,5,cudaLaunchKernel,2198    1    1, 256    1    1,"<unnamed>::pack_face_x(const double *, double *, int, int, int, int, int)"
71782196998,4037,71782201035,6432,71782207467,41471,51940,119,119,1,cudaLaunchKernel,2198    1    1, 256    1    1,"<unnamed>::unpack_face_z(const double *, double *, int, int, int, int, int)"
71782197617,4570,71782202187,324041,71782526228,8448,337059,124,124,6,cudaLaunchKernel,2198    1    1, 256    1    1,"<unnamed>::pack_face_x(const double *, double *, int, int, int, int, int)"
71782198603,3704,71782202307,46041,71782248348,25696,75441,121,121,3,cudaLaunchKernel,4395    1    1, 256    1    1,"<unnamed>::step_kernel_boundary_x_faces(const double *, const double *, double *, const double *, const double *, int, int, int, int, int, int, int, double, double)"
71782199441,5086,71782204527,58793,71782263320,24735,88614,129,129,7,cudaLaunchKernel,4383    1    1, 256    1    1,"<unnamed>::step_kernel_boundary_y_faces(const double *, const double *, double *, const double *, const double *, int, int, int, int, int, int, int, double, double)"
71782199476,4309,71782203785,3275,71782207060,41119,48703,118,118,0,cudaLaunchKernel,2198    1    1, 256    1    1,"<unnamed>::unpack_face_z(const double *, double *, int, int, int, int, int)"
71782199759,4744,71782204503,6505,71782211008,42271,53520,120,120,2,cudaLaunchKernel,2198    1    1, 256    1    1,"<unnamed>::unpack_face_z(const double *, double *, int, int, int, int, int)"
71782201529,3268,71782204797,6376321,71788581118,4384,6383973,123,123,5,cudaLaunchKernel,2198    1    1, 256    1    1,"<unnamed>::pack_face_y(const double *, double *, int, int, int, int, int)"
71782201745,3846,71782205591,44819,71782250410,26688,75353,119,119,1,cudaLaunchKernel,4395    1    1, 256    1    1,"<unnamed>::step_kernel_boundary_x_faces(const double *, const double *, double *, const double *, const double *, int, int, int, int, int, int, int, double, double)"
71782202589,2999,71782205588,6361182,71788566770,6911,6371092,124,124,6,cudaLaunchKernel,2198    1    1, 256    1    1,"<unnamed>::pack_face_y(const double *, double *, int, int, int, int, int)"
71782202669,8601,71782211270,64406,71782275676,24192,97199,121,121,3,cudaLaunchKernel,4383    1    1, 256    1    1,"<unnamed>::step_kernel_boundary_y_faces(const double *, const double *, double *, const double *, const double *, int, int, int, int, int, int, int, double, double)"
71782204447,10227,71782214674,34945,71782249619,25696,70868,118,118,0,cudaLaunchKernel,4395    1    1, 256    1    1,"<unnamed>::step_kernel_boundary_x_faces(const double *, const double *, double *, const double *, const double *, int, int, int, int, int, int, int, double, double)"
71782204926,9783,71782214709,74850,71782289559,256189,340822,129,129,7,cudaLaunchKernel,4372    1    1, 256    1    1,"<unnamed>::step_kernel_boundary_z_faces(const double *, const double *, double *, const double *, const double *, int, int, int, int, int, int, int, double, double)"
71782205355,8719,71782214074,6372900,71788586974,26144,6407763,123,123,5,cudaLaunchKernel,2198    1    1, 256    1    1,"<unnamed>::pack_face_z(const double *, double *, int, int, int, int, int)"
71782205390,10556,71782215946,38965,71782254911,25888,75409,120,120,2,cudaLaunchKernel,4395    1    1, 256    1    1,"<unnamed>::step_kernel_boundary_x_faces(const double *, const double *, double *, const double *, const double *, int, int, int, int, int, int, int, double, double)"
71782205964,8790,71782214754,6360303,71788575057,24032,6393125,124,124,6,cudaLaunchKernel,2198    1    1, 256    1    1,"<unnamed>::pack_face_z(const double *, double *, int, int, int, int, int)"
71782205967,10874,71782216841,61633,71782278474,24256,96763,119,119,1,cudaLaunchKernel,4383    1    1, 256    1    1,"<unnamed>::step_kernel_boundary_y_faces(const double *, const double *, double *, const double *, const double *, int, int, int, int, int, int, int, double, double)"
71782211584,8950,71782220534,6334140,71788554674,6432,6349522,122,122,4,cudaLaunchKernel,2198    1    1, 256    1    1,"<unnamed>::pack_face_x(const double *, double *, int, int, int, int, int)"
71782212136,5064,71782217200,84236,71782301436,257502,346802,121,121,3,cudaLaunchKernel,4372    1    1, 256    1    1,"<unnamed>::step_kernel_boundary_z_faces(const double *, const double *, double *, const double *, const double *, int, int, int, int, int, int, int, double, double)"
71782215192,5704,71782220896,307141,71782528037,6051065,6363910,123,123,5,cudaLaunchKernel,  24  187  187,  32    4    4,"<unnamed>::step_kernel_interior(const double *, const double *, double *, const double *, const double *, int, int, int, int, int, int, int, double, double)"
71782215603,5395,71782220998,55757,71782276755,25312,86464,118,118,0,cudaLaunchKernel,4383    1    1, 256    1    1,"<unnamed>::step_kernel_boundary_y_faces(const double *, const double *, double *, const double *, const double *, int, int, int, int, int, int, int, double, double)"
71782215874,4379,71782220253,308727,71782528980,6043165,6356271,124,124,6,cudaLaunchKernel,  24  187  187,  32    4    4,"<unnamed>::step_kernel_interior(const double *, const double *, double *, const double *, const double *, int, int, int, int, int, int, int, double, double)"
71782216816,5760,71782222576,59663,71782282239,24256,89679,120,120,2,cudaLaunchKernel,4383    1    1, 256    1    1,"<unnamed>::step_kernel_boundary_y_faces(const double *, const double *, double *, const double *, const double *, int, int, int, int, int, int, int, double, double)"
71782217803,3977,71782221780,82294,71782304074,255807,342078,119,119,1,cudaLaunchKernel,4372    1    1, 256    1    1,"<unnamed>::step_kernel_boundary_z_faces(const double *, const double *, double *, const double *, const double *, int, int, int, int, int, int, int, double, double)"
71782220914,4612,71782225526,6337532,71788563058,4384,6346528,122,122,4,cudaLaunchKernel,2198    1    1, 256    1    1,"<unnamed>::pack_face_y(const double *, double *, int, int, int, int, int)"
71782221005,6047,71782227052,6361793,71788588845,6272,6374112,129,129,7,cudaLaunchKernel,2198    1    1, 256    1    1,"<unnamed>::pack_face_x(const double *, double *, int, int, int, int, int)"
71782221378,5325,71782226703,76932,71782303635,257758,340015,118,118,0,cudaLaunchKernel,4372    1    1, 256    1    1,"<unnamed>::step_kernel_boundary_z_faces(const double *, const double *, double *, const double *, const double *, int, int, int, int, int, int, int, double, double)"
71782222729,4670,71782227399,333267,71782560666,9600,347537,121,121,3,cudaLaunchKernel,2198    1    1, 256    1    1,"<unnamed>::pack_face_x(const double *, double *, int, int, int, int, int)"
71782222985,4822,71782227807,80352,71782308159,255773,340947,120,120,2,cudaLaunchKernel,4372    1    1, 256    1    1,"<unnamed>::step_kernel_boundary_z_faces(const double *, const double *, double *, const double *, const double *, int, int, int, int, int, int, int, double, double)"
71782225898,4638,71782230536,6338378,71788568914,26016,6369032,122,122,4,cudaLaunchKernel,2198    1    1, 256    1    1,"<unnamed>::pack_face_z(const double *, double *, int, int, int, int, int)"
71782227436,10901,71782238337,6358668,71788597005,4607,6374176,129,129,7,cudaLaunchKernel,2198    1    1, 256    1    1,"<unnamed>::pack_face_y(const double *, double *, int, int, int, int, int)"
71782227478,4212,71782231690,6371522,71788603212,6528,6382262,119,119,1,cudaLaunchKernel,2198    1    1, 256    1    1,"<unnamed>::pack_face_x(const double *, double *, int, int, int, int, int)"
71782228303,3610,71782231913,6379803,71788611716,6591,6390004,121,121,3,cudaLaunchKernel,2198    1    1, 256    1    1,"<unnamed>::pack_face_y(const double *, double *, int, int, int, int, int)"
71782231186,13142,71782244328,280627,71782524955,6035607,6329376,122,122,4,cudaLaunchKernel,  24  187  187,  32    4    4,"<unnamed>::step_kernel_interior(const double *, const double *, double *, const double *, const double *, int, int, int, int, int, int, int, double, double)"
71782232100,9823,71782241923,6369353,71788611276,4320,6383496,119,119,1,cudaLaunchKernel,2198    1    1, 256    1    1,"<unnamed>::pack_face_y(const double *, double *, int, int, int, int, int)"
71782232776,14911,71782247687,6362745,71788610432,6432,6384088,118,118,0,cudaLaunchKernel,2198    1    1, 256    1    1,"<unnamed>::pack_face_x(const double *, double *, int, int, int, int, int)"
71782235304,10599,71782245903,6374292,71788620195,25504,6410395,121,121,3,cudaLaunchKernel,2198    1    1, 256    1    1,"<unnamed>::pack_face_z(const double *, double *, int, int, int, int, int)"
71782238219,11550,71782249769,315923,71782565692,9408,336881,120,120,2,cudaLaunchKernel,2198    1    1, 256    1    1,"<unnamed>::pack_face_x(const double *, double *, int, int, int, int, int)"
71782239222,10972,71782250194,6352602,71788602796,25184,6388758,129,129,7,cudaLaunchKernel,2198    1    1, 256    1    1,"<unnamed>::pack_face_z(const double *, double *, int, int, int, int, int)"
71782245615,6921,71782252536,6364244,71788616780,25439,6396604,119,119,1,cudaLaunchKernel,2198    1    1, 256    1    1,"<unnamed>::pack_face_z(const double *, double *, int, int, int, int, int)"
71782247160,6423,71782253583,309867,71782563450,6053609,6369899,121,121,3,cudaLaunchKernel,  24  187  187,  32    4    4,"<unnamed>::step_kernel_interior(const double *, const double *, double *, const double *, const double *, int, int, int, int, int, int, int, double, double)"
71782248676,13762,71782262438,6355770,71788618208,4320,6373852,118,118,0,cudaLaunchKernel,2198    1    1, 256    1    1,"<unnamed>::pack_face_y(const double *, double *, int, int, int, int, int)"
71782250698,11175,71782261873,6352425,71788614298,6304,6369904,120,120,2,cudaLaunchKernel,2198    1    1, 256    1    1,"<unnamed>::pack_face_y(const double *, double *, int, int, int, int, int)"
71782251305,11431,71782262736,284772,71782547508,6046969,6343172,129,129,7,cudaLaunchKernel,  24  187  187,  32    4    4,"<unnamed>::step_kernel_interior(const double *, const double *, double *, const double *, const double *, int, int, int, int, int, int, int, double, double)"
71782253327,12037,71782265364,295957,71782561321,6047907,6355901,119,119,1,cudaLaunchKernel,  24  187  187,  32    4    4,"<unnamed>::step_kernel_interior(const double *, const double *, double *, const double *, const double *, int, int, int, int, int, int, int, double, double)"
71782262766,10488,71782273254,6349076,71788622330,25503,6385067,120,120,2,cudaLaunchKernel,2198    1    1, 256    1    1,"<unnamed>::pack_face_z(const double *, double *, int, int, int, int, int)"
71782263325,10960,71782274285,6349459,71788623744,25120,6385539,118,118,0,cudaLaunchKernel,2198    1    1, 256    1    1,"<unnamed>::pack_face_z(const double *, double *, int, int, int, int, int)"
71782274315,9808,71782284123,284513,71782568636,6050942,6345263,120,120,2,cudaLaunchKernel,  24  187  187,  32    4    4,"<unnamed>::step_kernel_interior(const double *, const double *, double *, const double *, const double *, int, int, int, int, int, int, int, double, double)"
71782275420,10656,71782286076,276821,71782562897,6053455,6340932,118,118,0,cudaLaunchKernel,  24  187  187,  32    4    4,"<unnamed>::step_kernel_interior(const double *, const double *, double *, const double *, const double *, int, int, int, int, int, int, int, double, double)"
71788740247,10503,71788750750,3213,71788753963,3840,17556,119,119,1,cudaLaunchKernel,2198    1    1, 256    1    1,"<unnamed>::unpack_face_x(const double *, double *, int, int, int, int, int)"
71788746942,6443,71788753385,2662,71788756047,3872,12977,124,124,6,cudaLaunchKernel,2198    1    1, 256    1    1,"<unnamed>::unpack_face_x(const double *, double *, int, int, int, int, int)"
71788750239,12561,71788762800,1595,71788764395,3871,18027,129,129,7,cudaLaunchKernel,2198    1    1, 256    1    1,"<unnamed>::unpack_face_x(const double *, double *, int, int, int, int, int)"
71788751762,9662,71788761424,3099,71788764523,3808,16569,119,119,1,cudaLaunchKernel,2198    1    1, 256    1    1,"<unnamed>::unpack_face_y(const double *, double *, int, int, int, int, int)"
71788757192,6595,71788763787,2500,71788766287,3936,13031,124,124,6,cudaLaunchKernel,2198    1    1, 256    1    1,"<unnamed>::unpack_face_y(const double *, double *, int, int, int, int, int)"
71788762359,5284,71788767643,5648,71788773291,41440,52372,119,119,1,cudaLaunchKernel,2198    1    1, 256    1    1,"<unnamed>::unpack_face_z(const double *, double *, int, int, int, int, int)"
71788762972,11153,71788774125,143,71788774268,3744,15040,123,123,5,cudaLaunchKernel,2198    1    1, 256    1    1,"<unnamed>::unpack_face_x(const double *, double *, int, int, int, int, int)"
71788763588,12288,71788775876,4212,71788780088,3776,20276,120,120,2,cudaLaunchKernel,2198    1    1, 256    1    1,"<unnamed>::unpack_face_x(const double *, double *, int, int, int, int, int)"
71788763763,10796,71788774559,1355,71788775914,3904,16055,129,129,7,cudaLaunchKernel,2198    1    1, 256    1    1,"<unnamed>::unpack_face_y(const double *, double *, int, int, int, int, int)"
71788763987,10244,71788774231,2635,71788776866,3712,16591,121,121,3,cudaLaunchKernel,2198    1    1, 256    1    1,"<unnamed>::unpack_face_x(const double *, double *, int, int, int, int, int)"
71788764368,4313,71788768681,3878,71788772559,42048,50239,124,124,6,cudaLaunchKernel,2198    1    1, 256    1    1,"<unnamed>::unpack_face_z(const double *, double *, int, int, int, int, int)"
71788768367,9122,71788777489,38906,71788816395,25472,73500,119,119,1,cudaLaunchKernel,4395    1    1, 256    1    1,"<unnamed>::step_kernel_boundary_x_faces(const double *, const double *, double *, const double *, const double *, int, int, int, int, int, int, int, double, double)"
71788769346,9332,71788778678,37177,71788815855,26047,72556,124,124,6,cudaLaunchKernel,4395    1    1, 256    1    1,"<unnamed>::step_kernel_boundary_x_faces(const double *, const double *, double *, const double *, const double *, int, int, int, int, int, int, int, double, double)"
71788775054,10148,71788785202,1002,71788786204,3904,15054,123,123,5,cudaLaunchKernel,2198    1    1, 256    1    1,"<unnamed>::unpack_face_y(const double *, double *, int, int, int, int, int)"
71788775195,9673,71788784868,3390,71788788258,3840,16903,121,121,3,cudaLaunchKernel,2198    1    1, 256    1    1,"<unnamed>::unpack_face_y(const double *, double *, int, int, int, int, int)"
71788775489,12408,71788787897,1265,71788789162,40832,54505,129,129,7,cudaLaunchKernel,2198    1    1, 256    1    1,"<unnamed>::unpack_face_z(const double *, double *, int, int, int, int, int)"
71788776857,10965,71788787822,3978,71788791800,3840,18783,120,120,2,cudaLaunchKernel,2198    1    1, 256    1    1,"<unnamed>::unpack_face_y(const double *, double *, int, int, int, int, int)"
71788778367,9784,71788788151,54804,71788842955,24447,89035,119,119,1,cudaLaunchKernel,4383    1    1, 256    1    1,"<unnamed>::step_kernel_boundary_y_faces(const double *, const double *, double *, const double *, const double *, int, int, int, int, int, int, int, double, double)"
71788779007,12203,71788791210,1621,71788792831,3744,17568,118,118,0,cudaLaunchKernel,2198    1    1, 256    1    1,"<unnamed>::unpack_face_x(const double *, double *, int, int, int, int, int)"
71788779615,9197,71788788812,54210,71788843022,24832,88239,124,124,6,cudaLaunchKernel,4383    1    1, 256    1    1,"<unnamed>::step_kernel_boundary_y_faces(const double *, const double *, double *, const double *, const double *, int, int, int, int, int, int, int, double, double)"
71788784198,8492,71788792690,2046,71788794736,3712,14250,122,122,4,cudaLaunchKernel,2198    1    1, 256    1    1,"<unnamed>::unpack_face_x(const double *, double *, int, int, int, int, int)"
71788785820,5298,71788791118,4564,71788795682,41984,51846,121,121,3,cudaLaunchKernel,2198    1    1, 256    1    1,"<unnamed>::unpack_face_z(const double *, double *, int, int, int, int, int)"
71788786143,5472,71788791615,2333,71788793948,42271,50076,123,123,5,cudaLaunchKernel,2198    1    1, 256    1    1,"<unnamed>::unpack_face_z(const double *, double *, int, int, int, int, int)"
71788788762,6591,71788795353,6431,71788801784,40895,53917,120,120,2,cudaLaunchKernel,2198    1    1, 256    1    1,"<unnamed>::unpack_face_z(const double *, double *, int, int, int, int, int)"
71788789005,5590,71788794595,74215,71788868810,256255,336060,119,119,1,cudaLaunchKernel,4372    1    1, 256    1    1,"<unnamed>::step_kernel_boundary_z_faces(const double *, const double *, double *, const double *, const double *, int, int, int, int, int, int, int, double, double)"
71788789117,7322,71788796439,35379,71788831818,26271,68972,129,129,7,cudaLaunchKernel,4395    1    1, 256    1    1,"<unnamed>::step_kernel_boundary_x_faces(const double *, const double *, double *, const double *, const double *, int, int, int, int, int, int, int, double, double)"
71788789692,4149,71788793841,75421,71788869262,259037,338607,124,124,6,cudaLaunchKernel,4372    1    1, 256    1    1,"<unnamed>::step_kernel_boundary_z_faces(const double *, const double *, double *, const double *, const double *, int, int, int, int, int, int, int, double, double)"
71788791808,3916,71788795724,43509,71788839233,26144,73569,121,121,3,cudaLaunchKernel,4395    1    1, 256    1    1,"<unnamed>::step_kernel_boundary_x_faces(const double *, const double *, double *, const double *, const double *, int, int, int, int, int, int, int, double, double)"
71788792142,4809,71788796951,3464,71788800415,3808,12081,118,118,0,cudaLaunchKernel,2198    1    1, 256    1    1,"<unnamed>::unpack_face_y(const double *, double *, int, int, int, int, int)"
71788792404,4123,71788796527,41260,71788837787,25728,71111,123,123,5,cudaLaunchKernel,4395    1    1, 256    1    1,"<unnamed>::step_kernel_boundary_x_faces(const double *, const double *, double *, const double *, const double *, int, int, int, int, int, int, int, double, double)"
71788793302,5460,71788798762,3558,71788802320,3808,12826,122,122,4,cudaLaunchKernel,2198    1    1, 256    1    1,"<unnamed>::unpack_face_y(const double *, double *, int, int, int, int, int)"
71788796039,5448,71788801487,42760,71788844247,25664,73872,120,120,2,cudaLaunchKernel,4395    1    1, 256    1    1,"<unnamed>::step_kernel_boundary_x_faces(const double *, const double *, double *, const double *, const double *, int, int, int, int, int, int, int, double, double)"
71788796088,3606,71788799694,67059,71788866753,24192,94857,121,121,3,cudaLaunchKernel,4383    1    1, 256    1    1,"<unnamed>::step_kernel_boundary_y_faces(const double *, const double *, double *, const double *, const double *, int, int, int, int, int, int, int, double, double)"
71788796817,4667,71788801484,57885,71788859369,25152,87704,129,129,7,cudaLaunchKernel,4383    1    1, 256    1    1,"<unnamed>::step_kernel_boundary_y_faces(const double *, const double *, double *, const double *, const double *, int, int, int, int, int, int, int, double, double)"
71788796894,3584,71788800478,64541,71788865019,24351,92476,123,123,5,cudaLaunchKernel,4383    1    1, 256    1    1,"<unnamed>::step_kernel_boundary_y_faces(const double *, const double *, double *, const double *, const double *, int, int, int, int, int, int, int, double, double)"
71788797357,5413,71788802770,2605,71788805375,41087,49105,118,118,0,cudaLaunchKernel,2198    1    1, 256    1    1,"<unnamed>::unpack_face_z(const double *, double *, int, int, int, int, int)"
71788799172,9737,71788808909,1251,71788810160,41696,52684,122,122,4,cudaLaunchKernel,2198    1    1, 256    1    1,"<unnamed>::unpack_face_z(const double *, double *, int, int, int, int, int)"
71788799967,6852,71788806819,322920,71789129739,9888,339660,124,124,6,cudaLaunchKernel,2198    1    1, 256    1    1,"<unnamed>::pack_face_x(const double *, double *, int, int, int, int, int)"
71788800096,8139,71788808235,84470,71788892705,257470,350079,121,121,3,cudaLaunchKernel,4372    1    1, 256    1    1,"<unnamed>::step_kernel_boundary_z_faces(const double *, const double *, double *, const double *, const double *, int, int, int, int, int, int, int, double, double)"
71788800883,8892,71788809775,81515,71788891290,256253,346660,123,123,5,cudaLaunchKernel,4372    1    1, 256    1    1,"<unnamed>::step_kernel_boundary_z_faces(const double *, const double *, double *, const double *, const double *, int, int, int, int, int, int, int, double, double)"
71788801316,8053,71788809369,317232,71789126601,10272,335557,119,119,1,cudaLaunchKernel,2198    1    1, 256    1    1,"<unnamed>::pack_face_x(const double *, double *, int, int, int, int, int)"
71788801845,9832,71788811677,59578,71788871255,24832,94242,120,120,2,cudaLaunchKernel,4383    1    1, 256    1    1,"<unnamed>::step_kernel_boundary_y_faces(const double *, const double *, double *, const double *, const double *, int, int, int, int, int, int, int, double, double)"
71788801871,9930,71788811801,74256,71788886057,254845,339031,129,129,7,cudaLaunchKernel,4372    1    1, 256    1    1,"<unnamed>::step_kernel_boundary_z_faces(const double *, const double *, double *, const double *, const double *, int, int, int, int, int, int, int, double, double)"
71788807272,7378,71788814650,32932,71788847582,25728,66038,118,118,0,cudaLaunchKernel,4395    1    1, 256    1    1,"<unnamed>::step_kernel_boundary_x_faces(const double *, const double *, double *, const double *, const double *, int, int, int, int, int, int, int, double, double)"
71788807979,6684,71788814663,6364450,71795179113,6112,6377246,124,124,6,cudaLaunchKernel,2198    1    1, 256    1    1,"<unnamed>::pack_face_y(const double *, double *, int, int, int, int, int)"
71788810015,7358,71788817373,35955,71788853328,26880,70193,122,122,4,cudaLaunchKernel,4395    1    1, 256    1    1,"<unnamed>::step_kernel_boundary_x_faces(const double *, const double *, double *, const double *, const double *, int, int, int, int, int, int, int, double, double)"
71788810290,6014,71788816304,6352380,71795168684,6272,6364666,119,119,1,cudaLaunchKernel,2198    1    1, 256    1    1,"<unnamed>::pack_face_y(const double *, double *, int, int, int, int, int)"
71788812552,4856,71788817408,80567,71788897975,257373,342796,120,120,2,cudaLaunchKernel,4372    1    1, 256    1    1,"<unnamed>::step_kernel_boundary_z_faces(const double *, const double *, double *, const double *, const double *, int, int, int, int, int, int, int, double, double)"
71788814969,5245,71788820214,6378515,71795198729,5984,6389744,121,121,3,cudaLaunchKernel,2198    1    1, 256    1    1,"<unnamed>::pack_face_x(const double *, double *, int, int, int, int, int)"
71788815028,3803,71788818831,55567,71788874398,25024,84394,118,118,0,cudaLaunchKernel,4383    1    1, 256    1    1,"<unnamed>::step_kernel_boundary_y_faces(const double *, const double *, double *, const double *, const double *, int, int, int, int, int, int, int, double, double)"
71788815035,3292,71788818327,6368434,71795186761,24448,6396174,124,124,6,cudaLaunchKernel,2198    1    1, 256    1    1,"<unnamed>::pack_face_z(const double *, double *, int, int, int, int, int)"
71788816733,3514,71788820247,6356309,71795176556,25472,6385295,119,119,1,cudaLaunchKernel,2198    1    1, 256    1    1,"<unnamed>::pack_face_z(const double *, double *, int, int, int, int, int)"
71788816967,4506,71788821473,327574,71789149047,10560,342640,123,123,5,cudaLaunchKernel,2198    1    1, 256    1    1,"<unnamed>::pack_face_x(const double *, double *, int, int, int, int, int)"
71788817743,5003,71788822746,59094,71788881840,24415,88512,122,122,4,cudaLaunchKernel,4383    1    1, 256    1    1,"<unnamed>::step_kernel_boundary_y_faces(const double *, const double *, double *, const double *, const double *, int, int, int, int, int, int, int, double, double)"
71788818880,6474,71788825354,6364084,71795189438,6560,6377118,129,129,7,cudaLaunchKernel,2198    1    1, 256    1    1,"<unnamed>::pack_face_x(const double *, double *, int, int, int, int, int)"
71788819067,3185,71788822252,310463,71789132715,6051358,6365006,124,124,6,cudaLaunchKernel,  24  187  187,  32    4    4,"<unnamed>::step_kernel_interior(const double *, const double *, double *, const double *, const double *, int, int, int, int, int, int, int, double, double)"
71788819455,5767,71788825222,75608,71788900830,254302,335677,118,118,0,cudaLaunchKernel,4372    1    1, 256    1    1,"<unnamed>::step_kernel_boundary_z_faces(const double *, const double *, double *, const double *, const double *, int, int, int, int, int, int, int, double, double)"
71788820612,3957,71788824569,6381648,71795206217,4384,6389989,121,121,3,cudaLaunchKernel,2198    1    1, 256    1    1,"<unnamed>::pack_face_y(const double *, double *, int, int, int, int, int)"
71788821013,4092,71788825105,304376,71789129481,6044355,6352823,119,119,1,cudaLaunchKernel,  24  187  187,  32    4    4,"<unnamed>::step_kernel_interior(const double *, const double *, double *, const double *, const double *, int, int, int, int, int, int, int, double, double)"
71788821857,3734,71788825591,6368697,71795194288,6240,6378671,123,123,5,cudaLaunchKernel,2198    1    1, 256    1    1,"<unnamed>::pack_face_y(const double *, double *, int, int, int, int, int)"
71788823138,5459,71788828597,79322,71788907919,253535,338316,122,122,4,cudaLaunchKernel,4372    1    1, 256    1    1,"<unnamed>::step_kernel_boundary_z_faces(const double *, const double *, double *, const double *, const double *, int, int, int, int, int, int, int, double, double)"
71788823506,5225,71788828731,6375159,71795203890,6048,6386432,120,120,2,cudaLaunchKernel,2198    1    1, 256    1    1,"<unnamed>::pack_face_x(const double *, double *, int, int, int, int, int)"
71788824918,2983,71788827901,6384364,71795212265,26111,6413458,121,121,3,cudaLaunchKernel,2198    1    1, 256    1    1,"<unnamed>::pack_face_z(const double *, double *, int, int, int, int, int)"
71788825726,10570,71788836296,6361462,71795197758,4448,6376480,129,129,7,cudaLaunchKernel,2198    1    1, 256    1    1,"<unnamed>::pack_face_y(const double *, double *, int, int, int, int, int)"
71788825989,3150,71788829139,6373149,71795202288,25024,6401323,123,123,5,cudaLaunchKernel,2198    1    1, 256    1    1,"<unnamed>::pack_face_z(const double *, double *, int, int, int, int, int)"
71788828449,8395,71788836844,314867,71789151711,6052490,6375752,121,121,3,cudaLaunchKernel,  24  187  187,  32    4    4,"<unnamed>::step_kernel_interior(const double *, const double *, double *, const double *, const double *, int, int, int, int, int, int, int, double, double)"
71788829103,13469,71788842572,6369222,71795211794,4288,6386979,120,120,2,cudaLaunchKernel,2198    1    1, 256    1    1,"<unnamed>::pack_face_y(const double *, double *, int, int, int, int, int)"
71788829659,12109,71788841768,310223,71789151991,6047449,6369781,123,123,5,cudaLaunchKernel,  24  187  187,  32    4    4,"<unnamed>::step_kernel_interior(const double *, const double *, double *, const double *, const double *, int, int, int, int, int, int, int, double, double)"
71788837214,12335,71788849549,6353905,71795203454,25088,6391328,129,129,7,cudaLaunchKernel,2198    1    1, 256    1    1,"<unnamed>::pack_face_z(const double *, double *, int, int, int, int, int)"
71788837434,10816,71788848250,6357105,71795205355,6048,6373969,118,118,0,cudaLaunchKernel,2198    1    1, 256    1    1,"<unnamed>::pack_face_x(const double *, double *, int, int, int, int, int)"
71788843792,6883,71788850675,6366623,71795217298,25471,6398977,120,120,2,cudaLaunchKernel,2198    1    1, 256    1    1,"<unnamed>::pack_face_z(const double *, double *, int, int, int, int, int)"
71788844229,7210,71788851439,6339829,71795191268,5888,6352927,122,122,4,cudaLaunchKernel,2198    1    1, 256    1    1,"<unnamed>::pack_face_x(const double *, double *, int, int, int, int, int)"
71788849184,6942,71788856126,6356749,71795212875,4416,6368107,118,118,0,cudaLaunchKernel,2198    1    1, 256    1    1,"<unnamed>::pack_face_y(const double *, double *, int, int, int, int, int)"
71788850844,7024,71788857868,284954,71789142822,6052664,6344642,129,129,7,cudaLaunchKernel,  24  187  187,  32    4    4,"<unnamed>::step_kernel_interior(const double *, const double *, double *, const double *, const double *, int, int, int, int, int, int, int, double, double)"
71788851309,4104,71788855413,301663,71789157076,6052350,6358117,120,120,2,cudaLaunchKernel,  24  187  187,  32    4    4,"<unnamed>::step_kernel_interior(const double *, const double *, double *, const double *, const double *, int, int, int, int, int, int, int, double, double)"
71788851888,5890,71788857778,6341074,71795198852,4352,6351316,122,122,4,cudaLaunchKernel,2198    1    1, 256    1    1,"<unnamed>::pack_face_y(const double *, double *, int, int, int, int, int)"
71788856499,8483,71788864982,6353365,71795218347,25280,6387128,118,118,0,cudaLaunchKernel,2198    1    1, 256    1    1,"<unnamed>::pack_face_z(const double *, double *, int, int, int, int, int)"
71788858150,9403,71788867553,6336867,71795204420,25216,6371486,122,122,4,cudaLaunchKernel,2198    1    1, 256    1    1,"<unnamed>::pack_face_z(const double *, double *, int, int, int, int, int)"
71788866209,7185,71788873394,283466,71789156860,6054031,6344682,118,118,0,cudaLaunchKernel,  24  187  187,  32    4    4,"<unnamed>::step_kernel_interior(const double *, const double *, double *, const double *, const double *, int, int, int, int, int, int, int, double, double)"
71788868702,6519,71788875221,287769,71789162990,6034678,6328966,122,122,4,cudaLaunchKernel,  24  187  187,  32    4    4,"<unnamed>::step_kernel_interior(const double *, const double *, double *, const double *, const double *, int, int, int, int, int, int, int, double, double)"
71795336019,11304,71795347323,1548,71795348871,3808,16660,124,124,6,cudaLaunchKernel,2198    1    1, 256    1    1,"<unnamed>::unpack_face_x(const double *, double *, int, int, int, int, int)"
71795348264,4433,71795352697,3918,71795356615,4096,12447,124,124,6,cudaLaunchKernel,2198    1    1, 256    1    1,"<unnamed>::unpack_face_y(const double *, double *, int, int, int, int, int)"
71795353068,3222,71795356290,5701,71795361991,42080,51003,124,124,6,cudaLaunchKernel,2198    1    1, 256    1    1,"<unnamed>::unpack_face_z(const double *, double *, int, int, int, int, int)"
71795356947,3409,71795360356,45187,71795405543,27135,75731,124,124,6,cudaLaunchKernel,4395    1    1, 256    1    1,"<unnamed>::step_kernel_boundary_x_faces(const double *, const double *, double *, const double *, const double *, int, int, int, int, int, int, int, double, double)"
71795359510,11886,71795371396,1254,71795372650,4032,17172,118,118,0,cudaLaunchKernel,2198    1    1, 256    1    1,"<unnamed>::unpack_face_x(const double *, double *, int, int, int, int, int)"
71795360738,3354,71795364092,70090,71795434182,24320,97764,124,124,6,cudaLaunchKernel,4383    1    1, 256    1    1,"<unnamed>::step_kernel_boundary_y_faces(const double *, const double *, double *, const double *, const double *, int, int, int, int, int, int, int, double, double)"
71795367826,6687,71795374513,85461,71795459974,254877,347025,124,124,6,cudaLaunchKernel,4372    1    1, 256    1    1,"<unnamed>::step_kernel_boundary_z_faces(const double *, const double *, double *, const double *, const double *, int, int, int, int, int, int, int, double, double)"
71795368240,7248,71795375488,4071,71795379559,3808,15127,121,121,3,cudaLaunchKernel,2198    1    1, 256    1    1,"<unnamed>::unpack_face_x(const double *, double *, int, int, int, int, int)"
71795370208,11723,71795381931,3269,71795385200,3840,18832,120,120,2,cudaLaunchKernel,2198    1    1, 256    1    1,"<unnamed>::unpack_face_x(const double *, double *, int, int, int, int, int)"
71795372395,9961,71795382356,2422,71795384778,3840,16223,118,118,0,cudaLaunchKernel,2198    1    1, 256    1    1,"<unnamed>::unpack_face_y(const double *, double *, int, int, int, int, int)"
71795375940,8213,71795384153,4142,71795388295,4000,16355,121,121,3,cudaLaunchKernel,2198    1    1, 256    1    1,"<unnamed>::unpack_face_y(const double *, double *, int, int, int, int, int)"
71795382882,7086,71795389968,5728,71795395696,3712,16526,120,120,2,cudaLaunchKernel,2198    1    1, 256    1    1,"<unnamed>::unpack_face_y(const double *, double *, int, int, int, int, int)"
71795383298,6864,71795390162,2455,71795392617,41600,50919,118,118,0,cudaLaunchKernel,2198    1    1, 256    1    1,"<unnamed>::unpack_face_z(const double *, double *, int, int, int, int, int)"
71795384243,6090,71795390333,6371812,71801762145,6528,6384430,124,124,6,cudaLaunchKernel,2198    1    1, 256    1    1,"<unnamed>::pack_face_x(const double *, double *, int, int, int, int, int)"
71795385091,4764,71795389855,4232,71795394087,41440,50436,121,121,3,cudaLaunchKernel,2198    1    1, 256    1    1,"<unnamed>::unpack_face_z(const double *, double *, int, int, int, int, int)"
71795388038,7124,71795395162,4305,71795399467,3840,15269,119,119,1,cudaLaunchKernel,2198    1    1, 256    1    1,"<unnamed>::unpack_face_x(const double *, double *, int, int, int, int, int)"
71795390341,4350,71795394691,6765,71795401456,42143,53258,120,120,2,cudaLaunchKernel,2198    1    1, 256    1    1,"<unnamed>::unpack_face_z(const double *, double *, int, int, int, int, int)"
71795390504,4896,71795395400,41823,71795437223,25951,72670,121,121,3,cudaLaunchKernel,4395    1    1, 256    1    1,"<unnamed>::step_kernel_boundary_x_faces(const double *, const double *, double *, const double *, const double *, int, int, int, int, int, int, int, double, double)"
71795390758,3138,71795393896,6376185,71801770081,4640,6383963,124,124,6,cudaLaunchKernel,2198    1    1, 256    1    1,"<unnamed>::pack_face_y(const double *, double *, int, int, int, int, int)"
71795390804,5634,71795396438,38963,71795435401,26080,70677,118,118,0,cudaLaunchKernel,4395    1    1, 256    1    1,"<unnamed>::step_kernel_boundary_x_faces(const double *, const double *, double *, const double *, const double *, int, int, int, int, int, int, int, double, double)"
71795394822,8353,71795403175,6372538,71801775713,24959,6405850,124,124,6,cudaLaunchKernel,2198    1    1, 256    1    1,"<unnamed>::pack_face_z(const double *, double *, int, int, int, int, int)"
71795395326,9121,71795404447,40752,71795445199,26400,76273,120,120,2,cudaLaunchKernel,4395    1    1, 256    1    1,"<unnamed>::step_kernel_boundary_x_faces(const double *, const double *, double *, const double *, const double *, int, int, int, int, int, int, int, double, double)"
71795395582,7958,71795403540,4151,71795407691,4000,16109,119,119,1,cudaLaunchKernel,2198    1    1, 256    1    1,"<unnamed>::unpack_face_y(const double *, double *, int, int, int, int, int)"
71795396103,8964,71795405067,59803,71795464870,23872,92639,121,121,3,cudaLaunchKernel,4383    1    1, 256    1    1,"<unnamed>::step_kernel_boundary_y_faces(const double *, const double *, double *, const double *, const double *, int, int, int, int, int, int, int, double, double)"
71795399484,12297,71795411781,51012,71795462793,24000,87309,118,118,0,cudaLaunchKernel,4383    1    1, 256    1    1,"<unnamed>::step_kernel_boundary_y_faces(const double *, const double *, double *, const double *, const double *, int, int, int, int, int, int, int, double, double)"
71795402292,12721,71795415013,1206,71795416219,3872,17799,129,129,7,cudaLaunchKernel,2198    1    1, 256    1    1,"<unnamed>::unpack_face_x(const double *, double *, int, int, int, int, int)"
71795404436,9838,71795414274,302017,71795716291,6051646,6363501,124,124,6,cudaLaunchKernel,  24  187  187,  32    4    4,"<unnamed>::step_kernel_interior(const double *, const double *, double *, const double *, const double *, int, int, int, int, int, int, int, double, double)"
71795404451,8925,71795413376,331,71795413707,40768,50024,119,119,1,cudaLaunchKernel,2198    1    1, 256    1    1,"<unnamed>::unpack_face_z(const double *, double *, int, int, int, int, int)"
71795405343,10819,71795416162,56909,71795473071,24128,91856,120,120,2,cudaLaunchKernel,4383    1    1, 256    1    1,"<unnamed>::step_kernel_boundary_y_faces(const double *, const double *, double *, const double *, const double *, int, int, int, int, int, int, int, double, double)"
71795405907,9176,71795415083,75387,71795490470,257726,342289,121,121,3,cudaLaunchKernel,4372    1    1, 256    1    1,"<unnamed>::step_kernel_boundary_z_faces(const double *, const double *, double *, const double *, const double *, int, int, int, int, int, int, int, double, double)"
71795413251,8406,71795421657,66512,71795488169,255102,330020,118,118,0,cudaLaunchKernel,4372    1    1, 256    1    1,"<unnamed>::step_kernel_boundary_z_faces(const double *, const double *, double *, const double *, const double *, int, int, int, int, int, int, int, double, double)"
71795414463,6359,71795420822,35093,71795455915,26751,68203,119,119,1,cudaLaunchKernel,4395    1    1, 256    1    1,"<unnamed>::step_kernel_boundary_x_faces(const double *, const double *, double *, const double *, const double *, int, int, int, int, int, int, int, double, double)"
71795415967,7603,71795423570,2985,71795426555,4000,14588,129,129,7,cudaLaunchKernel,2198    1    1, 256    1    1,"<unnamed>::unpack_face_y(const double *, double *, int, int, int, int, int)"
71795417037,6447,71795423484,75059,71795498543,256413,337919,120,120,2,cudaLaunchKernel,4372    1    1, 256    1    1,"<unnamed>::step_kernel_boundary_z_faces(const double *, const double *, double *, const double *, const double *, int, int, int, int, int, int, int, double, double)"
71795418512,12726,71795431238,1213,71795432451,3904,17843,122,122,4,cudaLaunchKernel,2198    1    1, 256    1    1,"<unnamed>::unpack_face_x(const double *, double *, int, int, int, int, int)"
71795418742,10970,71795429712,638,71795430350,3840,15448,123,123,5,cudaLaunchKernel,2198    1    1, 256    1    1,"<unnamed>::unpack_face_x(const double *, double *, int, int, int, int, int)"
71795421115,8969,71795430084,6362186,71801792270,6592,6377747,121,121,3,cudaLaunchKernel,2198    1    1, 256    1    1,"<unnamed>::pack_face_x(const double *, double *, int, int, int, int, int)"
71795421196,8104,71795429300,54486,71795483786,24160,86750,119,119,1,cudaLaunchKernel,4383    1    1, 256    1    1,"<unnamed>::step_kernel_boundary_y_faces(const double *, const double *, double *, const double *, const double *, int, int, int, int, int, int, int, double, double)"
71795424016,10842,71795434858,2481,71795437339,40832,54155,129,129,7,cudaLaunchKernel,2198    1    1, 256    1    1,"<unnamed>::unpack_face_z(const double *, double *, int, int, int, int, int)"
71795430103,6360,71795436463,72891,71795509354,256351,335602,119,119,1,cudaLaunchKernel,4372    1    1, 256    1    1,"<unnamed>::step_kernel_boundary_z_faces(const double *, const double *, double *, const double *, const double *, int, int, int, int, int, int, int, double, double)"
71795430680,5463,71795436143,3263,71795439406,3808,12534,123,123,5,cudaLaunchKernel,2198    1    1, 256    1    1,"<unnamed>::unpack_face_y(const double *, double *, int, int, int, int, int)"
71795431041,5294,71795436335,6364031,71801800366,4640,6373965,121,121,3,cudaLaunchKernel,2198    1    1, 256    1    1,"<unnamed>::pack_face_y(const double *, double *, int, int, int, int, int)"
71795431511,7390,71795438901,305778,71795744679,8960,322128,118,118,0,cudaLaunchKernel,2198    1    1, 256    1    1,"<unnamed>::pack_face_x(const double *, double *, int, int, int, int, int)"
71795432229,11001,,,71795442691,3775,14237,122,122,4,cudaLaunchKernel,2198    1    1, 256    1    1,"<unnamed>::unpack_face_y(const double *, double *, int, int, int, int, int)"
71795433413,11216,71795444629,6350389,71801795018,6016,6367621,120,120,2,cudaLaunchKernel,2198    1    1, 256    1    1,"<unnamed>::pack_face_x(const double *, double *, int, int, int, int, int)"
71795435946,9950,71795445896,34291,71795480187,25791,70032,129,129,7,cudaLaunchKernel,4395    1    1, 256    1    1,"<unnamed>::step_kernel_boundary_x_faces(const double *, const double *, double *, const double *, const double *, int, int, int, int, int, int, int, double, double)"
71795436530,7524,71795444054,440,71795444494,41567,49531,123,123,5,cudaLaunchKernel,2198    1    1, 256    1    1,"<unnamed>::unpack_face_z(const double *, double *, int, int, int, int, int)"
71795436737,8555,71795445292,6361058,71801806350,25247,6394860,121,121,3,cudaLaunchKernel,2198    1    1, 256    1    1,"<unnamed>::pack_face_z(const double *, double *, int, int, int, int, int)"
71795439282,10372,71795449654,6340480,71801790134,6304,6357156,118,118,0,cudaLaunchKernel,2198    1    1, 256    1    1,"<unnamed>::pack_face_y(const double *, double *, int, int, int, int, int)"
71795444138,6910,71795451048,2394,71795453442,42240,51544,122,122,4,cudaLaunchKernel,2198    1    1, 256    1    1,"<unnamed>::unpack_face_z(const double *, double *, int, int, int, int, int)"
71795445142,6204,71795451346,36155,71795487501,25856,68215,123,123,5,cudaLaunchKernel,4395    1    1, 256    1    1,"<unnamed>::step_kernel_boundary_x_faces(const double *, const double *, double *, const double *, const double *, int, int, int, int, int, int, int, double, double)"
71795445547,5891,71795451438,6351100,71801802538,4992,6361983,120,120,2,cudaLaunchKernel,2198    1    1, 256    1    1,"<unnamed>::pack_face_y(const double *, double *, int, int, int, int, int)"
71795445755,6557,71795452312,6362612,71801814924,5760,6374929,119,119,1,cudaLaunchKernel,2198    1    1, 256    1    1,"<unnamed>::pack_face_x(const double *, double *, int, int, int, int, int)"
71795446401,5326,71795451727,298133,71795749860,6048490,6351949,121,121,3,cudaLaunchKernel,  24  187  187,  32    4    4,"<unnamed>::step_kernel_interior(const double *, const double *, double *, const double *, const double *, int, int, int, int, int, int, int, double, double)"
71795446734,7148,71795453882,53600,71795507482,24224,84972,129,129,7,cudaLaunchKernel,4383    1    1, 256    1    1,"<unnamed>::step_kernel_boundary_y_faces(const double *, const double *, double *, const double *, const double *, int, int, int, int, int, int, int, double, double)"
71795450566,5267,71795455833,6341981,71801797814,25152,6372400,118,118,0,cudaLaunchKernel,2198    1    1, 256    1    1,"<unnamed>::pack_face_z(const double *, double *, int, int, int, int, int)"
71795451670,6422,71795458092,38870,71795496962,26144,71436,122,122,4,cudaLaunchKernel,4395    1    1, 256    1    1,"<unnamed>::step_kernel_boundary_x_faces(const double *, const double *, double *, const double *, const double *, int, int, int, int, int, int, int, double, double)"
71795451711,3171,71795454882,60203,71795515085,24799,88173,123,123,5,cudaLaunchKernel,4383    1    1, 256    1    1,"<unnamed>::step_kernel_boundary_y_faces(const double *, const double *, double *, const double *, const double *, int, int, int, int, int, int, int, double, double)"
71795451831,6211,71795458042,6350576,71801808618,25152,6381939,120,120,2,cudaLaunchKernel,2198    1    1, 256    1    1,"<unnamed>::pack_face_z(const double *, double *, int, int, int, int, int)"
71795452728,3796,71795456524,6365728,71801822252,4320,6373844,119,119,1,cudaLaunchKernel,2198    1    1, 256    1    1,"<unnamed>::pack_face_y(const double *, double *, int, int, int, int, int)"
71795454248,5352,71795459600,73610,71795533210,256541,335503,129,129,7,cudaLaunchKernel,4372    1    1, 256    1    1,"<unnamed>::step_kernel_boundary_z_faces(const double *, const double *, double *, const double *, const double *, int, int, int, int, int, int, int, double, double)"
71795455270,4312,71795459582,81838,71795541420,255229,341379,123,123,5,cudaLaunchKernel,4372    1    1, 256    1    1,"<unnamed>::step_kernel_boundary_z_faces(const double *, const double *, double *, const double *, const double *, int, int, int, int, int, int, int, double, double)"
71795456527,4495,71795461022,286345,71795747367,6047919,6338759,118,118,0,cudaLaunchKernel,  24  187  187,  32    4    4,"<unnamed>::step_kernel_interior(const double *, const double *, double *, const double *, const double *, int, int, int, int, int, int, int, double, double)"
71795456885,4556,71795461441,6366219,71801827660,25184,6395959,119,119,1,cudaLaunchKernel,2198    1    1, 256    1    1,"<unnamed>::pack_face_z(const double *, double *, int, int, int, int, int)"
71795458470,9676,71795468146,56752,71795524898,24000,90428,122,122,4,cudaLaunchKernel,4383    1    1, 256    1    1,"<unnamed>::step_kernel_boundary_y_faces(const double *, const double *, double *, const double *, const double *, int, int, int, int, int, int, int, double, double)"
71795458735,11423,71795470158,286462,71795756620,6043902,6341787,120,120,2,cudaLaunchKernel,  24  187  187,  32    4    4,"<unnamed>::step_kernel_interior(const double *, const double *, double *, const double *, const double *, int, int, int, int, int, int, int, double, double)"
71795462595,11391,71795473986,293287,71795767273,6054115,6358793,119,119,1,cudaLaunchKernel,  24  187  187,  32    4    4,"<unnamed>::step_kernel_interior(const double *, const double *, double *, const double *, const double *, int, int, int, int, int, int, int, double, double)"
71795469006,10794,71795479800,70858,71795550658,254142,335794,122,122,4,cudaLaunchKernel,4372    1    1, 256    1    1,"<unnamed>::step_kernel_boundary_z_faces(const double *, const double *, double *, const double *, const double *, int, int, int, int, int, int, int, double, double)"
71795469042,10419,71795479461,6363070,71801842531,6271,6379760,123,123,5,cudaLaunchKernel,2198    1    1, 256    1    1,"<unnamed>::pack_face_x(const double *, double *, int, int, int, int, int)"
71795470036,12605,71795482641,6349790,71801832431,6080,6368475,129,129,7,cudaLaunchKernel,2198    1    1, 256    1    1,"<unnamed>::pack_face_x(const double *, double *, int, int, int, int, int)"
71795480511,8421,71795488932,6361406,71801850338,4416,6374243,123,123,5,cudaLaunchKernel,2198    1    1, 256    1    1,"<unnamed>::pack_face_y(const double *, double *, int, int, int, int, int)"
71795483562,5923,71795489485,6350818,71801840303,4448,6361189,129,129,7,cudaLaunchKernel,2198    1    1, 256    1    1,"<unnamed>::pack_face_y(const double *, double *, int, int, int, int, int)"
71795486093,6869,71795492962,6337621,71801830583,6304,6350794,122,122,4,cudaLaunchKernel,2198    1    1, 256    1    1,"<unnamed>::pack_face_x(const double *, double *, int, int, int, int, int)"
71795489520,4316,71795493836,6362006,71801855842,25216,6391538,123,123,5,cudaLaunchKernel,2198    1    1, 256    1    1,"<unnamed>::pack_face_z(const double *, double *, int, int, int, int, int)"
71795489865,11395,71795501260,6344835,71801846095,25280,6381510,129,129,7,cudaLaunchKernel,2198    1    1, 256    1    1,"<unnamed>::pack_face_z(const double *, double *, int, int, int, int, int)"
71795493372,9497,71795502869,6335906,71801838775,4319,6349722,122,122,4,cudaLaunchKernel,2198    1    1, 256    1    1,"<unnamed>::pack_face_y(const double *, double *, int, int, int, int, int)"
71795494585,8244,71795502829,295228,71795798057,6050233,6353705,123,123,5,cudaLaunchKernel,  24  187  187,  32    4    4,"<unnamed>::step_kernel_interior(const double *, const double *, double *, const double *, const double *, int, int, int, int, int, int, int, double, double)"
71795502424,10938,71795513362,277829,71795791191,6046808,6335575,129,129,7,cudaLaunchKernel,  24  187  187,  32    4    4,"<unnamed>::step_kernel_interior(const double *, const double *, double *, const double *, const double *, int, int, int, int, int, int, int, double, double)"
71795503777,15825,71795519602,6324868,71801844470,25184,6365877,122,122,4,cudaLaunchKernel,2198    1    1, 256    1    1,"<unnamed>::pack_face_z(const double *, double *, int, int, int, int, int)"
71795521337,6931,71795528268,278100,71795806368,6029783,6314814,122,122,4,cudaLaunchKernel,  24  187  187,  32    4    4,"<unnamed>::step_kernel_interior(const double *, const double *, double *, const double *, const double *, int, int, int, int, int, int, int, double, double)"
71801922061,6875,71801928936,5120,71801934056,3776,15771,120,120,2,cudaLaunchKernel,2198    1    1, 256    1    1,"<unnamed>::unpack_face_x(const double *, double *, int, int, int, int, int)"
71801929370,10736,71801940106,3966,71801944072,3872,18574,120,120,2,cudaLaunchKernel,2198    1    1, 256    1    1,"<unnamed>::unpack_face_y(const double *, double *, int, int, int, int, int)"
71801939900,22442,,,71801961951,3744,25795,124,124,6,cudaLaunchKernel,2198    1    1, 256    1    1,"<unnamed>::unpack_face_x(const double *, double *, int, int, int, int, int)"
71801940996,22389,71801963385,3855,71801967240,41120,67364,120,120,2,cudaLaunchKernel,2198    1    1, 256    1    1,"<unnamed>::unpack_face_z(const double *, double *, int, int, int, int, int)"
71801954845,11795,71801966640,1092,71801967732,3808,16695,118,118,0,cudaLaunchKernel,2198    1    1, 256    1    1,"<unnamed>::unpack_face_x(const double *, double *, int, int, int, int, int)"
71801963384,5784,71801969168,2735,71801971903,3743,12262,124,124,6,cudaLaunchKernel,2198    1    1, 256    1    1,"<unnamed>::unpack_face_y(const double *, double *, int, int, int, int, int)"
71801963848,7724,71801971572,3927,71801975499,3840,15491,119,119,1,cudaLaunchKernel,2198    1    1, 256    1    1,"<unnamed>::unpack_face_x(const double *, double *, int, int, int, int, int)"
71801964478,6321,71801970799,39033,71802009832,26143,71497,120,120,2,cudaLaunchKernel,4395    1    1, 256    1    1,"<unnamed>::step_kernel_boundary_x_faces(const double *, const double *, double *, const double *, const double *, int, int, int, int, int, int, int, double, double)"
71801967616,11409,71801979025,1059,71801980084,3904,16372,118,118,0,cudaLaunchKernel,2198    1    1, 256    1    1,"<unnamed>::unpack_face_y(const double *, double *, int, int, int, int, int)"
71801969572,3252,71801972824,4294,71801977118,41248,48794,124,124,6,cudaLaunchKernel,2198    1    1, 256    1    1,"<unnamed>::unpack_face_z(const double *, double *, int, int, int, int, int)"
71801971174,10113,71801981287,55872,71802037159,24224,90209,120,120,2,cudaLaunchKernel,4383    1    1, 256    1    1,"<unnamed>::step_kernel_boundary_y_faces(const double *, const double *, double *, const double *, const double *, int, int, int, int, int, int, int, double, double)"
71801972048,10598,71801982646,3189,71801985835,4192,17979,119,119,1,cudaLaunchKernel,2198    1    1, 256    1    1,"<unnamed>::unpack_face_y(const double *, double *, int, int, int, int, int)"
71801976933,5775,71801982708,36906,71802019614,26592,69273,124,124,6,cudaLaunchKernel,4395    1    1, 256    1    1,"<unnamed>::step_kernel_boundary_x_faces(const double *, const double *, double *, const double *, const double *, int, int, int, int, int, int, int, double, double)"
71801979941,10677,71801990618,2010,71801992628,41888,54575,118,118,0,cudaLaunchKernel,2198    1    1, 256    1    1,"<unnamed>::unpack_face_z(const double *, double *, int, int, int, int, int)"
71801980900,12001,71801992901,432,71801993333,3680,16113,122,122,4,cudaLaunchKernel,2198    1    1, 256    1    1,"<unnamed>::unpack_face_x(const double *, double *, int, int, int, int, int)"
71801981190,10022,71801991212,885,71801992097,3808,14715,123,123,5,cudaLaunchKernel,2198    1    1, 256    1    1,"<unnamed>::unpack_face_x(const double *, double *, int, int, int, int, int)"
71801981640,10154,71801991794,3162,71801994956,3712,17028,121,121,3,cudaLaunchKernel,2198    1    1, 256    1    1,"<unnamed>::unpack_face_x(const double *, double *, int, int, int, int, int)"
71801981863,11513,71801993376,1229,71801994605,3584,16326,129,129,7,cudaLaunchKernel,2198    1    1, 256    1    1,"<unnamed>::unpack_face_x(const double *, double *, int, int, int, int, int)"
71801982157,11001,71801993158,69697,71802062855,257789,338487,120,120,2,cudaLaunchKernel,4372    1    1, 256    1    1,"<unnamed>::step_kernel_boundary_z_faces(const double *, const double *, double *, const double *, const double *, int, int, int, int, int, int, int, double, double)"
71801983050,8077,71801991127,56391,71802047518,24511,88979,124,124,6,cudaLaunchKernel,4383    1    1, 256    1    1,"<unnamed>::step_kernel_boundary_y_faces(const double *, const double *, double *, const double *, const double *, int, int, int, int, int, int, int, double, double)"
71801983563,9678,71801993241,3314,71801996555,41344,54336,119,119,1,cudaLaunchKernel,2198    1    1, 256    1    1,"<unnamed>::unpack_face_z(const double *, double *, int, int, int, int, int)"
71801991736,6354,71801998090,37674,71802035764,25376,69404,118,118,0,cudaLaunchKernel,4395    1    1, 256    1    1,"<unnamed>::step_kernel_boundary_x_faces(const double *, const double *, double *, const double *, const double *, int, int, int, int, int, int, int, double, double)"
71801992036,4915,71801996951,76806,71802073757,256606,338327,124,124,6,cudaLaunchKernel,4372    1    1, 256    1    1,"<unnamed>::step_kernel_boundary_z_faces(const double *, const double *, double *, const double *, const double *, int, int, int, int, int, int, int, double, double)"
71801992195,5134,71801997329,3056,71802000385,3904,12094,123,123,5,cudaLaunchKernel,2198    1    1, 256    1    1,"<unnamed>::unpack_face_y(const double *, double *, int, int, int, int, int)"
71801992801,4626,71801997427,5465,71802002892,3872,13963,121,121,3,cudaLaunchKernel,2198    1    1, 256    1    1,"<unnamed>::unpack_face_y(const double *, double *, int, int, int, int, int)"
71801993913,6825,71802000738,2323,71802003061,4096,13244,122,122,4,cudaLaunchKernel,2198    1    1, 256    1    1,"<unnamed>::unpack_face_y(const double *, double *, int, int, int, int, int)"
71801994270,6154,71802000424,39171,71802039595,25856,71181,119,119,1,cudaLaunchKernel,4395    1    1, 256    1    1,"<unnamed>::step_kernel_boundary_x_faces(const double *, const double *, double *, const double *, const double *, int, int, int, int, int, int, int, double, double)"
71801994370,6098,71802000468,3641,71802004109,4032,13771,129,129,7,cudaLaunchKernel,2198    1    1, 256    1    1,"<unnamed>::unpack_face_y(const double *, double *, int, int, int, int, int)"
71801997701,3813,71802001514,4055,71802005569,41695,49563,123,123,5,cudaLaunchKernel,2198    1    1, 256    1    1,"<unnamed>::unpack_face_z(const double *, double *, int, int, int, int, int)"
71801998076,3639,71802001715,6329,71802008044,41247,51215,121,121,3,cudaLaunchKernel,2198    1    1, 256    1    1,"<unnamed>::unpack_face_z(const double *, double *, int, int, int, int, int)"
71801998466,4386,71802002852,59568,71802062420,24480,88434,118,118,0,cudaLaunchKernel,4383    1    1, 256    1    1,"<unnamed>::step_kernel_boundary_y_faces(const double *, const double *, double *, const double *, const double *, int, int, int, int, int, int, int, double, double)"
71802000431,5902,71802006333,6358757,71808365090,6368,6371027,120,120,2,cudaLaunchKernel,2198    1    1, 256    1    1,"<unnamed>::pack_face_x(const double *, double *, int, int, int, int, int)"
71802000771,4908,71802005679,61564,71802067243,25120,91592,119,119,1,cudaLaunchKernel,4383    1    1, 256    1    1,"<unnamed>::step_kernel_boundary_y_faces(const double *, const double *, double *, const double *, const double *, int, int, int, int, int, int, int, double, double)"
71802000927,5814,71802006741,3640,71802010381,41920,51374,129,129,7,cudaLaunchKernel,2198    1    1, 256    1    1,"<unnamed>::unpack_face_z(const double *, double *, int, int, int, int, int)"
71802001112,5600,71802006712,3613,71802010325,41952,51165,122,122,4,cudaLaunchKernel,2198    1    1, 256    1    1,"<unnamed>::unpack_face_z(const double *, double *, int, int, int, int, int)"
71802002328,3755,71802006083,43453,71802049536,26016,73224,123,123,5,cudaLaunchKernel,4395    1    1, 256    1    1,"<unnamed>::step_kernel_boundary_x_faces(const double *, const double *, double *, const double *, const double *, int, int, int, int, int, int, int, double, double)"
71802002359,3318,71802005677,46430,71802052107,26016,75764,121,121,3,cudaLaunchKernel,4395    1    1, 256    1    1,"<unnamed>::step_kernel_boundary_x_faces(const double *, const double *, double *, const double *, const double *, int, int, int, int, int, int, int, double, double)"
71802003270,5255,71802008525,79942,71802088467,256158,341355,118,118,0,cudaLaunchKernel,4372    1    1, 256    1    1,"<unnamed>::step_kernel_boundary_z_faces(const double *, const double *, double *, const double *, const double *, int, int, int, int, int, int, int, double, double)"
71802003297,3847,71802007144,324691,71802331835,8991,337529,124,124,6,cudaLaunchKernel,2198    1    1, 256    1    1,"<unnamed>::pack_face_x(const double *, double *, int, int, int, int, int)"
71802006068,3622,71802009690,84241,71802093931,258494,346357,119,119,1,cudaLaunchKernel,4372    1    1, 256    1    1,"<unnamed>::step_kernel_boundary_z_faces(const double *, const double *, double *, const double *, const double *, int, int, int, int, int, int, int, double, double)"
71802006081,3644,71802009725,70126,71802079851,24352,98122,121,121,3,cudaLaunchKernel,4383    1    1, 256    1    1,"<unnamed>::step_kernel_boundary_y_faces(const double *, const double *, double *, const double *, const double *, int, int, int, int, int, int, int, double, double)"
71802006652,4183,71802010835,66189,71802077024,24287,94659,123,123,5,cudaLaunchKernel,4383    1    1, 256    1    1,"<unnamed>::step_kernel_boundary_y_faces(const double *, const double *, double *, const double *, const double *, int, int, int, int, int, int, int, double, double)"
71802006891,5065,71802011956,6361166,71808373122,4768,6370999,120,120,2,cudaLaunchKernel,2198    1    1, 256    1    1,"<unnamed>::pack_face_y(const double *, double *, int, int, int, int, int)"
71802007361,4151,71802011512,42525,71802054037,25536,72212,122,122,4,cudaLaunchKernel,4395    1    1, 256    1    1,"<unnamed>::step_kernel_boundary_x_faces(const double *, const double *, double *, const double *, const double *, int, int, int, int, int, int, int, double, double)"
71802007480,10825,71802018305,35564,71802053869,25791,72180,129,129,7,cudaLaunchKernel,4395    1    1, 256    1    1,"<unnamed>::step_kernel_boundary_x_faces(const double *, const double *, double *, const double *, const double *, int, int, int, int, int, int, int, double, double)"
71802007580,3704,71802011284,6365188,71808376472,6688,6375580,124,124,6,cudaLaunchKernel,2198    1    1, 256    1    1,"<unnamed>::pack_face_y(const double *, double *, int, int, int, int, int)"
71802010112,7926,71802018038,87925,71802105963,255198,351049,121,121,3,cudaLaunchKernel,4372    1    1, 256    1    1,"<unnamed>::step_kernel_boundary_z_faces(const double *, const double *, double *, const double *, const double *, int, int, int, int, int, int, int, double, double)"
71802011218,8290,71802019508,83755,71802103263,256125,348170,123,123,5,cudaLaunchKernel,4372    1    1, 256    1    1,"<unnamed>::step_kernel_boundary_z_faces(const double *, const double *, double *, const double *, const double *, int, int, int, int, int, int, int, double, double)"
71802011690,7655,71802019345,6365095,71808384440,24416,6397166,124,124,6,cudaLaunchKernel,2198    1    1, 256    1    1,"<unnamed>::pack_face_z(const double *, double *, int, int, int, int, int)"
71802011889,10494,71802022383,58950,71802081333,25376,94820,122,122,4,cudaLaunchKernel,4383    1    1, 256    1    1,"<unnamed>::step_kernel_boundary_y_faces(const double *, const double *, double *, const double *, const double *, int, int, int, int, int, int, int, double, double)"
71802012428,8862,71802021290,6357688,71808378978,25248,6391798,120,120,2,cudaLaunchKernel,2198    1    1, 256    1    1,"<unnamed>::pack_face_z(const double *, double *, int, int, int, int, int)"
71802018817,7102,71802025919,320402,71802346321,9184,336688,118,118,0,cudaLaunchKernel,2198    1    1, 256    1    1,"<unnamed>::pack_face_x(const double *, double *, int, int, int, int, int)"
71802019169,8795,71802027964,52880,71802080844,24960,86635,129,129,7,cudaLaunchKernel,4383    1    1, 256    1    1,"<unnamed>::step_kernel_boundary_y_faces(const double *, const double *, double *, const double *, const double *, int, int, int, int, int, int, int, double, double)"
71802020472,5478,71802025950,308829,71802334779,6047293,6361600,124,124,6,cudaLaunchKernel,  24  187  187,  32    4    4,"<unnamed>::step_kernel_interior(const double *, const double *, double *, const double *, const double *, int, int, int, int, int, int, int, double, double)"
71802020505,7308,71802027813,6372679,71808400492,7360,6387347,119,119,1,cudaLaunchKernel,2198    1    1, 256    1    1,"<unnamed>::pack_face_x(const double *, double *, int, int, int, int, int)"
71802022388,6031,71802028419,293889,71802322308,6048638,6348558,120,120,2,cudaLaunchKernel,  24  187  187,  32    4    4,"<unnamed>::step_kernel_interior(const double *, const double *, double *, const double *, const double *, int, int, int, int, int, int, int, double, double)"
71802023245,5786,71802029031,79438,71802108469,253982,339206,122,122,4,cudaLaunchKernel,4372    1    1, 256    1    1,"<unnamed>::step_kernel_boundary_z_faces(const double *, const double *, double *, const double *, const double *, int, int, int, int, int, int, int, double, double)"
71802025333,5590,71802030923,6379592,71808410515,6016,6391198,121,121,3,cudaLaunchKernel,2198    1    1, 256    1    1,"<unnamed>::pack_face_x(const double *, double *, int, int, int, int, int)"
71802026343,5071,71802031414,6360139,71808391553,6688,6371898,118,118,0,cudaLaunchKernel,2198    1    1, 256    1    1,"<unnamed>::pack_face_y(const double *, double *, int, int, int, int, int)"
71802026725,5467,71802032192,6377398,71808409590,6623,6389488,123,123,5,cudaLaunchKernel,2198    1    1, 256    1    1,"<unnamed>::pack_face_x(const double *, double *, int, int, int, int, int)"
71802028355,4600,71802032955,74609,71802107564,255741,334950,129,129,7,cudaLaunchKernel,4372    1    1, 256    1    1,"<unnamed>::step_kernel_boundary_z_faces(const double *, const double *, double *, const double *, const double *, int, int, int, int, int, int, int, double, double)"
71802028433,4386,71802032819,6376409,71808409228,4352,6385147,119,119,1,cudaLaunchKernel,2198    1    1, 256    1    1,"<unnamed>::pack_face_y(const double *, double *, int, int, int, int, int)"
71802031354,3634,71802034988,6383335,71808418323,4384,6391353,121,121,3,cudaLaunchKernel,2198    1    1, 256    1    1,"<unnamed>::pack_face_y(const double *, double *, int, int, int, int, int)"
71802031771,4132,71802035903,6363714,71808399617,24863,6392709,118,118,0,cudaLaunchKernel,2198    1    1, 256    1    1,"<unnamed>::pack_face_z(const double *, double *, int, int, int, int, int)"
71802032582,3590,71802036172,6381641,71808417813,4416,6389647,123,123,5,cudaLaunchKernel,2198    1    1, 256    1    1,"<unnamed>::pack_face_y(const double *, double *, int, int, int, int, int)"
71802033325,3951,71802037276,6377328,71808414604,24928,6406207,119,119,1,cudaLaunchKernel,2198    1    1, 256    1    1,"<unnamed>::pack_face_z(const double *, double *, int, int, int, int, int)"
71802035100,5371,71802040471,323740,71802364211,9024,338135,122,122,4,cudaLaunchKernel,2198    1    1, 256    1    1,"<unnamed>::pack_face_x(const double *, double *, int, int, int, int, int)"
71802035354,3351,71802038705,6385313,71808424018,25344,6414008,121,121,3,cudaLaunchKernel,2198    1    1, 256    1    1,"<unnamed>::pack_face_z(const double *, double *, int, int, int, int, int)"
71802036516,3278,71802039794,6383779,71808423573,25824,6412881,123,123,5,cudaLaunchKernel,2198    1    1, 256    1    1,"<unnamed>::pack_face_z(const double *, double *, int, int, int, int, int)"
71802036587,6305,71802042892,306309,71802349201,6048528,6361142,118,118,0,cudaLaunchKernel,  24  187  187,  32    4    4,"<unnamed>::step_kernel_interior(const double *, const double *, double *, const double *, const double *, int, int, int, int, int, int, int, double, double)"
71802037948,4636,71802042584,311281,71802353865,6053475,6369392,119,119,1,cudaLaunchKernel,  24  187  187,  32    4    4,"<unnamed>::step_kernel_interior(const double *, const double *, double *, const double *, const double *, int, int, int, int, int, int, int, double, double)"
71802039145,6937,71802046082,318759,71802364841,9568,335264,129,129,7,cudaLaunchKernel,2198    1    1, 256    1    1,"<unnamed>::pack_face_x(const double *, double *, int, int, int, int, int)"
71802039236,3992,71802043228,319437,71802362665,6053386,6376815,121,121,3,cudaLaunchKernel,  24  187  187,  32    4    4,"<unnamed>::step_kernel_interior(const double *, const double *, double *, const double *, const double *, int, int, int, int, int, int, int, double, double)"
71802040312,4501,71802044813,315983,71802360796,6054905,6375389,123,123,5,cudaLaunchKernel,  24  187  187,  32    4    4,"<unnamed>::step_kernel_interior(const double *, const double *, double *, const double *, const double *, int, int, int, int, int, int, int, double, double)"
71802040890,4904,71802045794,6351815,71808397609,7616,6364335,122,122,4,cudaLaunchKernel,2198    1    1, 256    1    1,"<unnamed>::pack_face_y(const double *, double *, int, int, int, int, int)"
71802046148,5060,71802051208,6355393,71808406601,24384,6384837,122,122,4,cudaLaunchKernel,2198    1    1, 256    1    1,"<unnamed>::pack_face_z(const double *, double *, int, int, int, int, int)"
71802046440,4342,71802050782,6357283,71808408065,7232,6368857,129,129,7,cudaLaunchKernel,2198    1    1, 256    1    1,"<unnamed>::pack_face_y(const double *, double *, int, int, int, int, int)"
71802051153,10160,71802061313,6355424,71808416737,24224,6389808,129,129,7,cudaLaunchKernel,2198    1    1, 256    1    1,"<unnamed>::pack_face_z(const double *, double *, int, int, int, int, int)"
71802051740,10896,71802062636,304455,71802367091,6035894,6351245,122,122,4,cudaLaunchKernel,  24  187  187,  32    4    4,"<unnamed>::step_kernel_interior(const double *, const double *, double *, const double *, const double *, int, int, int, int, int, int, int, double, double)"
71802062429,12318,71802074747,293006,71802367753,6047032,6352356,129,129,7,cudaLaunchKernel,  24  187  187,  32    4    4,"<unnamed>::step_kernel_interior(const double *, const double *, double *, const double *, const double *, int, int, int, int, int, int, int, double, double)"
71808513647,10481,71808524128,1751,71808525879,3840,16072,124,124,6,cudaLaunchKernel,2198    1    1, 256    1    1,"<unnamed>::unpack_face_x(const double *, double *, int, int, int, int, int)"
71808520307,9317,71808529624,5064,71808534688,3808,18189,120,120,2,cudaLaunchKernel,2198    1    1, 256    1    1,"<unnamed>::unpack_face_x(const double *, double *, int, int, int, int, int)"
71808525079,3033,71808528112,3911,71808532023,3968,10912,124,124,6,cudaLaunchKernel,2198    1    1, 256    1    1,"<unnamed>::unpack_face_y(const double *, double *, int, int, int, int, int)"
71808528472,9317,71808537789,1529,71808539318,43104,53950,124,124,6,cudaLaunchKernel,2198    1    1, 256    1    1,"<unnamed>::unpack_face_z(const double *, double *, int, int, int, int, int)"
71808530072,10415,71808540487,4057,71808544544,3968,18440,120,120,2,cudaLaunchKernel,2198    1    1, 256    1    1,"<unnamed>::unpack_face_y(const double *, double *, int, int, int, int, int)"
71808530798,12202,71808543000,1351,71808544351,4000,17553,118,118,0,cudaLaunchKernel,2198    1    1, 256    1    1,"<unnamed>::unpack_face_x(const double *, double *, int, int, int, int, int)"
71808538913,4598,71808543511,40287,71808583798,25856,70741,124,124,6,cudaLaunchKernel,4395    1    1, 256    1    1,"<unnamed>::step_kernel_boundary_x_faces(const double *, const double *, double *, const double *, const double *, int, int, int, int, int, int, int, double, double)"
71808541384,10338,71808551722,5110,71808556832,41536,56984,120,120,2,cudaLaunchKernel,2198    1    1, 256    1    1,"<unnamed>::unpack_face_z(const double *, double *, int, int, int, int, int)"
71808543915,8142,71808552057,58749,71808610806,24223,91114,124,124,6,cudaLaunchKernel,4383    1    1, 256    1    1,"<unnamed>::step_kernel_boundary_y_faces(const double *, const double *, double *, const double *, const double *, int, int, int, int, int, int, int, double, double)"
71808543952,9887,71808553839,1168,71808555007,3904,14959,118,118,0,cudaLaunchKernel,2198    1    1, 256    1    1,"<unnamed>::unpack_face_y(const double *, double *, int, int, int, int, int)"
71808552813,7215,71808560028,40100,71808600128,25823,73138,120,120,2,cudaLaunchKernel,4395    1    1, 256    1    1,"<unnamed>::step_kernel_boundary_x_faces(const double *, const double *, double *, const double *, const double *, int, int, int, int, int, int, int, double, double)"
71808552942,4774,71808557716,78817,71808636533,255806,339397,124,124,6,cudaLaunchKernel,4372    1    1, 256    1    1,"<unnamed>::step_kernel_boundary_z_faces(const double *, const double *, double *, const double *, const double *, int, int, int, int, int, int, int, double, double)"
71808554802,6086,71808560888,3655,71808564543,41056,50797,118,118,0,cudaLaunchKernel,2198    1    1, 256    1    1,"<unnamed>::unpack_face_z(const double *, double *, int, int, int, int, int)"
71808555771,6857,71808562628,4039,71808566667,3904,14800,119,119,1,cudaLaunchKernel,2198    1    1, 256    1    1,"<unnamed>::unpack_face_x(const double *, double *, int, int, int, int, int)"
71808555909,6414,71808562323,4094,71808566417,3744,14252,121,121,3,cudaLaunchKernel,2198    1    1, 256    1    1,"<unnamed>::unpack_face_x(const double *, double *, int, int, int, int, int)"
71808559962,12686,,,71808570687,3840,14565,129,129,7,cudaLaunchKernel,2198    1    1, 256    1    1,"<unnamed>::unpack_face_x(const double *, double *, int, int, int, int, int)"
71808560515,5114,71808565629,61762,71808627391,24960,91836,120,120,2,cudaLaunchKernel,4383    1    1, 256    1    1,"<unnamed>::step_kernel_boundary_y_faces(const double *, const double *, double *, const double *, const double *, int, int, int, int, int, int, int, double, double)"
71808561579,4981,71808566560,40415,71808606975,27200,72596,118,118,0,cudaLaunchKernel,4395    1    1, 256    1    1,"<unnamed>::step_kernel_boundary_x_faces(const double *, const double *, double *, const double *, const double *, int, int, int, int, int, int, int, double, double)"
71808562679,2931,71808565610,5927,71808571537,3872,12730,121,121,3,cudaLaunchKernel,2198    1    1, 256    1    1,"<unnamed>::unpack_face_y(const double *, double *, int, int, int, int, int)"
71808563024,3789,71808566813,5806,71808572619,3936,13531,119,119,1,cudaLaunchKernel,2198    1    1, 256    1    1,"<unnamed>::unpack_face_y(const double *, double *, int, int, int, int, int)"
71808563972,10740,71808574712,700,71808575412,3968,15408,123,123,5,cudaLaunchKernel,2198    1    1, 256    1    1,"<unnamed>::unpack_face_x(const double *, double *, int, int, int, int, int)"
71808564115,12931,71808577046,1106,71808578152,3776,17813,122,122,4,cudaLaunchKernel,2198    1    1, 256    1    1,"<unnamed>::unpack_face_x(const double *, double *, int, int, int, int, int)"
71808566069,8648,71808574717,3124,71808577841,41696,53468,121,121,3,cudaLaunchKernel,2198    1    1, 256    1    1,"<unnamed>::unpack_face_z(const double *, double *, int, int, int, int, int)"
71808566154,9609,71808575763,78060,71808653823,255293,342962,120,120,2,cudaLaunchKernel,4372    1    1, 256    1    1,"<unnamed>::step_kernel_boundary_z_faces(const double *, const double *, double *, const double *, const double *, int, int, int, int, int, int, int, double, double)"
71808566960,9224,71808576184,59495,71808635679,24704,93423,118,118,0,cudaLaunchKernel,4383    1    1, 256    1    1,"<unnamed>::step_kernel_boundary_y_faces(const double *, const double *, double *, const double *, const double *, int, int, int, int, int, int, int, double, double)"
71808567210,9685,71808576895,3436,71808580331,41440,54561,119,119,1,cudaLaunchKernel,2198    1    1, 256    1    1,"<unnamed>::unpack_face_z(const double *, double *, int, int, int, int, int)"
71808573560,7489,71808581049,2310,71808583359,4096,13895,129,129,7,cudaLaunchKernel,2198    1    1, 256    1    1,"<unnamed>::unpack_face_y(const double *, double *, int, int, int, int, int)"
71808575658,4433,71808580091,2968,71808583059,4064,11465,123,123,5,cudaLaunchKernel,2198    1    1, 256    1    1,"<unnamed>::unpack_face_y(const double *, double *, int, int, int, int, int)"
71808575815,4761,71808580576,40721,71808621297,25952,71434,121,121,3,cudaLaunchKernel,4395    1    1, 256    1    1,"<unnamed>::step_kernel_boundary_x_faces(const double *, const double *, double *, const double *, const double *, int, int, int, int, int, int, int, double, double)"
71808577093,5566,71808582659,79356,71808662015,258077,342999,118,118,0,cudaLaunchKernel,4372    1    1, 256    1    1,"<unnamed>::step_kernel_boundary_z_faces(const double *, const double *, double *, const double *, const double *, int, int, int, int, int, int, int, double, double)"
71808577995,5934,71808583929,3599,71808587528,3936,13469,122,122,4,cudaLaunchKernel,2198    1    1, 256    1    1,"<unnamed>::unpack_face_y(const double *, double *, int, int, int, int, int)"
71808578036,4893,71808582929,40410,71808623339,25824,71127,119,119,1,cudaLaunchKernel,4395    1    1, 256    1    1,"<unnamed>::step_kernel_boundary_x_faces(const double *, const double *, double *, const double *, const double *, int, int, int, int, int, int, int, double, double)"
71808580456,4402,71808584858,3673,71808588531,41792,49867,123,123,5,cudaLaunchKernel,2198    1    1, 256    1    1,"<unnamed>::unpack_face_z(const double *, double *, int, int, int, int, int)"
71808581349,6616,71808587965,60851,71808648816,25152,92619,121,121,3,cudaLaunchKernel,4383    1    1, 256    1    1,"<unnamed>::step_kernel_boundary_y_faces(const double *, const double *, double *, const double *, const double *, int, int, int, int, int, int, int, double, double)"
71808581436,9753,71808591189,586,71808591775,41951,52290,129,129,7,cudaLaunchKernel,2198    1    1, 256    1    1,"<unnamed>::unpack_face_z(const double *, double *, int, int, int, int, int)"
71808583279,3510,71808586789,63846,71808650635,24128,91484,119,119,1,cudaLaunchKernel,4383    1    1, 256    1    1,"<unnamed>::step_kernel_boundary_y_faces(const double *, const double *, double *, const double *, const double *, int, int, int, int, int, int, int, double, double)"
71808584295,9664,71808593959,1633,71808595592,41792,53089,122,122,4,cudaLaunchKernel,2198    1    1, 256    1    1,"<unnamed>::unpack_face_z(const double *, double *, int, int, int, int, int)"
71808585856,9042,71808594898,37185,71808632083,26112,72339,123,123,5,cudaLaunchKernel,4395    1    1, 256    1    1,"<unnamed>::step_kernel_boundary_x_faces(const double *, const double *, double *, const double *, const double *, int, int, int, int, int, int, int, double, double)"
71808587165,8178,71808595343,80988,71808676331,255134,344300,119,119,1,cudaLaunchKernel,4372    1    1, 256    1    1,"<unnamed>::step_kernel_boundary_z_faces(const double *, const double *, double *, const double *, const double *, int, int, int, int, int, int, int, double, double)"
71808588318,9819,71808598137,77399,71808675536,257534,344752,121,121,3,cudaLaunchKernel,4372    1    1, 256    1    1,"<unnamed>::step_kernel_boundary_z_faces(const double *, const double *, double *, const double *, const double *, int, int, int, int, int, int, int, double, double)"
71808592835,6957,71808599792,35246,71808635038,25856,68059,129,129,7,cudaLaunchKernel,4395    1    1, 256    1    1,"<unnamed>::step_kernel_boundary_x_faces(const double *, const double *, double *, const double *, const double *, int, int, int, int, int, int, int, double, double)"
71808595083,5507,71808600590,38298,71808638888,26400,70205,122,122,4,cudaLaunchKernel,4395    1    1, 256    1    1,"<unnamed>::step_kernel_boundary_x_faces(const double *, const double *, double *, const double *, const double *, int, int, int, int, int, int, int, double, double)"
71808595973,5866,71808601839,58084,71808659923,24159,88109,123,123,5,cudaLaunchKernel,4383    1    1, 256    1    1,"<unnamed>::step_kernel_boundary_y_faces(const double *, const double *, double *, const double *, const double *, int, int, int, int, int, int, int, double, double)"
71808600149,5382,71808605531,57091,71808662622,24640,87113,129,129,7,cudaLaunchKernel,4383    1    1, 256    1    1,"<unnamed>::step_kernel_boundary_y_faces(const double *, const double *, double *, const double *, const double *, int, int, int, int, int, int, int, double, double)"
71808600977,5075,71808606052,60644,71808666696,24447,90166,122,122,4,cudaLaunchKernel,4383    1    1, 256    1    1,"<unnamed>::step_kernel_boundary_y_faces(const double *, const double *, double *, const double *, const double *, int, int, int, int, int, int, int, double, double)"
71808602269,4307,71808606576,79266,71808685842,257117,340690,123,123,5,cudaLaunchKernel,4372    1    1, 256    1    1,"<unnamed>::step_kernel_boundary_z_faces(const double *, const double *, double *, const double *, const double *, int, int, int, int, int, int, int, double, double)"
71808606423,10156,71808616579,76356,71808692935,258175,344687,122,122,4,cudaLaunchKernel,4372    1    1, 256    1    1,"<unnamed>::step_kernel_boundary_z_faces(const double *, const double *, double *, const double *, const double *, int, int, int, int, int, int, int, double, double)"
71808606552,11804,71808618356,70250,71808688606,256573,338627,129,129,7,cudaLaunchKernel,4372    1    1, 256    1    1,"<unnamed>::step_kernel_boundary_z_faces(const double *, const double *, double *, const double *, const double *, int, int, int, int, int, int, int, double, double)"
