API Start (ns),API Dur (ns),Queue Start (ns),Queue Dur (ns),Kernel Start (ns),Kernel Dur (ns),Total Dur (ns),PID,TID,DevId,API Function,GridXYZ,BlockXYZ,Kernel Name
7668952882,223092,,,7669171026,896,223092,123,123,6,cudaLaunchKernel,   1    1    1,   1    1    1,<unnamed>::warmup_kernel(double *)
7669487641,39627,7669527268,1258,7669528526,2112,42997,123,123,6,cudaLaunchKernel, 256    1    1, 256    1    1,"<unnamed>::pack_face_x(const double *, double *, int, int, int, int, int)"
7669533160,22994,7669556154,5652,7669561806,2272,30918,123,123,6,cudaLaunchKernel, 256    1    1, 256    1    1,"<unnamed>::pack_face_y(const double *, double *, int, int, int, int, int)"
7669561803,19798,7669581601,1805,7669583406,4032,25635,123,123,6,cudaLaunchKernel, 256    1    1, 256    1    1,"<unnamed>::pack_face_z(const double *, double *, int, int, int, int, int)"
7700126450,192014,,,7700317173,896,192014,120,120,3,cudaLaunchKernel,   1    1    1,   1    1    1,<unnamed>::warmup_kernel(double *)
7700588359,33653,7700622012,1398,7700623410,1856,36907,120,120,3,cudaLaunchKernel, 256    1    1, 256    1    1,"<unnamed>::pack_face_x(const double *, double *, int, int, int, int, int)"
7700624046,23423,7700647469,1509,7700648978,2432,27364,120,120,3,cudaLaunchKernel, 256    1    1, 256    1    1,"<unnamed>::pack_face_y(const double *, double *, int, int, int, int, int)"
7700649300,28361,7700677661,2005,7700679666,4064,34430,120,120,3,cudaLaunchKernel, 256    1    1, 256    1    1,"<unnamed>::pack_face_z(const double *, double *, int, int, int, int, int)"
7701180093,209137,,,7701386348,928,209137,118,118,1,cudaLaunchKernel,   1    1    1,   1    1    1,<unnamed>::warmup_kernel(double *)
7701648541,44020,,,7701691051,1920,44430,118,118,1,cudaLaunchKernel, 256    1    1, 256    1    1,"<unnamed>::pack_face_x(const double *, double *, int, int, int, int, int)"
7701695124,28628,,,7701721962,2336,29174,118,118,1,cudaLaunchKernel, 256    1    1, 256    1    1,"<unnamed>::pack_face_y(const double *, double *, int, int, int, int, int)"
7701725661,23202,7701748863,171,7701749034,3968,27341,118,118,1,cudaLaunchKernel, 256    1    1, 256    1    1,"<unnamed>::pack_face_z(const double *, double *, int, int, int, int, int)"
7721799913,246190,,,7722041880,896,246190,117,117,0,cudaLaunchKernel,   1    1    1,   1    1    1,<unnamed>::warmup_kernel(double *)
7722357765,44040,,,7722400694,2112,45041,117,117,0,cudaLaunchKernel, 256    1    1, 256    1    1,"<unnamed>::pack_face_x(const double *, double *, int, int, int, int, int)"
7722404469,32900,7722437369,2428,7722439797,2368,37696,117,117,0,cudaLaunchKernel, 256    1    1, 256    1    1,"<unnamed>::pack_face_y(const double *, double *, int, int, int, int, int)"
7722439814,23004,7722462818,1747,7722464565,4128,28879,117,117,0,cudaLaunchKernel, 256    1    1, 256    1    1,"<unnamed>::pack_face_z(const double *, double *, int, int, int, int, int)"
7729212536,242897,,,7729452429,864,242897,133,133,7,cudaLaunchKernel,   1    1    1,   1    1    1,<unnamed>::warmup_kernel(double *)
7729730228,40820,,,7729769897,1920,41589,133,133,7,cudaLaunchKernel, 256    1    1, 256    1    1,"<unnamed>::pack_face_x(const double *, double *, int, int, int, int, int)"
7729773903,32230,7729806133,180,7729806313,2399,34809,133,133,7,cudaLaunchKernel, 256    1    1, 256    1    1,"<unnamed>::pack_face_y(const double *, double *, int, int, int, int, int)"
7729807953,26059,7729834012,2092,7729836104,3936,32087,133,133,7,cudaLaunchKernel, 256    1    1, 256    1    1,"<unnamed>::pack_face_z(const double *, double *, int, int, int, int, int)"
7730962322,207192,,,7731162929,864,207192,121,121,4,cudaLaunchKernel,   1    1    1,   1    1    1,<unnamed>::warmup_kernel(double *)
7731442570,42762,7731485332,890,7731486222,1984,45636,121,121,4,cudaLaunchKernel, 256    1    1, 256    1    1,"<unnamed>::pack_face_x(const double *, double *, int, int, int, int, int)"
7731491369,33329,7731524698,20,7731524718,2240,35589,121,121,4,cudaLaunchKernel, 256    1    1, 256    1    1,"<unnamed>::pack_face_y(const double *, double *, int, int, int, int, int)"
7731526572,28267,7731554839,2327,7731557166,3904,34498,121,121,4,cudaLaunchKernel, 256    1    1, 256    1    1,"<unnamed>::pack_face_z(const double *, double *, int, int, int, int, int)"
7822192774,301940,,,7822490295,896,301940,119,119,2,cudaLaunchKernel,   1    1    1,   1    1    1,<unnamed>::warmup_kernel(double *)
7822592780,290267,,,7822881867,864,290267,122,122,5,cudaLaunchKernel,   1    1    1,   1    1    1,<unnamed>::warmup_kernel(double *)
7822879701,73977,7822953678,67,7822953745,2112,76156,119,119,2,cudaLaunchKernel, 256    1    1, 256    1    1,"<unnamed>::pack_face_x(const double *, double *, int, int, int, int, int)"
7822957432,38014,,,7822994896,2464,39928,119,119,2,cudaLaunchKernel, 256    1    1, 256    1    1,"<unnamed>::pack_face_y(const double *, double *, int, int, int, int, int)"
7823004025,39231,,,7823042384,4192,42551,119,119,2,cudaLaunchKernel, 256    1    1, 256    1    1,"<unnamed>::pack_face_z(const double *, double *, int, int, int, int, int)"
7823231419,61435,,,7823289254,1984,61435,122,122,5,cudaLaunchKernel, 256    1    1, 256    1    1,"<unnamed>::pack_face_x(const double *, double *, int, int, int, int, int)"
7823295924,36274,,,7823331942,2368,38386,122,122,5,cudaLaunchKernel, 256    1    1, 256    1    1,"<unnamed>::pack_face_y(const double *, double *, int, int, int, int, int)"
7823335093,41729,,,7823373765,4192,42864,122,122,5,cudaLaunchKernel, 256    1    1, 256    1    1,"<unnamed>::pack_face_z(const double *, double *, int, int, int, int, int)"
7849765892,58187,,,7849820542,1568,58187,123,123,6,cudaLaunchKernel, 256    1    1, 256    1    1,"<unnamed>::unpack_face_x(const double *, double *, int, int, int, int, int)"
7849789122,63182,,,7849851414,1536,63828,120,120,3,cudaLaunchKernel, 256    1    1, 256    1    1,"<unnamed>::unpack_face_x(const double *, double *, int, int, int, int, int)"
7849798414,78600,,,7849873393,1536,78600,117,117,0,cudaLaunchKernel, 256    1    1, 256    1    1,"<unnamed>::unpack_face_x(const double *, double *, int, int, int, int, int)"
7849823967,88690,,,7849910714,1536,88690,119,119,2,cudaLaunchKernel, 256    1    1, 256    1    1,"<unnamed>::unpack_face_x(const double *, double *, int, int, int, int, int)"
7849827012,28036,7849855048,1430,7849856478,1440,30906,123,123,6,cudaLaunchKernel, 256    1    1, 256    1    1,"<unnamed>::unpack_face_y(const double *, double *, int, int, int, int, int)"
7849855075,27777,7849882852,1586,7849884438,1440,30803,120,120,3,cudaLaunchKernel, 256    1    1, 256    1    1,"<unnamed>::unpack_face_y(const double *, double *, int, int, int, int, int)"
7849860643,19845,7849880488,1142,7849881630,2080,23067,123,123,6,cudaLaunchKernel, 256    1    1, 256    1    1,"<unnamed>::unpack_face_z(const double *, double *, int, int, int, int, int)"
7849880414,35488,7849915902,1075,7849916977,1440,38003,117,117,0,cudaLaunchKernel, 256    1    1, 256    1    1,"<unnamed>::unpack_face_y(const double *, double *, int, int, int, int, int)"
7849884969,35198,,,7849918197,2048,35276,120,120,3,cudaLaunchKernel, 256    1    1, 256    1    1,"<unnamed>::unpack_face_z(const double *, double *, int, int, int, int, int)"
7849916865,48734,7849965599,91,7849965690,1439,50264,119,119,2,cudaLaunchKernel, 256    1    1, 256    1    1,"<unnamed>::unpack_face_y(const double *, double *, int, int, int, int, int)"
7849918208,33105,7849951313,383,7849951696,2048,35536,117,117,0,cudaLaunchKernel, 256    1    1, 256    1    1,"<unnamed>::unpack_face_z(const double *, double *, int, int, int, int, int)"
7849974276,43777,,,7850014937,2048,43777,119,119,2,cudaLaunchKernel, 256    1    1, 256    1    1,"<unnamed>::unpack_face_z(const double *, double *, int, int, int, int, int)"
7850020843,26115,7850046958,1358,7850048316,1440,28913,123,123,6,cudaLaunchKernel,   1    2    2,  32    4    4,"<unnamed>::step_kernel_interior(const double *, const double *, double *, const double *, const double *, int, int, int, int, int, int, int, double, double)"
7850049394,25771,7850075165,766,7850075931,1408,27945,123,123,6,cudaLaunchKernel,   1    1    1, 256    1    1,"<unnamed>::step_kernel_boundary_x_faces(const double *, const double *, double *, const double *, const double *, int, int, int, int, int, int, int, double, double)"
7850061478,27429,7850088907,713,7850089620,1472,29614,120,120,3,cudaLaunchKernel,   1    2    2,  32    4    4,"<unnamed>::step_kernel_interior(const double *, const double *, double *, const double *, const double *, int, int, int, int, int, int, int, double, double)"
7850077128,33552,,,7850109627,1408,33907,123,123,6,cudaLaunchKernel,   1    1    1, 256    1    1,"<unnamed>::step_kernel_boundary_y_faces(const double *, const double *, double *, const double *, const double *, int, int, int, int, int, int, int, double, double)"
7850091392,26189,7850117581,1478,7850119059,1408,29075,120,120,3,cudaLaunchKernel,   1    1    1, 256    1    1,"<unnamed>::step_kernel_boundary_x_faces(const double *, const double *, double *, const double *, const double *, int, int, int, int, int, int, int, double, double)"
7850112099,34993,7850147092,635,7850147727,1472,37100,117,117,0,cudaLaunchKernel,   1    2    2,  32    4    4,"<unnamed>::step_kernel_interior(const double *, const double *, double *, const double *, const double *, int, int, int, int, int, int, int, double, double)"
7850113179,26194,7850139373,1134,7850140507,1408,28736,123,123,6,cudaLaunchKernel,   1    1    1, 256    1    1,"<unnamed>::step_kernel_boundary_z_faces(const double *, const double *, double *, const double *, const double *, int, int, int, int, int, int, int, double, double)"
7850122889,26199,7850149088,1267,7850150355,1440,28906,120,120,3,cudaLaunchKernel,   1    1    1, 256    1    1,"<unnamed>::step_kernel_boundary_y_faces(const double *, const double *, double *, const double *, const double *, int, int, int, int, int, int, int, double, double)"
7850149998,28628,7850178626,1452,7850180078,1408,31488,117,117,0,cudaLaunchKernel,   1    1    1, 256    1    1,"<unnamed>::step_kernel_boundary_x_faces(const double *, const double *, double *, const double *, const double *, int, int, int, int, int, int, int, double, double)"
7850151023,26816,7850177839,1508,7850179347,1408,29732,120,120,3,cudaLaunchKernel,   1    1    1, 256    1    1,"<unnamed>::step_kernel_boundary_z_faces(const double *, const double *, double *, const double *, const double *, int, int, int, int, int, int, int, double, double)"
7850151573,9909,7850161482,1041,7850162523,1375,12325,123,123,6,cudaLaunchKernel,   1    2    2,  32    4    4,"<unnamed>::step_kernel_interior(const double *, const double *, double *, const double *, const double *, int, int, int, int, int, int, int, double, double)"
7850162546,9197,,,7850169946,1376,9197,123,123,6,cudaLaunchKernel,   1    1    1, 256    1    1,"<unnamed>::step_kernel_boundary_x_faces(const double *, const double *, double *, const double *, const double *, int, int, int, int, int, int, int, double, double)"
7850172959,6515,7850179474,1640,7850181114,1376,9531,123,123,6,cudaLaunchKernel,   1    1    1, 256    1    1,"<unnamed>::step_kernel_boundary_y_faces(const double *, const double *, double *, const double *, const double *, int, int, int, int, int, int, int, double, double)"
7850179858,8481,7850188339,1095,7850189434,1376,10952,123,123,6,cudaLaunchKernel,   1    1    1, 256    1    1,"<unnamed>::step_kernel_boundary_z_faces(const double *, const double *, double *, const double *, const double *, int, int, int, int, int, int, int, double, double)"
7850180822,36919,7850217741,353,7850218094,1440,38712,117,117,0,cudaLaunchKernel,   1    1    1, 256    1    1,"<unnamed>::step_kernel_boundary_y_faces(const double *, const double *, double *, const double *, const double *, int, int, int, int, int, int, int, double, double)"
7850192988,10664,,,7850201746,1408,10664,120,120,3,cudaLaunchKernel,   1    2    2,  32    4    4,"<unnamed>::step_kernel_interior(const double *, const double *, double *, const double *, const double *, int, int, int, int, int, int, int, double, double)"
7850204741,5845,7850210586,2392,7850212978,1376,9613,120,120,3,cudaLaunchKernel,   1    1    1, 256    1    1,"<unnamed>::step_kernel_boundary_x_faces(const double *, const double *, double *, const double *, const double *, int, int, int, int, int, int, int, double, double)"
7850211010,8274,7850219284,894,7850220178,1376,10544,120,120,3,cudaLaunchKernel,   1    1    1, 256    1    1,"<unnamed>::step_kernel_boundary_y_faces(const double *, const double *, double *, const double *, const double *, int, int, int, int, int, int, int, double, double)"
7850219670,33043,,,7850248590,1408,33043,117,117,0,cudaLaunchKernel,   1    1    1, 256    1    1,"<unnamed>::step_kernel_boundary_z_faces(const double *, const double *, double *, const double *, const double *, int, int, int, int, int, int, int, double, double)"
7850220264,9879,7850230143,915,7850231058,1376,12170,120,120,3,cudaLaunchKernel,   1    1    1, 256    1    1,"<unnamed>::step_kernel_boundary_z_faces(const double *, const double *, double *, const double *, const double *, int, int, int, int, int, int, int, double, double)"
7850226021,42369,,,7850268182,1440,43601,119,119,2,cudaLaunchKernel,   1    2    2,  32    4    4,"<unnamed>::step_kernel_interior(const double *, const double *, double *, const double *, const double *, int, int, int, int, int, int, int, double, double)"
7850267072,11360,7850278432,1102,7850279534,1408,13870,117,117,0,cudaLaunchKernel,   1    2    2,  32    4    4,"<unnamed>::step_kernel_interior(const double *, const double *, double *, const double *, const double *, int, int, int, int, int, int, int, double, double)"
7850276028,42557,7850318585,508,7850319093,1408,44473,119,119,2,cudaLaunchKernel,   1    1    1, 256    1    1,"<unnamed>::step_kernel_boundary_x_faces(const double *, const double *, double *, const double *, const double *, int, int, int, int, int, int, int, double, double)"
7850279534,11453,7850290987,1059,7850292046,1376,13888,117,117,0,cudaLaunchKernel,   1    1    1, 256    1    1,"<unnamed>::step_kernel_boundary_x_faces(const double *, const double *, double *, const double *, const double *, int, int, int, int, int, int, int, double, double)"
7850291901,11390,7850303291,1074,7850304365,1376,13840,117,117,0,cudaLaunchKernel,   1    1    1, 256    1    1,"<unnamed>::step_kernel_boundary_y_faces(const double *, const double *, double *, const double *, const double *, int, int, int, int, int, int, int, double, double)"
7850304130,8897,,,7850311821,1408,9099,117,117,0,cudaLaunchKernel,   1    1    1, 256    1    1,"<unnamed>::step_kernel_boundary_z_faces(const double *, const double *, double *, const double *, const double *, int, int, int, int, int, int, int, double, double)"
7850321063,43200,7850364263,813,7850365076,1440,45453,119,119,2,cudaLaunchKernel,   1    1    1, 256    1    1,"<unnamed>::step_kernel_boundary_y_faces(const double *, const double *, double *, const double *, const double *, int, int, int, int, int, int, int, double, double)"
7850366762,40860,7850407622,590,7850408212,1440,42890,119,119,2,cudaLaunchKernel,   1    1    1, 256    1    1,"<unnamed>::step_kernel_boundary_z_faces(const double *, const double *, double *, const double *, const double *, int, int, int, int, int, int, int, double, double)"
7850440708,16657,,,7850454867,1408,16657,119,119,2,cudaLaunchKernel,   1    2    2,  32    4    4,"<unnamed>::step_kernel_interior(const double *, const double *, double *, const double *, const double *, int, int, int, int, int, int, int, double, double)"
7850459441,19827,,,7850478515,1376,20450,119,119,2,cudaLaunchKernel,   1    1    1, 256    1    1,"<unnamed>::step_kernel_boundary_x_faces(const double *, const double *, double *, const double *, const double *, int, int, int, int, int, int, int, double, double)"
7850480682,14069,,,7850494163,1376,14857,119,119,2,cudaLaunchKernel,   1    1    1, 256    1    1,"<unnamed>::step_kernel_boundary_y_faces(const double *, const double *, double *, const double *, const double *, int, int, int, int, int, int, int, double, double)"
7850496016,18140,7850514156,711,7850514867,1376,20227,119,119,2,cudaLaunchKernel,   1    1    1, 256    1    1,"<unnamed>::step_kernel_boundary_z_faces(const double *, const double *, double *, const double *, const double *, int, int, int, int, int, int, int, double, double)"
7850572181,73440,,,7850644540,1568,73927,118,118,1,cudaLaunchKernel, 256    1    1, 256    1    1,"<unnamed>::unpack_face_x(const double *, double *, int, int, int, int, int)"
7850596536,70054,,,7850665499,1568,70531,133,133,7,cudaLaunchKernel, 256    1    1, 256    1    1,"<unnamed>::unpack_face_x(const double *, double *, int, int, int, int, int)"
7850605552,74971,,,7850679621,1472,75541,121,121,4,cudaLaunchKernel, 256    1    1, 256    1    1,"<unnamed>::unpack_face_x(const double *, double *, int, int, int, int, int)"
7850625902,69999,,,7850691338,1536,69999,122,122,5,cudaLaunchKernel, 256    1    1, 256    1    1,"<unnamed>::unpack_face_x(const double *, double *, int, int, int, int, int)"
7850651867,31075,,,7850682844,1408,32385,118,118,1,cudaLaunchKernel, 256    1    1, 256    1    1,"<unnamed>::unpack_face_y(const double *, double *, int, int, int, int, int)"
7850669749,38419,7850708168,914,7850709082,1472,40805,133,133,7,cudaLaunchKernel, 256    1    1, 256    1    1,"<unnamed>::unpack_face_y(const double *, double *, int, int, int, int, int)"
7850686243,22525,7850708768,1756,7850710524,2016,26297,118,118,1,cudaLaunchKernel, 256    1    1, 256    1    1,"<unnamed>::unpack_face_z(const double *, double *, int, int, int, int, int)"
7850687230,40283,7850727513,555,7850728068,1472,42310,121,121,4,cudaLaunchKernel, 256    1    1, 256    1    1,"<unnamed>::unpack_face_y(const double *, double *, int, int, int, int, int)"
7850704080,50957,,,7850754089,1408,51417,122,122,5,cudaLaunchKernel, 256    1    1, 256    1    1,"<unnamed>::unpack_face_y(const double *, double *, int, int, int, int, int)"
7850714388,30278,7850744666,896,7850745562,2048,33222,133,133,7,cudaLaunchKernel, 256    1    1, 256    1    1,"<unnamed>::unpack_face_z(const double *, double *, int, int, int, int, int)"
7850733716,30645,,,7850763044,2080,31408,121,121,4,cudaLaunchKernel, 256    1    1, 256    1    1,"<unnamed>::unpack_face_z(const double *, double *, int, int, int, int, int)"
7850758976,46141,,,7850802920,2080,46141,122,122,5,cudaLaunchKernel, 256    1    1, 256    1    1,"<unnamed>::unpack_face_z(const double *, double *, int, int, int, int, int)"
7850881984,48294,,,7850922874,1472,48294,118,118,1,cudaLaunchKernel,   1    2    2,  32    4    4,"<unnamed>::step_kernel_interior(const double *, const double *, double *, const double *, const double *, int, int, int, int, int, int, int, double, double)"
7850907982,33190,7850941172,227,7850941399,1472,34889,133,133,7,cudaLaunchKernel,   1    2    2,  32    4    4,"<unnamed>::step_kernel_interior(const double *, const double *, double *, const double *, const double *, int, int, int, int, int, int, int, double, double)"
7850927514,34144,7850961658,809,7850962467,1440,36393,121,121,4,cudaLaunchKernel,   1    2    2,  32    4    4,"<unnamed>::step_kernel_interior(const double *, const double *, double *, const double *, const double *, int, int, int, int, int, int, int, double, double)"
7850933021,29882,7850962903,835,7850963738,1440,32157,118,118,1,cudaLaunchKernel,   1    1    1, 256    1    1,"<unnamed>::step_kernel_boundary_x_faces(const double *, const double *, double *, const double *, const double *, int, int, int, int, int, int, int, double, double)"
7850947558,30577,7850978135,1440,7850979575,1408,33425,133,133,7,cudaLaunchKernel,   1    1    1, 256    1    1,"<unnamed>::step_kernel_boundary_x_faces(const double *, const double *, double *, const double *, const double *, int, int, int, int, int, int, int, double, double)"
7850964056,30209,7850994265,1609,7850995874,1408,33226,121,121,4,cudaLaunchKernel,   1    1    1, 256    1    1,"<unnamed>::step_kernel_boundary_x_faces(const double *, const double *, double *, const double *, const double *, int, int, int, int, int, int, int, double, double)"
7850964955,26732,7850991687,979,7850992666,1472,29183,118,118,1,cudaLaunchKernel,   1    1    1, 256    1    1,"<unnamed>::step_kernel_boundary_y_faces(const double *, const double *, double *, const double *, const double *, int, int, int, int, int, int, int, double, double)"
7850980352,32100,7851012452,946,7851013398,1440,34486,133,133,7,cudaLaunchKernel,   1    1    1, 256    1    1,"<unnamed>::step_kernel_boundary_y_faces(const double *, const double *, double *, const double *, const double *, int, int, int, int, int, int, int, double, double)"
7850992064,31200,7851023264,1222,7851024486,1440,33862,122,122,5,cudaLaunchKernel,   1    2    2,  32    4    4,"<unnamed>::step_kernel_interior(const double *, const double *, double *, const double *, const double *, int, int, int, int, int, int, int, double, double)"
7850993567,24178,7851017745,1481,7851019226,1504,27163,118,118,1,cudaLaunchKernel,   1    1    1, 256    1    1,"<unnamed>::step_kernel_boundary_z_faces(const double *, const double *, double *, const double *, const double *, int, int, int, int, int, int, int, double, double)"
7850999069,26462,7851025531,1511,7851027042,1408,29381,121,121,4,cudaLaunchKernel,   1    1    1, 256    1    1,"<unnamed>::step_kernel_boundary_y_faces(const double *, const double *, double *, const double *, const double *, int, int, int, int, int, int, int, double, double)"
7851014483,27443,7851041926,1712,7851043638,1408,30563,133,133,7,cudaLaunchKernel,   1    1    1, 256    1    1,"<unnamed>::step_kernel_boundary_z_faces(const double *, const double *, double *, const double *, const double *, int, int, int, int, int, int, int, double, double)"
7851025775,10122,7851035897,1089,7851036986,1536,12747,118,118,1,cudaLaunchKernel,   1    2    2,  32    4    4,"<unnamed>::step_kernel_interior(const double *, const double *, double *, const double *, const double *, int, int, int, int, int, int, int, double, double)"
7851030083,40782,,,7851067877,1408,40782,122,122,5,cudaLaunchKernel,   1    1    1, 256    1    1,"<unnamed>::step_kernel_boundary_x_faces(const double *, const double *, double *, const double *, const double *, int, int, int, int, int, int, int, double, double)"
7851031519,29253,,,7851058786,1472,29253,121,121,4,cudaLaunchKernel,   1    1    1, 256    1    1,"<unnamed>::step_kernel_boundary_z_faces(const double *, const double *, double *, const double *, const double *, int, int, int, int, int, int, int, double, double)"
7851037151,4602,7851041753,2113,7851043866,1376,8091,118,118,1,cudaLaunchKernel,   1    1    1, 256    1    1,"<unnamed>::step_kernel_boundary_x_faces(const double *, const double *, double *, const double *, const double *, int, int, int, int, int, int, int, double, double)"
7851042291,8226,7851050517,869,7851051386,1440,10535,118,118,1,cudaLaunchKernel,   1    1    1, 256    1    1,"<unnamed>::step_kernel_boundary_y_faces(const double *, const double *, double *, const double *, const double *, int, int, int, int, int, int, int, double, double)"
7851051429,4978,7851056407,2563,7851058970,1408,8949,118,118,1,cudaLaunchKernel,   1    1    1, 256    1    1,"<unnamed>::step_kernel_boundary_z_faces(const double *, const double *, double *, const double *, const double *, int, int, int, int, int, int, int, double, double)"
7851054400,11707,7851066107,1051,7851067158,1408,14166,133,133,7,cudaLaunchKernel,   1    2    2,  32    4    4,"<unnamed>::step_kernel_interior(const double *, const double *, double *, const double *, const double *, int, int, int, int, int, int, int, double, double)"
7851070549,11970,7851082519,127,7851082646,1344,13441,133,133,7,cudaLaunchKernel,   1    1    1, 256    1    1,"<unnamed>::step_kernel_boundary_x_faces(const double *, const double *, double *, const double *, const double *, int, int, int, int, int, int, int, double, double)"
7851073526,43068,7851116594,723,7851117317,1440,45231,122,122,5,cudaLaunchKernel,   1    1    1, 256    1    1,"<unnamed>::step_kernel_boundary_y_faces(const double *, const double *, double *, const double *, const double *, int, int, int, int, int, int, int, double, double)"
7851073771,11853,7851085624,682,7851086306,1568,14103,121,121,4,cudaLaunchKernel,   1    2    2,  32    4    4,"<unnamed>::step_kernel_interior(const double *, const double *, double *, const double *, const double *, int, int, int, int, int, int, int, double, double)"
7851083424,11140,7851094564,945,7851095509,1376,13461,133,133,7,cudaLaunchKernel,   1    1    1, 256    1    1,"<unnamed>::step_kernel_boundary_y_faces(const double *, const double *, double *, const double *, const double *, int, int, int, int, int, int, int, double, double)"
7851090138,12287,7851102425,713,7851103138,1344,14344,121,121,4,cudaLaunchKernel,   1    1    1, 256    1    1,"<unnamed>::step_kernel_boundary_x_faces(const double *, const double *, double *, const double *, const double *, int, int, int, int, int, int, int, double, double)"
7851095483,13449,,,7851108085,1376,13978,133,133,7,cudaLaunchKernel,   1    1    1, 256    1    1,"<unnamed>::step_kernel_boundary_z_faces(const double *, const double *, double *, const double *, const double *, int, int, int, int, int, int, int, double, double)"
7851103309,11244,7851114553,873,7851115426,1343,13460,121,121,4,cudaLaunchKernel,   1    1    1, 256    1    1,"<unnamed>::step_kernel_boundary_y_faces(const double *, const double *, double *, const double *, const double *, int, int, int, int, int, int, int, double, double)"
7851115440,11292,7851126732,1237,7851127969,1344,13873,121,121,4,cudaLaunchKernel,   1    1    1, 256    1    1,"<unnamed>::step_kernel_boundary_z_faces(const double *, const double *, double *, const double *, const double *, int, int, int, int, int, int, int, double, double)"
7851123409,25532,7851148941,2519,7851151460,1408,29459,122,122,5,cudaLaunchKernel,   1    1    1, 256    1    1,"<unnamed>::step_kernel_boundary_z_faces(const double *, const double *, double *, const double *, const double *, int, int, int, int, int, int, int, double, double)"
7851168853,13473,7851182326,814,7851183140,1408,15695,122,122,5,cudaLaunchKernel,   1    2    2,  32    4    4,"<unnamed>::step_kernel_interior(const double *, const double *, double *, const double *, const double *, int, int, int, int, int, int, int, double, double)"
7851183777,6854,7851190631,1789,7851192420,1344,9987,122,122,5,cudaLaunchKernel,   1    1    1, 256    1    1,"<unnamed>::step_kernel_boundary_x_faces(const double *, const double *, double *, const double *, const double *, int, int, int, int, int, int, int, double, double)"
7851191474,5938,7851197412,1728,7851199140,1376,9042,122,122,5,cudaLaunchKernel,   1    1    1, 256    1    1,"<unnamed>::step_kernel_boundary_y_faces(const double *, const double *, double *, const double *, const double *, int, int, int, int, int, int, int, double, double)"
7851202237,13842,,,7851213380,1375,13842,122,122,5,cudaLaunchKernel,   1    1    1, 256    1    1,"<unnamed>::step_kernel_boundary_z_faces(const double *, const double *, double *, const double *, const double *, int, int, int, int, int, int, int, double, double)"
7851521032,13097,7851534129,550,7851534679,1536,15183,118,118,1,cudaLaunchKernel, 256    1    1, 256    1    1,"<unnamed>::pack_face_x(const double *, double *, int, int, int, int, int)"
7851535294,4935,7851540229,2322,7851542551,1376,8633,118,118,1,cudaLaunchKernel, 256    1    1, 256    1    1,"<unnamed>::pack_face_y(const double *, double *, int, int, int, int, int)"
7851540693,9916,7851550609,774,7851551383,1888,12578,118,118,1,cudaLaunchKernel, 256    1    1, 256    1    1,"<unnamed>::pack_face_z(const double *, double *, int, int, int, int, int)"
7851541370,18033,,,7851557088,1568,18033,122,122,5,cudaLaunchKernel, 256    1    1, 256    1    1,"<unnamed>::pack_face_x(const double *, double *, int, int, int, int, int)"
7851552106,10619,7851562725,754,7851563479,217854,229227,118,118,1,cudaLaunchKernel,   8   64   64,  32    4    4,"<unnamed>::step_kernel_interior(const double *, const double *, double *, const double *, const double *, int, int, int, int, int, int, int, double, double)"
7851557727,13638,,,7851568995,1568,13638,117,117,0,cudaLaunchKernel, 256    1    1, 256    1    1,"<unnamed>::pack_face_x(const double *, double *, int, int, int, int, int)"
7851560538,13015,7851573553,686,7851574239,1408,15109,122,122,5,cudaLaunchKernel, 256    1    1, 256    1    1,"<unnamed>::pack_face_y(const double *, double *, int, int, int, int, int)"
7851572651,14282,,,7851584867,1408,14282,117,117,0,cudaLaunchKernel, 256    1    1, 256    1    1,"<unnamed>::pack_face_y(const double *, double *, int, int, int, int, int)"
7851574725,22130,,,7851594239,1856,22130,122,122,5,cudaLaunchKernel, 256    1    1, 256    1    1,"<unnamed>::pack_face_z(const double *, double *, int, int, int, int, int)"
7851588560,13424,7851601984,803,7851602787,1824,16051,117,117,0,cudaLaunchKernel, 256    1    1, 256    1    1,"<unnamed>::pack_face_z(const double *, double *, int, int, int, int, int)"
7851598887,9513,7851608400,1391,7851609791,216989,227893,122,122,5,cudaLaunchKernel,   8   64   64,  32    4    4,"<unnamed>::step_kernel_interior(const double *, const double *, double *, const double *, const double *, int, int, int, int, int, int, int, double, double)"
7851603465,6711,7851610176,2147,7851612323,217406,226264,117,117,0,cudaLaunchKernel,   8   64   64,  32    4    4,"<unnamed>::step_kernel_interior(const double *, const double *, double *, const double *, const double *, int, int, int, int, int, int, int, double, double)"
7851625537,24882,,,7851649700,1568,25731,120,120,3,cudaLaunchKernel, 256    1    1, 256    1    1,"<unnamed>::pack_face_x(const double *, double *, int, int, int, int, int)"
7851626807,32272,,,7851654916,1568,32272,119,119,2,cudaLaunchKernel, 256    1    1, 256    1    1,"<unnamed>::pack_face_x(const double *, double *, int, int, int, int, int)"
7851626957,29686,,,7851653406,1664,29686,121,121,4,cudaLaunchKernel, 256    1    1, 256    1    1,"<unnamed>::pack_face_x(const double *, double *, int, int, int, int, int)"
7851651846,11179,7851663025,1011,7851664036,1408,13598,120,120,3,cudaLaunchKernel, 256    1    1, 256    1    1,"<unnamed>::pack_face_y(const double *, double *, int, int, int, int, int)"
7851657913,9032,7851666945,1309,7851668254,1440,11781,121,121,4,cudaLaunchKernel, 256    1    1, 256    1    1,"<unnamed>::pack_face_y(const double *, double *, int, int, int, int, int)"
7851661103,16551,7851677654,174,7851677828,1408,18133,119,119,2,cudaLaunchKernel, 256    1    1, 256    1    1,"<unnamed>::pack_face_y(const double *, double *, int, int, int, int, int)"
7851664025,10755,7851674780,648,7851675428,1792,13195,120,120,3,cudaLaunchKernel, 256    1    1, 256    1    1,"<unnamed>::pack_face_z(const double *, double *, int, int, int, int, int)"
7851667573,14585,,,7851680350,1952,14729,121,121,4,cudaLaunchKernel, 256    1    1, 256    1    1,"<unnamed>::pack_face_z(const double *, double *, int, int, int, int, int)"
7851676547,10669,7851687216,628,7851687844,217725,229022,120,120,3,cudaLaunchKernel,   8   64   64,  32    4    4,"<unnamed>::step_kernel_interior(const double *, const double *, double *, const double *, const double *, int, int, int, int, int, int, int, double, double)"
7851683326,16544,7851699870,517,7851700387,1824,18885,119,119,2,cudaLaunchKernel, 256    1    1, 256    1    1,"<unnamed>::pack_face_z(const double *, double *, int, int, int, int, int)"
7851683972,12388,7851696360,565,7851696925,217535,230488,121,121,4,cudaLaunchKernel,   8   64   64,  32    4    4,"<unnamed>::step_kernel_interior(const double *, const double *, double *, const double *, const double *, int, int, int, int, int, int, int, double, double)"
7851706160,16525,7851722685,294,7851722979,217213,234032,119,119,2,cudaLaunchKernel,   8   64   64,  32    4    4,"<unnamed>::step_kernel_interior(const double *, const double *, double *, const double *, const double *, int, int, int, int, int, int, int, double, double)"
7851774213,36993,,,7851809421,1600,36993,133,133,7,cudaLaunchKernel, 256    1    1, 256    1    1,"<unnamed>::pack_face_x(const double *, double *, int, int, int, int, int)"
7851788472,32330,,,7851819432,1568,32528,123,123,6,cudaLaunchKernel, 256    1    1, 256    1    1,"<unnamed>::pack_face_x(const double *, double *, int, int, int, int, int)"
7851809539,6870,7851816409,2140,7851818549,1856,10866,118,118,1,cudaLaunchKernel, 256    1    1, 256    1    1,"<unnamed>::unpack_face_x(const double *, double *, int, int, int, int, int)"
7851812894,12376,,,7851822989,1408,12376,133,133,7,cudaLaunchKernel, 256    1    1, 256    1    1,"<unnamed>::pack_face_y(const double *, double *, int, int, int, int, int)"
7851816985,8695,,,7851824693,1824,9532,118,118,1,cudaLaunchKernel, 256    1    1, 256    1    1,"<unnamed>::unpack_face_y(const double *, double *, int, int, int, int, int)"
7851825891,7858,7851833749,1810,7851835559,1376,11044,123,123,6,cudaLaunchKernel, 256    1    1, 256    1    1,"<unnamed>::pack_face_y(const double *, double *, int, int, int, int, int)"
7851826710,13736,7851840446,398,7851840844,1824,15958,133,133,7,cudaLaunchKernel, 256    1    1, 256    1    1,"<unnamed>::pack_face_z(const double *, double *, int, int, int, int, int)"
7851826711,5428,7851832139,2250,7851834389,2528,10206,118,118,1,cudaLaunchKernel, 256    1    1, 256    1    1,"<unnamed>::unpack_face_z(const double *, double *, int, int, int, int, int)"
7851833095,8108,7851841203,866,7851842069,4960,13934,118,118,1,cudaLaunchKernel, 512    1    1, 256    1    1,"<unnamed>::step_kernel_boundary_x_faces(const double *, const double *, double *, const double *, const double *, int, int, int, int, int, int, int, double, double)"
7851837177,8359,7851845536,1703,7851847239,1824,11886,123,123,6,cudaLaunchKernel, 256    1    1, 256    1    1,"<unnamed>::pack_face_z(const double *, double *, int, int, int, int, int)"
7851842190,9534,,,7851851349,4864,14023,118,118,1,cudaLaunchKernel, 508    1    1, 256    1    1,"<unnamed>::step_kernel_boundary_y_faces(const double *, const double *, double *, const double *, const double *, int, int, int, int, int, int, int, double, double)"
7851842260,15749,,,7851856524,218110,232374,133,133,7,cudaLaunchKernel,   8   64   64,  32    4    4,"<unnamed>::step_kernel_interior(const double *, const double *, double *, const double *, const double *, int, int, int, int, int, int, int, double, double)"
7851847131,14632,,,7851861383,218334,232586,123,123,6,cudaLaunchKernel,   8   64   64,  32    4    4,"<unnamed>::step_kernel_interior(const double *, const double *, double *, const double *, const double *, int, int, int, int, int, int, int, double, double)"
7851852753,9504,7851862257,1092,7851863349,26880,37476,118,118,1,cudaLaunchKernel, 505    1    1, 256    1    1,"<unnamed>::step_kernel_boundary_z_faces(const double *, const double *, double *, const double *, const double *, int, int, int, int, int, int, int, double, double)"
7851868388,13136,7851881524,1261,7851882785,1920,16317,117,117,0,cudaLaunchKernel, 256    1    1, 256    1    1,"<unnamed>::unpack_face_x(const double *, double *, int, int, int, int, int)"
7851870254,9782,7851880036,11248,7851891284,1824,22854,118,118,1,cudaLaunchKernel, 256    1    1, 256    1    1,"<unnamed>::pack_face_x(const double *, double *, int, int, int, int, int)"
7851881010,18773,,,7851894068,1952,18773,118,118,1,cudaLaunchKernel, 256    1    1, 256    1    1,"<unnamed>::pack_face_y(const double *, double *, int, int, int, int, int)"
7851882586,19343,7851901929,1112,7851903041,1888,22343,117,117,0,cudaLaunchKernel, 256    1    1, 256    1    1,"<unnamed>::unpack_face_y(const double *, double *, int, int, int, int, int)"
7851901123,15649,7851916772,496,7851917268,4032,20177,118,118,1,cudaLaunchKernel, 256    1    1, 256    1    1,"<unnamed>::pack_face_z(const double *, double *, int, int, int, int, int)"
7851902891,11741,7851914632,952,7851915584,3008,15701,117,117,0,cudaLaunchKernel, 256    1    1, 256    1    1,"<unnamed>::unpack_face_z(const double *, double *, int, int, int, int, int)"
7851916039,11640,7851927679,705,7851928384,5152,17497,117,117,0,cudaLaunchKernel, 512    1    1, 256    1    1,"<unnamed>::step_kernel_boundary_x_faces(const double *, const double *, double *, const double *, const double *, int, int, int, int, int, int, int, double, double)"
7851918031,9857,7851927888,1444,7851929332,217119,228420,118,118,1,cudaLaunchKernel,   8   64   64,  32    4    4,"<unnamed>::step_kernel_interior(const double *, const double *, double *, const double *, const double *, int, int, int, int, int, int, int, double, double)"
7851928835,12367,7851941202,1678,7851942880,4832,18877,117,117,0,cudaLaunchKernel, 508    1    1, 256    1    1,"<unnamed>::step_kernel_boundary_y_faces(const double *, const double *, double *, const double *, const double *, int, int, int, int, int, int, int, double, double)"
7851942284,11051,7851953335,905,7851954240,27296,39252,117,117,0,cudaLaunchKernel, 505    1    1, 256    1    1,"<unnamed>::step_kernel_boundary_z_faces(const double *, const double *, double *, const double *, const double *, int, int, int, int, int, int, int, double, double)"
7851967468,8399,7851975867,6725,7851982592,1856,16980,117,117,0,cudaLaunchKernel, 256    1    1, 256    1    1,"<unnamed>::pack_face_x(const double *, double *, int, int, int, int, int)"
7851976457,10430,7851986887,1113,7851988000,1952,13495,117,117,0,cudaLaunchKernel, 256    1    1, 256    1    1,"<unnamed>::pack_face_y(const double *, double *, int, int, int, int, int)"
7851987818,6073,7851993891,2461,7851996352,4416,12950,117,117,0,cudaLaunchKernel, 256    1    1, 256    1    1,"<unnamed>::pack_face_z(const double *, double *, int, int, int, int, int)"
7851994593,12978,7852007571,1229,7852008800,216542,230749,117,117,0,cudaLaunchKernel,   8   64   64,  32    4    4,"<unnamed>::step_kernel_interior(const double *, const double *, double *, const double *, const double *, int, int, int, int, int, int, int, double, double)"
7852005335,14104,7852019439,684,7852020123,1984,16772,121,121,4,cudaLaunchKernel, 256    1    1, 256    1    1,"<unnamed>::unpack_face_x(const double *, double *, int, int, int, int, int)"
7852020484,12012,7852032496,843,7852033339,1920,14775,121,121,4,cudaLaunchKernel, 256    1    1, 256    1    1,"<unnamed>::unpack_face_y(const double *, double *, int, int, int, int, int)"
7852029426,11489,7852040915,1484,7852042399,1728,14701,119,119,2,cudaLaunchKernel, 256    1    1, 256    1    1,"<unnamed>::unpack_face_x(const double *, double *, int, int, int, int, int)"
7852031233,10060,7852041293,1709,7852043002,1888,13657,122,122,5,cudaLaunchKernel, 256    1    1, 256    1    1,"<unnamed>::unpack_face_x(const double *, double *, int, int, int, int, int)"
7852033472,7308,7852040780,2095,7852042875,3424,12827,121,121,4,cudaLaunchKernel, 256    1    1, 256    1    1,"<unnamed>::unpack_face_z(const double *, double *, int, int, int, int, int)"
7852034675,7109,7852041784,2216,7852044000,1696,11021,120,120,3,cudaLaunchKernel, 256    1    1, 256    1    1,"<unnamed>::unpack_face_x(const double *, double *, int, int, int, int, int)"
7852037666,13749,7852051415,25550,7852076965,3264,42563,123,123,6,cudaLaunchKernel, 256    1    1, 256    1    1,"<unnamed>::unpack_face_x(const double *, double *, int, int, int, int, int)"
7852040890,18151,7852059041,12457,7852071498,2624,33232,133,133,7,cudaLaunchKernel, 256    1    1, 256    1    1,"<unnamed>::unpack_face_x(const double *, double *, int, int, int, int, int)"
7852041618,9661,7852051279,1580,7852052859,5088,16329,121,121,4,cudaLaunchKernel, 512    1    1, 256    1    1,"<unnamed>::step_kernel_boundary_x_faces(const double *, const double *, double *, const double *, const double *, int, int, int, int, int, int, int, double, double)"
7852042068,16679,,,7852054842,1792,16679,122,122,5,cudaLaunchKernel, 256    1    1, 256    1    1,"<unnamed>::unpack_face_y(const double *, double *, int, int, int, int, int)"
7852042150,18719,,,7852060703,1760,20313,119,119,2,cudaLaunchKernel, 256    1    1, 256    1    1,"<unnamed>::unpack_face_y(const double *, double *, int, int, int, int, int)"
7852042384,8885,7852051269,1915,7852053184,1824,12624,120,120,3,cudaLaunchKernel, 256    1    1, 256    1    1,"<unnamed>::unpack_face_y(const double *, double *, int, int, int, int, int)"
7852052243,12504,7852064747,1648,7852066395,4928,19080,121,121,4,cudaLaunchKernel, 508    1    1, 256    1    1,"<unnamed>::step_kernel_boundary_y_faces(const double *, const double *, double *, const double *, const double *, int, int, int, int, int, int, int, double, double)"
7852052262,10620,7852062882,1022,7852063904,2880,14522,120,120,3,cudaLaunchKernel, 256    1    1, 256    1    1,"<unnamed>::unpack_face_z(const double *, double *, int, int, int, int, int)"
7852052513,10539,7852063052,18169,7852081221,1952,30660,123,123,6,cudaLaunchKernel, 256    1    1, 256    1    1,"<unnamed>::unpack_face_y(const double *, double *, int, int, int, int, int)"
7852060282,8781,7852069063,6115,7852075178,1984,16880,133,133,7,cudaLaunchKernel, 256    1    1, 256    1    1,"<unnamed>::unpack_face_y(const double *, double *, int, int, int, int, int)"
7852060429,15015,,,7852071866,2560,15015,122,122,5,cudaLaunchKernel, 256    1    1, 256    1    1,"<unnamed>::unpack_face_z(const double *, double *, int, int, int, int, int)"
7852062509,13911,7852076420,219,7852076639,2720,16850,119,119,2,cudaLaunchKernel, 256    1    1, 256    1    1,"<unnamed>::unpack_face_z(const double *, double *, int, int, int, int, int)"
7852064131,5249,7852069380,3356,7852072736,5152,13757,120,120,3,cudaLaunchKernel, 512    1    1, 256    1    1,"<unnamed>::step_kernel_boundary_x_faces(const double *, const double *, double *, const double *, const double *, int, int, int, int, int, int, int, double, double)"
7852064350,5422,7852069772,14585,7852084357,2559,22566,123,123,6,cudaLaunchKernel, 256    1    1, 256    1    1,"<unnamed>::unpack_face_z(const double *, double *, int, int, int, int, int)"
7852065652,11451,7852077103,844,7852077947,27584,39879,121,121,4,cudaLaunchKernel, 505    1    1, 256    1    1,"<unnamed>::step_kernel_boundary_z_faces(const double *, const double *, double *, const double *, const double *, int, int, int, int, int, int, int, double, double)"
7852072946,11994,7852084940,1885,7852086825,3072,16951,133,133,7,cudaLaunchKernel, 256    1    1, 256    1    1,"<unnamed>::unpack_face_z(const double *, double *, int, int, int, int, int)"
7852073051,10776,,,7852083072,4992,15013,120,120,3,cudaLaunchKernel, 508    1    1, 256    1    1,"<unnamed>::step_kernel_boundary_y_faces(const double *, const double *, double *, const double *, const double *, int, int, int, int, int, int, int, double, double)"
7852074283,10581,7852084864,3300,7852088164,4896,18777,123,123,6,cudaLaunchKernel, 512    1    1, 256    1    1,"<unnamed>::step_kernel_boundary_x_faces(const double *, const double *, double *, const double *, const double *, int, int, int, int, int, int, int, double, double)"
7852077484,17421,,,7852091737,4928,19181,122,122,5,cudaLaunchKernel, 512    1    1, 256    1    1,"<unnamed>::step_kernel_boundary_x_faces(const double *, const double *, double *, const double *, const double *, int, int, int, int, int, int, int, double, double)"
7852082170,14274,,,7852095902,5216,18948,119,119,2,cudaLaunchKernel, 512    1    1, 256    1    1,"<unnamed>::step_kernel_boundary_x_faces(const double *, const double *, double *, const double *, const double *, int, int, int, int, int, int, int, double, double)"
7852084764,10365,7852095129,326,7852095455,26784,37475,120,120,3,cudaLaunchKernel, 505    1    1, 256    1    1,"<unnamed>::step_kernel_boundary_z_faces(const double *, const double *, double *, const double *, const double *, int, int, int, int, int, int, int, double, double)"
7852085867,9570,,,7852094436,4832,13401,123,123,6,cudaLaunchKernel, 508    1    1, 256    1    1,"<unnamed>::step_kernel_boundary_y_faces(const double *, const double *, double *, const double *, const double *, int, int, int, int, int, int, int, double, double)"
7852086309,12229,7852098538,863,7852099401,4960,18052,133,133,7,cudaLaunchKernel, 512    1    1, 256    1    1,"<unnamed>::step_kernel_boundary_x_faces(const double *, const double *, double *, const double *, const double *, int, int, int, int, int, int, int, double, double)"
7852095161,12134,7852107295,1979,7852109274,1888,16001,121,121,4,cudaLaunchKernel, 256    1    1, 256    1    1,"<unnamed>::pack_face_x(const double *, double *, int, int, int, int, int)"
7852096349,5394,7852101743,2453,7852104196,27456,35303,123,123,6,cudaLaunchKernel, 505    1    1, 256    1    1,"<unnamed>::step_kernel_boundary_z_faces(const double *, const double *, double *, const double *, const double *, int, int, int, int, int, int, int, double, double)"
7852096543,14279,7852110822,947,7852111769,4992,20218,122,122,5,cudaLaunchKernel, 508    1    1, 256    1    1,"<unnamed>::step_kernel_boundary_y_faces(const double *, const double *, double *, const double *, const double *, int, int, int, int, int, int, int, double, double)"
7852097681,16782,,,7852113054,4960,20333,119,119,2,cudaLaunchKernel, 508    1    1, 256    1    1,"<unnamed>::step_kernel_boundary_y_faces(const double *, const double *, double *, const double *, const double *, int, int, int, int, int, int, int, double, double)"
7852099534,15520,,,7852114345,4928,19739,133,133,7,cudaLaunchKernel, 508    1    1, 256    1    1,"<unnamed>::step_kernel_boundary_y_faces(const double *, const double *, double *, const double *, const double *, int, int, int, int, int, int, int, double, double)"
7852108209,11519,7852119728,682,7852120410,2080,14281,121,121,4,cudaLaunchKernel, 256    1    1, 256    1    1,"<unnamed>::pack_face_y(const double *, double *, int, int, int, int, int)"
7852116349,11884,7852128233,864,7852129097,27424,40172,133,133,7,cudaLaunchKernel, 505    1    1, 256    1    1,"<unnamed>::step_kernel_boundary_z_faces(const double *, const double *, double *, const double *, const double *, int, int, int, int, int, int, int, double, double)"
7852116431,13882,7852130313,272,7852130585,27200,41354,122,122,5,cudaLaunchKernel, 505    1    1, 256    1    1,"<unnamed>::step_kernel_boundary_z_faces(const double *, const double *, double *, const double *, const double *, int, int, int, int, int, int, int, double, double)"
7852116435,14219,7852130654,576,7852131230,28032,42827,119,119,2,cudaLaunchKernel, 505    1    1, 256    1    1,"<unnamed>::step_kernel_boundary_z_faces(const double *, const double *, double *, const double *, const double *, int, int, int, int, int, int, int, double, double)"
7852119469,10499,7852129968,2740,7852132708,1792,15031,123,123,6,cudaLaunchKernel, 256    1    1, 256    1    1,"<unnamed>::pack_face_x(const double *, double *, int, int, int, int, int)"
7852120647,11964,7852132611,247,7852132858,4032,16243,121,121,4,cudaLaunchKernel, 256    1    1, 256    1    1,"<unnamed>::pack_face_z(const double *, double *, int, int, int, int, int)"
7852128155,7383,7852135538,2349,7852137887,1952,11684,120,120,3,cudaLaunchKernel, 256    1    1, 256    1    1,"<unnamed>::pack_face_x(const double *, double *, int, int, int, int, int)"
7852130947,4042,7852134989,2519,7852137508,1984,8545,123,123,6,cudaLaunchKernel, 256    1    1, 256    1    1,"<unnamed>::pack_face_y(const double *, double *, int, int, int, int, int)"
7852133887,13614,,,7852146138,216383,228634,121,121,4,cudaLaunchKernel,   8   64   64,  32    4    4,"<unnamed>::step_kernel_interior(const double *, const double *, double *, const double *, const double *, int, int, int, int, int, int, int, double, double)"
7852135400,8289,7852143689,1147,7852144836,4160,13596,123,123,6,cudaLaunchKernel, 256    1    1, 256    1    1,"<unnamed>::pack_face_z(const double *, double *, int, int, int, int, int)"
7852139063,11215,,,7852150271,1984,13192,120,120,3,cudaLaunchKernel, 256    1    1, 256    1    1,"<unnamed>::pack_face_y(const double *, double *, int, int, int, int, int)"
7852143055,12020,7852155075,2950,7852158025,1792,16762,133,133,7,cudaLaunchKernel, 256    1    1, 256    1    1,"<unnamed>::pack_face_x(const double *, double *, int, int, int, int, int)"
7852144857,9734,7852154591,1413,7852156004,217469,228616,123,123,6,cudaLaunchKernel,   8   64   64,  32    4    4,"<unnamed>::step_kernel_interior(const double *, const double *, double *, const double *, const double *, int, int, int, int, int, int, int, double, double)"
7852151304,9701,7852161005,850,7852161855,4128,14679,120,120,3,cudaLaunchKernel, 256    1    1, 256    1    1,"<unnamed>::pack_face_z(const double *, double *, int, int, int, int, int)"
7852153094,18254,,,7852167614,1984,18254,119,119,2,cudaLaunchKernel, 256    1    1, 256    1    1,"<unnamed>::pack_face_x(const double *, double *, int, int, int, int, int)"
7852158969,12530,7852171499,861,7852172360,1920,15311,133,133,7,cudaLaunchKernel, 256    1    1, 256    1    1,"<unnamed>::pack_face_y(const double *, double *, int, int, int, int, int)"
7852162158,9570,7852171728,1295,7852173023,218365,229230,120,120,3,cudaLaunchKernel,   8   64   64,  32    4    4,"<unnamed>::step_kernel_interior(const double *, const double *, double *, const double *, const double *, int, int, int, int, int, int, int, double, double)"
7852172455,6791,7852179246,2330,7852181576,4256,13377,133,133,7,cudaLaunchKernel, 256    1    1, 256    1    1,"<unnamed>::pack_face_z(const double *, double *, int, int, int, int, int)"
7852172757,13836,,,7852183261,1888,13836,119,119,2,cudaLaunchKernel, 256    1    1, 256    1    1,"<unnamed>::pack_face_y(const double *, double *, int, int, int, int, int)"
7852177882,15282,7852193164,620,7852193784,1952,17854,122,122,5,cudaLaunchKernel, 256    1    1, 256    1    1,"<unnamed>::pack_face_x(const double *, double *, int, int, int, int, int)"
7852180010,11744,7852191754,1406,7852193160,217758,230908,133,133,7,cudaLaunchKernel,   8   64   64,  32    4    4,"<unnamed>::step_kernel_interior(const double *, const double *, double *, const double *, const double *, int, int, int, int, int, int, int, double, double)"
7852187962,14072,7852202034,651,7852202685,4256,18979,119,119,2,cudaLaunchKernel, 256    1    1, 256    1    1,"<unnamed>::pack_face_z(const double *, double *, int, int, int, int, int)"
7852198302,15886,7852214188,460,7852214648,1888,18234,122,122,5,cudaLaunchKernel, 256    1    1, 256    1    1,"<unnamed>::pack_face_y(const double *, double *, int, int, int, int, int)"
7852203804,18053,,,7852218781,217341,232318,119,119,2,cudaLaunchKernel,   8   64   64,  32    4    4,"<unnamed>::step_kernel_interior(const double *, const double *, double *, const double *, const double *, int, int, int, int, int, int, int, double, double)"
7852215443,18550,7852233993,463,7852234456,4032,23045,122,122,5,cudaLaunchKernel, 256    1    1, 256    1    1,"<unnamed>::pack_face_z(const double *, double *, int, int, int, int, int)"
7852240600,11116,7852251716,1715,7852253431,217118,229949,122,122,5,cudaLaunchKernel,   8   64   64,  32    4    4,"<unnamed>::step_kernel_interior(const double *, const double *, double *, const double *, const double *, int, int, int, int, int, int, int, double, double)"
7852325420,10217,7852335637,1565,7852337202,1696,13478,118,118,1,cudaLaunchKernel, 256    1    1, 256    1    1,"<unnamed>::unpack_face_x(const double *, double *, int, int, int, int, int)"
7852336484,15983,7852352467,970,7852353437,1696,18649,117,117,0,cudaLaunchKernel, 256    1    1, 256    1    1,"<unnamed>::unpack_face_x(const double *, double *, int, int, int, int, int)"
7852336620,8837,7852345457,1025,7852346482,1728,11590,118,118,1,cudaLaunchKernel, 256    1    1, 256    1    1,"<unnamed>::unpack_face_y(const double *, double *, int, int, int, int, int)"
7852342486,11016,7852353502,17315,7852370817,3168,31499,123,123,6,cudaLaunchKernel, 256    1    1, 256    1    1,"<unnamed>::unpack_face_x(const double *, double *, int, int, int, int, int)"
7852346384,9478,7852355862,1404,7852357266,2464,13346,118,118,1,cudaLaunchKernel, 256    1    1, 256    1    1,"<unnamed>::unpack_face_z(const double *, double *, int, int, int, int, int)"
7852350443,9765,7852360208,27821,7852388029,2847,40433,120,120,3,cudaLaunchKernel, 256    1    1, 256    1    1,"<unnamed>::unpack_face_x(const double *, double *, int, int, int, int, int)"
7852353474,11412,7852364886,1159,7852366045,1760,14331,117,117,0,cudaLaunchKernel, 256    1    1, 256    1    1,"<unnamed>::unpack_face_y(const double *, double *, int, int, int, int, int)"
7852354478,9556,7852364034,11039,7852375073,1792,22387,123,123,6,cudaLaunchKernel, 256    1    1, 256    1    1,"<unnamed>::unpack_face_y(const double *, double *, int, int, int, int, int)"
7852356150,20306,7852376456,56402,7852432858,3776,80484,119,119,2,cudaLaunchKernel, 256    1    1, 256    1    1,"<unnamed>::unpack_face_x(const double *, double *, int, int, int, int, int)"
7852356549,16265,7852372814,1131,7852373945,1728,19124,121,121,4,cudaLaunchKernel, 256    1    1, 256    1    1,"<unnamed>::unpack_face_x(const double *, double *, int, int, int, int, int)"
7852356957,13647,,,7852369138,4928,17109,118,118,1,cudaLaunchKernel, 512    1    1, 256    1    1,"<unnamed>::step_kernel_boundary_x_faces(const double *, const double *, double *, const double *, const double *, int, int, int, int, int, int, int, double, double)"
7852361424,10261,7852371685,20727,7852392412,1824,32812,120,120,3,cudaLaunchKernel, 256    1    1, 256    1    1,"<unnamed>::unpack_face_y(const double *, double *, int, int, int, int, int)"
7852365002,9866,7852374868,3213,7852378081,2496,15575,123,123,6,cudaLaunchKernel, 256    1    1, 256    1    1,"<unnamed>::unpack_face_z(const double *, double *, int, int, int, int, int)"
7852365356,14250,7852379606,27920,7852407526,2880,45050,133,133,7,cudaLaunchKernel, 256    1    1, 256    1    1,"<unnamed>::unpack_face_x(const double *, double *, int, int, int, int, int)"
7852369097,7258,7852376355,2170,7852378525,3104,12532,117,117,0,cudaLaunchKernel, 256    1    1, 256    1    1,"<unnamed>::unpack_face_z(const double *, double *, int, int, int, int, int)"
7852371511,5479,7852376990,2612,7852379602,4639,12730,118,118,1,cudaLaunchKernel, 508    1    1, 256    1    1,"<unnamed>::step_kernel_boundary_y_faces(const double *, const double *, double *, const double *, const double *, int, int, int, int, int, int, int, double, double)"
7852372576,15279,7852387855,79142,7852466997,3072,97493,122,122,5,cudaLaunchKernel, 256    1    1, 256    1    1,"<unnamed>::unpack_face_x(const double *, double *, int, int, int, int, int)"
7852372640,8608,7852381248,14396,7852395644,2848,25852,120,120,3,cudaLaunchKernel, 256    1    1, 256    1    1,"<unnamed>::unpack_face_z(const double *, double *, int, int, int, int, int)"
7852373789,11531,7852385320,977,7852386297,1760,14268,121,121,4,cudaLaunchKernel, 256    1    1, 256    1    1,"<unnamed>::unpack_face_y(const double *, double *, int, int, int, int, int)"
7852376023,8285,7852384308,1389,7852385697,4864,14538,123,123,6,cudaLaunchKernel, 512    1    1, 256    1    1,"<unnamed>::step_kernel_boundary_x_faces(const double *, const double *, double *, const double *, const double *, int, int, int, int, int, int, int, double, double)"
7852377396,10443,7852387839,2418,7852390257,27232,40093,118,118,1,cudaLaunchKernel, 505    1    1, 256    1    1,"<unnamed>::step_kernel_boundary_z_faces(const double *, const double *, double *, const double *, const double *, int, int, int, int, int, int, int, double, double)"
7852380676,8667,7852389343,2302,7852391645,5536,16505,117,117,0,cudaLaunchKernel, 512    1    1, 256    1    1,"<unnamed>::step_kernel_boundary_x_faces(const double *, const double *, double *, const double *, const double *, int, int, int, int, int, int, int, double, double)"
7852381249,7360,7852388609,24453,7852413062,1856,33669,133,133,7,cudaLaunchKernel, 256    1    1, 256    1    1,"<unnamed>::unpack_face_y(const double *, double *, int, int, int, int, int)"
7852381794,14560,7852396354,41624,7852437978,1920,58104,119,119,2,cudaLaunchKernel, 256    1    1, 256    1    1,"<unnamed>::unpack_face_y(const double *, double *, int, int, int, int, int)"
7852382435,5782,7852388217,11491,7852399708,4960,22233,120,120,3,cudaLaunchKernel, 512    1    1, 256    1    1,"<unnamed>::step_kernel_boundary_x_faces(const double *, const double *, double *, const double *, const double *, int, int, int, int, int, int, int, double, double)"
7852385180,4937,7852390117,2588,7852392705,4960,12485,123,123,6,cudaLaunchKernel, 508    1    1, 256    1    1,"<unnamed>::step_kernel_boundary_y_faces(const double *, const double *, double *, const double *, const double *, int, int, int, int, int, int, int, double, double)"
7852386263,10082,,,7852394360,2976,11073,121,121,4,cudaLaunchKernel, 256    1    1, 256    1    1,"<unnamed>::unpack_face_z(const double *, double *, int, int, int, int, int)"
7852388588,7955,7852396543,9597,7852406140,4768,22320,120,120,3,cudaLaunchKernel, 508    1    1, 256    1    1,"<unnamed>::step_kernel_boundary_y_faces(const double *, const double *, double *, const double *, const double *, int, int, int, int, int, int, int, double, double)"
7852388981,10569,7852399550,16808,7852416358,3231,30608,133,133,7,cudaLaunchKernel, 256    1    1, 256    1    1,"<unnamed>::unpack_face_z(const double *, double *, int, int, int, int, int)"
7852389113,14147,7852403260,68281,7852471541,1952,84380,122,122,5,cudaLaunchKernel, 256    1    1, 256    1    1,"<unnamed>::unpack_face_y(const double *, double *, int, int, int, int, int)"
7852389865,9359,7852399224,2373,7852401597,4896,16628,117,117,0,cudaLaunchKernel, 508    1    1, 256    1    1,"<unnamed>::step_kernel_boundary_y_faces(const double *, const double *, double *, const double *, const double *, int, int, int, int, int, int, int, double, double)"
7852390474,9064,7852399538,2095,7852401633,28384,39543,123,123,6,cudaLaunchKernel, 505    1    1, 256    1    1,"<unnamed>::step_kernel_boundary_z_faces(const double *, const double *, double *, const double *, const double *, int, int, int, int, int, int, int, double, double)"
7852397426,11709,7852409135,585,7852409720,4864,17158,121,121,4,cudaLaunchKernel, 512    1    1, 256    1    1,"<unnamed>::step_kernel_boundary_x_faces(const double *, const double *, double *, const double *, const double *, int, int, int, int, int, int, int, double, double)"
7852397453,5752,7852403205,9175,7852412380,26880,41807,120,120,3,cudaLaunchKernel, 505    1    1, 256    1    1,"<unnamed>::step_kernel_boundary_z_faces(const double *, const double *, double *, const double *, const double *, int, int, int, int, int, int, int, double, double)"
7852397589,6092,7852403681,14800,7852418481,1952,22844,118,118,1,cudaLaunchKernel, 256    1    1, 256    1    1,"<unnamed>::pack_face_x(const double *, double *, int, int, int, int, int)"
7852397649,13658,7852411307,29775,7852441082,2528,45961,119,119,2,cudaLaunchKernel, 256    1    1, 256    1    1,"<unnamed>::unpack_face_z(const double *, double *, int, int, int, int, int)"
7852400109,11158,7852411267,1369,7852412636,27424,39951,117,117,0,cudaLaunchKernel, 505    1    1, 256    1    1,"<unnamed>::step_kernel_boundary_z_faces(const double *, const double *, double *, const double *, const double *, int, int, int, int, int, int, int, double, double)"
7852400749,11614,7852412363,8634,7852420997,5088,25336,133,133,7,cudaLaunchKernel, 512    1    1, 256    1    1,"<unnamed>::step_kernel_boundary_x_faces(const double *, const double *, double *, const double *, const double *, int, int, int, int, int, int, int, double, double)"
7852404152,10158,7852414310,7147,7852421457,2592,19897,118,118,1,cudaLaunchKernel, 256    1    1, 256    1    1,"<unnamed>::pack_face_y(const double *, double *, int, int, int, int, int)"
7852408743,20050,7852428793,45916,7852474709,3712,69678,122,122,5,cudaLaunchKernel, 256    1    1, 256    1    1,"<unnamed>::unpack_face_z(const double *, double *, int, int, int, int, int)"
7852409998,17741,7852427739,1917,7852429656,4832,24490,121,121,4,cudaLaunchKernel, 508    1    1, 256    1    1,"<unnamed>::step_kernel_boundary_y_faces(const double *, const double *, double *, const double *, const double *, int, int, int, int, int, int, int, double, double)"
7852411149,20200,7852431349,2284,7852433633,1855,24339,123,123,6,cudaLaunchKernel, 256    1    1, 256    1    1,"<unnamed>::pack_face_x(const double *, double *, int, int, int, int, int)"
7852412820,17482,7852430302,10046,7852440348,2208,29736,120,120,3,cudaLaunchKernel, 256    1    1, 256    1    1,"<unnamed>::pack_face_x(const double *, double *, int, int, int, int, int)"
7852413039,21510,7852434549,10213,7852444762,5152,36875,119,119,2,cudaLaunchKernel, 512    1    1, 256    1    1,"<unnamed>::step_kernel_boundary_x_faces(const double *, const double *, double *, const double *, const double *, int, int, int, int, int, int, int, double, double)"
7852413274,20829,7852434103,1358,7852435461,4704,26891,133,133,7,cudaLaunchKernel, 508    1    1, 256    1    1,"<unnamed>::step_kernel_boundary_y_faces(const double *, const double *, double *, const double *, const double *, int, int, int, int, int, int, int, double, double)"
7852424459,11385,7852435844,1965,7852437809,4064,17414,118,118,1,cudaLaunchKernel, 256    1    1, 256    1    1,"<unnamed>::pack_face_z(const double *, double *, int, int, int, int, int)"
7852427749,7535,7852435284,6088,7852441372,1856,15479,117,117,0,cudaLaunchKernel, 256    1    1, 256    1    1,"<unnamed>::pack_face_x(const double *, double *, int, int, int, int, int)"
7852428636,6107,7852434743,3265,7852438008,27008,36380,121,121,4,cudaLaunchKernel, 505    1    1, 256    1    1,"<unnamed>::step_kernel_boundary_z_faces(const double *, const double *, double *, const double *, const double *, int, int, int, int, int, int, int, double, double)"
7852430292,13720,7852444012,35849,7852479861,4992,54561,122,122,5,cudaLaunchKernel, 512    1    1, 256    1    1,"<unnamed>::step_kernel_boundary_x_faces(const double *, const double *, double *, const double *, const double *, int, int, int, int, int, int, int, double, double)"
7852431268,4686,7852435954,7754,7852443708,1952,14392,120,120,3,cudaLaunchKernel, 256    1    1, 256    1    1,"<unnamed>::pack_face_y(const double *, double *, int, int, int, int, int)"
7852432346,10396,7852442742,1034,7852443776,2400,13830,123,123,6,cudaLaunchKernel, 256    1    1, 256    1    1,"<unnamed>::pack_face_y(const double *, double *, int, int, int, int, int)"
7852435012,15612,7852450624,229,7852450853,27200,43041,133,133,7,cudaLaunchKernel, 505    1    1, 256    1    1,"<unnamed>::step_kernel_boundary_z_faces(const double *, const double *, double *, const double *, const double *, int, int, int, int, int, int, int, double, double)"
7852435667,13652,,,7852447932,2016,14281,117,117,0,cudaLaunchKernel, 256    1    1, 256    1    1,"<unnamed>::pack_face_y(const double *, double *, int, int, int, int, int)"
7852435755,17851,7852453606,660,7852454266,4672,23183,119,119,2,cudaLaunchKernel, 508    1    1, 256    1    1,"<unnamed>::step_kernel_boundary_y_faces(const double *, const double *, double *, const double *, const double *, int, int, int, int, int, int, int, double, double)"
7852436396,12256,,,7852447932,4288,15824,120,120,3,cudaLaunchKernel, 256    1    1, 256    1    1,"<unnamed>::pack_face_z(const double *, double *, int, int, int, int, int)"
7852439133,11395,,,7852448945,217023,226835,118,118,1,cudaLaunchKernel,   8   64   64,  32    4    4,"<unnamed>::step_kernel_interior(const double *, const double *, double *, const double *, const double *, int, int, int, int, int, int, int, double, double)"
7852443712,9693,7852453405,1059,7852454464,4128,14880,123,123,6,cudaLaunchKernel, 256    1    1, 256    1    1,"<unnamed>::pack_face_z(const double *, double *, int, int, int, int, int)"
7852448950,20421,7852469371,16730,7852486101,4992,42143,122,122,5,cudaLaunchKernel, 508    1    1, 256    1    1,"<unnamed>::step_kernel_boundary_y_faces(const double *, const double *, double *, const double *, const double *, int, int, int, int, int, int, int, double, double)"
7852449068,12319,7852461387,4781,7852466168,2016,19116,121,121,4,cudaLaunchKernel, 256    1    1, 256    1    1,"<unnamed>::pack_face_x(const double *, double *, int, int, int, int, int)"
7852450012,10302,7852460314,1474,7852461788,216926,228702,120,120,3,cudaLaunchKernel,   8   64   64,  32    4    4,"<unnamed>::step_kernel_interior(const double *, const double *, double *, const double *, const double *, int, int, int, int, int, int, int, double, double)"
7852450364,12486,7852462850,1082,7852463932,4096,17664,117,117,0,cudaLaunchKernel, 256    1    1, 256    1    1,"<unnamed>::pack_face_z(const double *, double *, int, int, int, int, int)"
7852454523,9562,7852464085,1611,7852465696,216830,228003,123,123,6,cudaLaunchKernel,   8   64   64,  32    4    4,"<unnamed>::step_kernel_interior(const double *, const double *, double *, const double *, const double *, int, int, int, int, int, int, int, double, double)"
7852458902,18798,,,7852475514,28063,44675,119,119,2,cudaLaunchKernel, 505    1    1, 256    1    1,"<unnamed>::step_kernel_boundary_z_faces(const double *, const double *, double *, const double *, const double *, int, int, int, int, int, int, int, double, double)"
7852462314,11034,7852473348,1140,7852474488,1920,14094,121,121,4,cudaLaunchKernel, 256    1    1, 256    1    1,"<unnamed>::pack_face_y(const double *, double *, int, int, int, int, int)"
7852463004,14115,7852477119,2246,7852479365,1824,18185,133,133,7,cudaLaunchKernel, 256    1    1, 256    1    1,"<unnamed>::pack_face_x(const double *, double *, int, int, int, int, int)"
7852464005,13747,,,7852477148,217086,230229,117,117,0,cudaLaunchKernel,   8   64   64,  32    4    4,"<unnamed>::step_kernel_interior(const double *, const double *, double *, const double *, const double *, int, int, int, int, int, int, int, double, double)"
7852470513,14304,7852484817,7716,7852492533,26911,48931,122,122,5,cudaLaunchKernel, 505    1    1, 256    1    1,"<unnamed>::step_kernel_boundary_z_faces(const double *, const double *, double *, const double *, const double *, int, int, int, int, int, int, int, double, double)"
7852474293,11600,7852485893,1203,7852487096,4064,16867,121,121,4,cudaLaunchKernel, 256    1    1, 256    1    1,"<unnamed>::pack_face_z(const double *, double *, int, int, int, int, int)"
7852479419,12438,7852491857,1140,7852492997,1952,15530,133,133,7,cudaLaunchKernel, 256    1    1, 256    1    1,"<unnamed>::pack_face_y(const double *, double *, int, int, int, int, int)"
7852490335,11803,7852502138,1118,7852503256,217598,230519,121,121,4,cudaLaunchKernel,   8   64   64,  32    4    4,"<unnamed>::step_kernel_interior(const double *, const double *, double *, const double *, const double *, int, int, int, int, int, int, int, double, double)"
7852492767,11581,7852504348,1096,7852505444,3840,16517,133,133,7,cudaLaunchKernel, 256    1    1, 256    1    1,"<unnamed>::pack_face_z(const double *, double *, int, int, int, int, int)"
7852494960,18553,7852513513,752,7852514265,1888,21193,119,119,2,cudaLaunchKernel, 256    1    1, 256    1    1,"<unnamed>::pack_face_x(const double *, double *, int, int, int, int, int)"
7852504725,18455,,,7852521684,2016,18975,122,122,5,cudaLaunchKernel, 256    1    1, 256    1    1,"<unnamed>::pack_face_x(const double *, double *, int, int, int, int, int)"
7852505477,14654,,,7852519108,218238,231869,133,133,7,cudaLaunchKernel,   8   64   64,  32    4    4,"<unnamed>::step_kernel_interior(const double *, const double *, double *, const double *, const double *, int, int, int, int, int, int, int, double, double)"
7852514844,17913,7852532757,836,7852533593,1984,20733,119,119,2,cudaLaunchKernel, 256    1    1, 256    1    1,"<unnamed>::pack_face_y(const double *, double *, int, int, int, int, int)"
7852524403,17926,7852542329,187,7852542516,2464,20577,122,122,5,cudaLaunchKernel, 256    1    1, 256    1    1,"<unnamed>::pack_face_y(const double *, double *, int, int, int, int, int)"
7852537402,15235,7852552637,476,7852553113,4256,19967,119,119,2,cudaLaunchKernel, 256    1    1, 256    1    1,"<unnamed>::pack_face_z(const double *, double *, int, int, int, int, int)"
7852543712,21960,,,7852558452,4160,21960,122,122,5,cudaLaunchKernel, 256    1    1, 256    1    1,"<unnamed>::pack_face_z(const double *, double *, int, int, int, int, int)"
7852554662,21848,,,7852576216,217566,239120,119,119,2,cudaLaunchKernel,   8   64   64,  32    4    4,"<unnamed>::step_kernel_interior(const double *, const double *, double *, const double *, const double *, int, int, int, int, int, int, int, double, double)"
7852567397,16171,,,7852582324,217725,232652,122,122,5,cudaLaunchKernel,   8   64   64,  32    4    4,"<unnamed>::step_kernel_interior(const double *, const double *, double *, const double *, const double *, int, int, int, int, int, int, int, double, double)"
7852681404,6307,7852687711,2481,7852690192,1760,10548,118,118,1,cudaLaunchKernel, 256    1    1, 256    1    1,"<unnamed>::unpack_face_x(const double *, double *, int, int, int, int, int)"
7852688159,4201,7852692360,3624,7852695984,1888,9713,118,118,1,cudaLaunchKernel, 256    1    1, 256    1    1,"<unnamed>::unpack_face_y(const double *, double *, int, int, int, int, int)"
7852689961,10303,7852700264,1365,7852701629,2048,13716,123,123,6,cudaLaunchKernel, 256    1    1, 256    1    1,"<unnamed>::unpack_face_x(const double *, double *, int, int, int, int, int)"
7852692270,9719,7852701989,1492,7852703481,1728,12939,120,120,3,cudaLaunchKernel, 256    1    1, 256    1    1,"<unnamed>::unpack_face_x(const double *, double *, int, int, int, int, int)"
7852692819,8073,7852700892,1492,7852702384,2496,12061,118,118,1,cudaLaunchKernel, 256    1    1, 256    1    1,"<unnamed>::unpack_face_z(const double *, double *, int, int, int, int, int)"
7852698089,7593,7852705682,11940,7852717622,2528,22061,121,121,4,cudaLaunchKernel, 256    1    1, 256    1    1,"<unnamed>::unpack_face_x(const double *, double *, int, int, int, int, int)"
7852701239,5539,7852706778,2467,7852709245,1920,9926,123,123,6,cudaLaunchKernel, 256    1    1, 256    1    1,"<unnamed>::unpack_face_y(const double *, double *, int, int, int, int, int)"
7852702014,9922,,,7852710255,4768,13009,118,118,1,cudaLaunchKernel, 512    1    1, 256    1    1,"<unnamed>::step_kernel_boundary_x_faces(const double *, const double *, double *, const double *, const double *, int, int, int, int, int, int, int, double, double)"
7852702977,8920,7852711897,1504,7852713401,1792,12216,120,120,3,cudaLaunchKernel, 256    1    1, 256    1    1,"<unnamed>::unpack_face_y(const double *, double *, int, int, int, int, int)"
7852706125,13063,7852719188,2146,7852721334,1888,17097,121,121,4,cudaLaunchKernel, 256    1    1, 256    1    1,"<unnamed>::unpack_face_y(const double *, double *, int, int, int, int, int)"
7852706213,14160,,,7852719386,1792,14965,117,117,0,cudaLaunchKernel, 256    1    1, 256    1    1,"<unnamed>::unpack_face_x(const double *, double *, int, int, int, int, int)"
7852707200,9109,7852716309,1608,7852717917,2496,13213,123,123,6,cudaLaunchKernel, 256    1    1, 256    1    1,"<unnamed>::unpack_face_z(const double *, double *, int, int, int, int, int)"
7852712840,9555,,,7852720719,5408,13287,118,118,1,cudaLaunchKernel, 508    1    1, 256    1    1,"<unnamed>::step_kernel_boundary_y_faces(const double *, const double *, double *, const double *, const double *, int, int, int, int, int, int, int, double, double)"
7852712874,9800,7852722674,1255,7852723929,3008,14063,120,120,3,cudaLaunchKernel, 256    1    1, 256    1    1,"<unnamed>::unpack_face_z(const double *, double *, int, int, int, int, int)"
7852712903,18517,7852731420,59002,7852790422,2720,80239,119,119,2,cudaLaunchKernel, 256    1    1, 256    1    1,"<unnamed>::unpack_face_x(const double *, double *, int, int, int, int, int)"
7852716077,14972,7852731049,3193,7852734242,2624,20789,133,133,7,cudaLaunchKernel, 256    1    1, 256    1    1,"<unnamed>::unpack_face_x(const double *, double *, int, int, int, int, int)"
7852717373,11645,,,7852728381,4800,15808,123,123,6,cudaLaunchKernel, 512    1    1, 256    1    1,"<unnamed>::step_kernel_boundary_x_faces(const double *, const double *, double *, const double *, const double *, int, int, int, int, int, int, int, double, double)"
7852721140,11904,7852733044,930,7852733974,3104,15938,121,121,4,cudaLaunchKernel, 256    1    1, 256    1    1,"<unnamed>::unpack_face_z(const double *, double *, int, int, int, int, int)"
7852721581,12331,7852733912,1186,7852735098,2048,15565,117,117,0,cudaLaunchKernel, 256    1    1, 256    1    1,"<unnamed>::unpack_face_y(const double *, double *, int, int, int, int, int)"
7852723269,9796,7852733065,1094,7852734159,27104,37994,118,118,1,cudaLaunchKernel, 505    1    1, 256    1    1,"<unnamed>::step_kernel_boundary_z_faces(const double *, const double *, double *, const double *, const double *, int, int, int, int, int, int, int, double, double)"
7852723373,19414,7852742787,53902,7852796689,2848,76164,122,122,5,cudaLaunchKernel, 256    1    1, 256    1    1,"<unnamed>::unpack_face_x(const double *, double *, int, int, int, int, int)"
7852723818,10339,7852734157,1164,7852735321,4832,16335,120,120,3,cudaLaunchKernel, 512    1    1, 256    1    1,"<unnamed>::step_kernel_boundary_x_faces(const double *, const double *, double *, const double *, const double *, int, int, int, int, int, int, int, double, double)"
7852730304,9235,,,7852738269,4768,12733,123,123,6,cudaLaunchKernel, 508    1    1, 256    1    1,"<unnamed>::step_kernel_boundary_y_faces(const double *, const double *, double *, const double *, const double *, int, int, int, int, int, int, int, double, double)"
7852732004,16794,7852748798,3331,7852752129,1824,21949,133,133,7,cudaLaunchKernel, 256    1    1, 256    1    1,"<unnamed>::unpack_face_y(const double *, double *, int, int, int, int, int)"
7852733073,29707,7852762780,31930,7852794710,1888,63525,119,119,2,cudaLaunchKernel, 256    1    1, 256    1    1,"<unnamed>::unpack_face_y(const double *, double *, int, int, int, int, int)"
7852734227,16013,7852750240,790,7852751030,4864,21667,121,121,4,cudaLaunchKernel, 512    1    1, 256    1    1,"<unnamed>::step_kernel_boundary_x_faces(const double *, const double *, double *, const double *, const double *, int, int, int, int, int, int, int, double, double)"
7852734806,18123,7852752929,1561,7852754490,3040,22724,117,117,0,cudaLaunchKernel, 256    1    1, 256    1    1,"<unnamed>::unpack_face_z(const double *, double *, int, int, int, int, int)"
7852736962,12281,7852749243,1854,7852751097,4896,19031,120,120,3,cudaLaunchKernel, 508    1    1, 256    1    1,"<unnamed>::step_kernel_boundary_y_faces(const double *, const double *, double *, const double *, const double *, int, int, int, int, int, int, int, double, double)"
7852740452,8190,7852748642,3547,7852752189,27488,39225,123,123,6,cudaLaunchKernel, 505    1    1, 256    1    1,"<unnamed>::step_kernel_boundary_z_faces(const double *, const double *, double *, const double *, const double *, int, int, int, int, int, int, int, double, double)"
7852742720,13095,7852755815,6504,7852762319,1920,21519,118,118,1,cudaLaunchKernel, 256    1    1, 256    1    1,"<unnamed>::pack_face_x(const double *, double *, int, int, int, int, int)"
7852748165,24662,7852772827,28438,7852801265,1888,54988,122,122,5,cudaLaunchKernel, 256    1    1, 256    1    1,"<unnamed>::unpack_face_y(const double *, double *, int, int, int, int, int)"
7852749748,6154,7852755902,3715,7852759617,3232,13101,133,133,7,cudaLaunchKernel, 256    1    1, 256    1    1,"<unnamed>::unpack_face_z(const double *, double *, int, int, int, int, int)"
7852749873,4440,7852754313,3952,7852758265,27232,35624,120,120,3,cudaLaunchKernel, 505    1    1, 256    1    1,"<unnamed>::step_kernel_boundary_z_faces(const double *, const double *, double *, const double *, const double *, int, int, int, int, int, int, int, double, double)"
7852751088,9344,,,7852759734,4608,13254,121,121,4,cudaLaunchKernel, 508    1    1, 256    1    1,"<unnamed>::step_kernel_boundary_y_faces(const double *, const double *, double *, const double *, const double *, int, int, int, int, int, int, int, double, double)"
7852753931,8354,7852762285,19504,7852781789,1792,29650,123,123,6,cudaLaunchKernel, 256    1    1, 256    1    1,"<unnamed>::pack_face_x(const double *, double *, int, int, int, int, int)"
7852753939,8950,7852762889,2065,7852764954,4800,15815,117,117,0,cudaLaunchKernel, 512    1    1, 256    1    1,"<unnamed>::step_kernel_boundary_x_faces(const double *, const double *, double *, const double *, const double *, int, int, int, int, int, int, int, double, double)"
7852756240,8767,7852765007,1344,7852766351,2016,12127,118,118,1,cudaLaunchKernel, 256    1    1, 256    1    1,"<unnamed>::pack_face_y(const double *, double *, int, int, int, int, int)"
7852760178,11445,7852771623,602,7852772225,4992,17039,133,133,7,cudaLaunchKernel, 512    1    1, 256    1    1,"<unnamed>::step_kernel_boundary_x_faces(const double *, const double *, double *, const double *, const double *, int, int, int, int, int, int, int, double, double)"
7852761408,10815,7852772223,759,7852772982,28448,40022,121,121,4,cudaLaunchKernel, 505    1    1, 256    1    1,"<unnamed>::step_kernel_boundary_z_faces(const double *, const double *, double *, const double *, const double *, int, int, int, int, int, int, int, double, double)"
7852763227,9112,7852772339,12553,7852784892,1952,23617,123,123,6,cudaLaunchKernel, 256    1    1, 256    1    1,"<unnamed>::pack_face_y(const double *, double *, int, int, int, int, int)"
7852763758,12209,7852775967,1467,7852777434,4671,18347,117,117,0,cudaLaunchKernel, 508    1    1, 256    1    1,"<unnamed>::step_kernel_boundary_y_faces(const double *, const double *, double *, const double *, const double *, int, int, int, int, int, int, int, double, double)"
7852764226,18216,7852782442,15244,7852797686,2495,35955,119,119,2,cudaLaunchKernel, 256    1    1, 256    1    1,"<unnamed>::unpack_face_z(const double *, double *, int, int, int, int, int)"
7852765275,11092,7852776367,10474,7852786841,1791,23357,120,120,3,cudaLaunchKernel, 256    1    1, 256    1    1,"<unnamed>::pack_face_x(const double *, double *, int, int, int, int, int)"
7852766000,9889,7852775889,1246,7852777135,3968,15103,118,118,1,cudaLaunchKernel, 256    1    1, 256    1    1,"<unnamed>::pack_face_z(const double *, double *, int, int, int, int, int)"
7852772536,11177,7852783713,1152,7852784865,4800,17129,133,133,7,cudaLaunchKernel, 508    1    1, 256    1    1,"<unnamed>::step_kernel_boundary_y_faces(const double *, const double *, double *, const double *, const double *, int, int, int, int, int, int, int, double, double)"
7852773243,9846,7852783089,5035,7852788124,4128,19009,123,123,6,cudaLaunchKernel, 256    1    1, 256    1    1,"<unnamed>::pack_face_z(const double *, double *, int, int, int, int, int)"
7852774095,18537,7852792632,11961,7852804593,2496,32994,122,122,5,cudaLaunchKernel, 256    1    1, 256    1    1,"<unnamed>::unpack_face_z(const double *, double *, int, int, int, int, int)"
7852779876,12223,7852792099,1110,7852793209,27712,41045,117,117,0,cudaLaunchKernel, 505    1    1, 256    1    1,"<unnamed>::step_kernel_boundary_z_faces(const double *, const double *, double *, const double *, const double *, int, int, int, int, int, int, int, double, double)"
7852779920,10833,7852790753,782,7852791535,216799,228414,118,118,1,cudaLaunchKernel,   8   64   64,  32    4    4,"<unnamed>::step_kernel_interior(const double *, const double *, double *, const double *, const double *, int, int, int, int, int, int, int, double, double)"
7852780480,9973,7852790453,611,7852791064,2048,12632,120,120,3,cudaLaunchKernel, 256    1    1, 256    1    1,"<unnamed>::pack_face_y(const double *, double *, int, int, int, int, int)"
7852783160,15299,7852798459,4059,7852802518,2016,21374,121,121,4,cudaLaunchKernel, 256    1    1, 256    1    1,"<unnamed>::pack_face_x(const double *, double *, int, int, int, int, int)"
7852783872,18857,7852802729,684,7852803413,4800,24341,119,119,2,cudaLaunchKernel, 512    1    1, 256    1    1,"<unnamed>::step_kernel_boundary_x_faces(const double *, const double *, double *, const double *, const double *, int, int, int, int, int, int, int, double, double)"
7852784224,9355,7852793579,1265,7852794844,217886,228506,123,123,6,cudaLaunchKernel,   8   64   64,  32    4    4,"<unnamed>::step_kernel_interior(const double *, const double *, double *, const double *, const double *, int, int, int, int, int, int, int, double, double)"
7852784566,12694,,,7852796033,28160,39627,133,133,7,cudaLaunchKernel, 505    1    1, 256    1    1,"<unnamed>::step_kernel_boundary_z_faces(const double *, const double *, double *, const double *, const double *, int, int, int, int, int, int, int, double, double)"
7852791395,10394,7852801789,1211,7852803000,4000,15605,120,120,3,cudaLaunchKernel, 256    1    1, 256    1    1,"<unnamed>::pack_face_z(const double *, double *, int, int, int, int, int)"
7852797435,12120,7852809555,1342,7852810897,5216,18678,122,122,5,cudaLaunchKernel, 512    1    1, 256    1    1,"<unnamed>::step_kernel_boundary_x_faces(const double *, const double *, double *, const double *, const double *, int, int, int, int, int, int, int, double, double)"
7852799547,7113,7852806660,2098,7852808758,1856,11067,121,121,4,cudaLaunchKernel, 256    1    1, 256    1    1,"<unnamed>::pack_face_y(const double *, double *, int, int, int, int, int)"
7852802918,5421,7852808339,2597,7852810936,217694,225712,120,120,3,cudaLaunchKernel,   8   64   64,  32    4    4,"<unnamed>::step_kernel_interior(const double *, const double *, double *, const double *, const double *, int, int, int, int, int, int, int, double, double)"
7852802961,12521,7852815482,6463,7852821945,1888,20872,117,117,0,cudaLaunchKernel, 256    1    1, 256    1    1,"<unnamed>::pack_face_x(const double *, double *, int, int, int, int, int)"
7852803928,15295,7852819223,510,7852819733,4768,20573,119,119,2,cudaLaunchKernel, 508    1    1, 256    1    1,"<unnamed>::step_kernel_boundary_y_faces(const double *, const double *, double *, const double *, const double *, int, int, int, int, int, int, int, double, double)"
7852804158,11509,7852815667,9838,7852825505,1888,23235,133,133,7,cudaLaunchKernel, 256    1    1, 256    1    1,"<unnamed>::pack_face_x(const double *, double *, int, int, int, int, int)"
7852807022,11857,7852818879,982,7852819861,3968,16807,121,121,4,cudaLaunchKernel, 256    1    1, 256    1    1,"<unnamed>::pack_face_z(const double *, double *, int, int, int, int, int)"
7852814584,9803,7852824387,1614,7852826001,4640,16057,122,122,5,cudaLaunchKernel, 508    1    1, 256    1    1,"<unnamed>::step_kernel_boundary_y_faces(const double *, const double *, double *, const double *, const double *, int, int, int, int, int, int, int, double, double)"
7852816449,5639,7852822088,2801,7852824889,2016,10456,117,117,0,cudaLaunchKernel, 256    1    1, 256    1    1,"<unnamed>::pack_face_y(const double *, double *, int, int, int, int, int)"
7852816613,6787,7852823400,5273,7852828673,1984,14044,133,133,7,cudaLaunchKernel, 256    1    1, 256    1    1,"<unnamed>::pack_face_y(const double *, double *, int, int, int, int, int)"
7852819997,6288,7852826285,2664,7852828949,216607,225559,121,121,4,cudaLaunchKernel,   8   64   64,  32    4    4,"<unnamed>::step_kernel_interior(const double *, const double *, double *, const double *, const double *, int, int, int, int, int, int, int, double, double)"
7852820433,8611,7852829044,2209,7852831253,27808,38628,119,119,2,cudaLaunchKernel, 505    1    1, 256    1    1,"<unnamed>::step_kernel_boundary_z_faces(const double *, const double *, double *, const double *, const double *, int, int, int, int, int, int, int, double, double)"
7852822480,5843,7852828323,3350,7852831673,4256,13449,117,117,0,cudaLaunchKernel, 256    1    1, 256    1    1,"<unnamed>::pack_face_z(const double *, double *, int, int, int, int, int)"
7852823804,10506,,,7852833313,3999,13508,133,133,7,cudaLaunchKernel, 256    1    1, 256    1    1,"<unnamed>::pack_face_z(const double *, double *, int, int, int, int, int)"
7852825089,13633,7852838722,527,7852839249,26911,41071,122,122,5,cudaLaunchKernel, 505    1    1, 256    1    1,"<unnamed>::step_kernel_boundary_z_faces(const double *, const double *, double *, const double *, const double *, int, int, int, int, int, int, int, double, double)"
7852829008,10512,7852839520,1273,7852840793,218718,230503,117,117,0,cudaLaunchKernel,   8   64   64,  32    4    4,"<unnamed>::step_kernel_interior(const double *, const double *, double *, const double *, const double *, int, int, int, int, int, int, int, double, double)"
7852835413,8196,7852843609,2791,7852846400,216830,227817,133,133,7,cudaLaunchKernel,   8   64   64,  32    4    4,"<unnamed>::step_kernel_interior(const double *, const double *, double *, const double *, const double *, int, int, int, int, int, int, int, double, double)"
7852843011,9556,7852852567,7614,7852860181,1920,19090,119,119,2,cudaLaunchKernel, 256    1    1, 256    1    1,"<unnamed>::pack_face_x(const double *, double *, int, int, int, int, int)"
7852849230,7847,7852857077,10363,7852867440,1856,20066,122,122,5,cudaLaunchKernel, 256    1    1, 256    1    1,"<unnamed>::pack_face_x(const double *, double *, int, int, int, int, int)"
7852853334,7379,7852860713,2412,7852863125,1952,11743,119,119,2,cudaLaunchKernel, 256    1    1, 256    1    1,"<unnamed>::pack_face_y(const double *, double *, int, int, int, int, int)"
7852857903,14352,7852872255,817,7852873072,1984,17153,122,122,5,cudaLaunchKernel, 256    1    1, 256    1    1,"<unnamed>::pack_face_y(const double *, double *, int, int, int, int, int)"
7852866641,13975,7852880616,236,7852880852,4288,18499,119,119,2,cudaLaunchKernel, 256    1    1, 256    1    1,"<unnamed>::pack_face_z(const double *, double *, int, int, int, int, int)"
7852878106,23448,,,7852890416,4032,23448,122,122,5,cudaLaunchKernel, 256    1    1, 256    1    1,"<unnamed>::pack_face_z(const double *, double *, int, int, int, int, int)"
7852882750,25786,7852908536,380,7852908916,217757,243923,119,119,2,cudaLaunchKernel,   8   64   64,  32    4    4,"<unnamed>::step_kernel_interior(const double *, const double *, double *, const double *, const double *, int, int, int, int, int, int, int, double, double)"
7852907569,19033,,,7852923760,217917,234108,122,122,5,cudaLaunchKernel,   8   64   64,  32    4    4,"<unnamed>::step_kernel_interior(const double *, const double *, double *, const double *, const double *, int, int, int, int, int, int, int, double, double)"
7853001142,6887,7853008029,4317,7853012346,1824,13028,123,123,6,cudaLaunchKernel, 256    1    1, 256    1    1,"<unnamed>::unpack_face_x(const double *, double *, int, int, int, int, int)"
7853004639,10621,7853015260,10138,7853025398,2720,23479,120,120,3,cudaLaunchKernel, 256    1    1, 256    1    1,"<unnamed>::unpack_face_x(const double *, double *, int, int, int, int, int)"
7853008454,8043,7853016497,2473,7853018970,1792,12308,123,123,6,cudaLaunchKernel, 256    1    1, 256    1    1,"<unnamed>::unpack_face_y(const double *, double *, int, int, int, int, int)"
7853016262,4975,7853021237,8193,7853029430,1760,14928,120,120,3,cudaLaunchKernel, 256    1    1, 256    1    1,"<unnamed>::unpack_face_y(const double *, double *, int, int, int, int, int)"
7853017453,5654,7853023107,2647,7853025754,2592,10893,123,123,6,cudaLaunchKernel, 256    1    1, 256    1    1,"<unnamed>::unpack_face_z(const double *, double *, int, int, int, int, int)"
7853018424,6395,7853024819,2331,7853027150,1792,10518,118,118,1,cudaLaunchKernel, 256    1    1, 256    1    1,"<unnamed>::unpack_face_x(const double *, double *, int, int, int, int, int)"
7853021609,9023,7853030632,2030,7853032662,3360,14413,120,120,3,cudaLaunchKernel, 256    1    1, 256    1    1,"<unnamed>::unpack_face_z(const double *, double *, int, int, int, int, int)"
7853023800,7635,7853031435,2159,7853033594,5088,14882,123,123,6,cudaLaunchKernel, 512    1    1, 256    1    1,"<unnamed>::step_kernel_boundary_x_faces(const double *, const double *, double *, const double *, const double *, int, int, int, int, int, int, int, double, double)"
7853025309,11561,,,7853036621,1728,13040,118,118,1,cudaLaunchKernel, 256    1    1, 256    1    1,"<unnamed>::unpack_face_y(const double *, double *, int, int, int, int, int)"
7853031756,10200,7853041956,1106,7853043062,5088,16394,120,120,3,cudaLaunchKernel, 512    1    1, 256    1    1,"<unnamed>::step_kernel_boundary_x_faces(const double *, const double *, double *, const double *, const double *, int, int, int, int, int, int, int, double, double)"
7853032334,9899,7853042233,1249,7853043482,5759,16907,123,123,6,cudaLaunchKernel, 508    1    1, 256    1    1,"<unnamed>::step_kernel_boundary_y_faces(const double *, const double *, double *, const double *, const double *, int, int, int, int, int, int, int, double, double)"
7853038960,6509,7853045469,2224,7853047693,2528,11261,118,118,1,cudaLaunchKernel, 256    1    1, 256    1    1,"<unnamed>::unpack_face_z(const double *, double *, int, int, int, int, int)"
7853039515,7295,7853046810,8957,7853055767,3232,19484,117,117,0,cudaLaunchKernel, 256    1    1, 256    1    1,"<unnamed>::unpack_face_x(const double *, double *, int, int, int, int, int)"
7853042875,9579,,,7853051830,4896,13851,120,120,3,cudaLaunchKernel, 508    1    1, 256    1    1,"<unnamed>::step_kernel_boundary_y_faces(const double *, const double *, double *, const double *, const double *, int, int, int, int, int, int, int, double, double)"
7853043115,5389,7853048504,2721,7853051225,27072,35182,123,123,6,cudaLaunchKernel, 505    1    1, 256    1    1,"<unnamed>::step_kernel_boundary_z_faces(const double *, const double *, double *, const double *, const double *, int, int, int, int, int, int, int, double, double)"
7853043138,15011,7853058149,64844,7853122993,3040,82895,119,119,2,cudaLaunchKernel, 256    1    1, 256    1    1,"<unnamed>::unpack_face_x(const double *, double *, int, int, int, int, int)"
7853045300,20864,7853066164,384,7853066548,1856,23104,121,121,4,cudaLaunchKernel, 256    1    1, 256    1    1,"<unnamed>::unpack_face_x(const double *, double *, int, int, int, int, int)"
7853046128,8404,7853054532,1993,7853056525,4896,15293,118,118,1,cudaLaunchKernel, 512    1    1, 256    1    1,"<unnamed>::step_kernel_boundary_x_faces(const double *, const double *, double *, const double *, const double *, int, int, int, int, int, int, int, double, double)"
7853047209,11353,7853058562,2677,7853061239,1728,15758,117,117,0,cudaLaunchKernel, 256    1    1, 256    1    1,"<unnamed>::unpack_face_y(const double *, double *, int, int, int, int, int)"
7853052014,11537,,,7853063358,1792,13136,133,133,7,cudaLaunchKernel, 256    1    1, 256    1    1,"<unnamed>::unpack_face_x(const double *, double *, int, int, int, int, int)"
7853053339,6670,7853060009,2477,7853062486,27039,36186,120,120,3,cudaLaunchKernel, 505    1    1, 256    1    1,"<unnamed>::step_kernel_boundary_z_faces(const double *, const double *, double *, const double *, const double *, int, int, int, int, int, int, int, double, double)"
7853055434,8636,,,7853063725,4992,13283,118,118,1,cudaLaunchKernel, 508    1    1, 256    1    1,"<unnamed>::step_kernel_boundary_y_faces(const double *, const double *, double *, const double *, const double *, int, int, int, int, int, int, int, double, double)"
7853055701,18026,7853073727,64462,7853138189,2976,85464,122,122,5,cudaLaunchKernel, 256    1    1, 256    1    1,"<unnamed>::unpack_face_x(const double *, double *, int, int, int, int, int)"
7853058647,9430,7853068077,11372,7853079449,1856,22658,123,123,6,cudaLaunchKernel, 256    1    1, 256    1    1,"<unnamed>::pack_face_x(const double *, double *, int, int, int, int, int)"
7853059447,10448,7853069895,1328,7853071223,3040,14816,117,117,0,cudaLaunchKernel, 256    1    1, 256    1    1,"<unnamed>::unpack_face_z(const double *, double *, int, int, int, int, int)"
7853059673,18484,7853078157,49380,7853127537,1920,69784,119,119,2,cudaLaunchKernel, 256    1    1, 256    1    1,"<unnamed>::unpack_face_y(const double *, double *, int, int, int, int, int)"
7853064994,11671,7853076665,997,7853077662,1760,14428,133,133,7,cudaLaunchKernel, 256    1    1, 256    1    1,"<unnamed>::unpack_face_y(const double *, double *, int, int, int, int, int)"
7853065348,10456,,,7853074029,27584,36265,118,118,1,cudaLaunchKernel, 505    1    1, 256    1    1,"<unnamed>::step_kernel_boundary_z_faces(const double *, const double *, double *, const double *, const double *, int, int, int, int, int, int, int, double, double)"
7853067133,12606,7853079739,953,7853080692,2560,16119,121,121,4,cudaLaunchKernel, 256    1    1, 256    1    1,"<unnamed>::unpack_face_y(const double *, double *, int, int, int, int, int)"
7853069032,18687,7853087719,1394,7853089113,1888,21969,123,123,6,cudaLaunchKernel, 256    1    1, 256    1    1,"<unnamed>::pack_face_y(const double *, double *, int, int, int, int, int)"
7853070054,10150,7853080204,10441,7853090645,1920,22511,120,120,3,cudaLaunchKernel, 256    1    1, 256    1    1,"<unnamed>::pack_face_x(const double *, double *, int, int, int, int, int)"
7853074217,11110,7853085327,456,7853085783,5088,16654,117,117,0,cudaLaunchKernel, 512    1    1, 256    1    1,"<unnamed>::step_kernel_boundary_x_faces(const double *, const double *, double *, const double *, const double *, int, int, int, int, int, int, int, double, double)"
7853075642,17860,7853093502,49327,7853142829,1888,69075,122,122,5,cudaLaunchKernel, 256    1    1, 256    1    1,"<unnamed>::unpack_face_y(const double *, double *, int, int, int, int, int)"
7853077807,11338,7853089145,1156,7853090301,3264,15758,133,133,7,cudaLaunchKernel, 256    1    1, 256    1    1,"<unnamed>::unpack_face_z(const double *, double *, int, int, int, int, int)"
7853079501,19206,7853098707,31870,7853130577,2496,53572,119,119,2,cudaLaunchKernel, 256    1    1, 256    1    1,"<unnamed>::unpack_face_z(const double *, double *, int, int, int, int, int)"
7853083789,12978,,,7853094484,2720,13415,121,121,4,cudaLaunchKernel, 256    1    1, 256    1    1,"<unnamed>::unpack_face_z(const double *, double *, int, int, int, int, int)"
7853084209,6928,7853091137,3028,7853094165,1920,11876,120,120,3,cudaLaunchKernel, 256    1    1, 256    1    1,"<unnamed>::pack_face_y(const double *, double *, int, int, int, int, int)"
7853086222,10547,7853096769,1302,7853098071,4928,16777,117,117,0,cudaLaunchKernel, 508    1    1, 256    1    1,"<unnamed>::step_kernel_boundary_y_faces(const double *, const double *, double *, const double *, const double *, int, int, int, int, int, int, int, double, double)"
7853086552,9997,7853096549,6120,7853102669,1792,17909,118,118,1,cudaLaunchKernel, 256    1    1, 256    1    1,"<unnamed>::pack_face_x(const double *, double *, int, int, int, int, int)"
7853088654,8803,7853097457,1192,7853098649,4192,14187,123,123,6,cudaLaunchKernel, 256    1    1, 256    1    1,"<unnamed>::pack_face_z(const double *, double *, int, int, int, int, int)"
7853090257,11624,7853101881,1284,7853103165,5120,18028,133,133,7,cudaLaunchKernel, 512    1    1, 256    1    1,"<unnamed>::step_kernel_boundary_x_faces(const double *, const double *, double *, const double *, const double *, int, int, int, int, int, int, int, double, double)"
7853094289,8051,7853102340,1905,7853104245,4160,14116,120,120,3,cudaLaunchKernel, 256    1    1, 256    1    1,"<unnamed>::pack_face_z(const double *, double *, int, int, int, int, int)"
7853096661,16762,7853113423,32510,7853145933,2528,51800,122,122,5,cudaLaunchKernel, 256    1    1, 256    1    1,"<unnamed>::unpack_face_z(const double *, double *, int, int, int, int, int)"
7853097525,5704,7853103229,3312,7853106541,1984,11000,118,118,1,cudaLaunchKernel, 256    1    1, 256    1    1,"<unnamed>::pack_face_y(const double *, double *, int, int, int, int, int)"
7853097639,11290,7853108929,662,7853109591,27104,39056,117,117,0,cudaLaunchKernel, 505    1    1, 256    1    1,"<unnamed>::step_kernel_boundary_z_faces(const double *, const double *, double *, const double *, const double *, int, int, int, int, int, int, int, double, double)"
7853098032,11128,7853109160,331,7853109491,4832,16291,121,121,4,cudaLaunchKernel, 512    1    1, 256    1    1,"<unnamed>::step_kernel_boundary_x_faces(const double *, const double *, double *, const double *, const double *, int, int, int, int, int, int, int, double, double)"
7853098552,5536,7853104088,2529,7853106617,216925,224990,123,123,6,cudaLaunchKernel,   8   64   64,  32    4    4,"<unnamed>::step_kernel_interior(const double *, const double *, double *, const double *, const double *, int, int, int, int, int, int, int, double, double)"
7853100459,14320,7853114779,20086,7853134865,4928,39334,119,119,2,cudaLaunchKernel, 512    1    1, 256    1    1,"<unnamed>::step_kernel_boundary_x_faces(const double *, const double *, double *, const double *, const double *, int, int, int, int, int, int, int, double, double)"
7853102824,11745,7853114569,1204,7853115773,4800,17749,133,133,7,cudaLaunchKernel, 508    1    1, 256    1    1,"<unnamed>::step_kernel_boundary_y_faces(const double *, const double *, double *, const double *, const double *, int, int, int, int, int, int, int, double, double)"
7853103208,8614,7853111822,1479,7853113301,217118,227211,120,120,3,cudaLaunchKernel,   8   64   64,  32    4    4,"<unnamed>::step_kernel_interior(const double *, const double *, double *, const double *, const double *, int, int, int, int, int, int, int, double, double)"
7853103629,8761,7853112390,1383,7853113773,4032,14176,118,118,1,cudaLaunchKernel, 256    1    1, 256    1    1,"<unnamed>::pack_face_z(const double *, double *, int, int, int, int, int)"
7853110054,6449,7853116503,3132,7853119635,4736,14317,121,121,4,cudaLaunchKernel, 508    1    1, 256    1    1,"<unnamed>::step_kernel_boundary_y_faces(const double *, const double *, double *, const double *, const double *, int, int, int, int, int, int, int, double, double)"
7853113538,8691,7853122229,664,7853122893,217375,226730,118,118,1,cudaLaunchKernel,   8   64   64,  32    4    4,"<unnamed>::step_kernel_interior(const double *, const double *, double *, const double *, const double *, int, int, int, int, int, int, int, double, double)"
7853115184,19055,7853134239,15662,7853149901,4704,39421,122,122,5,cudaLaunchKernel, 512    1    1, 256    1    1,"<unnamed>::step_kernel_boundary_x_faces(const double *, const double *, double *, const double *, const double *, int, int, int, int, int, int, int, double, double)"
7853115463,11324,7853126787,1242,7853128029,27008,39574,133,133,7,cudaLaunchKernel, 505    1    1, 256    1    1,"<unnamed>::step_kernel_boundary_z_faces(const double *, const double *, double *, const double *, const double *, int, int, int, int, int, int, int, double, double)"
7853115968,18807,7853134775,6138,7853140913,5024,29969,119,119,2,cudaLaunchKernel, 508    1    1, 256    1    1,"<unnamed>::step_kernel_boundary_y_faces(const double *, const double *, double *, const double *, const double *, int, int, int, int, int, int, int, double, double)"
7853120549,13003,,,7853131475,27136,38062,121,121,4,cudaLaunchKernel, 505    1    1, 256    1    1,"<unnamed>::step_kernel_boundary_z_faces(const double *, const double *, double *, const double *, const double *, int, int, int, int, int, int, int, double, double)"
7853121106,6746,7853127852,9963,7853137815,2112,18821,117,117,0,cudaLaunchKernel, 256    1    1, 256    1    1,"<unnamed>::pack_face_x(const double *, double *, int, int, int, int, int)"
7853128242,16252,7853144494,1385,7853145879,1920,19557,117,117,0,cudaLaunchKernel, 256    1    1, 256    1    1,"<unnamed>::pack_face_y(const double *, double *, int, int, int, int, int)"
7853135650,23264,7853158914,779,7853159693,4896,28939,122,122,5,cudaLaunchKernel, 508    1    1, 256    1    1,"<unnamed>::step_kernel_boundary_y_faces(const double *, const double *, double *, const double *, const double *, int, int, int, int, int, int, int, double, double)"
7853136214,13661,7853149875,830,7853150705,28224,42715,119,119,2,cudaLaunchKernel, 505    1    1, 256    1    1,"<unnamed>::step_kernel_boundary_z_faces(const double *, const double *, double *, const double *, const double *, int, int, int, int, int, int, int, double, double)"
7853138962,11285,7853150247,5910,7853156157,1952,19147,133,133,7,cudaLaunchKernel, 256    1    1, 256    1    1,"<unnamed>::pack_face_x(const double *, double *, int, int, int, int, int)"
7853144926,12628,7853157554,2465,7853160019,1792,16885,121,121,4,cudaLaunchKernel, 256    1    1, 256    1    1,"<unnamed>::pack_face_x(const double *, double *, int, int, int, int, int)"
7853145396,10639,,,7853154454,4192,13250,117,117,0,cudaLaunchKernel, 256    1    1, 256    1    1,"<unnamed>::pack_face_z(const double *, double *, int, int, int, int, int)"
7853151168,13559,,,7853164253,2048,15133,133,133,7,cudaLaunchKernel, 256    1    1, 256    1    1,"<unnamed>::pack_face_y(const double *, double *, int, int, int, int, int)"
7853157128,11301,7853168429,1449,7853169878,217247,229997,117,117,0,cudaLaunchKernel,   8   64   64,  32    4    4,"<unnamed>::step_kernel_interior(const double *, const double *, double *, const double *, const double *, int, int, int, int, int, int, int, double, double)"
7853158502,10960,7853169462,1021,7853170483,1952,13933,121,121,4,cudaLaunchKernel, 256    1    1, 256    1    1,"<unnamed>::pack_face_y(const double *, double *, int, int, int, int, int)"
7853160118,13194,7853173312,941,7853174253,27488,41623,122,122,5,cudaLaunchKernel, 505    1    1, 256    1    1,"<unnamed>::step_kernel_boundary_z_faces(const double *, const double *, double *, const double *, const double *, int, int, int, int, int, int, int, double, double)"
7853165689,7757,7853173446,2486,7853175932,4128,14371,133,133,7,cudaLaunchKernel, 256    1    1, 256    1    1,"<unnamed>::pack_face_z(const double *, double *, int, int, int, int, int)"
7853169208,13664,7853182872,3321,7853186193,1856,18841,119,119,2,cudaLaunchKernel, 256    1    1, 256    1    1,"<unnamed>::pack_face_x(const double *, double *, int, int, int, int, int)"
7853170350,6519,7853176869,2414,7853179283,4416,13349,121,121,4,cudaLaunchKernel, 256    1    1, 256    1    1,"<unnamed>::pack_face_z(const double *, double *, int, int, int, int, int)"
7853174166,6095,7853180261,2807,7853183068,217982,226884,133,133,7,cudaLaunchKernel,   8   64   64,  32    4    4,"<unnamed>::step_kernel_interior(const double *, const double *, double *, const double *, const double *, int, int, int, int, int, int, int, double, double)"
7853177555,4962,7853182517,2686,7853185203,216894,224542,121,121,4,cudaLaunchKernel,   8   64   64,  32    4    4,"<unnamed>::step_kernel_interior(const double *, const double *, double *, const double *, const double *, int, int, int, int, int, int, int, double, double)"
7853183407,17713,7853201120,2124,7853203244,1792,21629,122,122,5,cudaLaunchKernel, 256    1    1, 256    1    1,"<unnamed>::pack_face_x(const double *, double *, int, int, int, int, int)"
7853183627,17176,7853200803,493,7853201296,1952,19621,119,119,2,cudaLaunchKernel, 256    1    1, 256    1    1,"<unnamed>::pack_face_y(const double *, double *, int, int, int, int, int)"
7853202257,14074,7853216331,485,7853216816,4416,18975,119,119,2,cudaLaunchKernel, 256    1    1, 256    1    1,"<unnamed>::pack_face_z(const double *, double *, int, int, int, int, int)"
7853202349,16894,,,7853217004,2016,16894,122,122,5,cudaLaunchKernel, 256    1    1, 256    1    1,"<unnamed>::pack_face_y(const double *, double *, int, int, int, int, int)"
7853222148,13992,7853236140,484,7853236624,219261,233737,119,119,2,cudaLaunchKernel,   8   64   64,  32    4    4,"<unnamed>::step_kernel_interior(const double *, const double *, double *, const double *, const double *, int, int, int, int, int, int, int, double, double)"
7853222199,14824,7853237023,397,7853237420,4064,19285,122,122,5,cudaLaunchKernel, 256    1    1, 256    1    1,"<unnamed>::pack_face_z(const double *, double *, int, int, int, int, int)"
7853242728,14531,7853257259,737,7853257996,217597,232865,122,122,5,cudaLaunchKernel,   8   64   64,  32    4    4,"<unnamed>::step_kernel_interior(const double *, const double *, double *, const double *, const double *, int, int, int, int, int, int, int, double, double)"
7853332718,10122,7853342840,1438,7853344278,1760,13320,123,123,6,cudaLaunchKernel, 256    1    1, 256    1    1,"<unnamed>::unpack_face_x(const double *, double *, int, int, int, int, int)"
7853340057,6649,7853346706,2625,7853349331,1792,11066,120,120,3,cudaLaunchKernel, 256    1    1, 256    1    1,"<unnamed>::unpack_face_x(const double *, double *, int, int, int, int, int)"
7853343750,4907,7853348657,2469,7853351126,1728,9104,123,123,6,cudaLaunchKernel, 256    1    1, 256    1    1,"<unnamed>::unpack_face_y(const double *, double *, int, int, int, int, int)"
7853347124,3006,7853350130,3713,7853353843,1888,8607,120,120,3,cudaLaunchKernel, 256    1    1, 256    1    1,"<unnamed>::unpack_face_y(const double *, double *, int, int, int, int, int)"
7853349105,3455,7853352560,3910,7853356470,2720,10085,123,123,6,cudaLaunchKernel, 256    1    1, 256    1    1,"<unnamed>::unpack_face_z(const double *, double *, int, int, int, int, int)"
7853350483,3888,7853354371,3792,7853358163,2816,10496,120,120,3,cudaLaunchKernel, 256    1    1, 256    1    1,"<unnamed>::unpack_face_z(const double *, double *, int, int, int, int, int)"
7853350586,6687,7853357273,2387,7853359660,1760,10834,118,118,1,cudaLaunchKernel, 256    1    1, 256    1    1,"<unnamed>::unpack_face_x(const double *, double *, int, int, int, int, int)"
7853353190,3619,7853356809,3693,7853360502,5056,12368,123,123,6,cudaLaunchKernel, 512    1    1, 256    1    1,"<unnamed>::step_kernel_boundary_x_faces(const double *, const double *, double *, const double *, const double *, int, int, int, int, int, int, int, double, double)"
7853355063,8528,,,7853362323,4800,12060,120,120,3,cudaLaunchKernel, 512    1    1, 256    1    1,"<unnamed>::step_kernel_boundary_x_faces(const double *, const double *, double *, const double *, const double *, int, int, int, int, int, int, int, double, double)"
7853357200,8218,7853365418,1356,7853366774,4864,14438,123,123,6,cudaLaunchKernel, 508    1    1, 256    1    1,"<unnamed>::step_kernel_boundary_y_faces(const double *, const double *, double *, const double *, const double *, int, int, int, int, int, int, int, double, double)"
7853357690,12291,7853369981,1390,7853371371,1760,15441,118,118,1,cudaLaunchKernel, 256    1    1, 256    1    1,"<unnamed>::unpack_face_y(const double *, double *, int, int, int, int, int)"
7853364499,5881,7853370380,2599,7853372979,4736,13216,120,120,3,cudaLaunchKernel, 508    1    1, 256    1    1,"<unnamed>::step_kernel_boundary_y_faces(const double *, const double *, double *, const double *, const double *, int, int, int, int, int, int, int, double, double)"
7853366260,5063,7853371323,2555,7853373878,27615,35233,123,123,6,cudaLaunchKernel, 505    1    1, 256    1    1,"<unnamed>::step_kernel_boundary_z_faces(const double *, const double *, double *, const double *, const double *, int, int, int, int, int, int, int, double, double)"
7853370062,12287,7853382349,14861,7853397210,3328,30476,133,133,7,cudaLaunchKernel, 256    1    1, 256    1    1,"<unnamed>::unpack_face_x(const double *, double *, int, int, int, int, int)"
7853370773,8805,7853379578,1113,7853380691,27807,37725,120,120,3,cudaLaunchKernel, 505    1    1, 256    1    1,"<unnamed>::step_kernel_boundary_z_faces(const double *, const double *, double *, const double *, const double *, int, int, int, int, int, int, int, double, double)"
7853370909,8753,7853379662,2237,7853381899,2432,13422,118,118,1,cudaLaunchKernel, 256    1    1, 256    1    1,"<unnamed>::unpack_face_z(const double *, double *, int, int, int, int, int)"
7853371921,14950,,,7853385813,1824,15716,117,117,0,cudaLaunchKernel, 256    1    1, 256    1    1,"<unnamed>::unpack_face_x(const double *, double *, int, int, int, int, int)"
7853378170,19469,7853397639,53606,7853451245,4000,77075,119,119,2,cudaLaunchKernel, 256    1    1, 256    1    1,"<unnamed>::unpack_face_x(const double *, double *, int, int, int, int, int)"
7853380768,10096,7853390864,923,7853391787,5024,16043,118,118,1,cudaLaunchKernel, 512    1    1, 256    1    1,"<unnamed>::step_kernel_boundary_x_faces(const double *, const double *, double *, const double *, const double *, int, int, int, int, int, int, int, double, double)"
7853386362,20553,7853406915,183,7853407098,1792,22528,133,133,7,cudaLaunchKernel, 256    1    1, 256    1    1,"<unnamed>::unpack_face_y(const double *, double *, int, int, int, int, int)"
7853386418,6552,7853392970,9611,7853402581,1824,17987,123,123,6,cudaLaunchKernel, 256    1    1, 256    1    1,"<unnamed>::pack_face_x(const double *, double *, int, int, int, int, int)"
7853387891,12662,7853400553,1259,7853401812,1920,15841,117,117,0,cudaLaunchKernel, 256    1    1, 256    1    1,"<unnamed>::unpack_face_y(const double *, double *, int, int, int, int, int)"
7853391652,14268,,,7853405297,1760,15405,121,121,4,cudaLaunchKernel, 256    1    1, 256    1    1,"<unnamed>::unpack_face_x(const double *, double *, int, int, int, int, int)"
7853391905,9335,7853401240,1139,7853402379,4512,14986,118,118,1,cudaLaunchKernel, 508    1    1, 256    1    1,"<unnamed>::step_kernel_boundary_y_faces(const double *, const double *, double *, const double *, const double *, int, int, int, int, int, int, int, double, double)"
7853392796,10479,7853403275,6343,7853409618,1888,18710,120,120,3,cudaLaunchKernel, 256    1    1, 256    1    1,"<unnamed>::pack_face_x(const double *, double *, int, int, int, int, int)"
7853393553,7972,7853401525,4064,7853405589,1920,13956,123,123,6,cudaLaunchKernel, 256    1    1, 256    1    1,"<unnamed>::pack_face_y(const double *, double *, int, int, int, int, int)"
7853398239,24013,7853422252,49405,7853471657,3424,76842,122,122,5,cudaLaunchKernel, 256    1    1, 256    1    1,"<unnamed>::unpack_face_x(const double *, double *, int, int, int, int, int)"
7853399129,14553,7853413682,43163,7853456845,1856,59572,119,119,2,cudaLaunchKernel, 256    1    1, 256    1    1,"<unnamed>::unpack_face_y(const double *, double *, int, int, int, int, int)"
7853401506,11383,7853412889,667,7853413556,2784,14834,117,117,0,cudaLaunchKernel, 256    1    1, 256    1    1,"<unnamed>::unpack_face_z(const double *, double *, int, int, int, int, int)"
7853402217,9846,7853412063,1100,7853413163,27168,38114,118,118,1,cudaLaunchKernel, 505    1    1, 256    1    1,"<unnamed>::step_kernel_boundary_z_faces(const double *, const double *, double *, const double *, const double *, int, int, int, int, int, int, int, double, double)"
7853402436,10261,7853412697,1532,7853414229,4160,15953,123,123,6,cudaLaunchKernel, 256    1    1, 256    1    1,"<unnamed>::pack_face_z(const double *, double *, int, int, int, int, int)"
7853407345,6857,7853414202,2232,7853416434,1888,10977,120,120,3,cudaLaunchKernel, 256    1    1, 256    1    1,"<unnamed>::pack_face_y(const double *, double *, int, int, int, int, int)"
7853407943,16192,7853424135,1290,7853425425,1824,19306,121,121,4,cudaLaunchKernel, 256    1    1, 256    1    1,"<unnamed>::unpack_face_y(const double *, double *, int, int, int, int, int)"
7853408079,16054,7853424133,1140,7853425273,3232,20426,133,133,7,cudaLaunchKernel, 256    1    1, 256    1    1,"<unnamed>::unpack_face_z(const double *, double *, int, int, int, int, int)"
7853413803,12247,7853426050,1619,7853427669,216734,230600,123,123,6,cudaLaunchKernel,   8   64   64,  32    4    4,"<unnamed>::step_kernel_interior(const double *, const double *, double *, const double *, const double *, int, int, int, int, int, int, int, double, double)"
7853420702,10342,7853431044,878,7853431922,4096,15316,120,120,3,cudaLaunchKernel, 256    1    1, 256    1    1,"<unnamed>::pack_face_z(const double *, double *, int, int, int, int, int)"
7853420803,13397,7853434200,700,7853434900,4832,18929,117,117,0,cudaLaunchKernel, 512    1    1, 256    1    1,"<unnamed>::step_kernel_boundary_x_faces(const double *, const double *, double *, const double *, const double *, int, int, int, int, int, int, int, double, double)"
7853423710,14558,7853438268,21553,7853459821,2496,38607,119,119,2,cudaLaunchKernel, 256    1    1, 256    1    1,"<unnamed>::unpack_face_z(const double *, double *, int, int, int, int, int)"
7853423909,14947,7853438856,37889,7853476745,1856,54692,122,122,5,cudaLaunchKernel, 256    1    1, 256    1    1,"<unnamed>::unpack_face_y(const double *, double *, int, int, int, int, int)"
7853425057,11026,7853436083,1150,7853437233,2976,15152,121,121,4,cudaLaunchKernel, 256    1    1, 256    1    1,"<unnamed>::unpack_face_z(const double *, double *, int, int, int, int, int)"
7853425314,12738,7853438052,1205,7853439257,5280,19223,133,133,7,cudaLaunchKernel, 512    1    1, 256    1    1,"<unnamed>::step_kernel_boundary_x_faces(const double *, const double *, double *, const double *, const double *, int, int, int, int, int, int, int, double, double)"
7853432210,6460,7853438670,3012,7853441682,216446,225918,120,120,3,cudaLaunchKernel,   8   64   64,  32    4    4,"<unnamed>::step_kernel_interior(const double *, const double *, double *, const double *, const double *, int, int, int, int, int, int, int, double, double)"
7853435075,6911,7853441986,3762,7853445748,4864,15537,117,117,0,cudaLaunchKernel, 508    1    1, 256    1    1,"<unnamed>::step_kernel_boundary_y_faces(const double *, const double *, double *, const double *, const double *, int, int, int, int, int, int, int, double, double)"
7853437146,8737,7853445883,278,7853446161,4832,13847,121,121,4,cudaLaunchKernel, 512    1    1, 256    1    1,"<unnamed>::step_kernel_boundary_x_faces(const double *, const double *, double *, const double *, const double *, int, int, int, int, int, int, int, double, double)"
7853438690,9545,,,7853446699,1888,9897,118,118,1,cudaLaunchKernel, 256    1    1, 256    1    1,"<unnamed>::pack_face_x(const double *, double *, int, int, int, int, int)"
7853438943,11351,7853450294,1731,7853452025,4704,17786,133,133,7,cudaLaunchKernel, 508    1    1, 256    1    1,"<unnamed>::step_kernel_boundary_y_faces(const double *, const double *, double *, const double *, const double *, int, int, int, int, int, int, int, double, double)"
7853440026,16224,7853456250,7187,7853463437,5216,28627,119,119,2,cudaLaunchKernel, 512    1    1, 256    1    1,"<unnamed>::step_kernel_boundary_x_faces(const double *, const double *, double *, const double *, const double *, int, int, int, int, int, int, int, double, double)"
7853440169,16072,7853456241,23544,7853479785,2688,42304,122,122,5,cudaLaunchKernel, 256    1    1, 256    1    1,"<unnamed>::unpack_face_z(const double *, double *, int, int, int, int, int)"
7853442362,10294,7853452656,1252,7853453908,28000,39546,117,117,0,cudaLaunchKernel, 505    1    1, 256    1    1,"<unnamed>::step_kernel_boundary_z_faces(const double *, const double *, double *, const double *, const double *, int, int, int, int, int, int, int, double, double)"
7853447419,12405,7853459824,929,7853460753,4800,18134,121,121,4,cudaLaunchKernel, 508    1    1, 256    1    1,"<unnamed>::step_kernel_boundary_y_faces(const double *, const double *, double *, const double *, const double *, int, int, int, int, int, int, int, double, double)"
7853449169,8081,,,7853456779,1984,9594,118,118,1,cudaLaunchKernel, 256    1    1, 256    1    1,"<unnamed>::pack_face_y(const double *, double *, int, int, int, int, int)"
7853451302,13147,,,7853463225,26976,38899,133,133,7,cudaLaunchKernel, 505    1    1, 256    1    1,"<unnamed>::step_kernel_boundary_z_faces(const double *, const double *, double *, const double *, const double *, int, int, int, int, int, int, int, double, double)"
7853458501,10335,7853468836,1607,7853470443,3936,15878,118,118,1,cudaLaunchKernel, 256    1    1, 256    1    1,"<unnamed>::pack_face_z(const double *, double *, int, int, int, int, int)"
7853458960,14322,7853473282,651,7853473933,4704,19677,119,119,2,cudaLaunchKernel, 508    1    1, 256    1    1,"<unnamed>::step_kernel_boundary_y_faces(const double *, const double *, double *, const double *, const double *, int, int, int, int, int, int, int, double, double)"
7853459252,15264,7853474516,9301,7853483817,4832,29397,122,122,5,cudaLaunchKernel, 512    1    1, 256    1    1,"<unnamed>::step_kernel_boundary_x_faces(const double *, const double *, double *, const double *, const double *, int, int, int, int, int, int, int, double, double)"
7853460718,11984,7853472702,915,7853473617,27264,40163,121,121,4,cudaLaunchKernel, 505    1    1, 256    1    1,"<unnamed>::step_kernel_boundary_z_faces(const double *, const double *, double *, const double *, const double *, int, int, int, int, int, int, int, double, double)"
7853469989,5840,7853475829,2550,7853478379,217182,225572,118,118,1,cudaLaunchKernel,   8   64   64,  32    4    4,"<unnamed>::step_kernel_interior(const double *, const double *, double *, const double *, const double *, int, int, int, int, int, int, int, double, double)"
7853470632,8202,7853478834,4226,7853483060,1824,14252,117,117,0,cudaLaunchKernel, 256    1    1, 256    1    1,"<unnamed>::pack_face_x(const double *, double *, int, int, int, int, int)"
7853474539,16795,,,7853489357,27263,42081,119,119,2,cudaLaunchKernel, 505    1    1, 256    1    1,"<unnamed>::step_kernel_boundary_z_faces(const double *, const double *, double *, const double *, const double *, int, int, int, int, int, int, int, double, double)"
7853475770,13124,7853488894,1131,7853490025,4960,19215,122,122,5,cudaLaunchKernel, 508    1    1, 256    1    1,"<unnamed>::step_kernel_boundary_y_faces(const double *, const double *, double *, const double *, const double *, int, int, int, int, int, int, int, double, double)"
7853476422,11066,7853487488,3865,7853491353,2016,16947,133,133,7,cudaLaunchKernel, 256    1    1, 256    1    1,"<unnamed>::pack_face_x(const double *, double *, int, int, int, int, int)"
7853479225,9645,7853488870,1230,7853490100,1952,12827,117,117,0,cudaLaunchKernel, 256    1    1, 256    1    1,"<unnamed>::pack_face_y(const double *, double *, int, int, int, int, int)"
7853487150,14263,7853501413,780,7853502193,1952,16995,121,121,4,cudaLaunchKernel, 256    1    1, 256    1    1,"<unnamed>::pack_face_x(const double *, double *, int, int, int, int, int)"
7853488416,13388,,,7853500760,2048,14392,133,133,7,cudaLaunchKernel, 256    1    1, 256    1    1,"<unnamed>::pack_face_y(const double *, double *, int, int, int, int, int)"
7853492904,12028,7853504932,1488,7853506420,4192,17708,117,117,0,cudaLaunchKernel, 256    1    1, 256    1    1,"<unnamed>::pack_face_z(const double *, double *, int, int, int, int, int)"
7853494276,14596,7853508872,33,7853508905,27328,41957,122,122,5,cudaLaunchKernel, 505    1    1, 256    1    1,"<unnamed>::step_kernel_boundary_z_faces(const double *, const double *, double *, const double *, const double *, int, int, int, int, int, int, int, double, double)"
7853503183,10574,,,7853513176,3872,13865,133,133,7,cudaLaunchKernel, 256    1    1, 256    1    1,"<unnamed>::pack_face_z(const double *, double *, int, int, int, int, int)"
7853503294,7407,7853510701,2116,7853512817,2016,11539,121,121,4,cudaLaunchKernel, 256    1    1, 256    1    1,"<unnamed>::pack_face_y(const double *, double *, int, int, int, int, int)"
7853506058,11588,7853517646,1414,7853519060,216638,229640,117,117,0,cudaLaunchKernel,   8   64   64,  32    4    4,"<unnamed>::step_kernel_interior(const double *, const double *, double *, const double *, const double *, int, int, int, int, int, int, int, double, double)"
7853514651,8535,7853523186,2078,7853525264,4320,14933,121,121,4,cudaLaunchKernel, 256    1    1, 256    1    1,"<unnamed>::pack_face_z(const double *, double *, int, int, int, int, int)"
7853515319,9468,7853524787,2437,7853527224,217470,229375,133,133,7,cudaLaunchKernel,   8   64   64,  32    4    4,"<unnamed>::step_kernel_interior(const double *, const double *, double *, const double *, const double *, int, int, int, int, int, int, int, double, double)"
7853517010,14561,,,7853529036,1760,14561,119,119,2,cudaLaunchKernel, 256    1    1, 256    1    1,"<unnamed>::pack_face_x(const double *, double *, int, int, int, int, int)"
7853524008,10643,7853534651,1525,7853536176,216831,228999,121,121,4,cudaLaunchKernel,   8   64   64,  32    4    4,"<unnamed>::step_kernel_interior(const double *, const double *, double *, const double *, const double *, int, int, int, int, int, int, int, double, double)"
7853533038,8858,7853541896,1380,7853543276,1952,12190,119,119,2,cudaLaunchKernel, 256    1    1, 256    1    1,"<unnamed>::pack_face_y(const double *, double *, int, int, int, int, int)"
7853534714,9620,7853544334,1659,7853545993,1824,13103,122,122,5,cudaLaunchKernel, 256    1    1, 256    1    1,"<unnamed>::pack_face_x(const double *, double *, int, int, int, int, int)"
7853543148,11520,7853554668,640,7853555308,4032,16192,119,119,2,cudaLaunchKernel, 256    1    1, 256    1    1,"<unnamed>::pack_face_z(const double *, double *, int, int, int, int, int)"
7853545153,18875,7853564028,428,7853564456,2016,21319,122,122,5,cudaLaunchKernel, 256    1    1, 256    1    1,"<unnamed>::pack_face_y(const double *, double *, int, int, int, int, int)"
7853560143,16209,7853576352,44,7853576396,218045,234298,119,119,2,cudaLaunchKernel,   8   64   64,  32    4    4,"<unnamed>::step_kernel_interior(const double *, const double *, double *, const double *, const double *, int, int, int, int, int, int, int, double, double)"
7853565397,19997,,,7853584968,4096,23667,122,122,5,cudaLaunchKernel, 256    1    1, 256    1    1,"<unnamed>::pack_face_z(const double *, double *, int, int, int, int, int)"
7853587194,18924,,,7853603496,217949,234251,122,122,5,cudaLaunchKernel,   8   64   64,  32    4    4,"<unnamed>::step_kernel_interior(const double *, const double *, double *, const double *, const double *, int, int, int, int, int, int, int, double, double)"
7853692630,6680,7853699310,2596,7853701906,1728,11004,123,123,6,cudaLaunchKernel, 256    1    1, 256    1    1,"<unnamed>::unpack_face_x(const double *, double *, int, int, int, int, int)"
7853699772,8418,,,7853707570,1952,9750,123,123,6,cudaLaunchKernel, 256    1    1, 256    1    1,"<unnamed>::unpack_face_y(const double *, double *, int, int, int, int, int)"
7853709115,9868,7853718983,1067,7853720050,2560,13495,123,123,6,cudaLaunchKernel, 256    1    1, 256    1    1,"<unnamed>::unpack_face_z(const double *, double *, int, int, int, int, int)"
7853709740,10488,7853720228,1445,7853721673,1696,13629,118,118,1,cudaLaunchKernel, 256    1    1, 256    1    1,"<unnamed>::unpack_face_x(const double *, double *, int, int, int, int, int)"
7853718700,10728,7853729428,11842,7853741270,2912,25482,133,133,7,cudaLaunchKernel, 256    1    1, 256    1    1,"<unnamed>::unpack_face_x(const double *, double *, int, int, int, int, int)"
7853720096,9364,7853729460,1118,7853730578,4896,15378,123,123,6,cudaLaunchKernel, 512    1    1, 256    1    1,"<unnamed>::step_kernel_boundary_x_faces(const double *, const double *, double *, const double *, const double *, int, int, int, int, int, int, int, double, double)"
7853721203,9623,7853730826,1407,7853732233,1824,12854,118,118,1,cudaLaunchKernel, 256    1    1, 256    1    1,"<unnamed>::unpack_face_y(const double *, double *, int, int, int, int, int)"
7853724813,6478,7853731291,2772,7853734063,1696,10946,120,120,3,cudaLaunchKernel, 256    1    1, 256    1    1,"<unnamed>::unpack_face_x(const double *, double *, int, int, int, int, int)"
7853730345,10182,7853740527,963,7853741490,4735,15880,123,123,6,cudaLaunchKernel, 508    1    1, 256    1    1,"<unnamed>::step_kernel_boundary_y_faces(const double *, const double *, double *, const double *, const double *, int, int, int, int, int, int, int, double, double)"
7853730371,10892,7853741263,4263,7853745526,1824,16979,133,133,7,cudaLaunchKernel, 256    1    1, 256    1    1,"<unnamed>::unpack_face_y(const double *, double *, int, int, int, int, int)"
7853731189,16104,,,7853745650,1856,16317,117,117,0,cudaLaunchKernel, 256    1    1, 256    1    1,"<unnamed>::unpack_face_x(const double *, double *, int, int, int, int, int)"
7853731712,8987,7853740699,1102,7853741801,2496,12585,118,118,1,cudaLaunchKernel, 256    1    1, 256    1    1,"<unnamed>::unpack_face_z(const double *, double *, int, int, int, int, int)"
7853731907,8516,7853740423,1288,7853741711,1824,11628,120,120,3,cudaLaunchKernel, 256    1    1, 256    1    1,"<unnamed>::unpack_face_y(const double *, double *, int, int, int, int, int)"
7853737459,18329,7853755788,35005,7853790793,3104,56438,119,119,2,cudaLaunchKernel, 256    1    1, 256    1    1,"<unnamed>::unpack_face_x(const double *, double *, int, int, int, int, int)"
7853741425,12189,,,7853752815,2752,14142,120,120,3,cudaLaunchKernel, 256    1    1, 256    1    1,"<unnamed>::unpack_face_z(const double *, double *, int, int, int, int, int)"
7853741549,8946,7853750495,1138,7853751633,27584,37668,123,123,6,cudaLaunchKernel, 505    1    1, 256    1    1,"<unnamed>::step_kernel_boundary_z_faces(const double *, const double *, double *, const double *, const double *, int, int, int, int, int, int, int, double, double)"
7853741805,9575,7853751380,1461,7853752841,5152,16188,118,118,1,cudaLaunchKernel, 512    1    1, 256    1    1,"<unnamed>::step_kernel_boundary_x_faces(const double *, const double *, double *, const double *, const double *, int, int, int, int, int, int, int, double, double)"
7853742204,15418,7853757622,1087,7853758709,2976,19481,133,133,7,cudaLaunchKernel, 256    1    1, 256    1    1,"<unnamed>::unpack_face_z(const double *, double *, int, int, int, int, int)"
7853748249,17705,,,7853764818,1760,18329,117,117,0,cudaLaunchKernel, 256    1    1, 256    1    1,"<unnamed>::unpack_face_y(const double *, double *, int, int, int, int, int)"
7853755025,6920,7853761945,2000,7853763945,4800,13720,118,118,1,cudaLaunchKernel, 508    1    1, 256    1    1,"<unnamed>::step_kernel_boundary_y_faces(const double *, const double *, double *, const double *, const double *, int, int, int, int, int, int, int, double, double)"
7853755226,6781,7853762007,2264,7853764271,5024,14069,120,120,3,cudaLaunchKernel, 512    1    1, 256    1    1,"<unnamed>::step_kernel_boundary_x_faces(const double *, const double *, double *, const double *, const double *, int, int, int, int, int, int, int, double, double)"
7853757350,17175,7853774525,20844,7853795369,1984,40003,119,119,2,cudaLaunchKernel, 256    1    1, 256    1    1,"<unnamed>::unpack_face_y(const double *, double *, int, int, int, int, int)"
7853758708,10719,7853769427,1314,7853770741,5024,17057,133,133,7,cudaLaunchKernel, 512    1    1, 256    1    1,"<unnamed>::step_kernel_boundary_x_faces(const double *, const double *, double *, const double *, const double *, int, int, int, int, int, int, int, double, double)"
7853758747,12063,7853770810,1365,7853772175,1920,15348,121,121,4,cudaLaunchKernel, 256    1    1, 256    1    1,"<unnamed>::unpack_face_x(const double *, double *, int, int, int, int, int)"
7853760025,9880,7853769905,10720,7853780625,1856,22456,123,123,6,cudaLaunchKernel, 256    1    1, 256    1    1,"<unnamed>::pack_face_x(const double *, double *, int, int, int, int, int)"
7853761482,18246,7853779728,38293,7853818021,2912,59451,122,122,5,cudaLaunchKernel, 256    1    1, 256    1    1,"<unnamed>::unpack_face_x(const double *, double *, int, int, int, int, int)"
7853762303,8554,7853770857,2016,7853772873,27232,37802,118,118,1,cudaLaunchKernel, 505    1    1, 256    1    1,"<unnamed>::step_kernel_boundary_z_faces(const double *, const double *, double *, const double *, const double *, int, int, int, int, int, int, int, double, double)"
7853762379,12445,,,7853774735,4736,17092,120,120,3,cudaLaunchKernel, 508    1    1, 256    1    1,"<unnamed>::step_kernel_boundary_y_faces(const double *, const double *, double *, const double *, const double *, int, int, int, int, int, int, int, double, double)"
7853767172,12984,7853780156,1365,7853781521,2848,17197,117,117,0,cudaLaunchKernel, 256    1    1, 256    1    1,"<unnamed>::unpack_face_z(const double *, double *, int, int, int, int, int)"
7853770310,12348,7853782658,1235,7853783893,4864,18447,133,133,7,cudaLaunchKernel, 508    1    1, 256    1    1,"<unnamed>::step_kernel_boundary_y_faces(const double *, const double *, double *, const double *, const double *, int, int, int, int, int, int, int, double, double)"
7853770871,8330,7853779201,4688,7853783889,2016,15034,123,123,6,cudaLaunchKernel, 256    1    1, 256    1    1,"<unnamed>::pack_face_y(const double *, double *, int, int, int, int, int)"
7853774120,13006,,,7853785359,1888,13127,121,121,4,cudaLaunchKernel, 256    1    1, 256    1    1,"<unnamed>::unpack_face_y(const double *, double *, int, int, int, int, int)"
7853775990,6069,7853782059,3203,7853785262,27072,36344,120,120,3,cudaLaunchKernel, 505    1    1, 256    1    1,"<unnamed>::step_kernel_boundary_z_faces(const double *, const double *, double *, const double *, const double *, int, int, int, int, int, int, int, double, double)"
7853777016,17120,7853794136,4273,7853798409,2496,23889,119,119,2,cudaLaunchKernel, 256    1    1, 256    1    1,"<unnamed>::unpack_face_z(const double *, double *, int, int, int, int, int)"
7853780144,8447,,,7853787057,4192,11105,123,123,6,cudaLaunchKernel, 256    1    1, 256    1    1,"<unnamed>::pack_face_z(const double *, double *, int, int, int, int, int)"
7853780624,10452,7853791076,10501,7853801577,1792,22745,118,118,1,cudaLaunchKernel, 256    1    1, 256    1    1,"<unnamed>::pack_face_x(const double *, double *, int, int, int, int, int)"
7853781102,18244,7853799346,23155,7853822501,1856,43255,122,122,5,cudaLaunchKernel, 256    1    1, 256    1    1,"<unnamed>::unpack_face_y(const double *, double *, int, int, int, int, int)"
7853781266,12787,,,7853793233,4864,16831,117,117,0,cudaLaunchKernel, 512    1    1, 256    1    1,"<unnamed>::step_kernel_boundary_x_faces(const double *, const double *, double *, const double *, const double *, int, int, int, int, int, int, int, double, double)"
7853786586,12353,7853798939,1114,7853800053,27616,41083,133,133,7,cudaLaunchKernel, 505    1    1, 256    1    1,"<unnamed>::step_kernel_boundary_z_faces(const double *, const double *, double *, const double *, const double *, int, int, int, int, int, int, int, double, double)"
7853788176,11952,7853800128,1071,7853801199,3264,16287,121,121,4,cudaLaunchKernel, 256    1    1, 256    1    1,"<unnamed>::unpack_face_z(const double *, double *, int, int, int, int, int)"
7853789664,9120,7853798784,1489,7853800273,217437,228046,123,123,6,cudaLaunchKernel,   8   64   64,  32    4    4,"<unnamed>::step_kernel_interior(const double *, const double *, double *, const double *, const double *, int, int, int, int, int, int, int, double, double)"
7853791804,10746,7853802550,11224,7853813774,1824,23794,120,120,3,cudaLaunchKernel, 256    1    1, 256    1    1,"<unnamed>::pack_face_x(const double *, double *, int, int, int, int, int)"
7853791980,9485,7853801465,3024,7853804489,1984,14493,118,118,1,cudaLaunchKernel, 256    1    1, 256    1    1,"<unnamed>::pack_face_y(const double *, double *, int, int, int, int, int)"
7853796005,8093,7853804098,1999,7853806097,4768,14860,117,117,0,cudaLaunchKernel, 508    1    1, 256    1    1,"<unnamed>::step_kernel_boundary_y_faces(const double *, const double *, double *, const double *, const double *, int, int, int, int, int, int, int, double, double)"
7853797215,9323,7853806538,1759,7853808297,4864,15946,119,119,2,cudaLaunchKernel, 512    1    1, 256    1    1,"<unnamed>::step_kernel_boundary_x_faces(const double *, const double *, double *, const double *, const double *, int, int, int, int, int, int, int, double, double)"
7853800654,8866,7853809520,15925,7853825445,2528,27319,122,122,5,cudaLaunchKernel, 256    1    1, 256    1    1,"<unnamed>::unpack_face_z(const double *, double *, int, int, int, int, int)"
7853801203,6213,7853807416,3510,7853810926,4864,14587,121,121,4,cudaLaunchKernel, 512    1    1, 256    1    1,"<unnamed>::step_kernel_boundary_x_faces(const double *, const double *, double *, const double *, const double *, int, int, int, int, int, int, int, double, double)"
7853802508,4060,7853806568,2433,7853809001,3968,10461,118,118,1,cudaLaunchKernel, 256    1    1, 256    1    1,"<unnamed>::pack_face_z(const double *, double *, int, int, int, int, int)"
7853803509,4049,7853807558,9256,7853816814,1920,15225,120,120,3,cudaLaunchKernel, 256    1    1, 256    1    1,"<unnamed>::pack_face_y(const double *, double *, int, int, int, int, int)"
7853804482,5003,7853809485,3428,7853812913,27520,35951,117,117,0,cudaLaunchKernel, 505    1    1, 256    1    1,"<unnamed>::step_kernel_boundary_z_faces(const double *, const double *, double *, const double *, const double *, int, int, int, int, int, int, int, double, double)"
7853804834,12307,7853817141,11936,7853829077,1888,26131,133,133,7,cudaLaunchKernel, 256    1    1, 256    1    1,"<unnamed>::pack_face_x(const double *, double *, int, int, int, int, int)"
7853807061,18208,,,7853822153,4607,19699,119,119,2,cudaLaunchKernel, 508    1    1, 256    1    1,"<unnamed>::step_kernel_boundary_y_faces(const double *, const double *, double *, const double *, const double *, int, int, int, int, int, int, int, double, double)"
7853807418,7792,,,7853814153,218110,224845,118,118,1,cudaLaunchKernel,   8   64   64,  32    4    4,"<unnamed>::step_kernel_interior(const double *, const double *, double *, const double *, const double *, int, int, int, int, int, int, int, double, double)"
7853807774,10411,7853818185,933,7853819118,4544,15888,121,121,4,cudaLaunchKernel, 508    1    1, 256    1    1,"<unnamed>::step_kernel_boundary_y_faces(const double *, const double *, double *, const double *, const double *, int, int, int, int, int, int, int, double, double)"
7853807931,8135,7853816066,3884,7853819950,4064,16083,120,120,3,cudaLaunchKernel, 256    1    1, 256    1    1,"<unnamed>::pack_face_z(const double *, double *, int, int, int, int, int)"
7853814990,13780,7853828770,1059,7853829829,5024,19863,122,122,5,cudaLaunchKernel, 512    1    1, 256    1    1,"<unnamed>::step_kernel_boundary_x_faces(const double *, const double *, double *, const double *, const double *, int, int, int, int, int, int, int, double, double)"
7853817212,9827,7853827039,1583,7853828622,217470,228880,120,120,3,cudaLaunchKernel,   8   64   64,  32    4    4,"<unnamed>::step_kernel_interior(const double *, const double *, double *, const double *, const double *, int, int, int, int, int, int, int, double, double)"
7853818091,9967,7853828058,4122,7853832180,2016,16105,133,133,7,cudaLaunchKernel, 256    1    1, 256    1    1,"<unnamed>::pack_face_y(const double *, double *, int, int, int, int, int)"
7853819046,14868,,,7853831982,27552,40488,121,121,4,cudaLaunchKernel, 505    1    1, 256    1    1,"<unnamed>::step_kernel_boundary_z_faces(const double *, const double *, double *, const double *, const double *, int, int, int, int, int, int, int, double, double)"
7853826083,12306,7853838389,3516,7853841905,1920,17742,117,117,0,cudaLaunchKernel, 256    1    1, 256    1    1,"<unnamed>::pack_face_x(const double *, double *, int, int, int, int, int)"
7853826759,18267,7853845026,262,7853845288,28224,46753,119,119,2,cudaLaunchKernel, 505    1    1, 256    1    1,"<unnamed>::step_kernel_boundary_z_faces(const double *, const double *, double *, const double *, const double *, int, int, int, int, int, int, int, double, double)"
7853828993,14515,,,7853841588,3968,16563,133,133,7,cudaLaunchKernel, 256    1    1, 256    1    1,"<unnamed>::pack_face_z(const double *, double *, int, int, int, int, int)"
7853834121,18828,,,7853850405,4704,20988,122,122,5,cudaLaunchKernel, 508    1    1, 256    1    1,"<unnamed>::step_kernel_boundary_y_faces(const double *, const double *, double *, const double *, const double *, int, int, int, int, int, int, int, double, double)"
7853842369,11558,,,7853852401,2016,12048,117,117,0,cudaLaunchKernel, 256    1    1, 256    1    1,"<unnamed>::pack_face_y(const double *, double *, int, int, int, int, int)"
7853844632,11774,7853856406,1470,7853857876,217438,230682,133,133,7,cudaLaunchKernel,   8   64   64,  32    4    4,"<unnamed>::step_kernel_interior(const double *, const double *, double *, const double *, const double *, int, int, int, int, int, int, int, double, double)"
7853844650,13289,7853857939,2683,7853860622,1824,17796,121,121,4,cudaLaunchKernel, 256    1    1, 256    1    1,"<unnamed>::pack_face_x(const double *, double *, int, int, int, int, int)"
7853854523,10204,7853864727,1614,7853866341,27872,39690,122,122,5,cudaLaunchKernel, 505    1    1, 256    1    1,"<unnamed>::step_kernel_boundary_z_faces(const double *, const double *, double *, const double *, const double *, int, int, int, int, int, int, int, double, double)"
7853854852,6298,7853861150,2515,7853863665,4096,12909,117,117,0,cudaLaunchKernel, 256    1    1, 256    1    1,"<unnamed>::pack_face_z(const double *, double *, int, int, int, int, int)"
7853858941,6573,7853865514,2436,7853867950,1856,10865,121,121,4,cudaLaunchKernel, 256    1    1, 256    1    1,"<unnamed>::pack_face_y(const double *, double *, int, int, int, int, int)"
7853860538,15852,7853876390,1826,7853878216,1856,19534,119,119,2,cudaLaunchKernel, 256    1    1, 256    1    1,"<unnamed>::pack_face_x(const double *, double *, int, int, int, int, int)"
7853861810,4833,7853866643,2782,7853869425,217758,225373,117,117,0,cudaLaunchKernel,   8   64   64,  32    4    4,"<unnamed>::step_kernel_interior(const double *, const double *, double *, const double *, const double *, int, int, int, int, int, int, int, double, double)"
7853865998,10198,7853876196,970,7853877166,4032,15200,121,121,4,cudaLaunchKernel, 256    1    1, 256    1    1,"<unnamed>::pack_face_z(const double *, double *, int, int, int, int, int)"
7853877339,10251,7853887590,1320,7853888910,216766,228337,121,121,4,cudaLaunchKernel,   8   64   64,  32    4    4,"<unnamed>::step_kernel_interior(const double *, const double *, double *, const double *, const double *, int, int, int, int, int, int, int, double, double)"
7853877676,22232,7853899908,580,7853900488,1919,24731,119,119,2,cudaLaunchKernel, 256    1    1, 256    1    1,"<unnamed>::pack_face_y(const double *, double *, int, int, int, int, int)"
7853878326,23443,7853901769,987,7853902756,2048,26478,122,122,5,cudaLaunchKernel, 256    1    1, 256    1    1,"<unnamed>::pack_face_x(const double *, double *, int, int, int, int, int)"
7853901265,7666,7853908931,1636,7853910567,4160,13462,119,119,2,cudaLaunchKernel, 256    1    1, 256    1    1,"<unnamed>::pack_face_z(const double *, double *, int, int, int, int, int)"
7853903241,6991,7853910232,2252,7853912484,2272,11515,122,122,5,cudaLaunchKernel, 256    1    1, 256    1    1,"<unnamed>::pack_face_y(const double *, double *, int, int, int, int, int)"
7853910274,12050,7853922324,915,7853923239,217789,230754,119,119,2,cudaLaunchKernel,   8   64   64,  32    4    4,"<unnamed>::step_kernel_interior(const double *, const double *, double *, const double *, const double *, int, int, int, int, int, int, int, double, double)"
7853911145,11717,7853922862,534,7853923396,4128,16379,122,122,5,cudaLaunchKernel, 256    1    1, 256    1    1,"<unnamed>::pack_face_z(const double *, double *, int, int, int, int, int)"
7853924561,17209,,,7853938980,218077,232496,122,122,5,cudaLaunchKernel,   8   64   64,  32    4    4,"<unnamed>::step_kernel_interior(const double *, const double *, double *, const double *, const double *, int, int, int, int, int, int, int, double, double)"
7854019265,10587,,,7854028910,1824,11469,123,123,6,cudaLaunchKernel, 256    1    1, 256    1    1,"<unnamed>::unpack_face_x(const double *, double *, int, int, int, int, int)"
7854030920,9528,,,7854038798,1952,9830,123,123,6,cudaLaunchKernel, 256    1    1, 256    1    1,"<unnamed>::unpack_face_y(const double *, double *, int, int, int, int, int)"
7854041414,10162,7854051576,1270,7854052846,2496,13928,123,123,6,cudaLaunchKernel, 256    1    1, 256    1    1,"<unnamed>::unpack_face_z(const double *, double *, int, int, int, int, int)"
7854049134,10496,7854059630,350,7854059980,1824,12670,120,120,3,cudaLaunchKernel, 256    1    1, 256    1    1,"<unnamed>::unpack_face_x(const double *, double *, int, int, int, int, int)"
7854052796,10006,7854062802,892,7854063694,4960,15858,123,123,6,cudaLaunchKernel, 512    1    1, 256    1    1,"<unnamed>::step_kernel_boundary_x_faces(const double *, const double *, double *, const double *, const double *, int, int, int, int, int, int, int, double, double)"
7854057765,10750,7854068515,932,7854069447,1856,13538,118,118,1,cudaLaunchKernel, 256    1    1, 256    1    1,"<unnamed>::unpack_face_x(const double *, double *, int, int, int, int, int)"
7854060235,15029,7854075264,8495,7854083759,2912,26436,117,117,0,cudaLaunchKernel, 256    1    1, 256    1    1,"<unnamed>::unpack_face_x(const double *, double *, int, int, int, int, int)"
7854060644,9722,7854070366,1006,7854071372,1824,12552,120,120,3,cudaLaunchKernel, 256    1    1, 256    1    1,"<unnamed>::unpack_face_y(const double *, double *, int, int, int, int, int)"
7854063730,12488,,,7854074702,5056,16028,123,123,6,cudaLaunchKernel, 508    1    1, 256    1    1,"<unnamed>::step_kernel_boundary_y_faces(const double *, const double *, double *, const double *, const double *, int, int, int, int, int, int, int, double, double)"
7854067560,20071,7854087631,49878,7854137509,3007,72956,119,119,2,cudaLaunchKernel, 256    1    1, 256    1    1,"<unnamed>::unpack_face_x(const double *, double *, int, int, int, int, int)"
7854069434,9634,7854079068,1099,7854080167,1856,12589,118,118,1,cudaLaunchKernel, 256    1    1, 256    1    1,"<unnamed>::unpack_face_y(const double *, double *, int, int, int, int, int)"
7854071273,12889,,,7854083083,3552,15362,120,120,3,cudaLaunchKernel, 256    1    1, 256    1    1,"<unnamed>::unpack_face_z(const double *, double *, int, int, int, int, int)"
7854076373,11980,7854088353,2190,7854090543,1920,16090,117,117,0,cudaLaunchKernel, 256    1    1, 256    1    1,"<unnamed>::unpack_face_y(const double *, double *, int, int, int, int, int)"
7854077108,10230,7854087338,1188,7854088526,27199,38617,123,123,6,cudaLaunchKernel, 505    1    1, 256    1    1,"<unnamed>::step_kernel_boundary_z_faces(const double *, const double *, double *, const double *, const double *, int, int, int, int, int, int, int, double, double)"
7854079983,11930,,,7854091303,2464,13784,118,118,1,cudaLaunchKernel, 256    1    1, 256    1    1,"<unnamed>::unpack_face_z(const double *, double *, int, int, int, int, int)"
7854085289,9952,7854095241,994,7854096235,4960,15906,120,120,3,cudaLaunchKernel, 512    1    1, 256    1    1,"<unnamed>::step_kernel_boundary_x_faces(const double *, const double *, double *, const double *, const double *, int, int, int, int, int, int, int, double, double)"
7854092524,8621,7854101145,2584,7854103729,1792,12997,133,133,7,cudaLaunchKernel, 256    1    1, 256    1    1,"<unnamed>::unpack_face_x(const double *, double *, int, int, int, int, int)"
7854092612,7415,7854100027,1876,7854101903,3296,12587,117,117,0,cudaLaunchKernel, 256    1    1, 256    1    1,"<unnamed>::unpack_face_z(const double *, double *, int, int, int, int, int)"
7854093270,10182,7854103452,38504,7854141956,1952,50638,119,119,2,cudaLaunchKernel, 256    1    1, 256    1    1,"<unnamed>::unpack_face_y(const double *, double *, int, int, int, int, int)"
7854093775,7194,7854100969,1886,7854102855,4960,14040,118,118,1,cudaLaunchKernel, 512    1    1, 256    1    1,"<unnamed>::step_kernel_boundary_x_faces(const double *, const double *, double *, const double *, const double *, int, int, int, int, int, int, int, double, double)"
7854096160,5156,7854101316,3719,7854105035,4896,13771,120,120,3,cudaLaunchKernel, 508    1    1, 256    1    1,"<unnamed>::step_kernel_boundary_y_faces(const double *, const double *, double *, const double *, const double *, int, int, int, int, int, int, int, double, double)"
7854098830,5466,7854104296,12613,7854116909,1824,19903,123,123,6,cudaLaunchKernel, 256    1    1, 256    1    1,"<unnamed>::pack_face_x(const double *, double *, int, int, int, int, int)"
7854100802,5268,7854106070,2265,7854108335,4928,12461,117,117,0,cudaLaunchKernel, 512    1    1, 256    1    1,"<unnamed>::step_kernel_boundary_x_faces(const double *, const double *, double *, const double *, const double *, int, int, int, int, int, int, int, double, double)"
7854101329,13229,7854114558,1390,7854115948,1792,16411,121,121,4,cudaLaunchKernel, 256    1    1, 256    1    1,"<unnamed>::unpack_face_x(const double *, double *, int, int, int, int, int)"
7854101357,3550,7854104907,4348,7854109255,5120,13018,118,118,1,cudaLaunchKernel, 508    1    1, 256    1    1,"<unnamed>::step_kernel_boundary_y_faces(const double *, const double *, double *, const double *, const double *, int, int, int, int, int, int, int, double, double)"
7854101661,4014,7854105675,5664,7854111339,26368,36046,120,120,3,cudaLaunchKernel, 505    1    1, 256    1    1,"<unnamed>::step_kernel_boundary_z_faces(const double *, const double *, double *, const double *, const double *, int, int, int, int, int, int, int, double, double)"
7854101728,4408,7854106136,3545,7854109681,1760,9713,133,133,7,cudaLaunchKernel, 256    1    1, 256    1    1,"<unnamed>::unpack_face_y(const double *, double *, int, int, int, int, int)"
7854103199,14803,7854118002,35280,7854153282,3263,53346,122,122,5,cudaLaunchKernel, 256    1    1, 256    1    1,"<unnamed>::unpack_face_x(const double *, double *, int, int, int, int, int)"
7854104315,10426,7854114741,30287,7854145028,2464,43177,119,119,2,cudaLaunchKernel, 256    1    1, 256    1    1,"<unnamed>::unpack_face_z(const double *, double *, int, int, int, int, int)"
7854104654,8718,7854113372,6801,7854120173,2048,17567,123,123,6,cudaLaunchKernel, 256    1    1, 256    1    1,"<unnamed>::pack_face_y(const double *, double *, int, int, int, int, int)"
7854105479,8537,7854114016,1639,7854115655,27008,37184,118,118,1,cudaLaunchKernel, 505    1    1, 256    1    1,"<unnamed>::step_kernel_boundary_z_faces(const double *, const double *, double *, const double *, const double *, int, int, int, int, int, int, int, double, double)"
7854106428,9915,7854116343,2264,7854118607,4800,16979,117,117,0,cudaLaunchKernel, 508    1    1, 256    1    1,"<unnamed>::step_kernel_boundary_y_faces(const double *, const double *, double *, const double *, const double *, int, int, int, int, int, int, int, double, double)"
7854106498,10234,7854116732,1461,7854118193,3040,14735,133,133,7,cudaLaunchKernel, 256    1    1, 256    1    1,"<unnamed>::unpack_face_z(const double *, double *, int, int, int, int, int)"
7854114347,4860,7854119207,4454,7854123661,4480,13794,123,123,6,cudaLaunchKernel, 256    1    1, 256    1    1,"<unnamed>::pack_face_z(const double *, double *, int, int, int, int, int)"
7854115493,6848,7854122341,2183,7854124524,1856,10887,121,121,4,cudaLaunchKernel, 256    1    1, 256    1    1,"<unnamed>::unpack_face_y(const double *, double *, int, int, int, int, int)"
7854116041,6409,7854122450,16473,7854138923,1888,24770,120,120,3,cudaLaunchKernel, 256    1    1, 256    1    1,"<unnamed>::pack_face_x(const double *, double *, int, int, int, int, int)"
7854116465,9320,7854125785,22699,7854148484,4896,36915,119,119,2,cudaLaunchKernel, 512    1    1, 256    1    1,"<unnamed>::step_kernel_boundary_x_faces(const double *, const double *, double *, const double *, const double *, int, int, int, int, int, int, int, double, double)"
7854117218,7140,7854124358,2665,7854127023,27231,37036,117,117,0,cudaLaunchKernel, 505    1    1, 256    1    1,"<unnamed>::step_kernel_boundary_z_faces(const double *, const double *, double *, const double *, const double *, int, int, int, int, int, int, int, double, double)"
7854117875,6714,7854124589,2212,7854126801,5440,14366,133,133,7,cudaLaunchKernel, 512    1    1, 256    1    1,"<unnamed>::step_kernel_boundary_x_faces(const double *, const double *, double *, const double *, const double *, int, int, int, int, int, int, int, double, double)"
7854119401,13078,7854132479,25634,7854158113,1920,40632,122,122,5,cudaLaunchKernel, 256    1    1, 256    1    1,"<unnamed>::unpack_face_y(const double *, double *, int, int, int, int, int)"
7854119894,3550,7854123444,3385,7854126829,217630,224565,123,123,6,cudaLaunchKernel,   8   64   64,  32    4    4,"<unnamed>::step_kernel_interior(const double *, const double *, double *, const double *, const double *, int, int, int, int, int, int, int, double, double)"
7854121286,5052,7854126338,18085,7854144423,1824,24961,118,118,1,cudaLaunchKernel, 256    1    1, 256    1    1,"<unnamed>::pack_face_x(const double *, double *, int, int, int, int, int)"
7854122737,10056,7854132793,1299,7854134092,3200,14555,121,121,4,cudaLaunchKernel, 256    1    1, 256    1    1,"<unnamed>::unpack_face_z(const double *, double *, int, int, int, int, int)"
7854122819,4147,7854126966,15285,7854142251,1920,21352,120,120,3,cudaLaunchKernel, 256    1    1, 256    1    1,"<unnamed>::pack_face_y(const double *, double *, int, int, int, int, int)"
7854124993,9492,7854134485,2108,7854136593,4992,16592,133,133,7,cudaLaunchKernel, 508    1    1, 256    1    1,"<unnamed>::step_kernel_boundary_y_faces(const double *, const double *, double *, const double *, const double *, int, int, int, int, int, int, int, double, double)"
7854126429,13458,7854139887,14837,7854154724,5344,33639,119,119,2,cudaLaunchKernel, 508    1    1, 256    1    1,"<unnamed>::step_kernel_boundary_y_faces(const double *, const double *, double *, const double *, const double *, int, int, int, int, int, int, int, double, double)"
7854126741,8528,7854135269,12194,7854147463,1920,22642,118,118,1,cudaLaunchKernel, 256    1    1, 256    1    1,"<unnamed>::pack_face_y(const double *, double *, int, int, int, int, int)"
7854130044,8276,7854138320,7067,7854145387,7520,22863,120,120,3,cudaLaunchKernel, 256    1    1, 256    1    1,"<unnamed>::pack_face_z(const double *, double *, int, int, int, int, int)"
7854133555,7987,7854141542,14184,7854155726,2048,24219,117,117,0,cudaLaunchKernel, 256    1    1, 256    1    1,"<unnamed>::pack_face_x(const double *, double *, int, int, int, int, int)"
7854133876,7794,7854141670,2246,7854143916,5216,15256,121,121,4,cudaLaunchKernel, 512    1    1, 256    1    1,"<unnamed>::step_kernel_boundary_x_faces(const double *, const double *, double *, const double *, const double *, int, int, int, int, int, int, int, double, double)"
7854133991,15192,7854149183,11970,7854161153,2560,29722,122,122,5,cudaLaunchKernel, 256    1    1, 256    1    1,"<unnamed>::unpack_face_z(const double *, double *, int, int, int, int, int)"
7854135344,12690,,,7854146481,26943,38080,133,133,7,cudaLaunchKernel, 505    1    1, 256    1    1,"<unnamed>::step_kernel_boundary_z_faces(const double *, const double *, double *, const double *, const double *, int, int, int, int, int, int, int, double, double)"
7854136224,6314,7854142538,8125,7854150663,3936,18375,118,118,1,cudaLaunchKernel, 256    1    1, 256    1    1,"<unnamed>::pack_face_z(const double *, double *, int, int, int, int, int)"
7854139288,7643,7854146931,664,7854147595,217694,226001,120,120,3,cudaLaunchKernel,   8   64   64,  32    4    4,"<unnamed>::step_kernel_interior(const double *, const double *, double *, const double *, const double *, int, int, int, int, int, int, int, double, double)"
7854141054,18173,7854159227,2025,7854161252,27520,47718,119,119,2,cudaLaunchKernel, 505    1    1, 256    1    1,"<unnamed>::step_kernel_boundary_z_faces(const double *, const double *, double *, const double *, const double *, int, int, int, int, int, int, int, double, double)"
7854141916,10144,7854152060,6834,7854158894,1920,18898,117,117,0,cudaLaunchKernel, 256    1    1, 256    1    1,"<unnamed>::pack_face_y(const double *, double *, int, int, int, int, int)"
7854142070,9587,7854151657,2083,7854153740,4608,16278,121,121,4,cudaLaunchKernel, 508    1    1, 256    1    1,"<unnamed>::step_kernel_boundary_y_faces(const double *, const double *, double *, const double *, const double *, int, int, int, int, int, int, int, double, double)"
7854143218,9548,7854152766,2025,7854154791,216830,228403,118,118,1,cudaLaunchKernel,   8   64   64,  32    4    4,"<unnamed>::step_kernel_interior(const double *, const double *, double *, const double *, const double *, int, int, int, int, int, int, int, double, double)"
7854150696,19009,,,7854166913,5152,21369,122,122,5,cudaLaunchKernel, 512    1    1, 256    1    1,"<unnamed>::step_kernel_boundary_x_faces(const double *, const double *, double *, const double *, const double *, int, int, int, int, int, int, int, double, double)"
7854152540,10760,7854163300,1064,7854164364,27904,39728,121,121,4,cudaLaunchKernel, 505    1    1, 256    1    1,"<unnamed>::step_kernel_boundary_z_faces(const double *, const double *, double *, const double *, const double *, int, int, int, int, int, int, int, double, double)"
7854152982,13789,7854166771,59,7854166830,4128,17976,117,117,0,cudaLaunchKernel, 256    1    1, 256    1    1,"<unnamed>::pack_face_z(const double *, double *, int, int, int, int, int)"
7854156454,13159,7854169613,4995,7854174608,2208,20362,133,133,7,cudaLaunchKernel, 256    1    1, 256    1    1,"<unnamed>::pack_face_x(const double *, double *, int, int, int, int, int)"
7854168282,7028,7854175310,2464,7854177774,217662,227154,117,117,0,cudaLaunchKernel,   8   64   64,  32    4    4,"<unnamed>::step_kernel_interior(const double *, const double *, double *, const double *, const double *, int, int, int, int, int, int, int, double, double)"
7854170709,8864,7854179573,2139,7854181712,2016,13019,133,133,7,cudaLaunchKernel, 256    1    1, 256    1    1,"<unnamed>::pack_face_y(const double *, double *, int, int, int, int, int)"
7854170926,8864,7854179790,1939,7854181729,4768,15571,122,122,5,cudaLaunchKernel, 508    1    1, 256    1    1,"<unnamed>::step_kernel_boundary_y_faces(const double *, const double *, double *, const double *, const double *, int, int, int, int, int, int, int, double, double)"
7854174754,8225,7854182979,10377,7854193356,1792,20394,121,121,4,cudaLaunchKernel, 256    1    1, 256    1    1,"<unnamed>::pack_face_x(const double *, double *, int, int, int, int, int)"
7854175976,9219,7854185195,4697,7854189892,1984,15900,119,119,2,cudaLaunchKernel, 256    1    1, 256    1    1,"<unnamed>::pack_face_x(const double *, double *, int, int, int, int, int)"
7854180102,5407,7854185509,3467,7854188976,4416,13290,133,133,7,cudaLaunchKernel, 256    1    1, 256    1    1,"<unnamed>::pack_face_z(const double *, double *, int, int, int, int, int)"
7854180410,8151,7854188561,3408,7854191969,27168,38727,122,122,5,cudaLaunchKernel, 505    1    1, 256    1    1,"<unnamed>::step_kernel_boundary_z_faces(const double *, const double *, double *, const double *, const double *, int, int, int, int, int, int, int, double, double)"
7854183378,5534,7854188912,7420,7854196332,2176,15130,121,121,4,cudaLaunchKernel, 256    1    1, 256    1    1,"<unnamed>::pack_face_y(const double *, double *, int, int, int, int, int)"
7854185936,13006,,,7854196484,2016,13006,119,119,2,cudaLaunchKernel, 256    1    1, 256    1    1,"<unnamed>::pack_face_y(const double *, double *, int, int, int, int, int)"
7854186259,6482,7854192741,2731,7854195472,217598,226811,133,133,7,cudaLaunchKernel,   8   64   64,  32    4    4,"<unnamed>::step_kernel_interior(const double *, const double *, double *, const double *, const double *, int, int, int, int, int, int, int, double, double)"
7854189263,10888,7854200151,1845,7854201996,4224,16957,121,121,4,cudaLaunchKernel, 256    1    1, 256    1    1,"<unnamed>::pack_face_z(const double *, double *, int, int, int, int, int)"
7854200611,16533,,,7854214308,3967,17664,119,119,2,cudaLaunchKernel, 256    1    1, 256    1    1,"<unnamed>::pack_face_z(const double *, double *, int, int, int, int, int)"
7854201249,13429,,,7854213708,217374,229833,121,121,4,cudaLaunchKernel,   8   64   64,  32    4    4,"<unnamed>::step_kernel_interior(const double *, const double *, double *, const double *, const double *, int, int, int, int, int, int, int, double, double)"
7854209552,18501,7854228053,1548,7854229601,1824,21873,122,122,5,cudaLaunchKernel, 256    1    1, 256    1    1,"<unnamed>::pack_face_x(const double *, double *, int, int, int, int, int)"
7854218670,14888,7854233558,1165,7854234723,217662,233715,119,119,2,cudaLaunchKernel,   8   64   64,  32    4    4,"<unnamed>::step_kernel_interior(const double *, const double *, double *, const double *, const double *, int, int, int, int, int, int, int, double, double)"
7854229277,14710,7854243987,429,7854244416,2048,17187,122,122,5,cudaLaunchKernel, 256    1    1, 256    1    1,"<unnamed>::pack_face_y(const double *, double *, int, int, int, int, int)"
7854249687,9136,7854258823,1465,7854260288,4128,14729,122,122,5,cudaLaunchKernel, 256    1    1, 256    1    1,"<unnamed>::pack_face_z(const double *, double *, int, int, int, int, int)"
7854260029,12289,7854272318,610,7854272928,218654,231553,122,122,5,cudaLaunchKernel,   8   64   64,  32    4    4,"<unnamed>::step_kernel_interior(const double *, const double *, double *, const double *, const double *, int, int, int, int, int, int, int, double, double)"
7854316663,6250,7854322913,17802,7854340715,3232,27284,123,123,6,cudaLaunchKernel, 256    1    1, 256    1    1,"<unnamed>::unpack_face_x(const double *, double *, int, int, int, int, int)"
7854326840,6253,7854333093,12166,7854345259,1856,20275,123,123,6,cudaLaunchKernel, 256    1    1, 256    1    1,"<unnamed>::unpack_face_y(const double *, double *, int, int, int, int, int)"
7854333584,3262,7854336846,11613,7854348459,2496,17371,123,123,6,cudaLaunchKernel, 256    1    1, 256    1    1,"<unnamed>::unpack_face_z(const double *, double *, int, int, int, int, int)"
7854341242,6764,7854348006,4229,7854352235,5055,16048,123,123,6,cudaLaunchKernel, 512    1    1, 256    1    1,"<unnamed>::step_kernel_boundary_x_faces(const double *, const double *, double *, const double *, const double *, int, int, int, int, int, int, int, double, double)"
7854342735,9585,7854352320,9801,7854362121,2656,22042,120,120,3,cudaLaunchKernel, 256    1    1, 256    1    1,"<unnamed>::unpack_face_x(const double *, double *, int, int, int, int, int)"
7854348454,8651,7854357105,1721,7854358826,4736,15108,123,123,6,cudaLaunchKernel, 508    1    1, 256    1    1,"<unnamed>::step_kernel_boundary_y_faces(const double *, const double *, double *, const double *, const double *, int, int, int, int, int, int, int, double, double)"
7854353328,10241,7854363569,3928,7854367497,1920,16089,120,120,3,cudaLaunchKernel, 256    1    1, 256    1    1,"<unnamed>::unpack_face_y(const double *, double *, int, int, int, int, int)"
7854357908,9146,7854367054,1500,7854368554,27744,38390,123,123,6,cudaLaunchKernel, 505    1    1, 256    1    1,"<unnamed>::step_kernel_boundary_z_faces(const double *, const double *, double *, const double *, const double *, int, int, int, int, int, int, int, double, double)"
7854360338,11350,7854371688,20452,7854392140,2784,34586,117,117,0,cudaLaunchKernel, 256    1    1, 256    1    1,"<unnamed>::unpack_face_x(const double *, double *, int, int, int, int, int)"
7854364492,9704,7854374196,1013,7854375209,2976,13693,120,120,3,cudaLaunchKernel, 256    1    1, 256    1    1,"<unnamed>::unpack_face_z(const double *, double *, int, int, int, int, int)"
7854364534,15176,7854379710,68803,7854448513,3232,87211,119,119,2,cudaLaunchKernel, 256    1    1, 256    1    1,"<unnamed>::unpack_face_x(const double *, double *, int, int, int, int, int)"
7854371109,6413,7854377522,2259,7854379781,1760,10432,118,118,1,cudaLaunchKernel, 256    1    1, 256    1    1,"<unnamed>::unpack_face_x(const double *, double *, int, int, int, int, int)"
7854372716,7437,7854380153,15891,7854396044,1920,25248,117,117,0,cudaLaunchKernel, 256    1    1, 256    1    1,"<unnamed>::unpack_face_y(const double *, double *, int, int, int, int, int)"
7854375321,8669,7854383990,178,7854384168,6464,15311,120,120,3,cudaLaunchKernel, 512    1    1, 256    1    1,"<unnamed>::step_kernel_boundary_x_faces(const double *, const double *, double *, const double *, const double *, int, int, int, int, int, int, int, double, double)"
7854376730,10342,7854387072,10410,7854397482,1888,22640,123,123,6,cudaLaunchKernel, 256    1    1, 256    1    1,"<unnamed>::pack_face_x(const double *, double *, int, int, int, int, int)"
7854378118,8399,7854386517,2576,7854389093,1824,12799,118,118,1,cudaLaunchKernel, 256    1    1, 256    1    1,"<unnamed>::unpack_face_y(const double *, double *, int, int, int, int, int)"
7854384492,7567,7854392059,7025,7854399084,2816,17408,117,117,0,cudaLaunchKernel, 256    1    1, 256    1    1,"<unnamed>::unpack_face_z(const double *, double *, int, int, int, int, int)"
7854385063,6349,7854391412,2420,7854393832,4672,13441,120,120,3,cudaLaunchKernel, 508    1    1, 256    1    1,"<unnamed>::step_kernel_boundary_y_faces(const double *, const double *, double *, const double *, const double *, int, int, int, int, int, int, int, double, double)"
7854385189,15270,7854400459,52693,7854453152,1824,69787,119,119,2,cudaLaunchKernel, 256    1    1, 256    1    1,"<unnamed>::unpack_face_y(const double *, double *, int, int, int, int, int)"
7854387450,5333,7854392783,2422,7854395205,2528,10283,118,118,1,cudaLaunchKernel, 256    1    1, 256    1    1,"<unnamed>::unpack_face_z(const double *, double *, int, int, int, int, int)"
7854388025,4280,7854392305,8537,7854400842,1888,14705,123,123,6,cudaLaunchKernel, 256    1    1, 256    1    1,"<unnamed>::pack_face_y(const double *, double *, int, int, int, int, int)"
7854391782,8030,7854399812,1380,7854401192,27136,36546,120,120,3,cudaLaunchKernel, 505    1    1, 256    1    1,"<unnamed>::step_kernel_boundary_z_faces(const double *, const double *, double *, const double *, const double *, int, int, int, int, int, int, int, double, double)"
7854392707,9253,7854401960,1858,7854403818,4224,15335,123,123,6,cudaLaunchKernel, 256    1    1, 256    1    1,"<unnamed>::pack_face_z(const double *, double *, int, int, int, int, int)"
7854396352,9076,7854405428,3128,7854408556,4896,17100,117,117,0,cudaLaunchKernel, 512    1    1, 256    1    1,"<unnamed>::step_kernel_boundary_x_faces(const double *, const double *, double *, const double *, const double *, int, int, int, int, int, int, int, double, double)"
7854397011,6860,7854403871,2054,7854405925,4896,13810,118,118,1,cudaLaunchKernel, 512    1    1, 256    1    1,"<unnamed>::step_kernel_boundary_x_faces(const double *, const double *, double *, const double *, const double *, int, int, int, int, int, int, int, double, double)"
7854397490,8397,7854405887,4399,7854410286,2272,15068,133,133,7,cudaLaunchKernel, 256    1    1, 256    1    1,"<unnamed>::unpack_face_x(const double *, double *, int, int, int, int, int)"
7854401724,21194,7854422918,33402,7854456320,2592,57188,119,119,2,cudaLaunchKernel, 256    1    1, 256    1    1,"<unnamed>::unpack_face_z(const double *, double *, int, int, int, int, int)"
7854403067,4403,7854407470,2812,7854410282,216573,223788,123,123,6,cudaLaunchKernel,   8   64   64,  32    4    4,"<unnamed>::step_kernel_interior(const double *, const double *, double *, const double *, const double *, int, int, int, int, int, int, int, double, double)"
7854404267,3383,7854407650,4291,7854411941,4640,12314,118,118,1,cudaLaunchKernel, 508    1    1, 256    1    1,"<unnamed>::step_kernel_boundary_y_faces(const double *, const double *, double *, const double *, const double *, int, int, int, int, int, int, int, double, double)"
7854405566,14018,7854419584,10184,7854429768,1824,26026,120,120,3,cudaLaunchKernel, 256    1    1, 256    1    1,"<unnamed>::pack_face_x(const double *, double *, int, int, int, int, int)"
7854405921,17647,,,7854417548,4736,17647,117,117,0,cudaLaunchKernel, 508    1    1, 256    1    1,"<unnamed>::step_kernel_boundary_y_faces(const double *, const double *, double *, const double *, const double *, int, int, int, int, int, int, int, double, double)"
7854406333,18585,7854424918,1079,7854425997,1792,21456,133,133,7,cudaLaunchKernel, 256    1    1, 256    1    1,"<unnamed>::unpack_face_y(const double *, double *, int, int, int, int, int)"
7854406363,18735,7854425098,2400,7854427498,3072,24207,121,121,4,cudaLaunchKernel, 256    1    1, 256    1    1,"<unnamed>::unpack_face_x(const double *, double *, int, int, int, int, int)"
7854411665,20340,7854432005,1184,7854433189,27872,49396,118,118,1,cudaLaunchKernel, 505    1    1, 256    1    1,"<unnamed>::step_kernel_boundary_z_faces(const double *, const double *, double *, const double *, const double *, int, int, int, int, int, int, int, double, double)"
7854412330,22408,7854434738,53580,7854488318,2464,78452,122,122,5,cudaLaunchKernel, 256    1    1, 256    1    1,"<unnamed>::unpack_face_x(const double *, double *, int, int, int, int, int)"
7854422431,6047,7854428478,4362,7854432840,1952,12361,120,120,3,cudaLaunchKernel, 256    1    1, 256    1    1,"<unnamed>::pack_face_y(const double *, double *, int, int, int, int, int)"
7854424536,5879,7854430415,2589,7854433004,28864,37332,117,117,0,cudaLaunchKernel, 505    1    1, 256    1    1,"<unnamed>::step_kernel_boundary_z_faces(const double *, const double *, double *, const double *, const double *, int, int, int, int, int, int, int, double, double)"
7854425558,14757,7854440315,19621,7854459936,5056,39434,119,119,2,cudaLaunchKernel, 512    1    1, 256    1    1,"<unnamed>::step_kernel_boundary_x_faces(const double *, const double *, double *, const double *, const double *, int, int, int, int, int, int, int, double, double)"
7854425892,10544,7854436436,505,7854436941,2624,13673,133,133,7,cudaLaunchKernel, 256    1    1, 256    1    1,"<unnamed>::unpack_face_z(const double *, double *, int, int, int, int, int)"
7854426041,12295,7854438336,2282,7854440618,1824,16401,121,121,4,cudaLaunchKernel, 256    1    1, 256    1    1,"<unnamed>::unpack_face_y(const double *, double *, int, int, int, int, int)"
7854428891,8314,7854437205,1203,7854438408,4032,13549,120,120,3,cudaLaunchKernel, 256    1    1, 256    1    1,"<unnamed>::pack_face_z(const double *, double *, int, int, int, int, int)"
7854436680,15023,7854451703,41031,7854492734,1888,57942,122,122,5,cudaLaunchKernel, 256    1    1, 256    1    1,"<unnamed>::unpack_face_y(const double *, double *, int, int, int, int, int)"
7854437581,11569,7854449150,911,7854450061,5120,17600,133,133,7,cudaLaunchKernel, 512    1    1, 256    1    1,"<unnamed>::step_kernel_boundary_x_faces(const double *, const double *, double *, const double *, const double *, int, int, int, int, int, int, int, double, double)"
7854438335,10138,7854448473,1263,7854449736,216734,228135,120,120,3,cudaLaunchKernel,   8   64   64,  32    4    4,"<unnamed>::step_kernel_interior(const double *, const double *, double *, const double *, const double *, int, int, int, int, int, int, int, double, double)"
7854439256,11339,7854450595,999,7854451594,3072,15410,121,121,4,cudaLaunchKernel, 256    1    1, 256    1    1,"<unnamed>::unpack_face_z(const double *, double *, int, int, int, int, int)"
7854440454,12122,7854452576,10412,7854462988,2016,24550,117,117,0,cudaLaunchKernel, 256    1    1, 256    1    1,"<unnamed>::pack_face_x(const double *, double *, int, int, int, int, int)"
7854441479,10271,7854451750,10431,7854462181,1856,22558,118,118,1,cudaLaunchKernel, 256    1    1, 256    1    1,"<unnamed>::pack_face_x(const double *, double *, int, int, int, int, int)"
7854445468,10363,7854455831,10569,7854466400,4992,25924,119,119,2,cudaLaunchKernel, 508    1    1, 256    1    1,"<unnamed>::step_kernel_boundary_y_faces(const double *, const double *, double *, const double *, const double *, int, int, int, int, int, int, int, double, double)"
7854450031,5413,7854455444,3673,7854459117,4768,13854,133,133,7,cudaLaunchKernel, 508    1    1, 256    1    1,"<unnamed>::step_kernel_boundary_y_faces(const double *, const double *, double *, const double *, const double *, int, int, int, int, int, int, int, double, double)"
7854451678,10322,,,7854461418,4768,14508,121,121,4,cudaLaunchKernel, 512    1    1, 256    1    1,"<unnamed>::step_kernel_boundary_x_faces(const double *, const double *, double *, const double *, const double *, int, int, int, int, int, int, int, double, double)"
7854452649,3811,7854456460,8857,7854465317,2112,14780,118,118,1,cudaLaunchKernel, 256    1    1, 256    1    1,"<unnamed>::pack_face_y(const double *, double *, int, int, int, int, int)"
7854452815,13593,7854466408,29558,7854495966,2688,45839,122,122,5,cudaLaunchKernel, 256    1    1, 256    1    1,"<unnamed>::unpack_face_z(const double *, double *, int, int, int, int, int)"
7854453504,9514,7854463018,3170,7854466188,1920,14604,117,117,0,cudaLaunchKernel, 256    1    1, 256    1    1,"<unnamed>::pack_face_y(const double *, double *, int, int, int, int, int)"
7854455803,10013,7854465816,1397,7854467213,27040,38450,133,133,7,cudaLaunchKernel, 505    1    1, 256    1    1,"<unnamed>::step_kernel_boundary_z_faces(const double *, const double *, double *, const double *, const double *, int, int, int, int, int, int, int, double, double)"
7854456879,8064,7854464943,3638,7854468581,4704,16406,118,118,1,cudaLaunchKernel, 256    1    1, 256    1    1,"<unnamed>::pack_face_z(const double *, double *, int, int, int, int, int)"
7854456890,11684,7854468574,3906,7854472480,27680,43270,119,119,2,cudaLaunchKernel, 505    1    1, 256    1    1,"<unnamed>::step_kernel_boundary_z_faces(const double *, const double *, double *, const double *, const double *, int, int, int, int, int, int, int, double, double)"
7854463399,12033,,,7854475114,4672,16387,121,121,4,cudaLaunchKernel, 508    1    1, 256    1    1,"<unnamed>::step_kernel_boundary_y_faces(const double *, const double *, double *, const double *, const double *, int, int, int, int, int, int, int, double, double)"
7854463905,12039,7854475944,1156,7854477100,4064,17259,117,117,0,cudaLaunchKernel, 256    1    1, 256    1    1,"<unnamed>::pack_face_z(const double *, double *, int, int, int, int, int)"
7854466081,9751,7854475832,1357,7854477189,216670,227778,118,118,1,cudaLaunchKernel,   8   64   64,  32    4    4,"<unnamed>::step_kernel_interior(const double *, const double *, double *, const double *, const double *, int, int, int, int, int, int, int, double, double)"
7854467994,19956,7854487950,11983,7854499933,5088,37027,122,122,5,cudaLaunchKernel, 512    1    1, 256    1    1,"<unnamed>::step_kernel_boundary_x_faces(const double *, const double *, double *, const double *, const double *, int, int, int, int, int, int, int, double, double)"
7854475226,12232,7854487458,8235,7854495693,1791,22258,133,133,7,cudaLaunchKernel, 256    1    1, 256    1    1,"<unnamed>::pack_face_x(const double *, double *, int, int, int, int, int)"
7854476411,10571,7854486982,1092,7854488074,26848,38511,121,121,4,cudaLaunchKernel, 505    1    1, 256    1    1,"<unnamed>::step_kernel_boundary_z_faces(const double *, const double *, double *, const double *, const double *, int, int, int, int, int, int, int, double, double)"
7854477091,10925,7854488016,1404,7854489420,217662,229991,117,117,0,cudaLaunchKernel,   8   64   64,  32    4    4,"<unnamed>::step_kernel_interior(const double *, const double *, double *, const double *, const double *, int, int, int, int, int, int, int, double, double)"
7854487656,19749,7854507405,915,7854508320,1856,22520,119,119,2,cudaLaunchKernel, 256    1    1, 256    1    1,"<unnamed>::pack_face_x(const double *, double *, int, int, int, int, int)"
7854488412,10988,7854499400,2212,7854501612,1920,15120,133,133,7,cudaLaunchKernel, 256    1    1, 256    1    1,"<unnamed>::pack_face_y(const double *, double *, int, int, int, int, int)"
7854489527,18725,7854508252,417,7854508669,4832,23974,122,122,5,cudaLaunchKernel, 508    1    1, 256    1    1,"<unnamed>::step_kernel_boundary_y_faces(const double *, const double *, double *, const double *, const double *, int, int, int, int, int, int, int, double, double)"
7854497320,12240,7854509560,6449,7854516009,1920,20609,121,121,4,cudaLaunchKernel, 256    1    1, 256    1    1,"<unnamed>::pack_face_x(const double *, double *, int, int, int, int, int)"
7854500332,13578,,,7854512364,4096,16128,133,133,7,cudaLaunchKernel, 256    1    1, 256    1    1,"<unnamed>::pack_face_z(const double *, double *, int, int, int, int, int)"
7854508808,16356,7854525164,276,7854525440,2016,18648,119,119,2,cudaLaunchKernel, 256    1    1, 256    1    1,"<unnamed>::pack_face_y(const double *, double *, int, int, int, int, int)"
7854509458,17394,7854526852,409,7854527261,27296,45099,122,122,5,cudaLaunchKernel, 505    1    1, 256    1    1,"<unnamed>::step_kernel_boundary_z_faces(const double *, const double *, double *, const double *, const double *, int, int, int, int, int, int, int, double, double)"
7854513565,11879,7854525444,1957,7854527401,2048,15884,121,121,4,cudaLaunchKernel, 256    1    1, 256    1    1,"<unnamed>::pack_face_y(const double *, double *, int, int, int, int, int)"
7854515118,12968,7854528086,1750,7854529836,217213,231931,133,133,7,cudaLaunchKernel,   8   64   64,  32    4    4,"<unnamed>::step_kernel_interior(const double *, const double *, double *, const double *, const double *, int, int, int, int, int, int, int, double, double)"
7854526333,12080,7854538413,860,7854539273,4224,17164,121,121,4,cudaLaunchKernel, 256    1    1, 256    1    1,"<unnamed>::pack_face_z(const double *, double *, int, int, int, int, int)"
7854526509,17961,,,7854541983,4256,19730,119,119,2,cudaLaunchKernel, 256    1    1, 256    1    1,"<unnamed>::pack_face_z(const double *, double *, int, int, int, int, int)"
7854539529,14195,,,7854552201,216831,229503,121,121,4,cudaLaunchKernel,   8   64   64,  32    4    4,"<unnamed>::step_kernel_interior(const double *, const double *, double *, const double *, const double *, int, int, int, int, int, int, int, double, double)"
7854546404,15046,7854561450,469,7854561919,218013,233528,119,119,2,cudaLaunchKernel,   8   64   64,  32    4    4,"<unnamed>::step_kernel_interior(const double *, const double *, double *, const double *, const double *, int, int, int, int, int, int, int, double, double)"
7854547390,15138,7854562528,989,7854563517,1824,17951,122,122,5,cudaLaunchKernel, 256    1    1, 256    1    1,"<unnamed>::pack_face_x(const double *, double *, int, int, int, int, int)"
7854563954,13750,7854577704,149,7854577853,1920,15819,122,122,5,cudaLaunchKernel, 256    1    1, 256    1    1,"<unnamed>::pack_face_y(const double *, double *, int, int, int, int, int)"
7854579119,18944,,,7854597692,4256,22829,122,122,5,cudaLaunchKernel, 256    1    1, 256    1    1,"<unnamed>::pack_face_z(const double *, double *, int, int, int, int, int)"
7854599639,18635,7854618274,666,7854618940,217406,236707,122,122,5,cudaLaunchKernel,   8   64   64,  32    4    4,"<unnamed>::step_kernel_interior(const double *, const double *, double *, const double *, const double *, int, int, int, int, int, int, int, double, double)"
7854643752,6068,7854649820,2187,7854652007,1792,10047,123,123,6,cudaLaunchKernel, 256    1    1, 256    1    1,"<unnamed>::unpack_face_x(const double *, double *, int, int, int, int, int)"
7854650576,8004,7854658580,883,7854659463,2016,10903,123,123,6,cudaLaunchKernel, 256    1    1, 256    1    1,"<unnamed>::unpack_face_y(const double *, double *, int, int, int, int, int)"
7854659497,7190,7854666687,2408,7854669095,2592,12190,123,123,6,cudaLaunchKernel, 256    1    1, 256    1    1,"<unnamed>::unpack_face_z(const double *, double *, int, int, int, int, int)"
7854669905,6433,7854676338,2547,7854678885,1760,10740,120,120,3,cudaLaunchKernel, 256    1    1, 256    1    1,"<unnamed>::unpack_face_x(const double *, double *, int, int, int, int, int)"
7854670505,6539,7854677044,2099,7854679143,5216,13854,123,123,6,cudaLaunchKernel, 512    1    1, 256    1    1,"<unnamed>::step_kernel_boundary_x_faces(const double *, const double *, double *, const double *, const double *, int, int, int, int, int, int, int, double, double)"
7854676959,9147,7854686106,1163,7854687269,1856,12166,120,120,3,cudaLaunchKernel, 256    1    1, 256    1    1,"<unnamed>::unpack_face_y(const double *, double *, int, int, int, int, int)"
7854677554,11264,7854688818,949,7854689767,4864,17077,123,123,6,cudaLaunchKernel, 508    1    1, 256    1    1,"<unnamed>::step_kernel_boundary_y_faces(const double *, const double *, double *, const double *, const double *, int, int, int, int, int, int, int, double, double)"
7854680957,11690,7854692647,10787,7854703434,3072,25549,117,117,0,cudaLaunchKernel, 256    1    1, 256    1    1,"<unnamed>::unpack_face_x(const double *, double *, int, int, int, int, int)"
7854685192,20496,7854705688,71044,7854776732,2688,94228,119,119,2,cudaLaunchKernel, 256    1    1, 256    1    1,"<unnamed>::unpack_face_x(const double *, double *, int, int, int, int, int)"
7854689798,6672,7854696470,2063,7854698533,2944,11679,120,120,3,cudaLaunchKernel, 256    1    1, 256    1    1,"<unnamed>::unpack_face_z(const double *, double *, int, int, int, int, int)"
7854690836,5508,7854696344,2447,7854698791,28319,36274,123,123,6,cudaLaunchKernel, 505    1    1, 256    1    1,"<unnamed>::step_kernel_boundary_z_faces(const double *, const double *, double *, const double *, const double *, int, int, int, int, int, int, int, double, double)"
7854693606,10180,7854703786,3712,7854707498,1824,15716,117,117,0,cudaLaunchKernel, 256    1    1, 256    1    1,"<unnamed>::unpack_face_y(const double *, double *, int, int, int, int, int)"
7854697240,8338,7854705578,2139,7854707717,5088,15565,120,120,3,cudaLaunchKernel, 512    1    1, 256    1    1,"<unnamed>::step_kernel_boundary_x_faces(const double *, const double *, double *, const double *, const double *, int, int, int, int, int, int, int, double, double)"
7854704869,11800,7854716669,1293,7854717962,2944,16037,117,117,0,cudaLaunchKernel, 256    1    1, 256    1    1,"<unnamed>::unpack_face_z(const double *, double *, int, int, int, int, int)"
7854706049,9988,7854716037,12513,7854728550,1824,24325,123,123,6,cudaLaunchKernel, 256    1    1, 256    1    1,"<unnamed>::pack_face_x(const double *, double *, int, int, int, int, int)"
7854706512,10057,7854716569,1804,7854718373,4896,16757,120,120,3,cudaLaunchKernel, 508    1    1, 256    1    1,"<unnamed>::step_kernel_boundary_y_faces(const double *, const double *, double *, const double *, const double *, int, int, int, int, int, int, int, double, double)"
7854707270,18280,7854725550,55310,7854780860,1920,75510,119,119,2,cudaLaunchKernel, 256    1    1, 256    1    1,"<unnamed>::unpack_face_y(const double *, double *, int, int, int, int, int)"
7854707736,10226,7854717962,1561,7854719523,1952,13739,118,118,1,cudaLaunchKernel, 256    1    1, 256    1    1,"<unnamed>::unpack_face_x(const double *, double *, int, int, int, int, int)"
7854716964,8907,7854725871,5559,7854731430,1984,16450,123,123,6,cudaLaunchKernel, 256    1    1, 256    1    1,"<unnamed>::pack_face_y(const double *, double *, int, int, int, int, int)"
7854717448,9240,7854726688,1509,7854728197,26976,37725,120,120,3,cudaLaunchKernel, 505    1    1, 256    1    1,"<unnamed>::step_kernel_boundary_z_faces(const double *, const double *, double *, const double *, const double *, int, int, int, int, int, int, int, double, double)"
7854717775,11404,7854729179,1551,7854730730,4896,17851,117,117,0,cudaLaunchKernel, 512    1    1, 256    1    1,"<unnamed>::step_kernel_boundary_x_faces(const double *, const double *, double *, const double *, const double *, int, int, int, int, int, int, int, double, double)"
7854721783,6425,7854728208,2067,7854730275,1888,10380,118,118,1,cudaLaunchKernel, 256    1    1, 256    1    1,"<unnamed>::unpack_face_y(const double *, double *, int, int, int, int, int)"
7854726781,8770,,,7854734502,4448,12169,123,123,6,cudaLaunchKernel, 256    1    1, 256    1    1,"<unnamed>::pack_face_z(const double *, double *, int, int, int, int, int)"
7854726938,14278,7854741216,42684,7854783900,2496,59458,119,119,2,cudaLaunchKernel, 256    1    1, 256    1    1,"<unnamed>::unpack_face_z(const double *, double *, int, int, int, int, int)"
7854728775,8778,7854737553,1042,7854738595,2432,12252,118,118,1,cudaLaunchKernel, 256    1    1, 256    1    1,"<unnamed>::unpack_face_z(const double *, double *, int, int, int, int, int)"
7854729965,12537,7854742502,1636,7854744138,4736,18909,117,117,0,cudaLaunchKernel, 508    1    1, 256    1    1,"<unnamed>::step_kernel_boundary_y_faces(const double *, const double *, double *, const double *, const double *, int, int, int, int, int, int, int, double, double)"
7854736383,6435,7854742818,13827,7854756645,1824,22086,120,120,3,cudaLaunchKernel, 256    1    1, 256    1    1,"<unnamed>::pack_face_x(const double *, double *, int, int, int, int, int)"
7854736643,5326,7854741969,2613,7854744582,217342,225281,123,123,6,cudaLaunchKernel,   8   64   64,  32    4    4,"<unnamed>::step_kernel_interior(const double *, const double *, double *, const double *, const double *, int, int, int, int, int, int, int, double, double)"
7854738650,4645,7854743295,3492,7854746787,5152,13289,118,118,1,cudaLaunchKernel, 512    1    1, 256    1    1,"<unnamed>::step_kernel_boundary_x_faces(const double *, const double *, double *, const double *, const double *, int, int, int, int, int, int, int, double, double)"
7854739584,10909,,,7854748553,1824,10909,133,133,7,cudaLaunchKernel, 256    1    1, 256    1    1,"<unnamed>::unpack_face_x(const double *, double *, int, int, int, int, int)"
7854742973,17398,7854760371,27113,7854787484,4704,49215,119,119,2,cudaLaunchKernel, 512    1    1, 256    1    1,"<unnamed>::step_kernel_boundary_x_faces(const double *, const double *, double *, const double *, const double *, int, int, int, int, int, int, int, double, double)"
7854743227,7483,7854750710,9103,7854759813,1984,18570,120,120,3,cudaLaunchKernel, 256    1    1, 256    1    1,"<unnamed>::pack_face_y(const double *, double *, int, int, int, int, int)"
7854743353,9750,7854753103,2491,7854755594,27999,40240,117,117,0,cudaLaunchKernel, 505    1    1, 256    1    1,"<unnamed>::step_kernel_boundary_z_faces(const double *, const double *, double *, const double *, const double *, int, int, int, int, int, int, int, double, double)"
7854743640,8693,7854752333,1430,7854753763,4832,14955,118,118,1,cudaLaunchKernel, 508    1    1, 256    1    1,"<unnamed>::step_kernel_boundary_y_faces(const double *, const double *, double *, const double *, const double *, int, int, int, int, int, int, int, double, double)"
7854744662,15411,7854760073,5631,7854765704,2816,23858,121,121,4,cudaLaunchKernel, 256    1    1, 256    1    1,"<unnamed>::unpack_face_x(const double *, double *, int, int, int, int, int)"
7854749890,18230,7854768120,64930,7854833050,2656,85816,122,122,5,cudaLaunchKernel, 256    1    1, 256    1    1,"<unnamed>::unpack_face_x(const double *, double *, int, int, int, int, int)"
7854751482,10970,7854762452,981,7854763433,1856,13807,133,133,7,cudaLaunchKernel, 256    1    1, 256    1    1,"<unnamed>::unpack_face_y(const double *, double *, int, int, int, int, int)"
7854751648,9912,7854761560,1453,7854763013,4064,15429,120,120,3,cudaLaunchKernel, 256    1    1, 256    1    1,"<unnamed>::pack_face_z(const double *, double *, int, int, int, int, int)"
7854753219,9361,7854762580,1295,7854763875,27200,37856,118,118,1,cudaLaunchKernel, 505    1    1, 256    1    1,"<unnamed>::step_kernel_boundary_z_faces(const double *, const double *, double *, const double *, const double *, int, int, int, int, int, int, int, double, double)"
7854761020,11451,7854772471,1969,7854774440,1888,15308,121,121,4,cudaLaunchKernel, 256    1    1, 256    1    1,"<unnamed>::unpack_face_y(const double *, double *, int, int, int, int, int)"
7854761652,13502,7854775154,18218,7854793372,4736,36456,119,119,2,cudaLaunchKernel, 508    1    1, 256    1    1,"<unnamed>::step_kernel_boundary_y_faces(const double *, const double *, double *, const double *, const double *, int, int, int, int, int, int, int, double, double)"
7854762663,8730,7854771393,1444,7854772837,218109,228283,120,120,3,cudaLaunchKernel,   8   64   64,  32    4    4,"<unnamed>::step_kernel_interior(const double *, const double *, double *, const double *, const double *, int, int, int, int, int, int, int, double, double)"
7854763380,12293,7854775673,1360,7854777033,2880,16533,133,133,7,cudaLaunchKernel, 256    1    1, 256    1    1,"<unnamed>::unpack_face_z(const double *, double *, int, int, int, int, int)"
7854763464,10440,7854773904,10873,7854784777,1856,23169,117,117,0,cudaLaunchKernel, 256    1    1, 256    1    1,"<unnamed>::pack_face_x(const double *, double *, int, int, int, int, int)"
7854769710,8635,7854778345,58737,7854837082,1920,69292,122,122,5,cudaLaunchKernel, 256    1    1, 256    1    1,"<unnamed>::unpack_face_y(const double *, double *, int, int, int, int, int)"
7854772590,5685,7854778275,13984,7854792259,1888,21557,118,118,1,cudaLaunchKernel, 256    1    1, 256    1    1,"<unnamed>::pack_face_x(const double *, double *, int, int, int, int, int)"
7854773434,7049,7854780483,2213,7854782696,3456,12718,121,121,4,cudaLaunchKernel, 256    1    1, 256    1    1,"<unnamed>::unpack_face_z(const double *, double *, int, int, int, int, int)"
7854774788,5885,7854780673,7016,7854787689,2016,14917,117,117,0,cudaLaunchKernel, 256    1    1, 256    1    1,"<unnamed>::pack_face_y(const double *, double *, int, int, int, int, int)"
7854776532,24512,,,7854799228,27520,50216,119,119,2,cudaLaunchKernel, 505    1    1, 256    1    1,"<unnamed>::step_kernel_boundary_z_faces(const double *, const double *, double *, const double *, const double *, int, int, int, int, int, int, int, double, double)"
7854776790,10338,,,7854786217,4800,14227,133,133,7,cudaLaunchKernel, 512    1    1, 256    1    1,"<unnamed>::step_kernel_boundary_x_faces(const double *, const double *, double *, const double *, const double *, int, int, int, int, int, int, int, double, double)"
7854778690,3848,7854782538,12633,7854795171,2016,18497,118,118,1,cudaLaunchKernel, 256    1    1, 256    1    1,"<unnamed>::pack_face_y(const double *, double *, int, int, int, int, int)"
7854779038,13106,7854792144,47978,7854840122,2816,63900,122,122,5,cudaLaunchKernel, 256    1    1, 256    1    1,"<unnamed>::unpack_face_z(const double *, double *, int, int, int, int, int)"
7854781071,9246,7854790317,1340,7854791657,4064,14650,117,117,0,cudaLaunchKernel, 256    1    1, 256    1    1,"<unnamed>::pack_face_z(const double *, double *, int, int, int, int, int)"
7854781163,10638,7854791801,1007,7854792808,5024,16669,121,121,4,cudaLaunchKernel, 512    1    1, 256    1    1,"<unnamed>::step_kernel_boundary_x_faces(const double *, const double *, double *, const double *, const double *, int, int, int, int, int, int, int, double, double)"
7854786238,6375,7854792613,5694,7854798307,6880,18949,118,118,1,cudaLaunchKernel, 256    1    1, 256    1    1,"<unnamed>::pack_face_z(const double *, double *, int, int, int, int, int)"
7854788012,7338,7854795350,2579,7854797929,4640,14557,133,133,7,cudaLaunchKernel, 508    1    1, 256    1    1,"<unnamed>::step_kernel_boundary_y_faces(const double *, const double *, double *, const double *, const double *, int, int, int, int, int, int, int, double, double)"
7854791458,5316,7854796774,2723,7854799497,216478,224517,117,117,0,cudaLaunchKernel,   8   64   64,  32    4    4,"<unnamed>::step_kernel_interior(const double *, const double *, double *, const double *, const double *, int, int, int, int, int, int, int, double, double)"
7854792696,16164,7854808860,1995,7854810855,4736,22895,121,121,4,cudaLaunchKernel, 508    1    1, 256    1    1,"<unnamed>::step_kernel_boundary_y_faces(const double *, const double *, double *, const double *, const double *, int, int, int, int, int, int, int, double, double)"
7854793416,3823,7854797239,3564,7854800803,216670,224057,118,118,1,cudaLaunchKernel,   8   64   64,  32    4    4,"<unnamed>::step_kernel_interior(const double *, const double *, double *, const double *, const double *, int, int, int, int, int, int, int, double, double)"
7854793594,16752,7854810346,34032,7854844378,4927,55711,122,122,5,cudaLaunchKernel, 512    1    1, 256    1    1,"<unnamed>::step_kernel_boundary_x_faces(const double *, const double *, double *, const double *, const double *, int, int, int, int, int, int, int, double, double)"
7854795701,12785,7854808486,1091,7854809577,27423,41299,133,133,7,cudaLaunchKernel, 505    1    1, 256    1    1,"<unnamed>::step_kernel_boundary_z_faces(const double *, const double *, double *, const double *, const double *, int, int, int, int, int, int, int, double, double)"
7854809739,6149,7854815888,2359,7854818247,27520,36028,121,121,4,cudaLaunchKernel, 505    1    1, 256    1    1,"<unnamed>::step_kernel_boundary_z_faces(const double *, const double *, double *, const double *, const double *, int, int, int, int, int, int, int, double, double)"
7854811593,13183,7854824776,25969,7854850745,4768,43920,122,122,5,cudaLaunchKernel, 508    1    1, 256    1    1,"<unnamed>::step_kernel_boundary_y_faces(const double *, const double *, double *, const double *, const double *, int, int, int, int, int, int, int, double, double)"
7854811810,13082,7854824892,3008,7854827900,2080,18170,119,119,2,cudaLaunchKernel, 256    1    1, 256    1    1,"<unnamed>::pack_face_x(const double *, double *, int, int, int, int, int)"
7854814605,10545,7854825150,13322,7854838472,1792,25659,133,133,7,cudaLaunchKernel, 256    1    1, 256    1    1,"<unnamed>::pack_face_x(const double *, double *, int, int, int, int, int)"
7854825150,11880,7854837030,9889,7854846919,1856,23625,121,121,4,cudaLaunchKernel, 256    1    1, 256    1    1,"<unnamed>::pack_face_x(const double *, double *, int, int, int, int, int)"
7854826101,11359,7854837460,4148,7854841608,1952,17459,133,133,7,cudaLaunchKernel, 256    1    1, 256    1    1,"<unnamed>::pack_face_y(const double *, double *, int, int, int, int, int)"
7854826201,17717,7854843918,12811,7854856729,27584,58112,122,122,5,cudaLaunchKernel, 505    1    1, 256    1    1,"<unnamed>::step_kernel_boundary_z_faces(const double *, const double *, double *, const double *, const double *, int, int, int, int, int, int, int, double, double)"
7854826228,17710,,,7854841308,1920,17710,119,119,2,cudaLaunchKernel, 256    1    1, 256    1    1,"<unnamed>::pack_face_y(const double *, double *, int, int, int, int, int)"
7854837976,11363,7854849339,940,7854850279,2176,14479,121,121,4,cudaLaunchKernel, 256    1    1, 256    1    1,"<unnamed>::pack_face_y(const double *, double *, int, int, int, int, int)"
7854838395,10574,7854848969,1215,7854850184,4032,15821,133,133,7,cudaLaunchKernel, 256    1    1, 256    1    1,"<unnamed>::pack_face_z(const double *, double *, int, int, int, int, int)"
7854845691,14796,7854860487,564,7854861051,4096,19456,119,119,2,cudaLaunchKernel, 256    1    1, 256    1    1,"<unnamed>::pack_face_z(const double *, double *, int, int, int, int, int)"
7854850110,11899,7854862009,1551,7854863560,217245,230695,133,133,7,cudaLaunchKernel,   8   64   64,  32    4    4,"<unnamed>::step_kernel_interior(const double *, const double *, double *, const double *, const double *, int, int, int, int, int, int, int, double, double)"
7854850263,11801,7854862064,1271,7854863335,4192,17264,121,121,4,cudaLaunchKernel, 256    1    1, 256    1    1,"<unnamed>::pack_face_z(const double *, double *, int, int, int, int, int)"
7854858652,14149,7854872801,12696,7854885497,1984,28829,122,122,5,cudaLaunchKernel, 256    1    1, 256    1    1,"<unnamed>::pack_face_x(const double *, double *, int, int, int, int, int)"
7854862393,17020,,,7854877403,218141,233151,119,119,2,cudaLaunchKernel,   8   64   64,  32    4    4,"<unnamed>::step_kernel_interior(const double *, const double *, double *, const double *, const double *, int, int, int, int, int, int, int, double, double)"
7854866427,7285,7854873712,1975,7854875687,217790,227050,121,121,4,cudaLaunchKernel,   8   64   64,  32    4    4,"<unnamed>::step_kernel_interior(const double *, const double *, double *, const double *, const double *, int, int, int, int, int, int, int, double, double)"
7854873995,30155,7854904150,707,7854904857,1920,32782,122,122,5,cudaLaunchKernel, 256    1    1, 256    1    1,"<unnamed>::pack_face_y(const double *, double *, int, int, int, int, int)"
7854905634,13849,,,7854919001,4544,17911,122,122,5,cudaLaunchKernel, 256    1    1, 256    1    1,"<unnamed>::pack_face_z(const double *, double *, int, int, int, int, int)"
7854923432,16632,7854940064,472,7854940536,217534,234638,122,122,5,cudaLaunchKernel,   8   64   64,  32    4    4,"<unnamed>::step_kernel_interior(const double *, const double *, double *, const double *, const double *, int, int, int, int, int, int, int, double, double)"
7854994003,7010,7855001013,2222,7855003235,1888,11120,123,123,6,cudaLaunchKernel, 256    1    1, 256    1    1,"<unnamed>::unpack_face_x(const double *, double *, int, int, int, int, int)"
7855001608,8954,7855010562,1281,7855011843,1824,12059,123,123,6,cudaLaunchKernel, 256    1    1, 256    1    1,"<unnamed>::unpack_face_y(const double *, double *, int, int, int, int, int)"
7855011496,9487,7855020983,1324,7855022307,2528,13339,123,123,6,cudaLaunchKernel, 256    1    1, 256    1    1,"<unnamed>::unpack_face_z(const double *, double *, int, int, int, int, int)"
7855022064,9625,7855031689,1434,7855033123,4736,15795,123,123,6,cudaLaunchKernel, 512    1    1, 256    1    1,"<unnamed>::step_kernel_boundary_x_faces(const double *, const double *, double *, const double *, const double *, int, int, int, int, int, int, int, double, double)"
7855024637,10115,7855034752,1762,7855036514,1792,13669,120,120,3,cudaLaunchKernel, 256    1    1, 256    1    1,"<unnamed>::unpack_face_x(const double *, double *, int, int, int, int, int)"
7855032571,4647,7855037218,3745,7855040963,4928,13320,123,123,6,cudaLaunchKernel, 508    1    1, 256    1    1,"<unnamed>::step_kernel_boundary_y_faces(const double *, const double *, double *, const double *, const double *, int, int, int, int, int, int, int, double, double)"
7855034496,13274,7855047770,1325,7855049095,1792,16391,117,117,0,cudaLaunchKernel, 256    1    1, 256    1    1,"<unnamed>::unpack_face_x(const double *, double *, int, int, int, int, int)"
7855035712,8823,7855044535,2155,7855046690,1856,12834,120,120,3,cudaLaunchKernel, 256    1    1, 256    1    1,"<unnamed>::unpack_face_y(const double *, double *, int, int, int, int, int)"
7855036926,19017,7855055943,35953,7855091896,2976,57946,119,119,2,cudaLaunchKernel, 256    1    1, 256    1    1,"<unnamed>::unpack_face_x(const double *, double *, int, int, int, int, int)"
7855037566,8150,7855045716,2447,7855048163,27743,38340,123,123,6,cudaLaunchKernel, 505    1    1, 256    1    1,"<unnamed>::step_kernel_boundary_z_faces(const double *, const double *, double *, const double *, const double *, int, int, int, int, int, int, int, double, double)"
7855044401,13315,7855057716,1421,7855059137,1792,16528,118,118,1,cudaLaunchKernel, 256    1    1, 256    1    1,"<unnamed>::unpack_face_x(const double *, double *, int, int, int, int, int)"
7855045533,8815,,,7855053634,3232,11333,120,120,3,cudaLaunchKernel, 256    1    1, 256    1    1,"<unnamed>::unpack_face_z(const double *, double *, int, int, int, int, int)"
7855048730,14000,,,7855061223,1728,14221,117,117,0,cudaLaunchKernel, 256    1    1, 256    1    1,"<unnamed>::unpack_face_y(const double *, double *, int, int, int, int, int)"
7855055654,10346,7855066000,1394,7855067394,4800,16540,120,120,3,cudaLaunchKernel, 512    1    1, 256    1    1,"<unnamed>::step_kernel_boundary_x_faces(const double *, const double *, double *, const double *, const double *, int, int, int, int, int, int, int, double, double)"
7855057297,17705,7855075002,21278,7855096280,1824,40807,119,119,2,cudaLaunchKernel, 256    1    1, 256    1    1,"<unnamed>::unpack_face_y(const double *, double *, int, int, int, int, int)"
7855058664,9279,7855067943,1178,7855069121,1664,12121,118,118,1,cudaLaunchKernel, 256    1    1, 256    1    1,"<unnamed>::unpack_face_y(const double *, double *, int, int, int, int, int)"
7855063894,11449,,,7855073415,3072,12593,117,117,0,cudaLaunchKernel, 256    1    1, 256    1    1,"<unnamed>::unpack_face_z(const double *, double *, int, int, int, int, int)"
7855067083,9201,7855076284,901,7855077185,5184,15286,120,120,3,cudaLaunchKernel, 508    1    1, 256    1    1,"<unnamed>::step_kernel_boundary_y_faces(const double *, const double *, double *, const double *, const double *, int, int, int, int, int, int, int, double, double)"
7855068871,9025,7855077896,1177,7855079073,2528,12730,118,118,1,cudaLaunchKernel, 256    1    1, 256    1    1,"<unnamed>::unpack_face_z(const double *, double *, int, int, int, int, int)"
7855074620,15517,7855090137,1324,7855091461,1888,18729,133,133,7,cudaLaunchKernel, 256    1    1, 256    1    1,"<unnamed>::unpack_face_x(const double *, double *, int, int, int, int, int)"
7855076593,12776,7855089369,1006,7855090375,5088,18870,117,117,0,cudaLaunchKernel, 512    1    1, 256    1    1,"<unnamed>::step_kernel_boundary_x_faces(const double *, const double *, double *, const double *, const double *, int, int, int, int, int, int, int, double, double)"
7855076629,15510,7855092139,7117,7855099256,2624,25251,119,119,2,cudaLaunchKernel, 256    1    1, 256    1    1,"<unnamed>::unpack_face_z(const double *, double *, int, int, int, int, int)"
7855077296,11164,7855088460,2389,7855090849,27008,40561,120,120,3,cudaLaunchKernel, 505    1    1, 256    1    1,"<unnamed>::step_kernel_boundary_z_faces(const double *, const double *, double *, const double *, const double *, int, int, int, int, int, int, int, double, double)"
7855079006,10424,7855089430,1419,7855090849,5088,16931,118,118,1,cudaLaunchKernel, 512    1    1, 256    1    1,"<unnamed>::step_kernel_boundary_x_faces(const double *, const double *, double *, const double *, const double *, int, int, int, int, int, int, int, double, double)"
7855085694,8822,7855094516,2097,7855096613,1696,12615,121,121,4,cudaLaunchKernel, 256    1    1, 256    1    1,"<unnamed>::unpack_face_x(const double *, double *, int, int, int, int, int)"
7855089210,17542,7855106752,48086,7855154838,2720,68348,122,122,5,cudaLaunchKernel, 256    1    1, 256    1    1,"<unnamed>::unpack_face_x(const double *, double *, int, int, int, int, int)"
7855090242,11841,7855102083,2148,7855104231,4800,18789,117,117,0,cudaLaunchKernel, 508    1    1, 256    1    1,"<unnamed>::step_kernel_boundary_y_faces(const double *, const double *, double *, const double *, const double *, int, int, int, int, int, int, int, double, double)"
7855090336,5217,7855095553,3456,7855099009,4768,13441,118,118,1,cudaLaunchKernel, 508    1    1, 256    1    1,"<unnamed>::step_kernel_boundary_y_faces(const double *, const double *, double *, const double *, const double *, int, int, int, int, int, int, int, double, double)"
7855091156,12185,7855103341,1016,7855104357,1856,15057,133,133,7,cudaLaunchKernel, 256    1    1, 256    1    1,"<unnamed>::unpack_face_y(const double *, double *, int, int, int, int, int)"
7855093921,13019,7855106940,1436,7855108376,5024,19479,119,119,2,cudaLaunchKernel, 512    1    1, 256    1    1,"<unnamed>::step_kernel_boundary_x_faces(const double *, const double *, double *, const double *, const double *, int, int, int, int, int, int, int, double, double)"
7855098284,9119,7855107403,1818,7855109221,1760,12697,121,121,4,cudaLaunchKernel, 256    1    1, 256    1    1,"<unnamed>::unpack_face_y(const double *, double *, int, int, int, int, int)"
7855099599,6906,7855106505,3064,7855109569,27360,37330,118,118,1,cudaLaunchKernel, 505    1    1, 256    1    1,"<unnamed>::step_kernel_boundary_z_faces(const double *, const double *, double *, const double *, const double *, int, int, int, int, int, int, int, double, double)"
7855102974,8617,7855111591,3616,7855115207,27679,39912,117,117,0,cudaLaunchKernel, 505    1    1, 256    1    1,"<unnamed>::step_kernel_boundary_z_faces(const double *, const double *, double *, const double *, const double *, int, int, int, int, int, int, int, double, double)"
7855104286,5623,7855109909,2448,7855112357,2880,10951,133,133,7,cudaLaunchKernel, 256    1    1, 256    1    1,"<unnamed>::unpack_face_z(const double *, double *, int, int, int, int, int)"
7855108049,9386,7855117435,1194,7855118629,2880,13460,121,121,4,cudaLaunchKernel, 256    1    1, 256    1    1,"<unnamed>::unpack_face_z(const double *, double *, int, int, int, int, int)"
7855108250,16940,7855125190,33904,7855159094,1760,52604,122,122,5,cudaLaunchKernel, 256    1    1, 256    1    1,"<unnamed>::unpack_face_y(const double *, double *, int, int, int, int, int)"
7855108263,11845,7855120108,460,7855120568,4928,17233,119,119,2,cudaLaunchKernel, 508    1    1, 256    1    1,"<unnamed>::step_kernel_boundary_y_faces(const double *, const double *, double *, const double *, const double *, int, int, int, int, int, int, int, double, double)"
7855110605,9767,7855120372,1201,7855121573,5024,15992,133,133,7,cudaLaunchKernel, 512    1    1, 256    1    1,"<unnamed>::step_kernel_boundary_x_faces(const double *, const double *, double *, const double *, const double *, int, int, int, int, int, int, int, double, double)"
7855118485,12634,7855131119,1078,7855132197,5120,18832,121,121,4,cudaLaunchKernel, 512    1    1, 256    1    1,"<unnamed>::step_kernel_boundary_x_faces(const double *, const double *, double *, const double *, const double *, int, int, int, int, int, int, int, double, double)"
7855121278,13301,7855134579,997,7855135576,28063,42361,119,119,2,cudaLaunchKernel, 505    1    1, 256    1    1,"<unnamed>::step_kernel_boundary_z_faces(const double *, const double *, double *, const double *, const double *, int, int, int, int, int, int, int, double, double)"
7855121329,11632,7855132961,1124,7855134085,4960,17716,133,133,7,cudaLaunchKernel, 508    1    1, 256    1    1,"<unnamed>::step_kernel_boundary_y_faces(const double *, const double *, double *, const double *, const double *, int, int, int, int, int, int, int, double, double)"
7855128378,9734,7855138112,23926,7855162038,2560,36220,122,122,5,cudaLaunchKernel, 256    1    1, 256    1    1,"<unnamed>::unpack_face_z(const double *, double *, int, int, int, int, int)"
7855132028,7098,7855139126,2447,7855141573,4800,14345,121,121,4,cudaLaunchKernel, 508    1    1, 256    1    1,"<unnamed>::step_kernel_boundary_y_faces(const double *, const double *, double *, const double *, const double *, int, int, int, int, int, int, int, double, double)"
7855133830,6295,7855140125,3528,7855143653,26943,36766,133,133,7,cudaLaunchKernel, 505    1    1, 256    1    1,"<unnamed>::step_kernel_boundary_z_faces(const double *, const double *, double *, const double *, const double *, int, int, int, int, int, int, int, double, double)"
7855139260,17138,7855156398,9640,7855166038,4992,31770,122,122,5,cudaLaunchKernel, 512    1    1, 256    1    1,"<unnamed>::step_kernel_boundary_x_faces(const double *, const double *, double *, const double *, const double *, int, int, int, int, int, int, int, double, double)"
7855139490,10348,7855149838,2039,7855151877,27360,39747,121,121,4,cudaLaunchKernel, 505    1    1, 256    1    1,"<unnamed>::step_kernel_boundary_z_faces(const double *, const double *, double *, const double *, const double *, int, int, int, int, int, int, int, double, double)"
7855159190,17065,,,7855173686,4800,19296,122,122,5,cudaLaunchKernel, 508    1    1, 256    1    1,"<unnamed>::step_kernel_boundary_y_faces(const double *, const double *, double *, const double *, const double *, int, int, int, int, int, int, int, double, double)"
7855177679,19741,,,7855194869,26848,44038,122,122,5,cudaLaunchKernel, 505    1    1, 256    1    1,"<unnamed>::step_kernel_boundary_z_faces(const double *, const double *, double *, const double *, const double *, int, int, int, int, int, int, int, double, double)"
