API Start (ns),API Dur (ns),Queue Start (ns),Queue Dur (ns),Kernel Start (ns),Kernel Dur (ns),Total Dur (ns),PID,TID,DevId,API Function,GridXYZ,BlockXYZ,Kernel Name
210760086449,262542,,,210760342427,896,262542,126,126,5,cudaLaunchKernel,   1    1    1,   1    1    1,<unnamed>::warmup_kernel(double *)
210760700566,59287,,,210760733303,8095,59287,126,126,5,cudaLaunchKernel,6104    1    1, 256    1    1,"<unnamed>::pack_face_x(const double *, double *, int, int, int, int, int)"
210760762033,38116,210760800149,385,210760800534,22464,60965,126,126,5,cudaLaunchKernel,6104    1    1, 256    1    1,"<unnamed>::pack_face_y(const double *, double *, int, int, int, int, int)"
210760802383,20711,210760823094,9247,210760832341,62048,92006,126,126,5,cudaLaunchKernel,6104    1    1, 256    1    1,"<unnamed>::pack_face_z(const double *, double *, int, int, int, int, int)"
210809167588,266654,,,210809430501,1024,266654,122,122,1,cudaLaunchKernel,   1    1    1,   1    1    1,<unnamed>::warmup_kernel(double *)
210809717809,28597,210809746406,542,210809746948,8415,37554,122,122,1,cudaLaunchKernel,6104    1    1, 256    1    1,"<unnamed>::pack_face_x(const double *, double *, int, int, int, int, int)"
210809751237,25494,210809776731,2216,210809778947,22944,50654,122,122,1,cudaLaunchKernel,6104    1    1, 256    1    1,"<unnamed>::pack_face_y(const double *, double *, int, int, int, int, int)"
210809778536,40946,,,210809817475,62496,101435,122,122,1,cudaLaunchKernel,6104    1    1, 256    1    1,"<unnamed>::pack_face_z(const double *, double *, int, int, int, int, int)"
210968552841,256712,,,210968804711,896,256712,124,124,3,cudaLaunchKernel,   1    1    1,   1    1    1,<unnamed>::warmup_kernel(double *)
210969119449,39099,210969158548,431,210969158979,8160,47690,124,124,3,cudaLaunchKernel,6104    1    1, 256    1    1,"<unnamed>::pack_face_x(const double *, double *, int, int, int, int, int)"
210969160617,26985,210969187602,209,210969187811,23840,51034,124,124,3,cudaLaunchKernel,6104    1    1, 256    1    1,"<unnamed>::pack_face_y(const double *, double *, int, int, int, int, int)"
210969189679,23031,210969212710,8541,210969221251,62207,93779,124,124,3,cudaLaunchKernel,6104    1    1, 256    1    1,"<unnamed>::pack_face_z(const double *, double *, int, int, int, int, int)"
212212236780,272021,,,212212500037,896,272021,125,125,4,cudaLaunchKernel,   1    1    1,   1    1    1,<unnamed>::warmup_kernel(double *)
212212886422,34922,212212921344,898,212212922242,8096,43916,125,125,4,cudaLaunchKernel,6104    1    1, 256    1    1,"<unnamed>::pack_face_x(const double *, double *, int, int, int, int, int)"
212212923715,30729,,,212212952322,20736,49343,125,125,4,cudaLaunchKernel,6104    1    1, 256    1    1,"<unnamed>::pack_face_y(const double *, double *, int, int, int, int, int)"
212212956554,28749,212212985303,2155,212212987458,63231,94135,125,125,4,cudaLaunchKernel,6104    1    1, 256    1    1,"<unnamed>::pack_face_z(const double *, double *, int, int, int, int, int)"
212305153313,248067,,,212305398986,896,248067,137,137,7,cudaLaunchKernel,   1    1    1,   1    1    1,<unnamed>::warmup_kernel(double *)
212305721303,41309,,,212305760133,8320,47150,137,137,7,cudaLaunchKernel,6104    1    1, 256    1    1,"<unnamed>::pack_face_x(const double *, double *, int, int, int, int, int)"
212305764975,30729,212305795704,813,212305796517,23167,54709,137,137,7,cudaLaunchKernel,6104    1    1, 256    1    1,"<unnamed>::pack_face_y(const double *, double *, int, int, int, int, int)"
212305797612,25559,212305823171,3489,212305826660,62784,91832,137,137,7,cudaLaunchKernel,6104    1    1, 256    1    1,"<unnamed>::pack_face_z(const double *, double *, int, int, int, int, int)"
212310662854,94890,212310757744,588177,212311345921,8447,691514,126,126,5,cudaLaunchKernel,6104    1    1, 256    1    1,"<unnamed>::unpack_face_x(const double *, double *, int, int, int, int, int)"
212310763357,34938,212310798295,564489,212311362784,11328,610755,126,126,5,cudaLaunchKernel,6104    1    1, 256    1    1,"<unnamed>::unpack_face_y(const double *, double *, int, int, int, int, int)"
212310801518,21708,212310823226,559462,212311382688,122559,703729,126,126,5,cudaLaunchKernel,6104    1    1, 256    1    1,"<unnamed>::unpack_face_z(const double *, double *, int, int, int, int, int)"
212311901254,33337,,,212311930874,1440,33337,126,126,5,cudaLaunchKernel,   1    2    2,  32    4    4,"<unnamed>::step_kernel_interior(const double *, const double *, double *, const double *, const double *, int, int, int, int, int, int, int, double, double)"
212311937115,24374,,,212311959769,1408,24374,126,126,5,cudaLaunchKernel,   1    1    1, 256    1    1,"<unnamed>::step_kernel_boundary_x_faces(const double *, const double *, double *, const double *, const double *, int, int, int, int, int, int, int, double, double)"
212311964175,25380,212311989555,678,212311990233,1440,27498,126,126,5,cudaLaunchKernel,   1    1    1, 256    1    1,"<unnamed>::step_kernel_boundary_y_faces(const double *, const double *, double *, const double *, const double *, int, int, int, int, int, int, int, double, double)"
212311991583,18562,212312010145,1944,212312012089,1408,21914,126,126,5,cudaLaunchKernel,   1    1    1, 256    1    1,"<unnamed>::step_kernel_boundary_z_faces(const double *, const double *, double *, const double *, const double *, int, int, int, int, int, int, int, double, double)"
212312025615,11855,212312037470,666,212312038136,1376,13897,126,126,5,cudaLaunchKernel,   1    2    2,  32    4    4,"<unnamed>::step_kernel_interior(const double *, const double *, double *, const double *, const double *, int, int, int, int, int, int, int, double, double)"
212312038515,6618,212312045133,1867,212312047000,1376,9861,126,126,5,cudaLaunchKernel,   1    1    1, 256    1    1,"<unnamed>::step_kernel_boundary_x_faces(const double *, const double *, double *, const double *, const double *, int, int, int, int, int, int, int, double, double)"
212312045538,8771,212312054309,1651,212312055960,1376,11798,126,126,5,cudaLaunchKernel,   1    1    1, 256    1    1,"<unnamed>::step_kernel_boundary_y_faces(const double *, const double *, double *, const double *, const double *, int, int, int, int, int, int, int, double, double)"
212312055154,5852,212312061006,1994,212312063000,1568,9414,126,126,5,cudaLaunchKernel,   1    1    1, 256    1    1,"<unnamed>::step_kernel_boundary_z_faces(const double *, const double *, double *, const double *, const double *, int, int, int, int, int, int, int, double, double)"
212315750153,232283,,,212315977746,896,232283,133,133,6,cudaLaunchKernel,   1    1    1,   1    1    1,<unnamed>::warmup_kernel(double *)
212316265661,36696,212316302357,953,212316303310,8416,46065,133,133,6,cudaLaunchKernel,6104    1    1, 256    1    1,"<unnamed>::pack_face_x(const double *, double *, int, int, int, int, int)"
212316304454,28129,212316332583,615,212316333198,22975,51719,133,133,6,cudaLaunchKernel,6104    1    1, 256    1    1,"<unnamed>::pack_face_y(const double *, double *, int, int, int, int, int)"
212316335045,26542,212316361587,1658,212316363245,62944,91144,133,133,6,cudaLaunchKernel,6104    1    1, 256    1    1,"<unnamed>::pack_face_z(const double *, double *, int, int, int, int, int)"
212324523818,120632,212324644450,576756,212325221206,8064,705452,137,137,7,cudaLaunchKernel,6104    1    1, 256    1    1,"<unnamed>::unpack_face_x(const double *, double *, int, int, int, int, int)"
212324647326,28938,212324676264,563629,212325239893,10336,602903,137,137,7,cudaLaunchKernel,6104    1    1, 256    1    1,"<unnamed>::unpack_face_y(const double *, double *, int, int, int, int, int)"
212324683238,29592,212324712830,545655,212325258485,122399,697646,137,137,7,cudaLaunchKernel,6104    1    1, 256    1    1,"<unnamed>::unpack_face_z(const double *, double *, int, int, int, int, int)"
212325756755,32882,212325789637,874,212325790511,1472,35228,137,137,7,cudaLaunchKernel,   1    2    2,  32    4    4,"<unnamed>::step_kernel_interior(const double *, const double *, double *, const double *, const double *, int, int, int, int, int, int, int, double, double)"
212325791925,35122,,,212325824910,1408,35122,137,137,7,cudaLaunchKernel,   1    1    1, 256    1    1,"<unnamed>::step_kernel_boundary_x_faces(const double *, const double *, double *, const double *, const double *, int, int, int, int, int, int, int, double, double)"
212325829484,34250,212325863734,568,212325864302,1440,36258,137,137,7,cudaLaunchKernel,   1    1    1, 256    1    1,"<unnamed>::step_kernel_boundary_y_faces(const double *, const double *, double *, const double *, const double *, int, int, int, int, int, int, int, double, double)"
212325865859,33037,,,212325896845,1408,33037,137,137,7,cudaLaunchKernel,   1    1    1, 256    1    1,"<unnamed>::step_kernel_boundary_z_faces(const double *, const double *, double *, const double *, const double *, int, int, int, int, int, int, int, double, double)"
212325911562,8073,212325919635,1594,212325921229,1376,11043,137,137,7,cudaLaunchKernel,   1    2    2,  32    4    4,"<unnamed>::step_kernel_interior(const double *, const double *, double *, const double *, const double *, int, int, int, int, int, int, int, double, double)"
212325920202,10707,212325930909,368,212325931277,1408,12483,137,137,7,cudaLaunchKernel,   1    1    1, 256    1    1,"<unnamed>::step_kernel_boundary_x_faces(const double *, const double *, double *, const double *, const double *, int, int, int, int, int, int, int, double, double)"
212325931845,10950,212325942795,418,212325943213,1376,12744,137,137,7,cudaLaunchKernel,   1    1    1, 256    1    1,"<unnamed>::step_kernel_boundary_y_faces(const double *, const double *, double *, const double *, const double *, int, int, int, int, int, int, int, double, double)"
212325946475,9563,212325956038,1415,212325957453,1408,12386,137,137,7,cudaLaunchKernel,   1    1    1, 256    1    1,"<unnamed>::step_kernel_boundary_z_faces(const double *, const double *, double *, const double *, const double *, int, int, int, int, int, int, int, double, double)"
212463124493,256937,,,212463378031,896,256937,121,121,0,cudaLaunchKernel,   1    1    1,   1    1    1,<unnamed>::warmup_kernel(double *)
212463730393,36643,212463767036,1424,212463768460,8224,46291,121,121,0,cudaLaunchKernel,6104    1    1, 256    1    1,"<unnamed>::pack_face_x(const double *, double *, int, int, int, int, int)"
212463768867,35043,,,212463803628,23200,57961,121,121,0,cudaLaunchKernel,6104    1    1, 256    1    1,"<unnamed>::pack_face_y(const double *, double *, int, int, int, int, int)"
212463806724,23493,212463830217,2786,212463833003,62880,89159,121,121,0,cudaLaunchKernel,6104    1    1, 256    1    1,"<unnamed>::pack_face_z(const double *, double *, int, int, int, int, int)"
212468759572,99632,212468859204,580590,212469439794,8512,688734,122,122,1,cudaLaunchKernel,6104    1    1, 256    1    1,"<unnamed>::unpack_face_x(const double *, double *, int, int, int, int, int)"
212468862964,39267,212468902231,555675,212469457906,11008,605950,122,122,1,cudaLaunchKernel,6104    1    1, 256    1    1,"<unnamed>::unpack_face_y(const double *, double *, int, int, int, int, int)"
212468908011,24809,212468932820,542718,212469475538,121887,689414,122,122,1,cudaLaunchKernel,6104    1    1, 256    1    1,"<unnamed>::unpack_face_z(const double *, double *, int, int, int, int, int)"
212470054184,37496,,,212470090126,1664,37606,122,122,1,cudaLaunchKernel,   1    2    2,  32    4    4,"<unnamed>::step_kernel_interior(const double *, const double *, double *, const double *, const double *, int, int, int, int, int, int, int, double, double)"
212470096244,32784,212470129028,1386,212470130414,1632,35802,122,122,1,cudaLaunchKernel,   1    1    1, 256    1    1,"<unnamed>::step_kernel_boundary_x_faces(const double *, const double *, double *, const double *, const double *, int, int, int, int, int, int, int, double, double)"
212470131391,28152,,,212470158062,1664,28335,122,122,1,cudaLaunchKernel,   1    1    1, 256    1    1,"<unnamed>::step_kernel_boundary_y_faces(const double *, const double *, double *, const double *, const double *, int, int, int, int, int, int, int, double, double)"
212470161812,26870,212470188682,708,212470189390,1696,29274,122,122,1,cudaLaunchKernel,   1    1    1, 256    1    1,"<unnamed>::step_kernel_boundary_z_faces(const double *, const double *, double *, const double *, const double *, int, int, int, int, int, int, int, double, double)"
212470207962,9907,212470217869,352,212470218221,1696,11955,122,122,1,cudaLaunchKernel,   1    2    2,  32    4    4,"<unnamed>::step_kernel_interior(const double *, const double *, double *, const double *, const double *, int, int, int, int, int, int, int, double, double)"
212470218948,10192,,,212470228749,1600,11401,122,122,1,cudaLaunchKernel,   1    1    1, 256    1    1,"<unnamed>::step_kernel_boundary_x_faces(const double *, const double *, double *, const double *, const double *, int, int, int, int, int, int, int, double, double)"
212470230000,9836,212470239836,465,212470240301,1600,11901,122,122,1,cudaLaunchKernel,   1    1    1, 256    1    1,"<unnamed>::step_kernel_boundary_y_faces(const double *, const double *, double *, const double *, const double *, int, int, int, int, int, int, int, double, double)"
212470240707,10001,212470250708,825,212470251533,1600,12426,122,122,1,cudaLaunchKernel,   1    1    1, 256    1    1,"<unnamed>::step_kernel_boundary_z_faces(const double *, const double *, double *, const double *, const double *, int, int, int, int, int, int, int, double, double)"
212471729995,91536,212471821531,583555,212472405086,8192,683283,125,125,4,cudaLaunchKernel,6104    1    1, 256    1    1,"<unnamed>::unpack_face_x(const double *, double *, int, int, int, int, int)"
212471824153,28603,212471852756,570634,212472423390,10207,609444,125,125,4,cudaLaunchKernel,6104    1    1, 256    1    1,"<unnamed>::unpack_face_y(const double *, double *, int, int, int, int, int)"
212471859708,38370,212471898078,543935,212472442013,122528,704833,125,125,4,cudaLaunchKernel,6104    1    1, 256    1    1,"<unnamed>::unpack_face_z(const double *, double *, int, int, int, int, int)"
212473058949,37868,212473096817,168,212473096985,1472,39508,125,125,4,cudaLaunchKernel,   1    2    2,  32    4    4,"<unnamed>::step_kernel_interior(const double *, const double *, double *, const double *, const double *, int, int, int, int, int, int, int, double, double)"
212473099595,32613,212473132208,1000,212473133208,1408,35021,125,125,4,cudaLaunchKernel,   1    1    1, 256    1    1,"<unnamed>::step_kernel_boundary_x_faces(const double *, const double *, double *, const double *, const double *, int, int, int, int, int, int, int, double, double)"
212473134313,29839,212473164152,1056,212473165208,1440,32335,125,125,4,cudaLaunchKernel,   1    1    1, 256    1    1,"<unnamed>::step_kernel_boundary_y_faces(const double *, const double *, double *, const double *, const double *, int, int, int, int, int, int, int, double, double)"
212473166131,23765,212473189896,2224,212473192120,1440,27429,125,125,4,cudaLaunchKernel,   1    1    1, 256    1    1,"<unnamed>::step_kernel_boundary_z_faces(const double *, const double *, double *, const double *, const double *, int, int, int, int, int, int, int, double, double)"
212473210142,10949,212473221091,533,212473221624,1536,13018,125,125,4,cudaLaunchKernel,   1    2    2,  32    4    4,"<unnamed>::step_kernel_interior(const double *, const double *, double *, const double *, const double *, int, int, int, int, int, int, int, double, double)"
212473222160,11814,212473233974,354,212473234328,1344,13512,125,125,4,cudaLaunchKernel,   1    1    1, 256    1    1,"<unnamed>::step_kernel_boundary_x_faces(const double *, const double *, double *, const double *, const double *, int, int, int, int, int, int, int, double, double)"
212473234793,11359,212473246152,400,212473246552,1344,13103,125,125,4,cudaLaunchKernel,   1    1    1, 256    1    1,"<unnamed>::step_kernel_boundary_y_faces(const double *, const double *, double *, const double *, const double *, int, int, int, int, int, int, int, double, double)"
212473246973,11217,212473258190,522,212473258712,1536,13275,125,125,4,cudaLaunchKernel,   1    1    1, 256    1    1,"<unnamed>::step_kernel_boundary_z_faces(const double *, const double *, double *, const double *, const double *, int, int, int, int, int, int, int, double, double)"
212571037422,292510,,,212571325047,896,292510,123,123,2,cudaLaunchKernel,   1    1    1,   1    1    1,<unnamed>::warmup_kernel(double *)
212571653227,38381,212571691608,827,212571692435,7999,47207,123,123,2,cudaLaunchKernel,6104    1    1, 256    1    1,"<unnamed>::pack_face_x(const double *, double *, int, int, int, int, int)"
212571693924,26217,,,212571718002,23840,47918,123,123,2,cudaLaunchKernel,6104    1    1, 256    1    1,"<unnamed>::pack_face_y(const double *, double *, int, int, int, int, int)"
212571722451,27286,212571749737,2153,212571751890,62015,91454,123,123,2,cudaLaunchKernel,6104    1    1, 256    1    1,"<unnamed>::pack_face_z(const double *, double *, int, int, int, int, int)"
212576483733,135665,212576619398,522580,212577141978,8416,666661,124,124,3,cudaLaunchKernel,6104    1    1, 256    1    1,"<unnamed>::unpack_face_x(const double *, double *, int, int, int, int, int)"
212576625222,30795,212576656017,504105,212577160122,10784,545684,124,124,3,cudaLaunchKernel,6104    1    1, 256    1    1,"<unnamed>::unpack_face_y(const double *, double *, int, int, int, int, int)"
212576661413,21792,212576683205,495957,212577179162,121023,638772,124,124,3,cudaLaunchKernel,6104    1    1, 256    1    1,"<unnamed>::unpack_face_z(const double *, double *, int, int, int, int, int)"
212577763907,29734,212577793641,843,212577794484,1440,32017,124,124,3,cudaLaunchKernel,   1    2    2,  32    4    4,"<unnamed>::step_kernel_interior(const double *, const double *, double *, const double *, const double *, int, int, int, int, int, int, int, double, double)"
212577798749,23815,212577822564,272,212577822836,1408,25495,124,124,3,cudaLaunchKernel,   1    1    1, 256    1    1,"<unnamed>::step_kernel_boundary_x_faces(const double *, const double *, double *, const double *, const double *, int, int, int, int, int, int, int, double, double)"
212577825149,27424,212577852573,951,212577853524,1440,29815,124,124,3,cudaLaunchKernel,   1    1    1, 256    1    1,"<unnamed>::step_kernel_boundary_y_faces(const double *, const double *, double *, const double *, const double *, int, int, int, int, int, int, int, double, double)"
212577854667,22961,212577877628,2071,212577879699,1376,26408,124,124,3,cudaLaunchKernel,   1    1    1, 256    1    1,"<unnamed>::step_kernel_boundary_z_faces(const double *, const double *, double *, const double *, const double *, int, int, int, int, int, int, int, double, double)"
212577893547,9475,212577903022,741,212577903763,1408,11624,124,124,3,cudaLaunchKernel,   1    2    2,  32    4    4,"<unnamed>::step_kernel_interior(const double *, const double *, double *, const double *, const double *, int, int, int, int, int, int, int, double, double)"
212577904079,5246,212577909325,1606,212577910931,1344,8196,124,124,3,cudaLaunchKernel,   1    1    1, 256    1    1,"<unnamed>::step_kernel_boundary_x_faces(const double *, const double *, double *, const double *, const double *, int, int, int, int, int, int, int, double, double)"
212577909728,8336,212577918064,291,212577918355,1376,10003,124,124,3,cudaLaunchKernel,   1    1    1, 256    1    1,"<unnamed>::step_kernel_boundary_y_faces(const double *, const double *, double *, const double *, const double *, int, int, int, int, int, int, int, double, double)"
212577918944,9621,212577928565,670,212577929235,1504,11795,124,124,3,cudaLaunchKernel,   1    1    1, 256    1    1,"<unnamed>::step_kernel_boundary_z_faces(const double *, const double *, double *, const double *, const double *, int, int, int, int, int, int, int, double, double)"
212579499588,96828,212579596416,575478,212580171894,8608,680914,133,133,6,cudaLaunchKernel,6104    1    1, 256    1    1,"<unnamed>::unpack_face_x(const double *, double *, int, int, int, int, int)"
212579599710,37798,212579637508,553009,212580190517,10240,601047,133,133,6,cudaLaunchKernel,6104    1    1, 256    1    1,"<unnamed>::unpack_face_y(const double *, double *, int, int, int, int, int)"
212579640286,31644,212579671930,536667,212580208597,123391,691702,133,133,6,cudaLaunchKernel,6104    1    1, 256    1    1,"<unnamed>::unpack_face_z(const double *, double *, int, int, int, int, int)"
212580816162,33538,212580849700,1642,212580851342,1440,36620,133,133,6,cudaLaunchKernel,   1    2    2,  32    4    4,"<unnamed>::step_kernel_interior(const double *, const double *, double *, const double *, const double *, int, int, int, int, int, int, int, double, double)"
212580852646,26939,212580879585,1068,212580880653,1376,29383,133,133,6,cudaLaunchKernel,   1    1    1, 256    1    1,"<unnamed>::step_kernel_boundary_x_faces(const double *, const double *, double *, const double *, const double *, int, int, int, int, int, int, int, double, double)"
212580886001,30924,212580916925,560,212580917485,1440,32924,133,133,6,cudaLaunchKernel,   1    1    1, 256    1    1,"<unnamed>::step_kernel_boundary_y_faces(const double *, const double *, double *, const double *, const double *, int, int, int, int, int, int, int, double, double)"
212580918832,25140,212580943972,1001,212580944973,1376,27517,133,133,6,cudaLaunchKernel,   1    1    1, 256    1    1,"<unnamed>::step_kernel_boundary_z_faces(const double *, const double *, double *, const double *, const double *, int, int, int, int, int, int, int, double, double)"
212580959963,12407,212580972370,442,212580972812,1376,14225,133,133,6,cudaLaunchKernel,   1    2    2,  32    4    4,"<unnamed>::step_kernel_interior(const double *, const double *, double *, const double *, const double *, int, int, int, int, int, int, int, double, double)"
212580973447,12786,212580986233,339,212580986572,1376,14501,133,133,6,cudaLaunchKernel,   1    1    1, 256    1    1,"<unnamed>::step_kernel_boundary_x_faces(const double *, const double *, double *, const double *, const double *, int, int, int, int, int, int, int, double, double)"
212580987068,6580,212580993648,1724,212580995372,1376,9680,133,133,6,cudaLaunchKernel,   1    1    1, 256    1    1,"<unnamed>::step_kernel_boundary_y_faces(const double *, const double *, double *, const double *, const double *, int, int, int, int, int, int, int, double, double)"
212580994014,11193,212581005207,693,212581005900,1376,13262,133,133,6,cudaLaunchKernel,   1    1    1, 256    1    1,"<unnamed>::step_kernel_boundary_z_faces(const double *, const double *, double *, const double *, const double *, int, int, int, int, int, int, int, double, double)"
212582939583,72600,212583012183,613634,212583625817,8224,694458,123,123,2,cudaLaunchKernel,6104    1    1, 256    1    1,"<unnamed>::unpack_face_x(const double *, double *, int, int, int, int, int)"
212582947164,112443,212583059607,585735,212583645342,8224,706402,121,121,0,cudaLaunchKernel,6104    1    1, 256    1    1,"<unnamed>::unpack_face_x(const double *, double *, int, int, int, int, int)"
212583018904,27750,212583046654,597243,212583643897,10720,635713,123,123,2,cudaLaunchKernel,6104    1    1, 256    1    1,"<unnamed>::unpack_face_y(const double *, double *, int, int, int, int, int)"
212583049437,51097,212583100534,562435,212583662969,121278,734810,123,123,2,cudaLaunchKernel,6104    1    1, 256    1    1,"<unnamed>::unpack_face_z(const double *, double *, int, int, int, int, int)"
212583062676,25036,212583087712,574142,212583661854,10080,609258,121,121,0,cudaLaunchKernel,6104    1    1, 256    1    1,"<unnamed>::unpack_face_y(const double *, double *, int, int, int, int, int)"
212583090924,33373,212583124297,555573,212583679870,122015,710961,121,121,0,cudaLaunchKernel,6104    1    1, 256    1    1,"<unnamed>::unpack_face_z(const double *, double *, int, int, int, int, int)"
212584227325,29298,212584256623,1026,212584257649,1440,31764,123,123,2,cudaLaunchKernel,   1    2    2,  32    4    4,"<unnamed>::step_kernel_interior(const double *, const double *, double *, const double *, const double *, int, int, int, int, int, int, int, double, double)"
212584263171,32474,212584295645,659,212584296304,1408,34541,123,123,2,cudaLaunchKernel,   1    1    1, 256    1    1,"<unnamed>::step_kernel_boundary_x_faces(const double *, const double *, double *, const double *, const double *, int, int, int, int, int, int, int, double, double)"
212584297989,28656,,,212584324560,1440,28656,123,123,2,cudaLaunchKernel,   1    1    1, 256    1    1,"<unnamed>::step_kernel_boundary_y_faces(const double *, const double *, double *, const double *, const double *, int, int, int, int, int, int, int, double, double)"
212584311537,36109,212584347646,90,212584347736,1472,37671,121,121,0,cudaLaunchKernel,   1    2    2,  32    4    4,"<unnamed>::step_kernel_interior(const double *, const double *, double *, const double *, const double *, int, int, int, int, int, int, int, double, double)"
212584329197,31757,,,212584358480,1408,31757,123,123,2,cudaLaunchKernel,   1    1    1, 256    1    1,"<unnamed>::step_kernel_boundary_z_faces(const double *, const double *, double *, const double *, const double *, int, int, int, int, int, int, int, double, double)"
212584351029,35209,,,212584383128,1408,35209,121,121,0,cudaLaunchKernel,   1    1    1, 256    1    1,"<unnamed>::step_kernel_boundary_x_faces(const double *, const double *, double *, const double *, const double *, int, int, int, int, int, int, int, double, double)"
212584371582,42017,212584413599,528,212584414127,1408,43953,123,123,2,cudaLaunchKernel,   1    2    2,  32    4    4,"<unnamed>::step_kernel_interior(const double *, const double *, double *, const double *, const double *, int, int, int, int, int, int, int, double, double)"
212584388593,30059,,,212584415000,1440,30059,121,121,0,cudaLaunchKernel,   1    1    1, 256    1    1,"<unnamed>::step_kernel_boundary_y_faces(const double *, const double *, double *, const double *, const double *, int, int, int, int, int, int, int, double, double)"
212584417881,13370,212584431251,476,212584431727,1344,15190,123,123,2,cudaLaunchKernel,   1    1    1, 256    1    1,"<unnamed>::step_kernel_boundary_x_faces(const double *, const double *, double *, const double *, const double *, int, int, int, int, int, int, int, double, double)"
212584421111,25637,212584446748,1243,212584447991,1408,28288,121,121,0,cudaLaunchKernel,   1    1    1, 256    1    1,"<unnamed>::step_kernel_boundary_z_faces(const double *, const double *, double *, const double *, const double *, int, int, int, int, int, int, int, double, double)"
212584432203,6762,212584438965,1690,212584440655,1375,9827,123,123,2,cudaLaunchKernel,   1    1    1, 256    1    1,"<unnamed>::step_kernel_boundary_y_faces(const double *, const double *, double *, const double *, const double *, int, int, int, int, int, int, int, double, double)"
212584439559,6019,212584445578,1892,212584447470,1376,9287,123,123,2,cudaLaunchKernel,   1    1    1, 256    1    1,"<unnamed>::step_kernel_boundary_z_faces(const double *, const double *, double *, const double *, const double *, int, int, int, int, int, int, int, double, double)"
212584466263,11302,212584477565,538,212584478103,1408,13248,121,121,0,cudaLaunchKernel,   1    2    2,  32    4    4,"<unnamed>::step_kernel_interior(const double *, const double *, double *, const double *, const double *, int, int, int, int, int, int, int, double, double)"
212584478629,12095,212584490724,403,212584491127,1376,13874,121,121,0,cudaLaunchKernel,   1    1    1, 256    1    1,"<unnamed>::step_kernel_boundary_x_faces(const double *, const double *, double *, const double *, const double *, int, int, int, int, int, int, int, double, double)"
212584491586,6491,212584498077,1946,212584500023,1376,9813,121,121,0,cudaLaunchKernel,   1    1    1, 256    1    1,"<unnamed>::step_kernel_boundary_y_faces(const double *, const double *, double *, const double *, const double *, int, int, int, int, int, int, int, double, double)"
212584498508,10775,212584509283,1780,212584511063,1376,13931,121,121,0,cudaLaunchKernel,   1    1    1, 256    1    1,"<unnamed>::step_kernel_boundary_z_faces(const double *, const double *, double *, const double *, const double *, int, int, int, int, int, int, int, double, double)"
218169896682,84072,,,218169972313,9727,85358,121,121,0,cudaLaunchKernel,6104    1    1, 256    1    1,"<unnamed>::pack_face_x(const double *, double *, int, int, int, int, int)"
218169896839,83939,,,218169972630,9504,85295,133,133,6,cudaLaunchKernel,6104    1    1, 256    1    1,"<unnamed>::pack_face_x(const double *, double *, int, int, int, int, int)"
218169897119,83732,,,218169972742,10048,85671,125,125,4,cudaLaunchKernel,6104    1    1, 256    1    1,"<unnamed>::pack_face_x(const double *, double *, int, int, int, int, int)"
218169897168,84332,,,218169972513,9632,84977,123,123,2,cudaLaunchKernel,6104    1    1, 256    1    1,"<unnamed>::pack_face_x(const double *, double *, int, int, int, int, int)"
218169940745,50115,,,218169987404,9600,56259,137,137,7,cudaLaunchKernel,6104    1    1, 256    1    1,"<unnamed>::pack_face_x(const double *, double *, int, int, int, int, int)"
218169949623,57671,,,218169999182,9536,59095,124,124,3,cudaLaunchKernel,6104    1    1, 256    1    1,"<unnamed>::pack_face_x(const double *, double *, int, int, int, int, int)"
218169952699,54141,,,218169999620,10048,56969,122,122,1,cudaLaunchKernel,6104    1    1, 256    1    1,"<unnamed>::pack_face_x(const double *, double *, int, int, int, int, int)"
218169975478,58357,,,218170030822,9472,64816,126,126,5,cudaLaunchKernel,6104    1    1, 256    1    1,"<unnamed>::pack_face_x(const double *, double *, int, int, int, int, int)"
218169982468,8463,218169990931,1955,218169992886,11936,22354,133,133,6,cudaLaunchKernel,6104    1    1, 256    1    1,"<unnamed>::pack_face_y(const double *, double *, int, int, int, int, int)"
218169982528,7846,218169990374,1824,218169992198,12096,21766,125,125,4,cudaLaunchKernel,6104    1    1, 256    1    1,"<unnamed>::pack_face_y(const double *, double *, int, int, int, int, int)"
218169982540,7903,218169990443,1421,218169991864,11936,21260,121,121,0,cudaLaunchKernel,6104    1    1, 256    1    1,"<unnamed>::pack_face_y(const double *, double *, int, int, int, int, int)"
218169982719,7961,218169990680,1545,218169992225,11775,21281,123,123,2,cudaLaunchKernel,6104    1    1, 256    1    1,"<unnamed>::pack_face_y(const double *, double *, int, int, int, int, int)"
218169991559,12955,218170004514,726,218170005240,63328,77009,121,121,0,cudaLaunchKernel,6104    1    1, 256    1    1,"<unnamed>::pack_face_z(const double *, double *, int, int, int, int, int)"
218169991687,14781,218170006468,1730,218170008198,62719,79230,125,125,4,cudaLaunchKernel,6104    1    1, 256    1    1,"<unnamed>::pack_face_z(const double *, double *, int, int, int, int, int)"
218169991732,12722,218170004454,506,218170004960,63232,76460,123,123,2,cudaLaunchKernel,6104    1    1, 256    1    1,"<unnamed>::pack_face_z(const double *, double *, int, int, int, int, int)"
218169992105,12629,218170004734,1368,218170006102,63679,77676,133,133,6,cudaLaunchKernel,6104    1    1, 256    1    1,"<unnamed>::pack_face_z(const double *, double *, int, int, int, int, int)"
218169992690,12652,218170005342,206,218170005548,11904,24762,137,137,7,cudaLaunchKernel,6104    1    1, 256    1    1,"<unnamed>::pack_face_y(const double *, double *, int, int, int, int, int)"
218170006688,10215,218170016903,2565,218170019468,62975,75755,137,137,7,cudaLaunchKernel,6104    1    1, 256    1    1,"<unnamed>::pack_face_z(const double *, double *, int, int, int, int, int)"
218170008355,8179,218170016534,1486,218170018020,12224,21889,122,122,1,cudaLaunchKernel,6104    1    1, 256    1    1,"<unnamed>::pack_face_y(const double *, double *, int, int, int, int, int)"
218170008829,8699,218170017528,1365,218170018893,11584,21648,124,124,3,cudaLaunchKernel,6104    1    1, 256    1    1,"<unnamed>::pack_face_y(const double *, double *, int, int, int, int, int)"
218170017716,7988,218170025704,5596,218170031300,68095,81679,122,122,1,cudaLaunchKernel,6104    1    1, 256    1    1,"<unnamed>::pack_face_z(const double *, double *, int, int, int, int, int)"
218170018412,7597,218170026009,5364,218170031373,67424,80385,124,124,3,cudaLaunchKernel,6104    1    1, 256    1    1,"<unnamed>::pack_face_z(const double *, double *, int, int, int, int, int)"
218170035085,8945,218170044030,2920,218170046950,12224,24089,126,126,5,cudaLaunchKernel,6104    1    1, 256    1    1,"<unnamed>::pack_face_y(const double *, double *, int, int, int, int, int)"
218170045166,6734,218170051900,8234,218170060134,69343,84311,126,126,5,cudaLaunchKernel,6104    1    1, 256    1    1,"<unnamed>::pack_face_z(const double *, double *, int, int, int, int, int)"
218170056847,12882,218170069729,1636,218170071365,27956213,27970731,125,125,4,cudaLaunchKernel,  39  312  312,  32    4    4,"<unnamed>::step_kernel_interior(const double *, const double *, double *, const double *, const double *, int, int, int, int, int, int, int, double, double)"
218170060482,14279,218170074761,2156,218170076917,28016220,28032655,133,133,6,cudaLaunchKernel,  39  312  312,  32    4    4,"<unnamed>::step_kernel_interior(const double *, const double *, double *, const double *, const double *, int, int, int, int, int, int, int, double, double)"
218170064748,10567,218170075315,11738,218170087053,28030517,28052822,124,124,3,cudaLaunchKernel,  39  312  312,  32    4    4,"<unnamed>::step_kernel_interior(const double *, const double *, double *, const double *, const double *, int, int, int, int, int, int, int, double, double)"
218170064860,9136,218170073996,12759,218170086755,27993025,28014920,122,122,1,cudaLaunchKernel,  39  312  312,  32    4    4,"<unnamed>::step_kernel_interior(const double *, const double *, double *, const double *, const double *, int, int, int, int, int, int, int, double, double)"
218170082312,20716,218170103028,12433,218170115461,28044083,28077232,126,126,5,cudaLaunchKernel,  39  312  312,  32    4    4,"<unnamed>::step_kernel_interior(const double *, const double *, double *, const double *, const double *, int, int, int, int, int, int, int, double, double)"
218170089181,15634,218170104815,1896,218170106711,28025402,28042932,121,121,0,cudaLaunchKernel,  39  312  312,  32    4    4,"<unnamed>::step_kernel_interior(const double *, const double *, double *, const double *, const double *, int, int, int, int, int, int, int, double, double)"
218170092236,18017,218170110253,7869,218170118122,28028491,28054377,137,137,7,cudaLaunchKernel,  39  312  312,  32    4    4,"<unnamed>::step_kernel_interior(const double *, const double *, double *, const double *, const double *, int, int, int, int, int, int, int, double, double)"
218170102178,17726,218170119904,7967,218170127871,28020187,28045880,123,123,2,cudaLaunchKernel,  39  312  312,  32    4    4,"<unnamed>::step_kernel_interior(const double *, const double *, double *, const double *, const double *, int, int, int, int, int, int, int, double, double)"
218181046401,37240,218181083641,17056513,218198140154,10688,17104441,123,123,2,cudaLaunchKernel,6104    1    1, 256    1    1,"<unnamed>::unpack_face_x(const double *, double *, int, int, int, int, int)"
218181046929,64482,218181111411,17013470,218198124881,10111,17088063,121,121,0,cudaLaunchKernel,6104    1    1, 256    1    1,"<unnamed>::unpack_face_x(const double *, double *, int, int, int, int, int)"
218181086176,9680,218181095856,17056490,218198152346,10240,17076410,123,123,2,cudaLaunchKernel,6104    1    1, 256    1    1,"<unnamed>::unpack_face_y(const double *, double *, int, int, int, int, int)"
218181097056,7876,218181104932,17058678,218198163610,122303,17188857,123,123,2,cudaLaunchKernel,6104    1    1, 256    1    1,"<unnamed>::unpack_face_z(const double *, double *, int, int, int, int, int)"
218181110979,13457,218181124436,17163301,218198287737,61855,17238613,123,123,2,cudaLaunchKernel,12208    1    1, 256    1    1,"<unnamed>::step_kernel_boundary_x_faces(const double *, const double *, double *, const double *, const double *, int, int, int, int, int, int, int, double, double)"
218181113455,14455,218181127910,17008490,218198136400,10208,17033153,121,121,0,cudaLaunchKernel,6104    1    1, 256    1    1,"<unnamed>::unpack_face_y(const double *, double *, int, int, int, int, int)"
218181125960,9979,218181135939,17215285,218198351224,61311,17286575,123,123,2,cudaLaunchKernel,12188    1    1, 256    1    1,"<unnamed>::step_kernel_boundary_y_faces(const double *, const double *, double *, const double *, const double *, int, int, int, int, int, int, int, double, double)"
218181130036,8244,218181138280,17009352,218198147632,122207,17139803,121,121,0,cudaLaunchKernel,6104    1    1, 256    1    1,"<unnamed>::unpack_face_z(const double *, double *, int, int, int, int, int)"
218181137368,6630,218181143998,17270073,218198414071,722903,17999606,123,123,2,cudaLaunchKernel,12168    1    1, 256    1    1,"<unnamed>::step_kernel_boundary_z_faces(const double *, const double *, double *, const double *, const double *, int, int, int, int, int, int, int, double, double)"
218181140974,9410,218181150384,17120927,218198271311,62592,17192929,121,121,0,cudaLaunchKernel,12208    1    1, 256    1    1,"<unnamed>::step_kernel_boundary_x_faces(const double *, const double *, double *, const double *, const double *, int, int, int, int, int, int, int, double, double)"
218181150979,7123,218181158102,17177177,218198335279,60191,17244491,121,121,0,cudaLaunchKernel,12188    1    1, 256    1    1,"<unnamed>::step_kernel_boundary_y_faces(const double *, const double *, double *, const double *, const double *, int, int, int, int, int, int, int, double, double)"
218181159730,5496,218181165226,17231652,218198396878,720890,17958038,121,121,0,cudaLaunchKernel,12168    1    1, 256    1    1,"<unnamed>::step_kernel_boundary_z_faces(const double *, const double *, double *, const double *, const double *, int, int, int, int, int, int, int, double, double)"
218181217942,9258,218181227200,45898730,218227125930,10527,45918515,123,123,2,cudaLaunchKernel,6104    1    1, 256    1    1,"<unnamed>::pack_face_x(const double *, double *, int, int, int, int, int)"
218181228020,6587,218181234607,45903194,218227137801,10528,45920309,123,123,2,cudaLaunchKernel,6104    1    1, 256    1    1,"<unnamed>::pack_face_y(const double *, double *, int, int, int, int, int)"
218181231223,9832,218181241055,45869891,218227110946,9824,45889547,121,121,0,cudaLaunchKernel,6104    1    1, 256    1    1,"<unnamed>::pack_face_x(const double *, double *, int, int, int, int, int)"
218181235804,7399,218181243203,45906118,218227149321,62559,45976076,123,123,2,cudaLaunchKernel,6104    1    1, 256    1    1,"<unnamed>::pack_face_z(const double *, double *, int, int, int, int, int)"
218181241955,6599,218181248554,45873528,218227122082,10144,45890271,121,121,0,cudaLaunchKernel,6104    1    1, 256    1    1,"<unnamed>::pack_face_y(const double *, double *, int, int, int, int, int)"
218181249201,6021,218181255222,45877996,218227133218,63679,45947696,121,121,0,cudaLaunchKernel,6104    1    1, 256    1    1,"<unnamed>::pack_face_z(const double *, double *, int, int, int, int, int)"
218181256975,9451,218181266426,17871892,218199138318,27996091,45877434,123,123,2,cudaLaunchKernel,  39  312  312,  32    4    4,"<unnamed>::step_kernel_interior(const double *, const double *, double *, const double *, const double *, int, int, int, int, int, int, int, double, double)"
218181269796,8121,218181277917,17841323,218199119240,27999738,45849182,121,121,0,cudaLaunchKernel,  39  312  312,  32    4    4,"<unnamed>::step_kernel_interior(const double *, const double *, double *, const double *, const double *, int, int, int, int, int, int, int, double, double)"
218181474168,21877,218181496045,16655659,218198151704,10688,16688224,126,126,5,cudaLaunchKernel,6104    1    1, 256    1    1,"<unnamed>::unpack_face_x(const double *, double *, int, int, int, int, int)"
218181497485,6662,218181504147,16659877,218198164024,10016,16676555,126,126,5,cudaLaunchKernel,6104    1    1, 256    1    1,"<unnamed>::unpack_face_y(const double *, double *, int, int, int, int, int)"
218181505122,5205,218181510327,16664993,218198175320,120127,16790325,126,126,5,cudaLaunchKernel,6104    1    1, 256    1    1,"<unnamed>::unpack_face_z(const double *, double *, int, int, int, int, int)"
218181507100,29931,218181537031,16482675,218198019706,11520,16524126,125,125,4,cudaLaunchKernel,6104    1    1, 256    1    1,"<unnamed>::unpack_face_x(const double *, double *, int, int, int, int, int)"
218181512412,6767,218181519179,16778060,218198297239,62367,16847194,126,126,5,cudaLaunchKernel,12208    1    1, 256    1    1,"<unnamed>::step_kernel_boundary_x_faces(const double *, const double *, double *, const double *, const double *, int, int, int, int, int, int, int, double, double)"
218181520211,7145,218181527356,16833978,218198361334,61759,16902882,126,126,5,cudaLaunchKernel,12188    1    1, 256    1    1,"<unnamed>::step_kernel_boundary_y_faces(const double *, const double *, double *, const double *, const double *, int, int, int, int, int, int, int, double, double)"
218181529211,12915,218181542126,16882695,218198424821,724855,17620465,126,126,5,cudaLaunchKernel,12168    1    1, 256    1    1,"<unnamed>::step_kernel_boundary_z_faces(const double *, const double *, double *, const double *, const double *, int, int, int, int, int, int, int, double, double)"
218181538810,14905,218181553715,16479111,218198032826,10240,16504256,125,125,4,cudaLaunchKernel,6104    1    1, 256    1    1,"<unnamed>::unpack_face_y(const double *, double *, int, int, int, int, int)"
218181554684,6462,218181561146,16483232,218198044378,121919,16611613,125,125,4,cudaLaunchKernel,6104    1    1, 256    1    1,"<unnamed>::unpack_face_z(const double *, double *, int, int, int, int, int)"
218181563660,12226,218181575886,16592075,218198167961,62848,16667149,125,125,4,cudaLaunchKernel,12208    1    1, 256    1    1,"<unnamed>::step_kernel_boundary_x_faces(const double *, const double *, double *, const double *, const double *, int, int, int, int, int, int, int, double, double)"
218181577184,8732,218181585916,16646397,218198232313,60000,16715129,125,125,4,cudaLaunchKernel,12188    1    1, 256    1    1,"<unnamed>::step_kernel_boundary_y_faces(const double *, const double *, double *, const double *, const double *, int, int, int, int, int, int, int, double, double)"
218181586626,6339,218181592965,16701140,218198294105,718523,17426002,125,125,4,cudaLaunchKernel,12168    1    1, 256    1    1,"<unnamed>::step_kernel_boundary_z_faces(const double *, const double *, double *, const double *, const double *, int, int, int, int, int, int, int, double, double)"
218181602105,19399,218181621504,17530124,218199151628,14816,17564339,126,126,5,cudaLaunchKernel,6104    1    1, 256    1    1,"<unnamed>::pack_face_x(const double *, double *, int, int, int, int, int)"
218181622294,11792,218181634086,45509114,218227143200,11456,45532362,126,126,5,cudaLaunchKernel,6104    1    1, 256    1    1,"<unnamed>::pack_face_y(const double *, double *, int, int, int, int, int)"
218181631405,31447,218181662852,16422925,218198085777,10304,16464676,133,133,6,cudaLaunchKernel,6104    1    1, 256    1    1,"<unnamed>::unpack_face_x(const double *, double *, int, int, int, int, int)"
218181635127,6266,218181641393,45516399,218227157792,61311,45583976,126,126,5,cudaLaunchKernel,6104    1    1, 256    1    1,"<unnamed>::pack_face_z(const double *, double *, int, int, int, int, int)"
218181660724,14073,218181674797,17484479,218199159276,27989332,45487884,126,126,5,cudaLaunchKernel,  39  312  312,  32    4    4,"<unnamed>::step_kernel_interior(const double *, const double *, double *, const double *, const double *, int, int, int, int, int, int, int, double, double)"
218181664925,13884,218181678809,16418872,218198097681,10496,16443252,133,133,6,cudaLaunchKernel,6104    1    1, 256    1    1,"<unnamed>::unpack_face_y(const double *, double *, int, int, int, int, int)"
218181679622,9049,218181688671,17325717,218199014388,15040,17349806,125,125,4,cudaLaunchKernel,6104    1    1, 256    1    1,"<unnamed>::pack_face_x(const double *, double *, int, int, int, int, int)"
218181680900,8805,218181689705,16419592,218198109297,122207,16550604,133,133,6,cudaLaunchKernel,6104    1    1, 256    1    1,"<unnamed>::unpack_face_z(const double *, double *, int, int, int, int, int)"
218181689598,6468,218181696066,45259079,218226955145,10368,45275915,125,125,4,cudaLaunchKernel,6104    1    1, 256    1    1,"<unnamed>::pack_face_y(const double *, double *, int, int, int, int, int)"
218181691837,32703,218181724540,16415001,218198139541,10336,16458040,137,137,7,cudaLaunchKernel,6104    1    1, 256    1    1,"<unnamed>::unpack_face_x(const double *, double *, int, int, int, int, int)"
218181691959,6641,218181698600,16534248,218198232848,63039,16603928,133,133,6,cudaLaunchKernel,12208    1    1, 256    1    1,"<unnamed>::step_kernel_boundary_x_faces(const double *, const double *, double *, const double *, const double *, int, int, int, int, int, int, int, double, double)"
218181697054,6701,218181703755,45263390,218226967145,61504,45331595,125,125,4,cudaLaunchKernel,6104    1    1, 256    1    1,"<unnamed>::pack_face_z(const double *, double *, int, int, int, int, int)"
218181699600,13722,218181713322,16584037,218198297359,61375,16659134,133,133,6,cudaLaunchKernel,12188    1    1, 256    1    1,"<unnamed>::step_kernel_boundary_y_faces(const double *, const double *, double *, const double *, const double *, int, int, int, int, int, int, int, double, double)"
218181714430,7785,218181722215,16637927,218198360142,724249,17369961,133,133,6,cudaLaunchKernel,12168    1    1, 256    1    1,"<unnamed>::step_kernel_boundary_z_faces(const double *, const double *, double *, const double *, const double *, int, int, int, int, int, int, int, double, double)"
218181723786,13842,218181737628,17284280,218199021908,27939637,45237759,125,125,4,cudaLaunchKernel,  39  312  312,  32    4    4,"<unnamed>::step_kernel_interior(const double *, const double *, double *, const double *, const double *, int, int, int, int, int, int, int, double, double)"
218181726441,15787,218181742228,16408929,218198151157,10208,16434924,137,137,7,cudaLaunchKernel,6104    1    1, 256    1    1,"<unnamed>::unpack_face_y(const double *, double *, int, int, int, int, int)"
218181743963,14709,218181758672,16403749,218198162421,123326,16541784,137,137,7,cudaLaunchKernel,6104    1    1, 256    1    1,"<unnamed>::unpack_face_z(const double *, double *, int, int, int, int, int)"
218181762228,12520,218181774748,16512599,218198287347,62975,16588094,137,137,7,cudaLaunchKernel,12208    1    1, 256    1    1,"<unnamed>::step_kernel_boundary_x_faces(const double *, const double *, double *, const double *, const double *, int, int, int, int, int, int, int, double, double)"
218181776536,21657,218181798193,16553633,218198351826,60416,16635706,137,137,7,cudaLaunchKernel,12188    1    1, 256    1    1,"<unnamed>::step_kernel_boundary_y_faces(const double *, const double *, double *, const double *, const double *, int, int, int, int, int, int, int, double, double)"
218181799623,12812,218181812435,16601310,218198413745,719704,17333826,137,137,7,cudaLaunchKernel,12168    1    1, 256    1    1,"<unnamed>::step_kernel_boundary_z_faces(const double *, const double *, double *, const double *, const double *, int, int, int, int, int, int, int, double, double)"
218181817400,13161,218181830561,45252450,218227083011,9760,45275371,133,133,6,cudaLaunchKernel,6104    1    1, 256    1    1,"<unnamed>::pack_face_x(const double *, double *, int, int, int, int, int)"
218181831630,6265,218181837895,45256156,218227094051,11328,45273749,133,133,6,cudaLaunchKernel,6104    1    1, 256    1    1,"<unnamed>::pack_face_y(const double *, double *, int, int, int, int, int)"
218181838510,6400,218181844910,45261525,218227106435,62976,45330901,133,133,6,cudaLaunchKernel,6104    1    1, 256    1    1,"<unnamed>::pack_face_z(const double *, double *, int, int, int, int, int)"
218181863314,10751,218181874065,17211734,218199085799,28002556,45225041,133,133,6,cudaLaunchKernel,  39  312  312,  32    4    4,"<unnamed>::step_kernel_interior(const double *, const double *, double *, const double *, const double *, int, int, int, int, int, int, int, double, double)"
218181881717,10976,218181892693,17242164,218199134857,15776,17268916,137,137,7,cudaLaunchKernel,6104    1    1, 256    1    1,"<unnamed>::pack_face_x(const double *, double *, int, int, int, int, int)"
218181893731,12204,218181905935,45230372,218227136307,10432,45253008,137,137,7,cudaLaunchKernel,6104    1    1, 256    1    1,"<unnamed>::pack_face_y(const double *, double *, int, int, int, int, int)"
218181894151,25551,218181919702,16152814,218198072516,10432,16188797,122,122,1,cudaLaunchKernel,6104    1    1, 256    1    1,"<unnamed>::unpack_face_x(const double *, double *, int, int, int, int, int)"
218181907102,8106,218181915208,45233003,218227148211,61855,45302964,137,137,7,cudaLaunchKernel,6104    1    1, 256    1    1,"<unnamed>::pack_face_z(const double *, double *, int, int, int, int, int)"
218181918596,21829,218181940425,16170137,218198110562,10816,16202782,124,124,3,cudaLaunchKernel,6104    1    1, 256    1    1,"<unnamed>::unpack_face_x(const double *, double *, int, int, int, int, int)"
218181921729,6307,218181928036,16156384,218198084420,10560,16173251,122,122,1,cudaLaunchKernel,6104    1    1, 256    1    1,"<unnamed>::unpack_face_y(const double *, double *, int, int, int, int, int)"
218181929207,5174,218181934381,16161815,218198096196,122944,16289933,122,122,1,cudaLaunchKernel,6104    1    1, 256    1    1,"<unnamed>::unpack_face_z(const double *, double *, int, int, int, int, int)"
218181929821,8866,218181938687,17203818,218199142505,28000298,45212982,137,137,7,cudaLaunchKernel,  39  312  312,  32    4    4,"<unnamed>::step_kernel_interior(const double *, const double *, double *, const double *, const double *, int, int, int, int, int, int, int, double, double)"
218181936320,5864,218181942184,16278524,218198220708,62271,16346659,122,122,1,cudaLaunchKernel,12208    1    1, 256    1    1,"<unnamed>::step_kernel_boundary_x_faces(const double *, const double *, double *, const double *, const double *, int, int, int, int, int, int, int, double, double)"
218181941550,6449,218181947999,16174691,218198122690,9920,16191060,124,124,3,cudaLaunchKernel,6104    1    1, 256    1    1,"<unnamed>::unpack_face_y(const double *, double *, int, int, int, int, int)"
218181943145,6562,218181949707,16335096,218198284803,61760,16403418,122,122,1,cudaLaunchKernel,12188    1    1, 256    1    1,"<unnamed>::step_kernel_boundary_y_faces(const double *, const double *, double *, const double *, const double *, int, int, int, int, int, int, int, double, double)"
218181949531,5925,218181955456,16178178,218198133634,121503,16305606,124,124,3,cudaLaunchKernel,6104    1    1, 256    1    1,"<unnamed>::unpack_face_z(const double *, double *, int, int, int, int, int)"
218181950550,5602,218181956152,16391979,218198348131,718428,17116009,122,122,1,cudaLaunchKernel,12168    1    1, 256    1    1,"<unnamed>::step_kernel_boundary_z_faces(const double *, const double *, double *, const double *, const double *, int, int, int, int, int, int, int, double, double)"
218181957274,7096,218181964370,16292207,218198256577,62847,16362150,124,124,3,cudaLaunchKernel,12208    1    1, 256    1    1,"<unnamed>::step_kernel_boundary_x_faces(const double *, const double *, double *, const double *, const double *, int, int, int, int, int, int, int, double, double)"
218181965610,5529,218181971139,16349693,218198320832,60128,16415350,124,124,3,cudaLaunchKernel,12188    1    1, 256    1    1,"<unnamed>::step_kernel_boundary_y_faces(const double *, const double *, double *, const double *, const double *, int, int, int, int, int, int, int, double, double)"
218181971923,5433,218181977356,16405492,218198382848,725465,17136390,124,124,3,cudaLaunchKernel,12168    1    1, 256    1    1,"<unnamed>::step_kernel_boundary_z_faces(const double *, const double *, double *, const double *, const double *, int, int, int, int, int, int, int, double, double)"
218182047655,7229,218182054884,17013179,218199068063,14240,17034648,122,122,1,cudaLaunchKernel,6104    1    1, 256    1    1,"<unnamed>::pack_face_x(const double *, double *, int, int, int, int, int)"
218182048220,7674,218182055894,17054019,218199109913,14111,17075804,124,124,3,cudaLaunchKernel,6104    1    1, 256    1    1,"<unnamed>::pack_face_x(const double *, double *, int, int, int, int, int)"
218182056026,4836,218182060862,44988098,218227048960,10496,45003430,122,122,1,cudaLaunchKernel,6104    1    1, 256    1    1,"<unnamed>::pack_face_y(const double *, double *, int, int, int, int, int)"
218182056909,4052,218182060961,45049037,218227109998,10624,45063713,124,124,3,cudaLaunchKernel,6104    1    1, 256    1    1,"<unnamed>::pack_face_y(const double *, double *, int, int, int, int, int)"
218182061521,4572,218182066093,44995187,218227061280,61695,45061454,122,122,1,cudaLaunchKernel,6104    1    1, 256    1    1,"<unnamed>::pack_face_z(const double *, double *, int, int, int, int, int)"
218182061538,4755,218182066293,45055961,218227122254,61759,45122475,124,124,3,cudaLaunchKernel,6104    1    1, 256    1    1,"<unnamed>::pack_face_z(const double *, double *, int, int, int, int, int)"
218182085656,8108,218182093764,17023925,218199117689,27999253,45031286,124,124,3,cudaLaunchKernel,  39  312  312,  32    4    4,"<unnamed>::step_kernel_interior(const double *, const double *, double *, const double *, const double *, int, int, int, int, int, int, int, double, double)"
218182085717,7439,218182093156,16983099,218199076255,27977985,44968523,122,122,1,cudaLaunchKernel,  39  312  312,  32    4    4,"<unnamed>::step_kernel_interior(const double *, const double *, double *, const double *, const double *, int, int, int, int, int, int, int, double, double)"
218237113832,21286,218237135118,670618,218237805736,8096,700000,124,124,3,cudaLaunchKernel,6104    1    1, 256    1    1,"<unnamed>::unpack_face_x(const double *, double *, int, int, int, int, int)"
218237135927,4873,218237140800,674280,218237815080,9920,689073,124,124,3,cudaLaunchKernel,6104    1    1, 256    1    1,"<unnamed>::unpack_face_y(const double *, double *, int, int, int, int, int)"
218237142303,6433,218237148736,677672,218237826408,122143,806248,124,124,3,cudaLaunchKernel,6104    1    1, 256    1    1,"<unnamed>::unpack_face_z(const double *, double *, int, int, int, int, int)"
218237150609,5296,218237155905,794374,218237950279,62207,861877,124,124,3,cudaLaunchKernel,12208    1    1, 256    1    1,"<unnamed>::step_kernel_boundary_x_faces(const double *, const double *, double *, const double *, const double *, int, int, int, int, int, int, int, double, double)"
218237156786,4386,218237161172,853778,218238014950,60448,918612,124,124,3,cudaLaunchKernel,12188    1    1, 256    1    1,"<unnamed>::step_kernel_boundary_y_faces(const double *, const double *, double *, const double *, const double *, int, int, int, int, int, int, int, double, double)"
218237161663,9711,218237171374,907352,218238078726,717369,1634432,124,124,3,cudaLaunchKernel,12168    1    1, 256    1    1,"<unnamed>::step_kernel_boundary_z_faces(const double *, const double *, double *, const double *, const double *, int, int, int, int, int, int, int, double, double)"
218237256217,10545,218237266762,1530965,218238797727,14336,1555846,124,124,3,cudaLaunchKernel,6104    1    1, 256    1    1,"<unnamed>::pack_face_x(const double *, double *, int, int, int, int, int)"
218237267816,5736,218237273552,29497797,218266771349,10592,29514125,124,124,3,cudaLaunchKernel,6104    1    1, 256    1    1,"<unnamed>::pack_face_y(const double *, double *, int, int, int, int, int)"
218237274050,4445,218237278495,29504822,218266783317,61695,29570962,124,124,3,cudaLaunchKernel,6104    1    1, 256    1    1,"<unnamed>::pack_face_z(const double *, double *, int, int, int, int, int)"
218237291324,11063,218237302387,1502860,218238805247,27972566,29486489,124,124,3,cudaLaunchKernel,  39  312  312,  32    4    4,"<unnamed>::step_kernel_interior(const double *, const double *, double *, const double *, const double *, int, int, int, int, int, int, int, double, double)"
218237497708,17740,218237515448,695112,218238210560,8224,721076,122,122,1,cudaLaunchKernel,6104    1    1, 256    1    1,"<unnamed>::unpack_face_x(const double *, double *, int, int, int, int, int)"
218237516716,5358,218237522074,698054,218238220128,10208,713620,122,122,1,cudaLaunchKernel,6104    1    1, 256    1    1,"<unnamed>::unpack_face_y(const double *, double *, int, int, int, int, int)"
218237523271,6106,218237529377,702143,218238231520,122272,830521,122,122,1,cudaLaunchKernel,6104    1    1, 256    1    1,"<unnamed>::unpack_face_z(const double *, double *, int, int, int, int, int)"
218237530942,10178,218237541120,814496,218238355616,63263,887937,122,122,1,cudaLaunchKernel,12208    1    1, 256    1    1,"<unnamed>::step_kernel_boundary_x_faces(const double *, const double *, double *, const double *, const double *, int, int, int, int, int, int, int, double, double)"
218237542490,6227,218237548717,871698,218238420415,61472,939397,122,122,1,cudaLaunchKernel,12188    1    1, 256    1    1,"<unnamed>::step_kernel_boundary_y_faces(const double *, const double *, double *, const double *, const double *, int, int, int, int, int, int, int, double, double)"
218237552837,10623,218237563460,920027,218238483487,713340,1643990,122,122,1,cudaLaunchKernel,12168    1    1, 256    1    1,"<unnamed>::step_kernel_boundary_z_faces(const double *, const double *, double *, const double *, const double *, int, int, int, int, int, int, int, double, double)"
218237649122,7786,218237656908,29526224,218267183132,10368,29544378,122,122,1,cudaLaunchKernel,6104    1    1, 256    1    1,"<unnamed>::pack_face_x(const double *, double *, int, int, int, int, int)"
218237652937,24184,218237677121,803289,218238480410,8224,835697,126,126,5,cudaLaunchKernel,6104    1    1, 256    1    1,"<unnamed>::unpack_face_x(const double *, double *, int, int, int, int, int)"
218237657538,5079,218237662617,29532515,218267195132,11936,29549530,122,122,1,cudaLaunchKernel,6104    1    1, 256    1    1,"<unnamed>::pack_face_y(const double *, double *, int, int, int, int, int)"
218237663107,9973,218237673080,29535172,218267208252,63071,29608216,122,122,1,cudaLaunchKernel,6104    1    1, 256    1    1,"<unnamed>::pack_face_z(const double *, double *, int, int, int, int, int)"
218237678353,7378,218237685731,804599,218238490330,10080,822057,126,126,5,cudaLaunchKernel,6104    1    1, 256    1    1,"<unnamed>::unpack_face_y(const double *, double *, int, int, int, int, int)"
218237686561,6734,218237693295,808331,218238501626,122654,937719,126,126,5,cudaLaunchKernel,6104    1    1, 256    1    1,"<unnamed>::unpack_face_z(const double *, double *, int, int, int, int, int)"
218237687362,7540,218237694902,1503397,218239198299,27991649,29502586,122,122,1,cudaLaunchKernel,  39  312  312,  32    4    4,"<unnamed>::step_kernel_interior(const double *, const double *, double *, const double *, const double *, int, int, int, int, int, int, int, double, double)"
218237695021,12085,218237707106,918902,218238626008,62495,993482,126,126,5,cudaLaunchKernel,12208    1    1, 256    1    1,"<unnamed>::step_kernel_boundary_x_faces(const double *, const double *, double *, const double *, const double *, int, int, int, int, int, int, int, double, double)"
218237708392,10905,218237719297,970742,218238690039,60704,1042351,126,126,5,cudaLaunchKernel,12188    1    1, 256    1    1,"<unnamed>::step_kernel_boundary_y_faces(const double *, const double *, double *, const double *, const double *, int, int, int, int, int, int, int, double, double)"
218237720615,6925,218237727540,1025027,218238752567,728311,1760263,126,126,5,cudaLaunchKernel,12168    1    1, 256    1    1,"<unnamed>::step_kernel_boundary_z_faces(const double *, const double *, double *, const double *, const double *, int, int, int, int, int, int, int, double, double)"
218237786453,12208,218237798661,1683945,218239482606,13440,1709593,126,126,5,cudaLaunchKernel,6104    1    1, 256    1    1,"<unnamed>::pack_face_x(const double *, double *, int, int, int, int, int)"
218237799754,9177,218237808931,29662367,218267471298,10400,29681944,126,126,5,cudaLaunchKernel,6104    1    1, 256    1    1,"<unnamed>::pack_face_y(const double *, double *, int, int, int, int, int)"
218237809711,5389,218237815100,29668006,218267483106,62111,29735506,126,126,5,cudaLaunchKernel,6104    1    1, 256    1    1,"<unnamed>::pack_face_z(const double *, double *, int, int, int, int, int)"
218237827780,8320,218237836100,1654090,218239490190,27987028,29649438,126,126,5,cudaLaunchKernel,  39  312  312,  32    4    4,"<unnamed>::step_kernel_interior(const double *, const double *, double *, const double *, const double *, int, int, int, int, int, int, int, double, double)"
218237989971,24792,218238014763,658188,218238672951,8127,691107,123,123,2,cudaLaunchKernel,6104    1    1, 256    1    1,"<unnamed>::unpack_face_x(const double *, double *, int, int, int, int, int)"
218238016814,12547,218238029361,652741,218238682102,10112,675400,123,123,2,cudaLaunchKernel,6104    1    1, 256    1    1,"<unnamed>::unpack_face_y(const double *, double *, int, int, int, int, int)"
218238031104,6761,218238037865,655501,218238693366,121343,783605,123,123,2,cudaLaunchKernel,6104    1    1, 256    1    1,"<unnamed>::unpack_face_z(const double *, double *, int, int, int, int, int)"
218238040077,7918,218238047995,768186,218238816181,62783,838887,123,123,2,cudaLaunchKernel,12208    1    1, 256    1    1,"<unnamed>::step_kernel_boundary_x_faces(const double *, const double *, double *, const double *, const double *, int, int, int, int, int, int, int, double, double)"
218238048978,6540,218238055518,824886,218238880404,60159,891585,123,123,2,cudaLaunchKernel,12188    1    1, 256    1    1,"<unnamed>::step_kernel_boundary_y_faces(const double *, const double *, double *, const double *, const double *, int, int, int, int, int, int, int, double, double)"
218238056877,12497,218238069374,873301,218238942675,723991,1609789,123,123,2,cudaLaunchKernel,12168    1    1, 256    1    1,"<unnamed>::step_kernel_boundary_z_faces(const double *, const double *, double *, const double *, const double *, int, int, int, int, int, int, int, double, double)"
218238130068,9074,218238139142,29517280,218267656422,10784,29537138,123,123,2,cudaLaunchKernel,6104    1    1, 256    1    1,"<unnamed>::pack_face_x(const double *, double *, int, int, int, int, int)"
218238139844,5747,218238145591,29523855,218267669446,10431,29540033,123,123,2,cudaLaunchKernel,6104    1    1, 256    1    1,"<unnamed>::pack_face_y(const double *, double *, int, int, int, int, int)"
218238146405,5443,218238151848,29529117,218267680965,63584,29598144,123,123,2,cudaLaunchKernel,6104    1    1, 256    1    1,"<unnamed>::pack_face_z(const double *, double *, int, int, int, int, int)"
218238164421,7921,218238172342,1495732,218239668074,27996284,29499937,123,123,2,cudaLaunchKernel,  39  312  312,  32    4    4,"<unnamed>::step_kernel_interior(const double *, const double *, double *, const double *, const double *, int, int, int, int, int, int, int, double, double)"
218238184132,26810,218238210942,685123,218238896065,8160,720093,121,121,0,cudaLaunchKernel,6104    1    1, 256    1    1,"<unnamed>::unpack_face_x(const double *, double *, int, int, int, int, int)"
218238198442,49693,218238248135,778392,218239026527,8064,836149,125,125,4,cudaLaunchKernel,6104    1    1, 256    1    1,"<unnamed>::unpack_face_x(const double *, double *, int, int, int, int, int)"
218238212192,7498,218238219690,685495,218238905185,9855,702848,121,121,0,cudaLaunchKernel,6104    1    1, 256    1    1,"<unnamed>::unpack_face_y(const double *, double *, int, int, int, int, int)"
218238221362,8889,218238230251,685941,218238916192,122239,817069,121,121,0,cudaLaunchKernel,6104    1    1, 256    1    1,"<unnamed>::unpack_face_z(const double *, double *, int, int, int, int, int)"
218238233026,8755,218238241781,798058,218239039839,62368,869181,121,121,0,cudaLaunchKernel,12208    1    1, 256    1    1,"<unnamed>::step_kernel_boundary_x_faces(const double *, const double *, double *, const double *, const double *, int, int, int, int, int, int, int, double, double)"
218238242581,7596,218238250177,853886,218239104063,60095,921577,121,121,0,cudaLaunchKernel,12188    1    1, 256    1    1,"<unnamed>::step_kernel_boundary_y_faces(const double *, const double *, double *, const double *, const double *, int, int, int, int, int, int, int, double, double)"
218238249539,8157,218238257696,777983,218239035679,9952,796092,125,125,4,cudaLaunchKernel,6104    1    1, 256    1    1,"<unnamed>::unpack_face_y(const double *, double *, int, int, int, int, int)"
218238251706,7937,218238259643,906371,218239166014,725562,1639870,121,121,0,cudaLaunchKernel,12168    1    1, 256    1    1,"<unnamed>::step_kernel_boundary_z_faces(const double *, const double *, double *, const double *, const double *, int, int, int, int, int, int, int, double, double)"
218238258636,7545,218238266181,780890,218239047071,121855,910290,125,125,4,cudaLaunchKernel,6104    1    1, 256    1    1,"<unnamed>::unpack_face_z(const double *, double *, int, int, int, int, int)"
218238267999,7942,218238275941,894425,218239170366,62528,964895,125,125,4,cudaLaunchKernel,12208    1    1, 256    1    1,"<unnamed>::step_kernel_boundary_x_faces(const double *, const double *, double *, const double *, const double *, int, int, int, int, int, int, int, double, double)"
218238276601,6241,218238282842,951812,218239234654,61760,1019813,125,125,4,cudaLaunchKernel,12188    1    1, 256    1    1,"<unnamed>::step_kernel_boundary_y_faces(const double *, const double *, double *, const double *, const double *, int, int, int, int, int, int, int, double, double)"
218238283399,13483,218238296882,1001836,218239298718,717243,1732562,125,125,4,cudaLaunchKernel,12168    1    1, 256    1    1,"<unnamed>::step_kernel_boundary_z_faces(const double *, const double *, double *, const double *, const double *, int, int, int, int, int, int, int, double, double)"
218238324734,10959,218238335693,1557867,218239893560,13792,1582618,121,121,0,cudaLaunchKernel,6104    1    1, 256    1    1,"<unnamed>::pack_face_x(const double *, double *, int, int, int, int, int)"
218238337140,7072,218238344212,29549054,218267893266,10880,29567006,121,121,0,cudaLaunchKernel,6104    1    1, 256    1    1,"<unnamed>::pack_face_y(const double *, double *, int, int, int, int, int)"
218238344819,5589,218238350408,29555210,218267905618,62271,29623070,121,121,0,cudaLaunchKernel,6104    1    1, 256    1    1,"<unnamed>::pack_face_z(const double *, double *, int, int, int, int, int)"
218238359318,8435,218238367753,29579877,218267947630,10208,29598520,125,125,4,cudaLaunchKernel,6104    1    1, 256    1    1,"<unnamed>::pack_face_x(const double *, double *, int, int, int, int, int)"
218238362863,8687,218238371550,1529658,218239901208,27998554,29536899,121,121,0,cudaLaunchKernel,  39  312  312,  32    4    4,"<unnamed>::step_kernel_interior(const double *, const double *, double *, const double *, const double *, int, int, int, int, int, int, int, double, double)"
218238363088,28068,218238391156,1278540,218239669696,8224,1314832,133,133,6,cudaLaunchKernel,6104    1    1, 256    1    1,"<unnamed>::unpack_face_x(const double *, double *, int, int, int, int, int)"
218238368565,6785,218238375350,29586776,218267962126,10464,29604025,125,125,4,cudaLaunchKernel,6104    1    1, 256    1    1,"<unnamed>::pack_face_y(const double *, double *, int, int, int, int, int)"
218238376123,5824,218238381947,29591731,218267973678,63008,29660563,125,125,4,cudaLaunchKernel,6104    1    1, 256    1    1,"<unnamed>::pack_face_z(const double *, double *, int, int, int, int, int)"
218238392991,8421,218238401412,1278652,218239680064,9792,1296865,133,133,6,cudaLaunchKernel,6104    1    1, 256    1    1,"<unnamed>::unpack_face_y(const double *, double *, int, int, int, int, int)"
218238396195,23806,218238420001,1286713,218239706714,8256,1318775,137,137,7,cudaLaunchKernel,6104    1    1, 256    1    1,"<unnamed>::unpack_face_x(const double *, double *, int, int, int, int, int)"
218238401156,9492,218238410648,1606753,218240017401,27936533,29552778,125,125,4,cudaLaunchKernel,  39  312  312,  32    4    4,"<unnamed>::step_kernel_interior(const double *, const double *, double *, const double *, const double *, int, int, int, int, int, int, int, double, double)"
218238402522,7640,218238410162,1280782,218239690944,122527,1410949,133,133,6,cudaLaunchKernel,6104    1    1, 256    1    1,"<unnamed>::unpack_face_z(const double *, double *, int, int, int, int, int)"
218238412025,7486,218238419511,1395304,218239814815,62687,1465477,133,133,6,cudaLaunchKernel,12208    1    1, 256    1    1,"<unnamed>::step_kernel_boundary_x_faces(const double *, const double *, double *, const double *, const double *, int, int, int, int, int, int, int, double, double)"
218238420619,7529,218238428148,1450858,218239879006,61536,1519923,133,133,6,cudaLaunchKernel,12188    1    1, 256    1    1,"<unnamed>::step_kernel_boundary_y_faces(const double *, const double *, double *, const double *, const double *, int, int, int, int, int, int, int, double, double)"
218238421185,7171,218238428356,1287734,218239716090,10112,1305017,137,137,7,cudaLaunchKernel,6104    1    1, 256    1    1,"<unnamed>::unpack_face_y(const double *, double *, int, int, int, int, int)"
218238429020,10900,218238439920,1502094,218239942014,725912,2238906,133,133,6,cudaLaunchKernel,12168    1    1, 256    1    1,"<unnamed>::step_kernel_boundary_z_faces(const double *, const double *, double *, const double *, const double *, int, int, int, int, int, int, int, double, double)"
218238429593,12687,218238442280,1285106,218239727386,122622,1420415,137,137,7,cudaLaunchKernel,6104    1    1, 256    1    1,"<unnamed>::unpack_face_z(const double *, double *, int, int, int, int, int)"
218238444533,9305,218238453838,1397546,218239851384,62592,1469443,137,137,7,cudaLaunchKernel,12208    1    1, 256    1    1,"<unnamed>::step_kernel_boundary_x_faces(const double *, const double *, double *, const double *, const double *, int, int, int, int, int, int, int, double, double)"
218238454681,6457,218238461138,1454214,218239915352,60415,1521086,137,137,7,cudaLaunchKernel,12188    1    1, 256    1    1,"<unnamed>::step_kernel_boundary_y_faces(const double *, const double *, double *, const double *, const double *, int, int, int, int, int, int, int, double, double)"
218238462181,12259,218238474440,1503215,218239977655,724631,2240105,137,137,7,cudaLaunchKernel,12168    1    1, 256    1    1,"<unnamed>::step_kernel_boundary_z_faces(const double *, const double *, double *, const double *, const double *, int, int, int, int, int, int, int, double, double)"
218238500000,8868,218238508868,30136591,218268645459,10048,30155507,133,133,6,cudaLaunchKernel,6104    1    1, 256    1    1,"<unnamed>::pack_face_x(const double *, double *, int, int, int, int, int)"
218238509507,5606,218238515113,30141770,218268656883,11456,30158832,133,133,6,cudaLaunchKernel,6104    1    1, 256    1    1,"<unnamed>::pack_face_y(const double *, double *, int, int, int, int, int)"
218238515740,6352,218238522092,30147271,218268669363,62975,30216598,133,133,6,cudaLaunchKernel,6104    1    1, 256    1    1,"<unnamed>::pack_face_z(const double *, double *, int, int, int, int, int)"
218238530538,12138,218238542676,30156517,218268699193,10304,30178959,137,137,7,cudaLaunchKernel,6104    1    1, 256    1    1,"<unnamed>::pack_face_x(const double *, double *, int, int, int, int, int)"
218238534857,15307,218238550164,2119202,218240669366,27982109,30116618,133,133,6,cudaLaunchKernel,  39  312  312,  32    4    4,"<unnamed>::step_kernel_interior(const double *, const double *, double *, const double *, const double *, int, int, int, int, int, int, int, double, double)"
218238544071,9037,218238553108,30158661,218268711769,11295,30178993,137,137,7,cudaLaunchKernel,6104    1    1, 256    1    1,"<unnamed>::pack_face_y(const double *, double *, int, int, int, int, int)"
218238553684,6070,218238559754,30164334,218268724088,63392,30233796,137,137,7,cudaLaunchKernel,6104    1    1, 256    1    1,"<unnamed>::pack_face_z(const double *, double *, int, int, int, int, int)"
218238579144,9903,218238589047,2114583,218240703630,28002443,30126929,137,137,7,cudaLaunchKernel,  39  312  312,  32    4    4,"<unnamed>::step_kernel_interior(const double *, const double *, double *, const double *, const double *, int, int, int, int, int, int, int, double, double)"
218276453110,21965,218276475075,665743,218277140818,8064,695772,124,124,3,cudaLaunchKernel,6104    1    1, 256    1    1,"<unnamed>::unpack_face_x(const double *, double *, int, int, int, int, int)"
218276475612,5194,218276480806,669164,218277149970,9888,684246,124,124,3,cudaLaunchKernel,6104    1    1, 256    1    1,"<unnamed>::unpack_face_y(const double *, double *, int, int, int, int, int)"
218276481809,4565,218276486374,674924,218277161298,124415,803904,124,124,3,cudaLaunchKernel,6104    1    1, 256    1    1,"<unnamed>::unpack_face_z(const double *, double *, int, int, int, int, int)"
218276488040,5640,218276493680,793441,218277287121,62687,861768,124,124,3,cudaLaunchKernel,12208    1    1, 256    1    1,"<unnamed>::step_kernel_boundary_x_faces(const double *, const double *, double *, const double *, const double *, int, int, int, int, int, int, int, double, double)"
218276497418,6598,218276504016,847520,218277351536,59808,913926,124,124,3,cudaLaunchKernel,12188    1    1, 256    1    1,"<unnamed>::step_kernel_boundary_y_faces(const double *, const double *, double *, const double *, const double *, int, int, int, int, int, int, int, double, double)"
218276504691,16426,218276521117,892370,218277413487,728410,1637206,124,124,3,cudaLaunchKernel,12168    1    1, 256    1    1,"<unnamed>::step_kernel_boundary_z_faces(const double *, const double *, double *, const double *, const double *, int, int, int, int, int, int, int, double, double)"
218276575296,6281,218276581577,1561920,218278143497,14719,1582920,124,124,3,cudaLaunchKernel,6104    1    1, 256    1    1,"<unnamed>::pack_face_x(const double *, double *, int, int, int, int, int)"
218276582468,4255,218276586723,29553211,218306139934,10784,29568250,124,124,3,cudaLaunchKernel,6104    1    1, 256    1    1,"<unnamed>::pack_face_y(const double *, double *, int, int, int, int, int)"
218276587198,11396,218276598594,29553436,218306152030,61407,29626239,124,124,3,cudaLaunchKernel,6104    1    1, 256    1    1,"<unnamed>::pack_face_z(const double *, double *, int, int, int, int, int)"
218276620873,7037,218276627910,1523362,218278151272,27994934,29525333,124,124,3,cudaLaunchKernel,  39  312  312,  32    4    4,"<unnamed>::step_kernel_interior(const double *, const double *, double *, const double *, const double *, int, int, int, int, int, int, int, double, double)"
218277002147,21222,218277023369,680887,218277704256,8192,710301,122,122,1,cudaLaunchKernel,6104    1    1, 256    1    1,"<unnamed>::unpack_face_x(const double *, double *, int, int, int, int, int)"
218277024570,6580,218277031150,682802,218277713952,10400,699782,122,122,1,cudaLaunchKernel,6104    1    1, 256    1    1,"<unnamed>::unpack_face_y(const double *, double *, int, int, int, int, int)"
218277032077,4480,218277036557,689075,218277725632,121279,814834,122,122,1,cudaLaunchKernel,6104    1    1, 256    1    1,"<unnamed>::unpack_face_z(const double *, double *, int, int, int, int, int)"
218277041462,7274,218277048736,799967,218277848703,62208,869449,122,122,1,cudaLaunchKernel,12208    1    1, 256    1    1,"<unnamed>::step_kernel_boundary_x_faces(const double *, const double *, double *, const double *, const double *, int, int, int, int, int, int, int, double, double)"
218277049401,4890,218277054291,858380,218277912671,61248,924518,122,122,1,cudaLaunchKernel,12188    1    1, 256    1    1,"<unnamed>::step_kernel_boundary_y_faces(const double *, const double *, double *, const double *, const double *, int, int, int, int, int, int, int, double, double)"
218277054805,5073,218277059878,915449,218277975327,712668,1633190,122,122,1,cudaLaunchKernel,12168    1    1, 256    1    1,"<unnamed>::step_kernel_boundary_z_faces(const double *, const double *, double *, const double *, const double *, int, int, int, int, int, int, int, double, double)"
218277112958,11405,218277124363,29530225,218306654588,11712,29553342,122,122,1,cudaLaunchKernel,6104    1    1, 256    1    1,"<unnamed>::pack_face_x(const double *, double *, int, int, int, int, int)"
218277124971,4564,218277129535,29539229,218306668764,10720,29554513,122,122,1,cudaLaunchKernel,6104    1    1, 256    1    1,"<unnamed>::pack_face_y(const double *, double *, int, int, int, int, int)"
218277130135,4487,218277134622,29546206,218306680828,62751,29613444,122,122,1,cudaLaunchKernel,6104    1    1, 256    1    1,"<unnamed>::pack_face_z(const double *, double *, int, int, int, int, int)"
218277153654,7336,218277160990,1528701,218278689691,27972673,29508710,122,122,1,cudaLaunchKernel,  39  312  312,  32    4    4,"<unnamed>::step_kernel_interior(const double *, const double *, double *, const double *, const double *, int, int, int, int, int, int, int, double, double)"
218277259443,17012,218277276455,667167,218277943622,8063,692242,126,126,5,cudaLaunchKernel,6104    1    1, 256    1    1,"<unnamed>::unpack_face_x(const double *, double *, int, int, int, int, int)"
218277277023,7507,218277284530,668563,218277953093,10368,686438,126,126,5,cudaLaunchKernel,6104    1    1, 256    1    1,"<unnamed>::unpack_face_y(const double *, double *, int, int, int, int, int)"
218277285432,5249,218277290681,674188,218277964869,121727,801164,126,126,5,cudaLaunchKernel,6104    1    1, 256    1    1,"<unnamed>::unpack_face_z(const double *, double *, int, int, int, int, int)"
218277292093,8722,218277300815,787541,218278088356,62527,858790,126,126,5,cudaLaunchKernel,12208    1    1, 256    1    1,"<unnamed>::step_kernel_boundary_x_faces(const double *, const double *, double *, const double *, const double *, int, int, int, int, int, int, int, double, double)"
218277301434,5784,218277307218,845265,218278152483,60127,911176,126,126,5,cudaLaunchKernel,12188    1    1, 256    1    1,"<unnamed>::step_kernel_boundary_y_faces(const double *, const double *, double *, const double *, const double *, int, int, int, int, int, int, int, double, double)"
218277307952,4654,218277312606,901956,218278214562,723992,1630602,126,126,5,cudaLaunchKernel,12168    1    1, 256    1    1,"<unnamed>::step_kernel_boundary_z_faces(const double *, const double *, double *, const double *, const double *, int, int, int, int, int, int, int, double, double)"
218277364227,8287,218277372514,29566572,218306939086,10303,29585162,126,126,5,cudaLaunchKernel,6104    1    1, 256    1    1,"<unnamed>::pack_face_x(const double *, double *, int, int, int, int, int)"
218277373000,4746,218277377746,29573243,218306950989,10336,29588325,126,126,5,cudaLaunchKernel,6104    1    1, 256    1    1,"<unnamed>::pack_face_y(const double *, double *, int, int, int, int, int)"
218277378295,7011,218277385306,29577299,218306962605,62848,29647158,126,126,5,cudaLaunchKernel,6104    1    1, 256    1    1,"<unnamed>::pack_face_z(const double *, double *, int, int, int, int, int)"
218277397683,8352,218277406035,1533895,218278939930,28005747,29547994,126,126,5,cudaLaunchKernel,  39  312  312,  32    4    4,"<unnamed>::step_kernel_interior(const double *, const double *, double *, const double *, const double *, int, int, int, int, int, int, int, double, double)"
218277482484,30381,218277512865,657055,218278169920,8064,695500,123,123,2,cudaLaunchKernel,6104    1    1, 256    1    1,"<unnamed>::unpack_face_x(const double *, double *, int, int, int, int, int)"
218277514778,7036,218277521814,657322,218278179136,10176,674534,123,123,2,cudaLaunchKernel,6104    1    1, 256    1    1,"<unnamed>::unpack_face_y(const double *, double *, int, int, int, int, int)"
218277523165,11852,218277535017,655447,218278190464,121822,789121,123,123,2,cudaLaunchKernel,6104    1    1, 256    1    1,"<unnamed>::unpack_face_z(const double *, double *, int, int, int, int, int)"
218277537046,7079,218277544125,769633,218278313758,62079,838791,123,123,2,cudaLaunchKernel,12208    1    1, 256    1    1,"<unnamed>::step_kernel_boundary_x_faces(const double *, const double *, double *, const double *, const double *, int, int, int, int, int, int, int, double, double)"
218277545243,17488,218277562731,814610,218278377341,61056,893154,123,123,2,cudaLaunchKernel,12188    1    1, 256    1    1,"<unnamed>::step_kernel_boundary_y_faces(const double *, const double *, double *, const double *, const double *, int, int, int, int, int, int, int, double, double)"
218277563831,6105,218277569936,869741,218278439677,728502,1604348,123,123,2,cudaLaunchKernel,12168    1    1, 256    1    1,"<unnamed>::step_kernel_boundary_z_faces(const double *, const double *, double *, const double *, const double *, int, int, int, int, int, int, int, double, double)"
218277647612,13327,218277660939,1508808,218279169747,13984,1536119,123,123,2,cudaLaunchKernel,6104    1    1, 256    1    1,"<unnamed>::pack_face_x(const double *, double *, int, int, int, int, int)"
218277662057,5290,218277667347,29506684,218307174031,10624,29522598,123,123,2,cudaLaunchKernel,6104    1    1, 256    1    1,"<unnamed>::pack_face_y(const double *, double *, int, int, int, int, int)"
218277668118,4479,218277672597,29513306,218307185903,61567,29579352,123,123,2,cudaLaunchKernel,6104    1    1, 256    1    1,"<unnamed>::pack_face_z(const double *, double *, int, int, int, int, int)"
218277686082,8842,218277694924,1482439,218279177363,28002428,29493709,123,123,2,cudaLaunchKernel,  39  312  312,  32    4    4,"<unnamed>::step_kernel_interior(const double *, const double *, double *, const double *, const double *, int, int, int, int, int, int, int, double, double)"
218277786521,27670,218277814191,662027,218278476218,8192,697889,121,121,0,cudaLaunchKernel,6104    1    1, 256    1    1,"<unnamed>::unpack_face_x(const double *, double *, int, int, int, int, int)"
218277815690,8233,218277823923,661671,218278485594,10080,679984,121,121,0,cudaLaunchKernel,6104    1    1, 256    1    1,"<unnamed>::unpack_face_y(const double *, double *, int, int, int, int, int)"
218277825524,5987,218277831511,665315,218278496826,121503,792805,121,121,0,cudaLaunchKernel,6104    1    1, 256    1    1,"<unnamed>::unpack_face_z(const double *, double *, int, int, int, int, int)"
218277833804,9504,218277843308,776461,218278619769,62560,848525,121,121,0,cudaLaunchKernel,12208    1    1, 256    1    1,"<unnamed>::step_kernel_boundary_x_faces(const double *, const double *, double *, const double *, const double *, int, int, int, int, int, int, int, double, double)"
218277843976,10666,218277854642,829095,218278683737,60863,900624,121,121,0,cudaLaunchKernel,12188    1    1, 256    1    1,"<unnamed>::step_kernel_boundary_y_faces(const double *, const double *, double *, const double *, const double *, int, int, int, int, int, int, int, double, double)"
218277856083,7274,218277863357,882683,218278746040,726650,1616607,121,121,0,cudaLaunchKernel,12168    1    1, 256    1    1,"<unnamed>::step_kernel_boundary_z_faces(const double *, const double *, double *, const double *, const double *, int, int, int, int, int, int, int, double, double)"
218277924157,7724,218277931881,29551810,218307483691,10080,29569614,121,121,0,cudaLaunchKernel,6104    1    1, 256    1    1,"<unnamed>::pack_face_x(const double *, double *, int, int, int, int, int)"
218277932510,6077,218277938587,29557616,218307496203,10240,29573933,121,121,0,cudaLaunchKernel,6104    1    1, 256    1    1,"<unnamed>::pack_face_y(const double *, double *, int, int, int, int, int)"
218277939198,5978,218277945176,29562323,218307507499,63392,29631693,121,121,0,cudaLaunchKernel,6104    1    1, 256    1    1,"<unnamed>::pack_face_z(const double *, double *, int, int, int, int, int)"
218277983117,19475,218278002592,1471474,218279474066,28015737,29506686,121,121,0,cudaLaunchKernel,  39  312  312,  32    4    4,"<unnamed>::step_kernel_interior(const double *, const double *, double *, const double *, const double *, int, int, int, int, int, int, int, double, double)"
218278155813,29086,218278184899,650217,218278835116,8160,687463,125,125,4,cudaLaunchKernel,6104    1    1, 256    1    1,"<unnamed>::unpack_face_x(const double *, double *, int, int, int, int, int)"
218278189483,10239,218278199722,644994,218278844716,10016,665249,125,125,4,cudaLaunchKernel,6104    1    1, 256    1    1,"<unnamed>::unpack_face_y(const double *, double *, int, int, int, int, int)"
218278200416,5517,218278205933,650239,218278856172,121311,777067,125,125,4,cudaLaunchKernel,6104    1    1, 256    1    1,"<unnamed>::unpack_face_z(const double *, double *, int, int, int, int, int)"
218278207606,12399,218278220005,759334,218278979339,62560,834293,125,125,4,cudaLaunchKernel,12208    1    1, 256    1    1,"<unnamed>::step_kernel_boundary_x_faces(const double *, const double *, double *, const double *, const double *, int, int, int, int, int, int, int, double, double)"
218278220968,6099,218278227067,816656,218279043723,59871,882626,125,125,4,cudaLaunchKernel,12188    1    1, 256    1    1,"<unnamed>::step_kernel_boundary_y_faces(const double *, const double *, double *, const double *, const double *, int, int, int, int, int, int, int, double, double)"
218278227825,10948,218278238773,866165,218279104938,720764,1597877,125,125,4,cudaLaunchKernel,12168    1    1, 256    1    1,"<unnamed>::step_kernel_boundary_z_faces(const double *, const double *, double *, const double *, const double *, int, int, int, int, int, int, int, double, double)"
218278298952,9605,218278308557,29459534,218307768091,10304,29479443,125,125,4,cudaLaunchKernel,6104    1    1, 256    1    1,"<unnamed>::pack_face_x(const double *, double *, int, int, int, int, int)"
218278309046,6534,218278315580,29465919,218307781499,11104,29483557,125,125,4,cudaLaunchKernel,6104    1    1, 256    1    1,"<unnamed>::pack_face_y(const double *, double *, int, int, int, int, int)"
218278316246,6116,218278322362,29471297,218307793659,62783,29540196,125,125,4,cudaLaunchKernel,6104    1    1, 256    1    1,"<unnamed>::pack_face_z(const double *, double *, int, int, int, int, int)"
218278336309,9493,218278345802,1481404,218279827206,27947253,29438150,125,125,4,cudaLaunchKernel,  39  312  312,  32    4    4,"<unnamed>::step_kernel_interior(const double *, const double *, double *, const double *, const double *, int, int, int, int, int, int, int, double, double)"
218279478237,21610,218279499847,1288557,218280788404,8224,1318391,133,133,6,cudaLaunchKernel,6104    1    1, 256    1    1,"<unnamed>::unpack_face_x(const double *, double *, int, int, int, int, int)"
218279501423,6861,218279508284,1289496,218280797780,10304,1306661,133,133,6,cudaLaunchKernel,6104    1    1, 256    1    1,"<unnamed>::unpack_face_y(const double *, double *, int, int, int, int, int)"
218279505892,29293,218279535185,1287348,218280822533,8224,1324865,137,137,7,cudaLaunchKernel,6104    1    1, 256    1    1,"<unnamed>::unpack_face_x(const double *, double *, int, int, int, int, int)"
218279509305,6969,218279516274,1292898,218280809172,122271,1422138,133,133,6,cudaLaunchKernel,6104    1    1, 256    1    1,"<unnamed>::unpack_face_z(const double *, double *, int, int, int, int, int)"
218279517964,12888,218279530852,1401967,218280932819,62527,1477382,133,133,6,cudaLaunchKernel,12208    1    1, 256    1    1,"<unnamed>::step_kernel_boundary_x_faces(const double *, const double *, double *, const double *, const double *, int, int, int, int, int, int, int, double, double)"
218279532068,8449,218279540517,1456333,218280996850,59808,1524590,133,133,6,cudaLaunchKernel,12188    1    1, 256    1    1,"<unnamed>::step_kernel_boundary_y_faces(const double *, const double *, double *, const double *, const double *, int, int, int, int, int, int, int, double, double)"
218279536570,8829,218279545399,1286542,218280831941,10944,1306315,137,137,7,cudaLaunchKernel,6104    1    1, 256    1    1,"<unnamed>::unpack_face_y(const double *, double *, int, int, int, int, int)"
218279541154,5736,218279546890,1511368,218281058258,728120,2245224,133,133,6,cudaLaunchKernel,12168    1    1, 256    1    1,"<unnamed>::step_kernel_boundary_z_faces(const double *, const double *, double *, const double *, const double *, int, int, int, int, int, int, int, double, double)"
218279546793,6142,218279552935,1291102,218280844037,121758,1419002,137,137,7,cudaLaunchKernel,6104    1    1, 256    1    1,"<unnamed>::unpack_face_z(const double *, double *, int, int, int, int, int)"
218279555325,13219,218279568544,1398787,218280967331,61727,1473733,137,137,7,cudaLaunchKernel,12208    1    1, 256    1    1,"<unnamed>::step_kernel_boundary_x_faces(const double *, const double *, double *, const double *, const double *, int, int, int, int, int, int, int, double, double)"
218279569738,6240,218279575978,1454552,218281030530,61024,1521816,137,137,7,cudaLaunchKernel,12188    1    1, 256    1    1,"<unnamed>::step_kernel_boundary_y_faces(const double *, const double *, double *, const double *, const double *, int, int, int, int, int, int, int, double, double)"
218279576869,5767,218279582636,1510486,218281093122,726839,2243092,137,137,7,cudaLaunchKernel,12168    1    1, 256    1    1,"<unnamed>::step_kernel_boundary_z_faces(const double *, const double *, double *, const double *, const double *, int, int, int, int, int, int, int, double, double)"
218279604600,21886,218279626486,30148785,218309775271,10400,30181071,133,133,6,cudaLaunchKernel,6104    1    1, 256    1    1,"<unnamed>::pack_face_x(const double *, double *, int, int, int, int, int)"
218279627480,5278,218279632758,30154417,218309787175,10431,30170126,133,133,6,cudaLaunchKernel,6104    1    1, 256    1    1,"<unnamed>::pack_face_y(const double *, double *, int, int, int, int, int)"
218279633526,6305,218279639831,30158927,218309798758,63936,30229168,133,133,6,cudaLaunchKernel,6104    1    1, 256    1    1,"<unnamed>::pack_face_z(const double *, double *, int, int, int, int, int)"
218279647878,11557,218279659435,30163512,218309822947,10624,30185693,137,137,7,cudaLaunchKernel,6104    1    1, 256    1    1,"<unnamed>::pack_face_x(const double *, double *, int, int, int, int, int)"
218279660675,6682,218279667357,30168422,218309835779,10432,30185536,137,137,7,cudaLaunchKernel,6104    1    1, 256    1    1,"<unnamed>::pack_face_y(const double *, double *, int, int, int, int, int)"
218279667792,13685,218279681477,30165790,218309847267,62719,30242194,137,137,7,cudaLaunchKernel,6104    1    1, 256    1    1,"<unnamed>::pack_face_z(const double *, double *, int, int, int, int, int)"
218279691503,9947,218279701450,2086336,218281787786,27993757,30090040,133,133,6,cudaLaunchKernel,  39  312  312,  32    4    4,"<unnamed>::step_kernel_interior(const double *, const double *, double *, const double *, const double *, int, int, int, int, int, int, int, double, double)"
218279700256,10590,218279710846,2110427,218281821273,28007402,30128419,137,137,7,cudaLaunchKernel,  39  312  312,  32    4    4,"<unnamed>::step_kernel_interior(const double *, const double *, double *, const double *, const double *, int, int, int, int, int, int, int, double, double)"
218315462478,15232,218315477710,670833,218316148543,8416,694481,124,124,3,cudaLaunchKernel,6104    1    1, 256    1    1,"<unnamed>::unpack_face_x(const double *, double *, int, int, int, int, int)"
218315478338,4444,218315482782,675265,218316158047,10112,689821,124,124,3,cudaLaunchKernel,6104    1    1, 256    1    1,"<unnamed>::unpack_face_y(const double *, double *, int, int, int, int, int)"
218315483808,5043,218315488851,680748,218316169599,121247,807038,124,124,3,cudaLaunchKernel,6104    1    1, 256    1    1,"<unnamed>::unpack_face_z(const double *, double *, int, int, int, int, int)"
218315490184,5018,218315495202,797180,218316292382,61247,863445,124,124,3,cudaLaunchKernel,12208    1    1, 256    1    1,"<unnamed>::step_kernel_boundary_x_faces(const double *, const double *, double *, const double *, const double *, int, int, int, int, int, int, int, double, double)"
218315496011,4893,218315500904,854485,218316355389,61503,920881,124,124,3,cudaLaunchKernel,12188    1    1, 256    1    1,"<unnamed>::step_kernel_boundary_y_faces(const double *, const double *, double *, const double *, const double *, int, int, int, int, int, int, int, double, double)"
218315501424,8961,218315510385,907883,218316418268,724217,1641061,124,124,3,cudaLaunchKernel,12168    1    1, 256    1    1,"<unnamed>::step_kernel_boundary_z_faces(const double *, const double *, double *, const double *, const double *, int, int, int, int, int, int, int, double, double)"
218315567073,13919,218315580992,1562901,218317143893,13696,1590516,124,124,3,cudaLaunchKernel,6104    1    1, 256    1    1,"<unnamed>::pack_face_x(const double *, double *, int, int, int, int, int)"
218315581611,4914,218315586525,29558062,218345144587,10272,29573248,124,124,3,cudaLaunchKernel,6104    1    1, 256    1    1,"<unnamed>::pack_face_y(const double *, double *, int, int, int, int, int)"
218315587326,3928,218315591254,29565013,218345156267,61087,29630028,124,124,3,cudaLaunchKernel,6104    1    1, 256    1    1,"<unnamed>::pack_face_z(const double *, double *, int, int, int, int, int)"
218315616691,6718,218315623409,1528196,218317151605,27998966,29533880,124,124,3,cudaLaunchKernel,  39  312  312,  32    4    4,"<unnamed>::step_kernel_interior(const double *, const double *, double *, const double *, const double *, int, int, int, int, int, int, int, double, double)"
218316204651,13976,218316218627,654175,218316872802,8576,676727,122,122,1,cudaLaunchKernel,6104    1    1, 256    1    1,"<unnamed>::unpack_face_x(const double *, double *, int, int, int, int, int)"
218316219454,9351,218316228805,653853,218316882658,10368,673572,122,122,1,cudaLaunchKernel,6104    1    1, 256    1    1,"<unnamed>::unpack_face_y(const double *, double *, int, int, int, int, int)"
218316229751,4934,218316234685,659877,218316894562,123007,787818,122,122,1,cudaLaunchKernel,6104    1    1, 256    1    1,"<unnamed>::unpack_face_z(const double *, double *, int, int, int, int, int)"
218316235774,4267,218316240041,779896,218317019937,62495,846658,122,122,1,cudaLaunchKernel,12208    1    1, 256    1    1,"<unnamed>::step_kernel_boundary_x_faces(const double *, const double *, double *, const double *, const double *, int, int, int, int, int, int, int, double, double)"
218316240506,4405,218316244911,838993,218317083904,60800,904198,122,122,1,cudaLaunchKernel,12188    1    1, 256    1    1,"<unnamed>::step_kernel_boundary_y_faces(const double *, const double *, double *, const double *, const double *, int, int, int, int, int, int, int, double, double)"
218316245482,4434,218316249916,896484,218317146400,717084,1618002,122,122,1,cudaLaunchKernel,12168    1    1, 256    1    1,"<unnamed>::step_kernel_boundary_z_faces(const double *, const double *, double *, const double *, const double *, int, int, int, int, int, int, int, double, double)"
218316313280,10416,218316323696,29513293,218345836989,10272,29533981,122,122,1,cudaLaunchKernel,6104    1    1, 256    1    1,"<unnamed>::pack_face_x(const double *, double *, int, int, int, int, int)"
218316324841,5989,218316330830,29517839,218345848669,10720,29534548,122,122,1,cudaLaunchKernel,6104    1    1, 256    1    1,"<unnamed>::pack_face_y(const double *, double *, int, int, int, int, int)"
218316331279,4275,218316335554,29525019,218345860573,63200,29592494,122,122,1,cudaLaunchKernel,6104    1    1, 256    1    1,"<unnamed>::pack_face_z(const double *, double *, int, int, int, int, int)"
218316348391,5491,218316353882,1511810,218317865692,27977121,29494422,122,122,1,cudaLaunchKernel,  39  312  312,  32    4    4,"<unnamed>::step_kernel_interior(const double *, const double *, double *, const double *, const double *, int, int, int, int, int, int, int, double, double)"
218316817765,18257,218316836022,665973,218317501995,8448,692678,123,123,2,cudaLaunchKernel,6104    1    1, 256    1    1,"<unnamed>::unpack_face_x(const double *, double *, int, int, int, int, int)"
218316837422,5526,218316842948,668647,218317511595,9888,684061,123,123,2,cudaLaunchKernel,6104    1    1, 256    1    1,"<unnamed>::unpack_face_y(const double *, double *, int, int, int, int, int)"
218316843587,6049,218316849636,672999,218317522635,121151,800199,123,123,2,cudaLaunchKernel,6104    1    1, 256    1    1,"<unnamed>::unpack_face_z(const double *, double *, int, int, int, int, int)"
218316850695,6235,218316856930,788776,218317645706,62175,857186,123,123,2,cudaLaunchKernel,12208    1    1, 256    1    1,"<unnamed>::step_kernel_boundary_x_faces(const double *, const double *, double *, const double *, const double *, int, int, int, int, int, int, int, double, double)"
218316857667,7202,218316864869,844420,218317709289,61087,912709,123,123,2,cudaLaunchKernel,12188    1    1, 256    1    1,"<unnamed>::step_kernel_boundary_y_faces(const double *, const double *, double *, const double *, const double *, int, int, int, int, int, int, int, double, double)"
218316865551,11074,218316876625,895127,218317771752,728567,1634768,123,123,2,cudaLaunchKernel,12168    1    1, 256    1    1,"<unnamed>::step_kernel_boundary_z_faces(const double *, const double *, double *, const double *, const double *, int, int, int, int, int, int, int, double, double)"
218316933918,8294,218316942212,29542871,218346485083,10111,29561276,123,123,2,cudaLaunchKernel,6104    1    1, 256    1    1,"<unnamed>::pack_face_x(const double *, double *, int, int, int, int, int)"
218316942826,5728,218316948554,29548048,218346496602,11264,29565040,123,123,2,cudaLaunchKernel,6104    1    1, 256    1    1,"<unnamed>::pack_face_y(const double *, double *, int, int, int, int, int)"
218316949098,5553,218316954651,29554335,218346508986,62559,29622447,123,123,2,cudaLaunchKernel,6104    1    1, 256    1    1,"<unnamed>::pack_face_z(const double *, double *, int, int, int, int, int)"
218316970478,34607,218317005085,1496610,218318501695,27989371,29520588,123,123,2,cudaLaunchKernel,  39  312  312,  32    4    4,"<unnamed>::step_kernel_interior(const double *, const double *, double *, const double *, const double *, int, int, int, int, int, int, int, double, double)"
218317139732,19899,218317159631,679527,218317839158,8128,707554,121,121,0,cudaLaunchKernel,6104    1    1, 256    1    1,"<unnamed>::unpack_face_x(const double *, double *, int, int, int, int, int)"
218317160325,6240,218317166565,681841,218317848406,10048,698129,121,121,0,cudaLaunchKernel,6104    1    1, 256    1    1,"<unnamed>::unpack_face_y(const double *, double *, int, int, int, int, int)"
218317167951,7389,218317175340,684330,218317859670,122335,814054,121,121,0,cudaLaunchKernel,6104    1    1, 256    1    1,"<unnamed>::unpack_face_z(const double *, double *, int, int, int, int, int)"
218317177411,7971,218317185382,799631,218317985013,61631,869233,121,121,0,cudaLaunchKernel,12208    1    1, 256    1    1,"<unnamed>::step_kernel_boundary_x_faces(const double *, const double *, double *, const double *, const double *, int, int, int, int, int, int, int, double, double)"
218317185918,6090,218317192008,855916,218318047924,61568,923574,121,121,0,cudaLaunchKernel,12188    1    1, 256    1    1,"<unnamed>::step_kernel_boundary_y_faces(const double *, const double *, double *, const double *, const double *, int, int, int, int, int, int, int, double, double)"
218317192942,10036,218317202978,907858,218318110836,721850,1639744,121,121,0,cudaLaunchKernel,12168    1    1, 256    1    1,"<unnamed>::step_kernel_boundary_z_faces(const double *, const double *, double *, const double *, const double *, int, int, int, int, int, int, int, double, double)"
218317255455,8580,218317264035,29568932,218346832967,9824,29587336,121,121,0,cudaLaunchKernel,6104    1    1, 256    1    1,"<unnamed>::pack_face_x(const double *, double *, int, int, int, int, int)"
218317264602,5675,218317270277,29573858,218346844135,10112,29589645,121,121,0,cudaLaunchKernel,6104    1    1, 256    1    1,"<unnamed>::pack_face_y(const double *, double *, int, int, int, int, int)"
218317270798,5490,218317276288,29579111,218346855399,62335,29646936,121,121,0,cudaLaunchKernel,6104    1    1, 256    1    1,"<unnamed>::pack_face_z(const double *, double *, int, int, int, int, int)"
218317287303,7834,218317295137,1538989,218318834126,28004953,29551776,121,121,0,cudaLaunchKernel,  39  312  312,  32    4    4,"<unnamed>::step_kernel_interior(const double *, const double *, double *, const double *, const double *, int, int, int, int, int, int, int, double, double)"
218317566476,17231,218317583707,1158183,218318741890,8127,1183541,126,126,5,cudaLaunchKernel,6104    1    1, 256    1    1,"<unnamed>::unpack_face_x(const double *, double *, int, int, int, int, int)"
218317584478,5220,218317589698,1161855,218318751553,9920,1176995,126,126,5,cudaLaunchKernel,6104    1    1, 256    1    1,"<unnamed>::unpack_face_y(const double *, double *, int, int, int, int, int)"
218317590265,5655,218317595920,1166993,218318762913,120831,1293479,126,126,5,cudaLaunchKernel,6104    1    1, 256    1    1,"<unnamed>::unpack_face_z(const double *, double *, int, int, int, int, int)"
218317600558,12810,218317613368,1272456,218318885824,61983,1347249,126,126,5,cudaLaunchKernel,12208    1    1, 256    1    1,"<unnamed>::step_kernel_boundary_x_faces(const double *, const double *, double *, const double *, const double *, int, int, int, int, int, int, int, double, double)"
218317614011,7275,218317621286,1328153,218318949439,61311,1396739,126,126,5,cudaLaunchKernel,12188    1    1, 256    1    1,"<unnamed>::step_kernel_boundary_y_faces(const double *, const double *, double *, const double *, const double *, int, int, int, int, int, int, int, double, double)"
218317622042,10897,218317632939,1379219,218319012158,722360,2112476,126,126,5,cudaLaunchKernel,12168    1    1, 256    1    1,"<unnamed>::step_kernel_boundary_z_faces(const double *, const double *, double *, const double *, const double *, int, int, int, int, int, int, int, double, double)"
218317683070,13018,218317696088,30005586,218347701674,9920,30028524,126,126,5,cudaLaunchKernel,6104    1    1, 256    1    1,"<unnamed>::pack_face_x(const double *, double *, int, int, int, int, int)"
218317697023,6044,218317703067,30009903,218347712970,10208,30026155,126,126,5,cudaLaunchKernel,6104    1    1, 256    1    1,"<unnamed>::pack_face_y(const double *, double *, int, int, int, int, int)"
218317703660,3721,218317707381,30017269,218347724650,63743,30084733,126,126,5,cudaLaunchKernel,6104    1    1, 256    1    1,"<unnamed>::pack_face_z(const double *, double *, int, int, int, int, int)"
218317718329,5858,218317724187,2012219,218319736406,27970740,29988817,126,126,5,cudaLaunchKernel,  39  312  312,  32    4    4,"<unnamed>::step_kernel_interior(const double *, const double *, double *, const double *, const double *, int, int, int, int, int, int, int, double, double)"
218317727650,18835,218317746485,1163266,218318909751,8192,1190293,125,125,4,cudaLaunchKernel,6104    1    1, 256    1    1,"<unnamed>::unpack_face_x(const double *, double *, int, int, int, int, int)"
218317747662,6396,218317754058,1165293,218318919351,9952,1181641,125,125,4,cudaLaunchKernel,6104    1    1, 256    1    1,"<unnamed>::unpack_face_y(const double *, double *, int, int, int, int, int)"
218317754849,11424,218317766273,1164214,218318930487,122111,1297749,125,125,4,cudaLaunchKernel,6104    1    1, 256    1    1,"<unnamed>::unpack_face_z(const double *, double *, int, int, int, int, int)"
218317767895,7513,218317775408,1278662,218319054070,62271,1348446,125,125,4,cudaLaunchKernel,12208    1    1, 256    1    1,"<unnamed>::step_kernel_boundary_x_faces(const double *, const double *, double *, const double *, const double *, int, int, int, int, int, int, int, double, double)"
218317775922,17377,218317793299,1324738,218319118037,60192,1402307,125,125,4,cudaLaunchKernel,12188    1    1, 256    1    1,"<unnamed>::step_kernel_boundary_y_faces(const double *, const double *, double *, const double *, const double *, int, int, int, int, int, int, int, double, double)"
218317794256,6877,218317801133,1378664,218319179797,724092,2109633,125,125,4,cudaLaunchKernel,12168    1    1, 256    1    1,"<unnamed>::step_kernel_boundary_z_faces(const double *, const double *, double *, const double *, const double *, int, int, int, int, int, int, int, double, double)"
218317855399,8763,218317864162,2041327,218319905489,14016,2064106,125,125,4,cudaLaunchKernel,6104    1    1, 256    1    1,"<unnamed>::pack_face_x(const double *, double *, int, int, int, int, int)"
218317864642,4688,218317869330,29977300,218347846630,10496,29992484,125,125,4,cudaLaunchKernel,6104    1    1, 256    1    1,"<unnamed>::pack_face_y(const double *, double *, int, int, int, int, int)"
218317870327,5304,218317875631,29982999,218347858630,61087,30049390,125,125,4,cudaLaunchKernel,6104    1    1, 256    1    1,"<unnamed>::pack_face_z(const double *, double *, int, int, int, int, int)"
218317889384,12602,218317901986,2011215,218319913201,27940277,29964094,125,125,4,cudaLaunchKernel,  39  312  312,  32    4    4,"<unnamed>::step_kernel_interior(const double *, const double *, double *, const double *, const double *, int, int, int, int, int, int, int, double, double)"
218320374280,20981,218320395261,1306070,218321701331,8256,1335307,137,137,7,cudaLaunchKernel,6104    1    1, 256    1    1,"<unnamed>::unpack_face_x(const double *, double *, int, int, int, int, int)"
218320381571,20198,218320401769,1274914,218321676683,8320,1303432,133,133,6,cudaLaunchKernel,6104    1    1, 256    1    1,"<unnamed>::unpack_face_x(const double *, double *, int, int, int, int, int)"
218320396469,7015,218320403484,1307287,218321710771,10079,1324381,137,137,7,cudaLaunchKernel,6104    1    1, 256    1    1,"<unnamed>::unpack_face_y(const double *, double *, int, int, int, int, int)"
218320403153,6485,218320409638,1276549,218321686187,10272,1293306,133,133,6,cudaLaunchKernel,6104    1    1, 256    1    1,"<unnamed>::unpack_face_y(const double *, double *, int, int, int, int, int)"
218320404472,6846,218320411318,1310652,218321721970,121919,1439417,137,137,7,cudaLaunchKernel,6104    1    1, 256    1    1,"<unnamed>::unpack_face_z(const double *, double *, int, int, int, int, int)"
218320410452,7495,218320417947,1281680,218321699627,121822,1410997,133,133,6,cudaLaunchKernel,6104    1    1, 256    1    1,"<unnamed>::unpack_face_z(const double *, double *, int, int, int, int, int)"
218320413610,6801,218320420411,1424982,218321845393,62879,1494662,137,137,7,cudaLaunchKernel,12208    1    1, 256    1    1,"<unnamed>::step_kernel_boundary_x_faces(const double *, const double *, double *, const double *, const double *, int, int, int, int, int, int, int, double, double)"
218320419293,6544,218320425837,1397756,218321823593,62304,1466604,133,133,6,cudaLaunchKernel,12208    1    1, 256    1    1,"<unnamed>::step_kernel_boundary_x_faces(const double *, const double *, double *, const double *, const double *, int, int, int, int, int, int, int, double, double)"
218320421128,6828,218320427956,1482236,218321910192,60063,1549127,137,137,7,cudaLaunchKernel,12188    1    1, 256    1    1,"<unnamed>::step_kernel_boundary_y_faces(const double *, const double *, double *, const double *, const double *, int, int, int, int, int, int, int, double, double)"
218320426761,11584,218320438345,1448864,218321887209,61375,1521823,133,133,6,cudaLaunchKernel,12188    1    1, 256    1    1,"<unnamed>::step_kernel_boundary_y_faces(const double *, const double *, double *, const double *, const double *, int, int, int, int, int, int, int, double, double)"
218320428835,10267,218320439102,1532529,218321971631,727224,2270020,137,137,7,cudaLaunchKernel,12168    1    1, 256    1    1,"<unnamed>::step_kernel_boundary_z_faces(const double *, const double *, double *, const double *, const double *, int, int, int, int, int, int, int, double, double)"
218320439218,6277,218320445495,1504721,218321950216,718648,2229646,133,133,6,cudaLaunchKernel,12168    1    1, 256    1    1,"<unnamed>::step_kernel_boundary_z_faces(const double *, const double *, double *, const double *, const double *, int, int, int, int, int, int, int, double, double)"
218320502720,8257,218320510977,30145788,218350656765,10048,30164093,133,133,6,cudaLaunchKernel,6104    1    1, 256    1    1,"<unnamed>::pack_face_x(const double *, double *, int, int, int, int, int)"
218320503911,8256,218320512167,30163850,218350676017,9984,30182090,137,137,7,cudaLaunchKernel,6104    1    1, 256    1    1,"<unnamed>::pack_face_x(const double *, double *, int, int, int, int, int)"
218320511620,10659,218320522279,30145974,218350668253,10304,30166937,133,133,6,cudaLaunchKernel,6104    1    1, 256    1    1,"<unnamed>::pack_face_y(const double *, double *, int, int, int, int, int)"
218320516641,6898,218320523539,30163902,218350687441,10432,30181232,137,137,7,cudaLaunchKernel,6104    1    1, 256    1    1,"<unnamed>::pack_face_y(const double *, double *, int, int, int, int, int)"
218320523312,5868,218320529180,30150529,218350679709,63007,30219404,133,133,6,cudaLaunchKernel,6104    1    1, 256    1    1,"<unnamed>::pack_face_z(const double *, double *, int, int, int, int, int)"
218320523971,5500,218320529471,30169586,218350699057,62975,30238061,137,137,7,cudaLaunchKernel,6104    1    1, 256    1    1,"<unnamed>::pack_face_z(const double *, double *, int, int, int, int, int)"
218320542197,6558,218320548755,2121581,218322670336,27993181,30121320,133,133,6,cudaLaunchKernel,  39  312  312,  32    4    4,"<unnamed>::step_kernel_interior(const double *, const double *, double *, const double *, const double *, int, int, int, int, int, int, int, double, double)"
218320550027,7850,218320557877,2142481,218322700358,27981707,30132038,137,137,7,cudaLaunchKernel,  39  312  312,  32    4    4,"<unnamed>::step_kernel_interior(const double *, const double *, double *, const double *, const double *, int, int, int, int, int, int, int, double, double)"
218355027571,15048,218355042619,692714,218355735333,8288,716050,122,122,1,cudaLaunchKernel,6104    1    1, 256    1    1,"<unnamed>::unpack_face_x(const double *, double *, int, int, int, int, int)"
218355043512,4336,218355047848,697021,218355744869,10304,711661,122,122,1,cudaLaunchKernel,6104    1    1, 256    1    1,"<unnamed>::unpack_face_y(const double *, double *, int, int, int, int, int)"
218355048466,5236,218355053702,703007,218355756709,121823,830066,122,122,1,cudaLaunchKernel,6104    1    1, 256    1    1,"<unnamed>::unpack_face_z(const double *, double *, int, int, int, int, int)"
218355055148,8360,218355063508,816656,218355880164,62752,887768,122,122,1,cudaLaunchKernel,12208    1    1, 256    1    1,"<unnamed>::step_kernel_boundary_x_faces(const double *, const double *, double *, const double *, const double *, int, int, int, int, int, int, int, double, double)"
218355064587,6107,218355070694,873918,218355944612,60607,940632,122,122,1,cudaLaunchKernel,12188    1    1, 256    1    1,"<unnamed>::step_kernel_boundary_y_faces(const double *, const double *, double *, const double *, const double *, int, int, int, int, int, int, int, double, double)"
218355071166,4955,218355076121,930762,218356006883,716092,1651809,122,122,1,cudaLaunchKernel,12168    1    1, 256    1    1,"<unnamed>::step_kernel_boundary_z_faces(const double *, const double *, double *, const double *, const double *, int, int, int, int, int, int, int, double, double)"
218355138974,6821,218355145795,29558717,218384704512,10336,29575874,122,122,1,cudaLaunchKernel,6104    1    1, 256    1    1,"<unnamed>::pack_face_x(const double *, double *, int, int, int, int, int)"
218355146240,4567,218355150807,29565577,218384716384,10752,29580896,122,122,1,cudaLaunchKernel,6104    1    1, 256    1    1,"<unnamed>::pack_face_y(const double *, double *, int, int, int, int, int)"
218355151307,3828,218355155135,29573281,218384728416,63648,29640757,122,122,1,cudaLaunchKernel,6104    1    1, 256    1    1,"<unnamed>::pack_face_z(const double *, double *, int, int, int, int, int)"
218355171473,6987,218355178460,1546275,218356724735,27985825,29539087,122,122,1,cudaLaunchKernel,  39  312  312,  32    4    4,"<unnamed>::step_kernel_interior(const double *, const double *, double *, const double *, const double *, int, int, int, int, int, int, int, double, double)"
218355234387,14283,218355248670,739942,218355988612,8352,762577,124,124,3,cudaLaunchKernel,6104    1    1, 256    1    1,"<unnamed>::unpack_face_x(const double *, double *, int, int, int, int, int)"
218355249450,5659,218355255109,743295,218355998404,10176,759130,124,124,3,cudaLaunchKernel,6104    1    1, 256    1    1,"<unnamed>::unpack_face_y(const double *, double *, int, int, int, int, int)"
218355255788,4124,218355259912,750108,218356010020,125246,879478,124,124,3,cudaLaunchKernel,6104    1    1, 256    1    1,"<unnamed>::unpack_face_z(const double *, double *, int, int, int, int, int)"
218355261021,4655,218355265676,871158,218356136834,62720,938533,124,124,3,cudaLaunchKernel,12208    1    1, 256    1    1,"<unnamed>::step_kernel_boundary_x_faces(const double *, const double *, double *, const double *, const double *, int, int, int, int, int, int, int, double, double)"
218355266506,3999,218355270505,932889,218356203394,61183,998071,124,124,3,cudaLaunchKernel,12188    1    1, 256    1    1,"<unnamed>::step_kernel_boundary_y_faces(const double *, const double *, double *, const double *, const double *, int, int, int, int, int, int, int, double, double)"
218355271036,4576,218355275612,990533,218356266145,721817,1716926,124,124,3,cudaLaunchKernel,12168    1    1, 256    1    1,"<unnamed>::step_kernel_boundary_z_faces(const double *, const double *, double *, const double *, const double *, int, int, int, int, int, int, int, double, double)"
218355334523,7451,218355341974,29652858,218384994832,9760,29670069,124,124,3,cudaLaunchKernel,6104    1    1, 256    1    1,"<unnamed>::pack_face_x(const double *, double *, int, int, int, int, int)"
218355342571,4943,218355347514,29658806,218385006320,10400,29674149,124,124,3,cudaLaunchKernel,6104    1    1, 256    1    1,"<unnamed>::pack_face_y(const double *, double *, int, int, int, int, int)"
218355348045,3571,218355351616,29666192,218385017808,62719,29732482,124,124,3,cudaLaunchKernel,6104    1    1, 256    1    1,"<unnamed>::pack_face_z(const double *, double *, int, int, int, int, int)"
218355362824,6351,218355369175,1620483,218356989658,28012150,29638984,124,124,3,cudaLaunchKernel,  39  312  312,  32    4    4,"<unnamed>::step_kernel_interior(const double *, const double *, double *, const double *, const double *, int, int, int, int, int, int, int, double, double)"
218355861943,17503,218355879446,736068,218356615514,8128,761699,123,123,2,cudaLaunchKernel,6104    1    1, 256    1    1,"<unnamed>::unpack_face_x(const double *, double *, int, int, int, int, int)"
218355880323,5458,218355885781,739013,218356624794,10111,754582,123,123,2,cudaLaunchKernel,6104    1    1, 256    1    1,"<unnamed>::unpack_face_y(const double *, double *, int, int, int, int, int)"
218355886435,6389,218355892824,743233,218356636057,122655,872277,123,123,2,cudaLaunchKernel,6104    1    1, 256    1    1,"<unnamed>::unpack_face_z(const double *, double *, int, int, int, int, int)"
218355893835,10576,218355904411,855645,218356760056,62687,928908,123,123,2,cudaLaunchKernel,12208    1    1, 256    1    1,"<unnamed>::step_kernel_boundary_x_faces(const double *, const double *, double *, const double *, const double *, int, int, int, int, int, int, int, double, double)"
218355905534,7358,218355912892,911195,218356824087,60223,978776,123,123,2,cudaLaunchKernel,12188    1    1, 256    1    1,"<unnamed>::step_kernel_boundary_y_faces(const double *, const double *, double *, const double *, const double *, int, int, int, int, int, int, int, double, double)"
218355913750,7369,218355921119,964535,218356885654,724119,1696023,123,123,2,cudaLaunchKernel,12168    1    1, 256    1    1,"<unnamed>::step_kernel_boundary_z_faces(const double *, const double *, double *, const double *, const double *, int, int, int, int, int, int, int, double, double)"
218355967945,5628,218355973573,1637480,218357611053,14144,1657252,123,123,2,cudaLaunchKernel,6104    1    1, 256    1    1,"<unnamed>::pack_face_x(const double *, double *, int, int, int, int, int)"
218355974050,5625,218355979675,29620750,218385600425,10528,29636903,123,123,2,cudaLaunchKernel,6104    1    1, 256    1    1,"<unnamed>::pack_face_y(const double *, double *, int, int, int, int, int)"
218355980115,5211,218355985326,29626971,218385612297,61951,29694133,123,123,2,cudaLaunchKernel,6104    1    1, 256    1    1,"<unnamed>::pack_face_z(const double *, double *, int, int, int, int, int)"
218355995773,7730,218356003503,1615422,218357618925,27988444,29611596,123,123,2,cudaLaunchKernel,  39  312  312,  32    4    4,"<unnamed>::step_kernel_interior(const double *, const double *, double *, const double *, const double *, int, int, int, int, int, int, int, double, double)"
218356256452,18891,218356275343,685381,218356960724,8480,712752,121,121,0,cudaLaunchKernel,6104    1    1, 256    1    1,"<unnamed>::unpack_face_x(const double *, double *, int, int, int, int, int)"
218356276448,6124,218356282572,687848,218356970420,10207,704179,121,121,0,cudaLaunchKernel,6104    1    1, 256    1    1,"<unnamed>::unpack_face_y(const double *, double *, int, int, int, int, int)"
218356283653,6614,218356290267,691608,218356981875,122047,820269,121,121,0,cudaLaunchKernel,6104    1    1, 256    1    1,"<unnamed>::unpack_face_z(const double *, double *, int, int, int, int, int)"
218356292135,35230,218356327365,778285,218357105650,62944,876459,121,121,0,cudaLaunchKernel,12208    1    1, 256    1    1,"<unnamed>::step_kernel_boundary_x_faces(const double *, const double *, double *, const double *, const double *, int, int, int, int, int, int, int, double, double)"
218356328340,6510,218356334850,835088,218357169938,60191,901789,121,121,0,cudaLaunchKernel,12188    1    1, 256    1    1,"<unnamed>::step_kernel_boundary_y_faces(const double *, const double *, double *, const double *, const double *, int, int, int, int, int, int, int, double, double)"
218356335558,7088,218356342646,888987,218357231633,723130,1619205,121,121,0,cudaLaunchKernel,12168    1    1, 256    1    1,"<unnamed>::step_kernel_boundary_z_faces(const double *, const double *, double *, const double *, const double *, int, int, int, int, int, int, int, double, double)"
218356393243,8403,218356401646,1554557,218357956203,13664,1576624,121,121,0,cudaLaunchKernel,6104    1    1, 256    1    1,"<unnamed>::pack_face_x(const double *, double *, int, int, int, int, int)"
218356403111,9647,218356412758,29545007,218385957765,10464,29565118,121,121,0,cudaLaunchKernel,6104    1    1, 256    1    1,"<unnamed>::pack_face_y(const double *, double *, int, int, int, int, int)"
218356413826,6634,218356420460,29549561,218385970021,62175,29618370,121,121,0,cudaLaunchKernel,6104    1    1, 256    1    1,"<unnamed>::pack_face_z(const double *, double *, int, int, int, int, int)"
218356435172,8375,218356443547,1520112,218357963659,27999450,29527937,121,121,0,cudaLaunchKernel,  39  312  312,  32    4    4,"<unnamed>::step_kernel_interior(const double *, const double *, double *, const double *, const double *, int, int, int, int, int, int, int, double, double)"
218358377616,18657,218358396273,667186,218359063459,8160,694003,126,126,5,cudaLaunchKernel,6104    1    1, 256    1    1,"<unnamed>::unpack_face_x(const double *, double *, int, int, int, int, int)"
218358397043,5220,218358402263,670572,218359072835,9856,685648,126,126,5,cudaLaunchKernel,6104    1    1, 256    1    1,"<unnamed>::unpack_face_y(const double *, double *, int, int, int, int, int)"
218358402887,6956,218358409843,674288,218359084131,122238,803482,126,126,5,cudaLaunchKernel,6104    1    1, 256    1    1,"<unnamed>::unpack_face_z(const double *, double *, int, int, int, int, int)"
218358411015,5201,218358416216,791561,218359207777,63136,859898,126,126,5,cudaLaunchKernel,12208    1    1, 256    1    1,"<unnamed>::step_kernel_boundary_x_faces(const double *, const double *, double *, const double *, const double *, int, int, int, int, int, int, int, double, double)"
218358416768,5522,218358422290,850255,218359272545,60255,916032,126,126,5,cudaLaunchKernel,12188    1    1, 256    1    1,"<unnamed>::step_kernel_boundary_y_faces(const double *, const double *, double *, const double *, const double *, int, int, int, int, int, int, int, double, double)"
218358422981,5670,218358428651,905717,218359334368,723479,1634866,126,126,5,cudaLaunchKernel,12168    1    1, 256    1    1,"<unnamed>::step_kernel_boundary_z_faces(const double *, const double *, double *, const double *, const double *, int, int, int, int, int, int, int, double, double)"
218358482359,8724,218358491083,1568556,218360059639,13920,1591200,126,126,5,cudaLaunchKernel,6104    1    1, 256    1    1,"<unnamed>::pack_face_x(const double *, double *, int, int, int, int, int)"
218358491543,5818,218358497361,29559258,218388056619,10528,29575604,126,126,5,cudaLaunchKernel,6104    1    1, 256    1    1,"<unnamed>::pack_face_y(const double *, double *, int, int, int, int, int)"
218358497896,4759,218358502655,29566380,218388069035,62111,29633250,126,126,5,cudaLaunchKernel,6104    1    1, 256    1    1,"<unnamed>::pack_face_z(const double *, double *, int, int, int, int, int)"
218358512992,9031,218358522023,1545296,218360067319,27994964,29549291,126,126,5,cudaLaunchKernel,  39  312  312,  32    4    4,"<unnamed>::step_kernel_interior(const double *, const double *, double *, const double *, const double *, int, int, int, int, int, int, int, double, double)"
218360623799,28531,218360652330,649129,218361301459,8128,685788,125,125,4,cudaLaunchKernel,6104    1    1, 256    1    1,"<unnamed>::unpack_face_x(const double *, double *, int, int, int, int, int)"
218360653669,8581,218360662250,648809,218361311059,10304,667694,125,125,4,cudaLaunchKernel,6104    1    1, 256    1    1,"<unnamed>::unpack_face_y(const double *, double *, int, int, int, int, int)"
218360662923,6152,218360669075,653504,218361322579,122208,781864,125,125,4,cudaLaunchKernel,6104    1    1, 256    1    1,"<unnamed>::unpack_face_z(const double *, double *, int, int, int, int, int)"
218360670516,5520,218360676036,770191,218361446227,62911,838622,125,125,4,cudaLaunchKernel,12208    1    1, 256    1    1,"<unnamed>::step_kernel_boundary_x_faces(const double *, const double *, double *, const double *, const double *, int, int, int, int, int, int, int, double, double)"
218360676556,6941,218360683497,827049,218361510546,61536,895526,125,125,4,cudaLaunchKernel,12188    1    1, 256    1    1,"<unnamed>::step_kernel_boundary_y_faces(const double *, const double *, double *, const double *, const double *, int, int, int, int, int, int, int, double, double)"
218360687123,12509,218360699632,874050,218361573682,720059,1606618,125,125,4,cudaLaunchKernel,12168    1    1, 256    1    1,"<unnamed>::step_kernel_boundary_z_faces(const double *, const double *, double *, const double *, const double *, int, int, int, int, int, int, int, double, double)"
218360762815,10723,218360773538,29459904,218390233442,10112,29480739,125,125,4,cudaLaunchKernel,6104    1    1, 256    1    1,"<unnamed>::pack_face_x(const double *, double *, int, int, int, int, int)"
218360773996,9840,218360783836,29461670,218390245506,10336,29481846,125,125,4,cudaLaunchKernel,6104    1    1, 256    1    1,"<unnamed>::pack_face_y(const double *, double *, int, int, int, int, int)"
218360784616,4802,218360789418,29467608,218390257026,62912,29535322,125,125,4,cudaLaunchKernel,6104    1    1, 256    1    1,"<unnamed>::pack_face_z(const double *, double *, int, int, int, int, int)"
218360800637,11337,218360811974,1483527,218362295501,27944245,29439109,125,125,4,cudaLaunchKernel,  39  312  312,  32    4    4,"<unnamed>::step_kernel_interior(const double *, const double *, double *, const double *, const double *, int, int, int, int, int, int, int, double, double)"
218361167536,25318,218361192854,1279628,218362472482,8064,1313010,133,133,6,cudaLaunchKernel,6104    1    1, 256    1    1,"<unnamed>::unpack_face_x(const double *, double *, int, int, int, int, int)"
218361194353,6395,218361200748,1281398,218362482146,10016,1297809,133,133,6,cudaLaunchKernel,6104    1    1, 256    1    1,"<unnamed>::unpack_face_y(const double *, double *, int, int, int, int, int)"
218361201563,7818,218361209381,1284029,218362493410,122175,1414022,133,133,6,cudaLaunchKernel,6104    1    1, 256    1    1,"<unnamed>::unpack_face_z(const double *, double *, int, int, int, int, int)"
218361202266,25579,218361227845,1284284,218362512129,7968,1317831,137,137,7,cudaLaunchKernel,6104    1    1, 256    1    1,"<unnamed>::unpack_face_x(const double *, double *, int, int, int, int, int)"
218361210747,6537,218361217284,1399549,218362616833,61535,1467621,133,133,6,cudaLaunchKernel,12208    1    1, 256    1    1,"<unnamed>::step_kernel_boundary_x_faces(const double *, const double *, double *, const double *, const double *, int, int, int, int, int, int, int, double, double)"
218361218037,11816,218361229853,1449859,218362679712,61855,1523530,133,133,6,cudaLaunchKernel,12188    1    1, 256    1    1,"<unnamed>::step_kernel_boundary_y_faces(const double *, const double *, double *, const double *, const double *, int, int, int, int, int, int, int, double, double)"
218361229480,8056,218361237536,1283649,218362521185,9856,1301561,137,137,7,cudaLaunchKernel,6104    1    1, 256    1    1,"<unnamed>::unpack_face_y(const double *, double *, int, int, int, int, int)"
218361230728,7879,218361238607,1504432,218362743039,725337,2237648,133,133,6,cudaLaunchKernel,12168    1    1, 256    1    1,"<unnamed>::step_kernel_boundary_z_faces(const double *, const double *, double *, const double *, const double *, int, int, int, int, int, int, int, double, double)"
218361238454,5974,218361244428,1287765,218362532193,122846,1416585,137,137,7,cudaLaunchKernel,6104    1    1, 256    1    1,"<unnamed>::unpack_face_z(const double *, double *, int, int, int, int, int)"
218361246367,5949,218361252316,1404099,218362656415,62016,1472064,137,137,7,cudaLaunchKernel,12208    1    1, 256    1    1,"<unnamed>::step_kernel_boundary_x_faces(const double *, const double *, double *, const double *, const double *, int, int, int, int, int, int, int, double, double)"
218361252824,6146,218361258970,1460741,218362719711,61567,1528454,137,137,7,cudaLaunchKernel,12188    1    1, 256    1    1,"<unnamed>::step_kernel_boundary_y_faces(const double *, const double *, double *, const double *, const double *, int, int, int, int, int, int, int, double, double)"
218361259720,7895,218361267615,1515103,218362782718,717911,2240909,137,137,7,cudaLaunchKernel,12168    1    1, 256    1    1,"<unnamed>::step_kernel_boundary_z_faces(const double *, const double *, double *, const double *, const double *, int, int, int, int, int, int, int, double, double)"
218361292930,12264,218361305194,30157738,218391462932,9856,30179858,133,133,6,cudaLaunchKernel,6104    1    1, 256    1    1,"<unnamed>::pack_face_x(const double *, double *, int, int, int, int, int)"
218361306221,5875,218361312096,30162228,218391474324,10368,30178471,133,133,6,cudaLaunchKernel,6104    1    1, 256    1    1,"<unnamed>::pack_face_y(const double *, double *, int, int, int, int, int)"
218361312685,6164,218361318849,30166931,218391485780,63647,30236742,133,133,6,cudaLaunchKernel,6104    1    1, 256    1    1,"<unnamed>::pack_face_z(const double *, double *, int, int, int, int, int)"
218361328813,8243,218361337056,30164864,218391501920,10112,30183219,137,137,7,cudaLaunchKernel,6104    1    1, 256    1    1,"<unnamed>::pack_face_x(const double *, double *, int, int, int, int, int)"
218361330505,8430,218361338935,2130945,218363469880,27999164,30138539,133,133,6,cudaLaunchKernel,  39  312  312,  32    4    4,"<unnamed>::step_kernel_interior(const double *, const double *, double *, const double *, const double *, int, int, int, int, int, int, int, double, double)"
218361337752,6760,218361344512,30168960,218391513472,10368,30186088,137,137,7,cudaLaunchKernel,6104    1    1, 256    1    1,"<unnamed>::pack_face_y(const double *, double *, int, int, int, int, int)"
218361344949,4812,218361349761,30175231,218391524992,62175,30242218,137,137,7,cudaLaunchKernel,6104    1    1, 256    1    1,"<unnamed>::pack_face_z(const double *, double *, int, int, int, int, int)"
218361367890,14673,218361382563,2119570,218363502133,28007403,30141646,137,137,7,cudaLaunchKernel,  39  312  312,  32    4    4,"<unnamed>::step_kernel_interior(const double *, const double *, double *, const double *, const double *, int, int, int, int, int, int, int, double, double)"
218394211255,13924,218394225179,691499,218394916678,8224,713647,122,122,1,cudaLaunchKernel,6104    1    1, 256    1    1,"<unnamed>::unpack_face_x(const double *, double *, int, int, int, int, int)"
218394226077,4930,218394231007,695175,218394926182,10208,710313,122,122,1,cudaLaunchKernel,6104    1    1, 256    1    1,"<unnamed>::unpack_face_y(const double *, double *, int, int, int, int, int)"
218394231677,4223,218394235900,701642,218394937542,121536,827401,122,122,1,cudaLaunchKernel,6104    1    1, 256    1    1,"<unnamed>::unpack_face_z(const double *, double *, int, int, int, int, int)"
218394236959,4535,218394241494,819631,218395061125,62400,886566,122,122,1,cudaLaunchKernel,12208    1    1, 256    1    1,"<unnamed>::step_kernel_boundary_x_faces(const double *, const double *, double *, const double *, const double *, int, int, int, int, int, int, int, double, double)"
218394242025,3649,218394245674,879547,218395125221,59872,943068,122,122,1,cudaLaunchKernel,12188    1    1, 256    1    1,"<unnamed>::step_kernel_boundary_y_faces(const double *, const double *, double *, const double *, const double *, int, int, int, int, int, int, int, double, double)"
218394246185,4132,218394250317,936440,218395186757,713820,1654392,122,122,1,cudaLaunchKernel,12168    1    1, 256    1    1,"<unnamed>::step_kernel_boundary_z_faces(const double *, const double *, double *, const double *, const double *, int, int, int, int, int, int, int, double, double)"
218394312784,11283,218394324067,1578302,218395902369,14304,1603889,122,122,1,cudaLaunchKernel,6104    1    1, 256    1    1,"<unnamed>::pack_face_x(const double *, double *, int, int, int, int, int)"
218394325112,5158,218394330270,29572772,218423903042,10624,29588554,122,122,1,cudaLaunchKernel,6104    1    1, 256    1    1,"<unnamed>::pack_face_y(const double *, double *, int, int, int, int, int)"
218394330871,4836,218394335707,29579751,218423915458,61631,29646218,122,122,1,cudaLaunchKernel,6104    1    1, 256    1    1,"<unnamed>::pack_face_z(const double *, double *, int, int, int, int, int)"
218394351621,6356,218394357977,1552552,218395910529,27997537,29556445,122,122,1,cudaLaunchKernel,  39  312  312,  32    4    4,"<unnamed>::step_kernel_interior(const double *, const double *, double *, const double *, const double *, int, int, int, int, int, int, int, double, double)"
218394946085,18522,218394964607,677270,218395641877,8224,704016,121,121,0,cudaLaunchKernel,6104    1    1, 256    1    1,"<unnamed>::unpack_face_x(const double *, double *, int, int, int, int, int)"
218394965582,7415,218394972997,678224,218395651221,10304,695943,121,121,0,cudaLaunchKernel,6104    1    1, 256    1    1,"<unnamed>::unpack_face_y(const double *, double *, int, int, int, int, int)"
218394973879,7083,218394980962,681907,218395662869,121951,810941,121,121,0,cudaLaunchKernel,6104    1    1, 256    1    1,"<unnamed>::unpack_face_z(const double *, double *, int, int, int, int, int)"
218394982262,10903,218394993165,793607,218395786772,62079,866589,121,121,0,cudaLaunchKernel,12208    1    1, 256    1    1,"<unnamed>::step_kernel_boundary_x_faces(const double *, const double *, double *, const double *, const double *, int, int, int, int, int, int, int, double, double)"
218394994158,8951,218395003109,847182,218395850291,60960,917093,121,121,0,cudaLaunchKernel,12188    1    1, 256    1    1,"<unnamed>::step_kernel_boundary_y_faces(const double *, const double *, double *, const double *, const double *, int, int, int, int, int, int, int, double, double)"
218395003916,4467,218395008383,904180,218395912563,723706,1632353,121,121,0,cudaLaunchKernel,12168    1    1, 256    1    1,"<unnamed>::step_kernel_boundary_z_faces(const double *, const double *, double *, const double *, const double *, int, int, int, int, int, int, int, double, double)"
218395056177,12572,218395068749,1568928,218396637677,13888,1595388,121,121,0,cudaLaunchKernel,6104    1    1, 256    1    1,"<unnamed>::pack_face_x(const double *, double *, int, int, int, int, int)"
218395069928,4932,218395074860,29547098,218424621958,10688,29562718,121,121,0,cudaLaunchKernel,6104    1    1, 256    1    1,"<unnamed>::pack_face_y(const double *, double *, int, int, int, int, int)"
218395075420,5088,218395080508,29553674,218424634182,62271,29621033,121,121,0,cudaLaunchKernel,6104    1    1, 256    1    1,"<unnamed>::pack_face_z(const double *, double *, int, int, int, int, int)"
218395090431,5638,218395096069,1549384,218396645453,27982393,29537415,121,121,0,cudaLaunchKernel,  39  312  312,  32    4    4,"<unnamed>::step_kernel_interior(const double *, const double *, double *, const double *, const double *, int, int, int, int, int, int, int, double, double)"
218395466850,15567,218395482417,732241,218396214658,8160,755968,123,123,2,cudaLaunchKernel,6104    1    1, 256    1    1,"<unnamed>::unpack_face_x(const double *, double *, int, int, int, int, int)"
218395483587,5573,218395489160,735002,218396224162,9951,750526,123,123,2,cudaLaunchKernel,6104    1    1, 256    1    1,"<unnamed>::unpack_face_y(const double *, double *, int, int, int, int, int)"
218395489868,3950,218395493818,741223,218396235041,121247,866420,123,123,2,cudaLaunchKernel,6104    1    1, 256    1    1,"<unnamed>::unpack_face_z(const double *, double *, int, int, int, int, int)"
218395494869,4546,218395499415,858665,218396358080,62495,925706,123,123,2,cudaLaunchKernel,12208    1    1, 256    1    1,"<unnamed>::step_kernel_boundary_x_faces(const double *, const double *, double *, const double *, const double *, int, int, int, int, int, int, int, double, double)"
218395500068,3676,218395503744,918143,218396421887,60991,982810,123,123,2,cudaLaunchKernel,12188    1    1, 256    1    1,"<unnamed>::step_kernel_boundary_y_faces(const double *, const double *, double *, const double *, const double *, int, int, int, int, int, int, int, double, double)"
218395504385,5268,218395509653,974569,218396484222,720343,1700180,123,123,2,cudaLaunchKernel,12168    1    1, 256    1    1,"<unnamed>::step_kernel_boundary_z_faces(const double *, const double *, double *, const double *, const double *, int, int, int, int, int, int, int, double, double)"
218395552856,4495,218395557351,1649326,218397206677,15584,1669405,123,123,2,cudaLaunchKernel,6104    1    1, 256    1    1,"<unnamed>::pack_face_x(const double *, double *, int, int, int, int, int)"
218395557910,4174,218395562084,29650093,218425212177,12032,29666299,123,123,2,cudaLaunchKernel,6104    1    1, 256    1    1,"<unnamed>::pack_face_y(const double *, double *, int, int, int, int, int)"
218395562612,4425,218395567037,29658643,218425225680,61184,29724252,123,123,2,cudaLaunchKernel,6104    1    1, 256    1    1,"<unnamed>::pack_face_z(const double *, double *, int, int, int, int, int)"
218395576907,11949,218395588856,1625565,218397214421,28005244,29642758,123,123,2,cudaLaunchKernel,  39  312  312,  32    4    4,"<unnamed>::step_kernel_interior(const double *, const double *, double *, const double *, const double *, int, int, int, int, int, int, int, double, double)"
218396114538,12882,218396127420,726371,218396853791,8096,747349,124,124,3,cudaLaunchKernel,6104    1    1, 256    1    1,"<unnamed>::unpack_face_x(const double *, double *, int, int, int, int, int)"
218396128121,10110,218396138231,724776,218396863007,10112,744998,124,124,3,cudaLaunchKernel,6104    1    1, 256    1    1,"<unnamed>::unpack_face_y(const double *, double *, int, int, int, int, int)"
218396139302,5152,218396144454,729689,218396874143,120991,855832,124,124,3,cudaLaunchKernel,6104    1    1, 256    1    1,"<unnamed>::unpack_face_z(const double *, double *, int, int, int, int, int)"
218396145846,4926,218396150772,846314,218396997086,62655,913895,124,124,3,cudaLaunchKernel,12208    1    1, 256    1    1,"<unnamed>::step_kernel_boundary_x_faces(const double *, const double *, double *, const double *, const double *, int, int, int, int, int, int, int, double, double)"
218396151519,4290,218396155809,905404,218397061213,61439,971133,124,124,3,cudaLaunchKernel,12188    1    1, 256    1    1,"<unnamed>::step_kernel_boundary_y_faces(const double *, const double *, double *, const double *, const double *, int, int, int, int, int, int, int, double, double)"
218396156344,4482,218396160826,963234,218397124060,726009,1693725,124,124,3,cudaLaunchKernel,12168    1    1, 256    1    1,"<unnamed>::step_kernel_boundary_z_faces(const double *, const double *, double *, const double *, const double *, int, int, int, int, int, int, int, double, double)"
218396214839,6783,218396221622,1630207,218397851829,15072,1652062,124,124,3,cudaLaunchKernel,6104    1    1, 256    1    1,"<unnamed>::pack_face_x(const double *, double *, int, int, int, int, int)"
218396222370,3741,218396226111,29630540,218425856651,10784,29645065,124,124,3,cudaLaunchKernel,6104    1    1, 256    1    1,"<unnamed>::pack_face_y(const double *, double *, int, int, int, int, int)"
218396226605,4393,218396230998,29638197,218425869195,60863,29703453,124,124,3,cudaLaunchKernel,6104    1    1, 256    1    1,"<unnamed>::pack_face_z(const double *, double *, int, int, int, int, int)"
218396241937,5340,218396247277,1612488,218397859765,28003286,29621114,124,124,3,cudaLaunchKernel,  39  312  312,  32    4    4,"<unnamed>::step_kernel_interior(const double *, const double *, double *, const double *, const double *, int, int, int, int, int, int, int, double, double)"
218399284001,17799,218399301800,668246,218399970046,8160,694205,126,126,5,cudaLaunchKernel,6104    1    1, 256    1    1,"<unnamed>::unpack_face_x(const double *, double *, int, int, int, int, int)"
218399302608,5599,218399308207,671439,218399979646,9984,687022,126,126,5,cudaLaunchKernel,6104    1    1, 256    1    1,"<unnamed>::unpack_face_y(const double *, double *, int, int, int, int, int)"
218399308832,9989,218399318821,671929,218399990750,121694,803612,126,126,5,cudaLaunchKernel,6104    1    1, 256    1    1,"<unnamed>::unpack_face_z(const double *, double *, int, int, int, int, int)"
218399320681,7481,218399328162,786010,218400114172,62399,855890,126,126,5,cudaLaunchKernel,12208    1    1, 256    1    1,"<unnamed>::step_kernel_boundary_x_faces(const double *, const double *, double *, const double *, const double *, int, int, int, int, int, int, int, double, double)"
218399328727,6138,218399334865,843082,218400177947,61088,910308,126,126,5,cudaLaunchKernel,12188    1    1, 256    1    1,"<unnamed>::step_kernel_boundary_y_faces(const double *, const double *, double *, const double *, const double *, int, int, int, int, int, int, int, double, double)"
218399335581,6341,218399341922,898873,218400240795,727127,1632341,126,126,5,cudaLaunchKernel,12168    1    1, 256    1    1,"<unnamed>::step_kernel_boundary_z_faces(const double *, const double *, double *, const double *, const double *, int, int, int, int, int, int, int, double, double)"
218399392314,9200,218399401514,1568168,218400969682,13600,1590968,126,126,5,cudaLaunchKernel,6104    1    1, 256    1    1,"<unnamed>::pack_face_x(const double *, double *, int, int, int, int, int)"
218399402159,5321,218399407480,29571886,218428979366,10720,29587927,126,126,5,cudaLaunchKernel,6104    1    1, 256    1    1,"<unnamed>::pack_face_y(const double *, double *, int, int, int, int, int)"
218399407937,6354,218399414291,29577715,218428992006,61663,29645732,126,126,5,cudaLaunchKernel,6104    1    1, 256    1    1,"<unnamed>::pack_face_z(const double *, double *, int, int, int, int, int)"
218399425000,7915,218399432915,1544351,218400977266,28007668,29559934,126,126,5,cudaLaunchKernel,  39  312  312,  32    4    4,"<unnamed>::step_kernel_interior(const double *, const double *, double *, const double *, const double *, int, int, int, int, int, int, int, double, double)"
218401309976,20102,218401330078,665404,218401995482,8096,693602,125,125,4,cudaLaunchKernel,6104    1    1, 256    1    1,"<unnamed>::unpack_face_x(const double *, double *, int, int, int, int, int)"
218401331201,7573,218401338774,666244,218402005018,10496,684313,125,125,4,cudaLaunchKernel,6104    1    1, 256    1    1,"<unnamed>::unpack_face_y(const double *, double *, int, int, int, int, int)"
218401339443,6415,218401345858,670712,218402016570,121760,798887,125,125,4,cudaLaunchKernel,6104    1    1, 256    1    1,"<unnamed>::unpack_face_z(const double *, double *, int, int, int, int, int)"
218401347253,6300,218401353553,786441,218402139994,62015,854756,125,125,4,cudaLaunchKernel,12208    1    1, 256    1    1,"<unnamed>::step_kernel_boundary_x_faces(const double *, const double *, double *, const double *, const double *, int, int, int, int, int, int, int, double, double)"
218401354097,6047,218401360144,843465,218402203609,60864,910376,125,125,4,cudaLaunchKernel,12188    1    1, 256    1    1,"<unnamed>::step_kernel_boundary_y_faces(const double *, const double *, double *, const double *, const double *, int, int, int, int, int, int, int, double, double)"
218401360809,9655,218401370464,895417,218402265881,726363,1631435,125,125,4,cudaLaunchKernel,12168    1    1, 256    1    1,"<unnamed>::step_kernel_boundary_z_faces(const double *, const double *, double *, const double *, const double *, int, int, int, int, int, int, int, double, double)"
218401434557,8485,218401443042,29484807,218430927849,10272,29503564,125,125,4,cudaLaunchKernel,6104    1    1, 256    1    1,"<unnamed>::pack_face_x(const double *, double *, int, int, int, int, int)"
218401443797,4894,218401448691,29491990,218430940681,10528,29507412,125,125,4,cudaLaunchKernel,6104    1    1, 256    1    1,"<unnamed>::pack_face_y(const double *, double *, int, int, int, int, int)"
218401449312,4942,218401454254,29498171,218430952425,63648,29566761,125,125,4,cudaLaunchKernel,6104    1    1, 256    1    1,"<unnamed>::pack_face_z(const double *, double *, int, int, int, int, int)"
218401466165,7004,218401473169,1520835,218402994004,27940309,29468148,125,125,4,cudaLaunchKernel,  39  312  312,  32    4    4,"<unnamed>::step_kernel_interior(const double *, const double *, double *, const double *, const double *, int, int, int, int, int, int, int, double, double)"
218401992458,17451,218402009909,1275716,218403285625,8384,1301551,133,133,6,cudaLaunchKernel,6104    1    1, 256    1    1,"<unnamed>::unpack_face_x(const double *, double *, int, int, int, int, int)"
218402011206,7129,218402018335,1276826,218403295161,10464,1294419,133,133,6,cudaLaunchKernel,6104    1    1, 256    1    1,"<unnamed>::unpack_face_y(const double *, double *, int, int, int, int, int)"
218402019171,6872,218402026043,1280990,218403307033,122207,1410069,133,133,6,cudaLaunchKernel,6104    1    1, 256    1    1,"<unnamed>::unpack_face_z(const double *, double *, int, int, int, int, int)"
218402027233,6723,218402033956,1396884,218403430840,62783,1466390,133,133,6,cudaLaunchKernel,12208    1    1, 256    1    1,"<unnamed>::step_kernel_boundary_x_faces(const double *, const double *, double *, const double *, const double *, int, int, int, int, int, int, int, double, double)"
218402034596,4776,218402039372,1455691,218403495063,60127,1520594,133,133,6,cudaLaunchKernel,12188    1    1, 256    1    1,"<unnamed>::step_kernel_boundary_y_faces(const double *, const double *, double *, const double *, const double *, int, int, int, int, int, int, int, double, double)"
218402039815,6005,218402045820,1510906,218403556726,725145,2242056,133,133,6,cudaLaunchKernel,12168    1    1, 256    1    1,"<unnamed>::step_kernel_boundary_z_faces(const double *, const double *, double *, const double *, const double *, int, int, int, int, int, int, int, double, double)"
218402040498,21295,218402061793,1276495,218403338288,8351,1306141,137,137,7,cudaLaunchKernel,6104    1    1, 256    1    1,"<unnamed>::unpack_face_x(const double *, double *, int, int, int, int, int)"
218402062796,13666,218402076462,1271361,218403347823,10144,1295171,137,137,7,cudaLaunchKernel,6104    1    1, 256    1    1,"<unnamed>::unpack_face_y(const double *, double *, int, int, int, int, int)"
218402077642,7389,218402085031,1274024,218403359055,122143,1403556,137,137,7,cudaLaunchKernel,6104    1    1, 256    1    1,"<unnamed>::unpack_face_z(const double *, double *, int, int, int, int, int)"
218402086532,11119,218402097651,1385019,218403482670,62463,1458601,137,137,7,cudaLaunchKernel,12208    1    1, 256    1    1,"<unnamed>::step_kernel_boundary_x_faces(const double *, const double *, double *, const double *, const double *, int, int, int, int, int, int, int, double, double)"
218402098705,12793,218402111498,1434915,218403546413,59967,1507675,137,137,7,cudaLaunchKernel,12188    1    1, 256    1    1,"<unnamed>::step_kernel_boundary_y_faces(const double *, const double *, double *, const double *, const double *, int, int, int, int, int, int, int, double, double)"
218402102371,12719,218402115090,30170233,218432285323,10208,30193160,133,133,6,cudaLaunchKernel,6104    1    1, 256    1    1,"<unnamed>::pack_face_x(const double *, double *, int, int, int, int, int)"
218402112570,7756,218402120326,1487718,218403608044,729815,2225289,137,137,7,cudaLaunchKernel,12168    1    1, 256    1    1,"<unnamed>::step_kernel_boundary_z_faces(const double *, const double *, double *, const double *, const double *, int, int, int, int, int, int, int, double, double)"
218402116257,6619,218402122876,30175055,218432297931,11072,30192746,133,133,6,cudaLaunchKernel,6104    1    1, 256    1    1,"<unnamed>::pack_face_y(const double *, double *, int, int, int, int, int)"
218402123546,6624,218402130170,30179985,218432310155,62656,30249265,133,133,6,cudaLaunchKernel,6104    1    1, 256    1    1,"<unnamed>::pack_face_z(const double *, double *, int, int, int, int, int)"
218402147394,7604,218402154998,2128345,218404283343,28007580,30143529,133,133,6,cudaLaunchKernel,  39  312  312,  32    4    4,"<unnamed>::step_kernel_interior(const double *, const double *, double *, const double *, const double *, int, int, int, int, int, int, int, double, double)"
218402178648,8513,218402187161,30143157,218432330318,10336,30162006,137,137,7,cudaLaunchKernel,6104    1    1, 256    1    1,"<unnamed>::pack_face_x(const double *, double *, int, int, int, int, int)"
218402187869,5697,218402193566,30149456,218432343022,10272,30165425,137,137,7,cudaLaunchKernel,6104    1    1, 256    1    1,"<unnamed>::pack_face_y(const double *, double *, int, int, int, int, int)"
218402194058,6043,218402200101,30155145,218432355246,63743,30224931,137,137,7,cudaLaunchKernel,6104    1    1, 256    1    1,"<unnamed>::pack_face_z(const double *, double *, int, int, int, int, int)"
218402212895,6977,218402219872,2119523,218404339395,27997419,30123919,137,137,7,cudaLaunchKernel,  39  312  312,  32    4    4,"<unnamed>::step_kernel_interior(const double *, const double *, double *, const double *, const double *, int, int, int, int, int, int, int, double, double)"
218433071698,12788,218433084486,689572,218433774058,8416,710776,122,122,1,cudaLaunchKernel,6104    1    1, 256    1    1,"<unnamed>::unpack_face_x(const double *, double *, int, int, int, int, int)"
218433085197,4831,218433090028,693566,218433783594,10239,708636,122,122,1,cudaLaunchKernel,6104    1    1, 256    1    1,"<unnamed>::unpack_face_y(const double *, double *, int, int, int, int, int)"
218433091012,4945,218433095957,699092,218433795049,122880,826917,122,122,1,cudaLaunchKernel,6104    1    1, 256    1    1,"<unnamed>::unpack_face_z(const double *, double *, int, int, int, int, int)"
218433097396,4344,218433101740,817629,218433919369,62591,884564,122,122,1,cudaLaunchKernel,12208    1    1, 256    1    1,"<unnamed>::step_kernel_boundary_x_faces(const double *, const double *, double *, const double *, const double *, int, int, int, int, int, int, int, double, double)"
218433102552,9618,218433112170,871294,218433983464,60352,941264,122,122,1,cudaLaunchKernel,12188    1    1, 256    1    1,"<unnamed>::step_kernel_boundary_y_faces(const double *, const double *, double *, const double *, const double *, int, int, int, int, int, int, int, double, double)"
218433113152,6078,218433119230,926154,218434045384,714876,1647108,122,122,1,cudaLaunchKernel,12168    1    1, 256    1    1,"<unnamed>::step_kernel_boundary_z_faces(const double *, const double *, double *, const double *, const double *, int, int, int, int, int, int, int, double, double)"
218433164286,12182,218433176468,1585296,218434761764,14592,1612070,122,122,1,cudaLaunchKernel,6104    1    1, 256    1    1,"<unnamed>::pack_face_x(const double *, double *, int, int, int, int, int)"
218433176931,4523,218433181454,29578871,218462760325,10848,29594242,122,122,1,cudaLaunchKernel,6104    1    1, 256    1    1,"<unnamed>::pack_face_y(const double *, double *, int, int, int, int, int)"
218433182172,4023,218433186195,29586834,218462773029,61952,29652809,122,122,1,cudaLaunchKernel,6104    1    1, 256    1    1,"<unnamed>::pack_face_z(const double *, double *, int, int, int, int, int)"
218433201997,6304,218433208301,1561431,218434769732,27996193,29563928,122,122,1,cudaLaunchKernel,  39  312  312,  32    4    4,"<unnamed>::step_kernel_interior(const double *, const double *, double *, const double *, const double *, int, int, int, int, int, int, int, double, double)"
218434584169,17043,218434601212,698642,218435299854,8224,723909,121,121,0,cudaLaunchKernel,6104    1    1, 256    1    1,"<unnamed>::unpack_face_x(const double *, double *, int, int, int, int, int)"
218434602019,104557,218434706576,602622,218435309198,9888,717067,121,121,0,cudaLaunchKernel,6104    1    1, 256    1    1,"<unnamed>::unpack_face_y(const double *, double *, int, int, int, int, int)"
218434707564,8285,218434715849,604229,218435320078,121183,733697,121,121,0,cudaLaunchKernel,6104    1    1, 256    1    1,"<unnamed>::unpack_face_z(const double *, double *, int, int, int, int, int)"
218434717251,5702,218434722953,719844,218435442797,62463,788009,121,121,0,cudaLaunchKernel,12208    1    1, 256    1    1,"<unnamed>::step_kernel_boundary_x_faces(const double *, const double *, double *, const double *, const double *, int, int, int, int, int, int, int, double, double)"
218434723591,6414,218434730005,776951,218435506956,61184,844549,121,121,0,cudaLaunchKernel,12188    1    1, 256    1    1,"<unnamed>::step_kernel_boundary_y_faces(const double *, const double *, double *, const double *, const double *, int, int, int, int, int, int, int, double, double)"
218434731032,5293,218434736325,833927,218435570252,721850,1561070,121,121,0,cudaLaunchKernel,12168    1    1, 256    1    1,"<unnamed>::step_kernel_boundary_z_faces(const double *, const double *, double *, const double *, const double *, int, int, int, int, int, int, int, double, double)"
218434785705,5984,218434791689,29467926,218464259615,10880,29484790,121,121,0,cudaLaunchKernel,6104    1    1, 256    1    1,"<unnamed>::pack_face_x(const double *, double *, int, int, int, int, int)"
218434792398,5342,218434797740,29475091,218464272831,10144,29490577,121,121,0,cudaLaunchKernel,6104    1    1, 256    1    1,"<unnamed>::pack_face_y(const double *, double *, int, int, int, int, int)"
218434798285,10200,218434808485,29475962,218464284447,63072,29549234,121,121,0,cudaLaunchKernel,6104    1    1, 256    1    1,"<unnamed>::pack_face_z(const double *, double *, int, int, int, int, int)"
218434819527,7798,218434827325,1466185,218436293510,27975705,29449688,121,121,0,cudaLaunchKernel,  39  312  312,  32    4    4,"<unnamed>::step_kernel_interior(const double *, const double *, double *, const double *, const double *, int, int, int, int, int, int, int, double, double)"
218436179392,13645,218436193037,842605,218437035642,8352,864602,123,123,2,cudaLaunchKernel,6104    1    1, 256    1    1,"<unnamed>::unpack_face_x(const double *, double *, int, int, int, int, int)"
218436193917,4660,218436198577,846377,218437044954,9920,860957,123,123,2,cudaLaunchKernel,6104    1    1, 256    1    1,"<unnamed>::unpack_face_y(const double *, double *, int, int, int, int, int)"
218436199302,4881,218436204183,851779,218437055962,121918,978578,123,123,2,cudaLaunchKernel,6104    1    1, 256    1    1,"<unnamed>::unpack_face_z(const double *, double *, int, int, int, int, int)"
218436209996,6559,218436216555,962637,218437179192,62336,1031532,123,123,2,cudaLaunchKernel,12208    1    1, 256    1    1,"<unnamed>::step_kernel_boundary_x_faces(const double *, const double *, double *, const double *, const double *, int, int, int, int, int, int, int, double, double)"
218436217291,36664,218436253955,989045,218437243000,60191,1085900,123,123,2,cudaLaunchKernel,12188    1    1, 256    1    1,"<unnamed>::step_kernel_boundary_y_faces(const double *, const double *, double *, const double *, const double *, int, int, int, int, int, int, int, double, double)"
218436254987,5236,218436260223,1044504,218437304727,721303,1771043,123,123,2,cudaLaunchKernel,12168    1    1, 256    1    1,"<unnamed>::step_kernel_boundary_z_faces(const double *, const double *, double *, const double *, const double *, int, int, int, int, int, int, int, double, double)"
218436308685,5681,218436314366,29698635,218466013001,9984,29714300,123,123,2,cudaLaunchKernel,6104    1    1, 256    1    1,"<unnamed>::pack_face_x(const double *, double *, int, int, int, int, int)"
218436314945,6143,218436321088,29704585,218466025673,10272,29721000,123,123,2,cudaLaunchKernel,6104    1    1, 256    1    1,"<unnamed>::pack_face_y(const double *, double *, int, int, int, int, int)"
218436321808,3571,218436325379,29711622,218466037001,63391,29778584,123,123,2,cudaLaunchKernel,6104    1    1, 256    1    1,"<unnamed>::pack_face_z(const double *, double *, int, int, int, int, int)"
218436335800,5051,218436340851,1686651,218438027502,27992731,29684433,123,123,2,cudaLaunchKernel,  39  312  312,  32    4    4,"<unnamed>::step_kernel_interior(const double *, const double *, double *, const double *, const double *, int, int, int, int, int, int, int, double, double)"
218436716571,18404,218436734975,836956,218437571931,8096,863456,124,124,3,cudaLaunchKernel,6104    1    1, 256    1    1,"<unnamed>::unpack_face_x(const double *, double *, int, int, int, int, int)"
218436735977,9722,218436745699,835672,218437581371,9888,855282,124,124,3,cudaLaunchKernel,6104    1    1, 256    1    1,"<unnamed>::unpack_face_y(const double *, double *, int, int, int, int, int)"
218436746753,6020,218436752773,839606,218437592379,121503,967129,124,124,3,cudaLaunchKernel,6104    1    1, 256    1    1,"<unnamed>::unpack_face_z(const double *, double *, int, int, int, int, int)"
218436754031,4526,218436758557,956637,218437715194,62175,1023338,124,124,3,cudaLaunchKernel,12208    1    1, 256    1    1,"<unnamed>::step_kernel_boundary_x_faces(const double *, const double *, double *, const double *, const double *, int, int, int, int, int, int, int, double, double)"
218436759389,4938,218436764327,1014482,218437778809,60448,1079868,124,124,3,cudaLaunchKernel,12188    1    1, 256    1    1,"<unnamed>::step_kernel_boundary_y_faces(const double *, const double *, double *, const double *, const double *, int, int, int, int, int, int, int, double, double)"
218436764850,4159,218436769009,1071976,218437840985,726745,1802880,124,124,3,cudaLaunchKernel,12168    1    1, 256    1    1,"<unnamed>::step_kernel_boundary_z_faces(const double *, const double *, double *, const double *, const double *, int, int, int, int, int, int, int, double, double)"
218436820530,6814,218436827344,29739064,218466566408,10527,29756405,124,124,3,cudaLaunchKernel,6104    1    1, 256    1    1,"<unnamed>::pack_face_x(const double *, double *, int, int, int, int, int)"
218436828146,5493,218436833639,29746016,218466579655,10336,29761845,124,124,3,cudaLaunchKernel,6104    1    1, 256    1    1,"<unnamed>::pack_face_y(const double *, double *, int, int, int, int, int)"
218436834067,4754,218436838821,29752290,218466591111,63680,29820724,124,124,3,cudaLaunchKernel,6104    1    1, 256    1    1,"<unnamed>::pack_face_z(const double *, double *, int, int, int, int, int)"
218436855360,5750,218436861110,1708348,218438569458,28004181,29718279,124,124,3,cudaLaunchKernel,  39  312  312,  32    4    4,"<unnamed>::step_kernel_interior(const double *, const double *, double *, const double *, const double *, int, int, int, int, int, int, int, double, double)"
218439686985,16886,218439703871,669024,218440372895,8159,694069,126,126,5,cudaLaunchKernel,6104    1    1, 256    1    1,"<unnamed>::unpack_face_x(const double *, double *, int, int, int, int, int)"
218439704532,5478,218439710010,672356,218440382366,9984,687818,126,126,5,cudaLaunchKernel,6104    1    1, 256    1    1,"<unnamed>::unpack_face_y(const double *, double *, int, int, int, int, int)"
218439710556,6034,218439716590,677040,218440393630,120607,803681,126,126,5,cudaLaunchKernel,6104    1    1, 256    1    1,"<unnamed>::unpack_face_z(const double *, double *, int, int, int, int, int)"
218439717905,5056,218439722961,792844,218440515805,62847,860747,126,126,5,cudaLaunchKernel,12208    1    1, 256    1    1,"<unnamed>::step_kernel_boundary_x_faces(const double *, const double *, double *, const double *, const double *, int, int, int, int, int, int, int, double, double)"
218439723571,5686,218439729257,851475,218440580732,60927,918088,126,126,5,cudaLaunchKernel,12188    1    1, 256    1    1,"<unnamed>::step_kernel_boundary_y_faces(const double *, const double *, double *, const double *, const double *, int, int, int, int, int, int, int, double, double)"
218439729975,5782,218439735757,907406,218440643163,718488,1631676,126,126,5,cudaLaunchKernel,12168    1    1, 256    1    1,"<unnamed>::step_kernel_boundary_z_faces(const double *, const double *, double *, const double *, const double *, int, int, int, int, int, int, int, double, double)"
218439786106,6278,218439792384,29563303,218469355687,10272,29579853,126,126,5,cudaLaunchKernel,6104    1    1, 256    1    1,"<unnamed>::pack_face_x(const double *, double *, int, int, int, int, int)"
218439792830,5964,218439798794,29568925,218469367719,10303,29585192,126,126,5,cudaLaunchKernel,6104    1    1, 256    1    1,"<unnamed>::pack_face_y(const double *, double *, int, int, int, int, int)"
218439799279,5148,218439804427,29575067,218469379494,63136,29643351,126,126,5,cudaLaunchKernel,6104    1    1, 256    1    1,"<unnamed>::pack_face_z(const double *, double *, int, int, int, int, int)"
218439815347,6872,218439822219,1540936,218441363155,27999188,29546996,126,126,5,cudaLaunchKernel,  39  312  312,  32    4    4,"<unnamed>::step_kernel_interior(const double *, const double *, double *, const double *, const double *, int, int, int, int, int, int, int, double, double)"
218441896359,16688,218441913047,670027,218442583074,8000,694715,125,125,4,cudaLaunchKernel,6104    1    1, 256    1    1,"<unnamed>::unpack_face_x(const double *, double *, int, int, int, int, int)"
218441913965,6117,218441920082,672112,218442592194,10432,688661,125,125,4,cudaLaunchKernel,6104    1    1, 256    1    1,"<unnamed>::unpack_face_y(const double *, double *, int, int, int, int, int)"
218441920823,9280,218441930103,673867,218442603970,122431,805578,125,125,4,cudaLaunchKernel,6104    1    1, 256    1    1,"<unnamed>::unpack_face_z(const double *, double *, int, int, int, int, int)"
218441932982,8024,218441941006,787027,218442728033,62080,857131,125,125,4,cudaLaunchKernel,12208    1    1, 256    1    1,"<unnamed>::step_kernel_boundary_x_faces(const double *, const double *, double *, const double *, const double *, int, int, int, int, int, int, int, double, double)"
218441941618,7009,218441948627,842894,218442791521,60192,910095,125,125,4,cudaLaunchKernel,12188    1    1, 256    1    1,"<unnamed>::step_kernel_boundary_y_faces(const double *, const double *, double *, const double *, const double *, int, int, int, int, int, int, int, double, double)"
218441949149,11977,218441961126,892091,218442853217,718523,1622591,125,125,4,cudaLaunchKernel,12168    1    1, 256    1    1,"<unnamed>::step_kernel_boundary_z_faces(const double *, const double *, double *, const double *, const double *, int, int, int, int, int, int, int, double, double)"
218442009770,5246,218442015016,1558740,218443573756,14720,1578706,125,125,4,cudaLaunchKernel,6104    1    1, 256    1    1,"<unnamed>::pack_face_x(const double *, double *, int, int, int, int, int)"
218442015481,5226,218442020707,29494766,218471515473,10272,29510264,125,125,4,cudaLaunchKernel,6104    1    1, 256    1    1,"<unnamed>::pack_face_y(const double *, double *, int, int, int, int, int)"
218442021221,5881,218442027102,29500435,218471527537,60896,29567212,125,125,4,cudaLaunchKernel,6104    1    1, 256    1    1,"<unnamed>::pack_face_z(const double *, double *, int, int, int, int, int)"
218442038263,6397,218442044660,1536968,218443581628,27939669,29483034,125,125,4,cudaLaunchKernel,  39  312  312,  32    4    4,"<unnamed>::step_kernel_interior(const double *, const double *, double *, const double *, const double *, int, int, int, int, int, int, int, double, double)"
218442333089,16318,218442349407,1300726,218443650133,7968,1325012,133,133,6,cudaLaunchKernel,6104    1    1, 256    1    1,"<unnamed>::unpack_face_x(const double *, double *, int, int, int, int, int)"
218442350510,6933,218442357443,1302482,218443659925,9824,1319239,133,133,6,cudaLaunchKernel,6104    1    1, 256    1    1,"<unnamed>::unpack_face_y(const double *, double *, int, int, int, int, int)"
218442358380,8131,218442366511,1304294,218443670805,121567,1433992,133,133,6,cudaLaunchKernel,6104    1    1, 256    1    1,"<unnamed>::unpack_face_z(const double *, double *, int, int, int, int, int)"
218442358460,17677,218442376137,1304923,218443681060,8160,1330760,137,137,7,cudaLaunchKernel,6104    1    1, 256    1    1,"<unnamed>::unpack_face_x(const double *, double *, int, int, int, int, int)"
218442367505,6578,218442374083,1419665,218443793748,62783,1489026,133,133,6,cudaLaunchKernel,12208    1    1, 256    1    1,"<unnamed>::step_kernel_boundary_x_faces(const double *, const double *, double *, const double *, const double *, int, int, int, int, int, int, int, double, double)"
218442374821,6134,218442380955,1476856,218443857811,61791,1544781,133,133,6,cudaLaunchKernel,12188    1    1, 256    1    1,"<unnamed>::step_kernel_boundary_y_faces(const double *, const double *, double *, const double *, const double *, int, int, int, int, int, int, int, double, double)"
218442377050,6077,218442383127,1307117,218443690244,10272,1323466,137,137,7,cudaLaunchKernel,6104    1    1, 256    1    1,"<unnamed>::unpack_face_y(const double *, double *, int, int, int, int, int)"
218442381401,6434,218442387835,1533239,218443921074,727033,2266706,133,133,6,cudaLaunchKernel,12168    1    1, 256    1    1,"<unnamed>::step_kernel_boundary_z_faces(const double *, const double *, double *, const double *, const double *, int, int, int, int, int, int, int, double, double)"
218442383984,7087,218442391071,1310565,218443701636,122142,1439794,137,137,7,cudaLaunchKernel,6104    1    1, 256    1    1,"<unnamed>::unpack_face_z(const double *, double *, int, int, int, int, int)"
218442392844,11819,218442404663,1420427,218443825090,62815,1495061,137,137,7,cudaLaunchKernel,12208    1    1, 256    1    1,"<unnamed>::step_kernel_boundary_x_faces(const double *, const double *, double *, const double *, const double *, int, int, int, int, int, int, int, double, double)"
218442405622,8198,218442413820,1475365,218443889185,60192,1543755,137,137,7,cudaLaunchKernel,12188    1    1, 256    1    1,"<unnamed>::step_kernel_boundary_y_faces(const double *, const double *, double *, const double *, const double *, int, int, int, int, int, int, int, double, double)"
218442418125,9221,218442427346,1523983,218443951329,721111,2254315,137,137,7,cudaLaunchKernel,12168    1    1, 256    1    1,"<unnamed>::step_kernel_boundary_z_faces(const double *, const double *, double *, const double *, const double *, int, int, int, int, int, int, int, double, double)"
218442470286,15468,218442485754,30152813,218472638567,10176,30178457,133,133,6,cudaLaunchKernel,6104    1    1, 256    1    1,"<unnamed>::pack_face_x(const double *, double *, int, int, int, int, int)"
218442476256,5880,218442482136,2191776,218444673912,13408,2211064,137,137,7,cudaLaunchKernel,6104    1    1, 256    1    1,"<unnamed>::pack_face_x(const double *, double *, int, int, int, int, int)"
218442482657,10535,218442493192,30182010,218472675202,10176,30202721,137,137,7,cudaLaunchKernel,6104    1    1, 256    1    1,"<unnamed>::pack_face_y(const double *, double *, int, int, int, int, int)"
218442486311,11815,218442498126,30152985,218472651111,11296,30176096,133,133,6,cudaLaunchKernel,6104    1    1, 256    1    1,"<unnamed>::pack_face_y(const double *, double *, int, int, int, int, int)"
218442494108,6662,218442500770,30186176,218472686946,61503,30254341,137,137,7,cudaLaunchKernel,6104    1    1, 256    1    1,"<unnamed>::pack_face_z(const double *, double *, int, int, int, int, int)"
218442499402,5447,218442504849,30158614,218472663463,62559,30226620,133,133,6,cudaLaunchKernel,6104    1    1, 256    1    1,"<unnamed>::pack_face_z(const double *, double *, int, int, int, int, int)"
218442517045,8093,218442525138,2156582,218444681720,27999210,30163885,137,137,7,cudaLaunchKernel,  39  312  312,  32    4    4,"<unnamed>::step_kernel_interior(const double *, const double *, double *, const double *, const double *, int, int, int, int, int, int, int, double, double)"
218442522440,7508,218442529948,2119631,218444649579,27995388,30122527,133,133,6,cudaLaunchKernel,  39  312  312,  32    4    4,"<unnamed>::step_kernel_interior(const double *, const double *, double *, const double *, const double *, int, int, int, int, int, int, int, double, double)"
218472994632,15313,218473009945,694990,218473704935,8224,718527,122,122,1,cudaLaunchKernel,6104    1    1, 256    1    1,"<unnamed>::unpack_face_x(const double *, double *, int, int, int, int, int)"
218473010802,6591,218473017393,696918,218473714311,10016,713525,122,122,1,cudaLaunchKernel,6104    1    1, 256    1    1,"<unnamed>::unpack_face_y(const double *, double *, int, int, int, int, int)"
218473018198,4724,218473022922,702589,218473725511,122367,829680,122,122,1,cudaLaunchKernel,6104    1    1, 256    1    1,"<unnamed>::unpack_face_z(const double *, double *, int, int, int, int, int)"
218473024053,7012,218473031065,818477,218473849542,62944,888433,122,122,1,cudaLaunchKernel,12208    1    1, 256    1    1,"<unnamed>::step_kernel_boundary_x_faces(const double *, const double *, double *, const double *, const double *, int, int, int, int, int, int, int, double, double)"
218473031608,5360,218473036968,878046,218473915014,60351,943757,122,122,1,cudaLaunchKernel,12188    1    1, 256    1    1,"<unnamed>::step_kernel_boundary_y_faces(const double *, const double *, double *, const double *, const double *, int, int, int, int, int, int, int, double, double)"
218473037430,6757,218473044187,932778,218473976965,712252,1651787,122,122,1,cudaLaunchKernel,12168    1    1, 256    1    1,"<unnamed>::step_kernel_boundary_z_faces(const double *, const double *, double *, const double *, const double *, int, int, int, int, int, int, int, double, double)"
218473089285,5704,218473094989,29567573,218502662562,10592,29583869,122,122,1,cudaLaunchKernel,6104    1    1, 256    1    1,"<unnamed>::pack_face_x(const double *, double *, int, int, int, int, int)"
218473095424,5590,218473101014,29573708,218502674722,10784,29590082,122,122,1,cudaLaunchKernel,6104    1    1, 256    1    1,"<unnamed>::pack_face_y(const double *, double *, int, int, int, int, int)"
218473101510,5813,218473107323,29579623,218502686946,63776,29649212,122,122,1,cudaLaunchKernel,6104    1    1, 256    1    1,"<unnamed>::pack_face_z(const double *, double *, int, int, int, int, int)"
218473117912,42395,218473160307,1530414,218474690721,27977697,29550506,122,122,1,cudaLaunchKernel,  39  312  312,  32    4    4,"<unnamed>::step_kernel_interior(const double *, const double *, double *, const double *, const double *, int, int, int, int, int, int, int, double, double)"
218475277053,17819,218475294872,677639,218475972511,8416,703874,121,121,0,cudaLaunchKernel,6104    1    1, 256    1    1,"<unnamed>::unpack_face_x(const double *, double *, int, int, int, int, int)"
218475295755,5136,218475300891,681348,218475982239,10048,696532,121,121,0,cudaLaunchKernel,6104    1    1, 256    1    1,"<unnamed>::unpack_face_y(const double *, double *, int, int, int, int, int)"
218475301830,30238,218475332068,661371,218475993439,122495,814104,121,121,0,cudaLaunchKernel,6104    1    1, 256    1    1,"<unnamed>::unpack_face_z(const double *, double *, int, int, int, int, int)"
218475333169,6660,218475339829,777417,218476117246,61599,845676,121,121,0,cudaLaunchKernel,12208    1    1, 256    1    1,"<unnamed>::step_kernel_boundary_x_faces(const double *, const double *, double *, const double *, const double *, int, int, int, int, int, int, int, double, double)"
218475340495,6282,218475346777,834244,218476181021,61504,902030,121,121,0,cudaLaunchKernel,12188    1    1, 256    1    1,"<unnamed>::step_kernel_boundary_y_faces(const double *, const double *, double *, const double *, const double *, int, int, int, int, int, int, int, double, double)"
218475347697,6014,218475353711,890318,218476244029,722042,1618374,121,121,0,cudaLaunchKernel,12168    1    1, 256    1    1,"<unnamed>::step_kernel_boundary_z_faces(const double *, const double *, double *, const double *, const double *, int, int, int, int, int, int, int, double, double)"
218475403470,5034,218475408504,29537080,218504945584,10112,29552226,121,121,0,cudaLaunchKernel,6104    1    1, 256    1    1,"<unnamed>::pack_face_x(const double *, double *, int, int, int, int, int)"
218475409061,4354,218475413415,29544041,218504957456,10400,29558795,121,121,0,cudaLaunchKernel,6104    1    1, 256    1    1,"<unnamed>::pack_face_y(const double *, double *, int, int, int, int, int)"
218475413927,5368,218475419295,29549553,218504968848,62655,29617576,121,121,0,cudaLaunchKernel,6104    1    1, 256    1    1,"<unnamed>::pack_face_z(const double *, double *, int, int, int, int, int)"
218475429772,6974,218475436746,1530861,218476967607,27984473,29522308,121,121,0,cudaLaunchKernel,  39  312  312,  32    4    4,"<unnamed>::step_kernel_interior(const double *, const double *, double *, const double *, const double *, int, int, int, int, int, int, int, double, double)"
218476692859,20235,218476713094,1011310,218477724404,8192,1039737,123,123,2,cudaLaunchKernel,6104    1    1, 256    1    1,"<unnamed>::unpack_face_x(const double *, double *, int, int, int, int, int)"
218476714407,4652,218476719059,1015009,218477734068,10080,1029741,123,123,2,cudaLaunchKernel,6104    1    1, 256    1    1,"<unnamed>::unpack_face_y(const double *, double *, int, int, int, int, int)"
218476719913,3918,218476723831,1021341,218477745172,121567,1146826,123,123,2,cudaLaunchKernel,6104    1    1, 256    1    1,"<unnamed>::unpack_face_z(const double *, double *, int, int, int, int, int)"
218476724890,6109,218476730999,1137564,218477868563,62367,1206040,123,123,2,cudaLaunchKernel,12208    1    1, 256    1    1,"<unnamed>::step_kernel_boundary_x_faces(const double *, const double *, double *, const double *, const double *, int, int, int, int, int, int, int, double, double)"
218476731555,5093,218476736648,1198730,218477935378,61183,1265006,123,123,2,cudaLaunchKernel,12188    1    1, 256    1    1,"<unnamed>::step_kernel_boundary_y_faces(const double *, const double *, double *, const double *, const double *, int, int, int, int, int, int, int, double, double)"
218476737892,11494,218476749386,1249287,218477998673,720023,1980804,123,123,2,cudaLaunchKernel,12168    1    1, 256    1    1,"<unnamed>::step_kernel_boundary_z_faces(const double *, const double *, double *, const double *, const double *, int, int, int, int, int, int, int, double, double)"
218476802108,4847,218476806955,1913373,218478720328,14304,1932524,123,123,2,cudaLaunchKernel,6104    1    1, 256    1    1,"<unnamed>::pack_face_x(const double *, double *, int, int, int, int, int)"
218476807464,3305,218476810769,29906258,218506717027,10400,29919963,123,123,2,cudaLaunchKernel,6104    1    1, 256    1    1,"<unnamed>::pack_face_y(const double *, double *, int, int, int, int, int)"
218476811284,4131,218476815415,29913452,218506728867,62719,29980302,123,123,2,cudaLaunchKernel,6104    1    1, 256    1    1,"<unnamed>::pack_face_z(const double *, double *, int, int, int, int, int)"
218476825388,6779,218476832167,1895873,218478728040,27995067,29897719,123,123,2,cudaLaunchKernel,  39  312  312,  32    4    4,"<unnamed>::step_kernel_interior(const double *, const double *, double *, const double *, const double *, int, int, int, int, int, int, int, double, double)"
218477045926,22412,218477068338,999912,218478068250,8096,1030420,124,124,3,cudaLaunchKernel,6104    1    1, 256    1    1,"<unnamed>::unpack_face_x(const double *, double *, int, int, int, int, int)"
218477069980,7319,218477077299,1000359,218478077658,10112,1017790,124,124,3,cudaLaunchKernel,6104    1    1, 256    1    1,"<unnamed>::unpack_face_y(const double *, double *, int, int, int, int, int)"
218477077883,4762,218477082645,1006405,218478089050,123647,1134814,124,124,3,cudaLaunchKernel,6104    1    1, 256    1    1,"<unnamed>::unpack_face_z(const double *, double *, int, int, int, int, int)"
218477083797,4614,218477088411,1125694,218478214105,62687,1192995,124,124,3,cudaLaunchKernel,12208    1    1, 256    1    1,"<unnamed>::step_kernel_boundary_x_faces(const double *, const double *, double *, const double *, const double *, int, int, int, int, int, int, int, double, double)"
218477089039,4827,218477093866,1184366,218478278232,61408,1250601,124,124,3,cudaLaunchKernel,12188    1    1, 256    1    1,"<unnamed>::step_kernel_boundary_y_faces(const double *, const double *, double *, const double *, const double *, int, int, int, int, int, int, int, double, double)"
218477094379,4550,218477098929,1242566,218478341495,722938,1970054,124,124,3,cudaLaunchKernel,12168    1    1, 256    1    1,"<unnamed>::step_kernel_boundary_z_faces(const double *, const double *, double *, const double *, const double *, int, int, int, int, int, int, int, double, double)"
218477152036,22069,218477174105,29871245,218507045350,9984,29903298,124,124,3,cudaLaunchKernel,6104    1    1, 256    1    1,"<unnamed>::pack_face_x(const double *, double *, int, int, int, int, int)"
218477175229,9291,218477184520,29872574,218507057094,10432,29892297,124,124,3,cudaLaunchKernel,6104    1    1, 256    1    1,"<unnamed>::pack_face_y(const double *, double *, int, int, int, int, int)"
218477185556,9441,218477194997,29873585,218507068582,64480,29947506,124,124,3,cudaLaunchKernel,6104    1    1, 256    1    1,"<unnamed>::pack_face_z(const double *, double *, int, int, int, int, int)"
218477207889,5885,218477213774,1852067,218479065841,27985461,29843413,124,124,3,cudaLaunchKernel,  39  312  312,  32    4    4,"<unnamed>::step_kernel_interior(const double *, const double *, double *, const double *, const double *, int, int, int, int, int, int, int, double, double)"
218480020710,16319,218480037029,668955,218480705984,8256,693530,126,126,5,cudaLaunchKernel,6104    1    1, 256    1    1,"<unnamed>::unpack_face_x(const double *, double *, int, int, int, int, int)"
218480037782,5999,218480043781,671739,218480715520,10848,688586,126,126,5,cudaLaunchKernel,6104    1    1, 256    1    1,"<unnamed>::unpack_face_y(const double *, double *, int, int, int, int, int)"
218480044547,5324,218480049871,677777,218480727648,123070,806171,126,126,5,cudaLaunchKernel,6104    1    1, 256    1    1,"<unnamed>::unpack_face_z(const double *, double *, int, int, int, int, int)"
218480051031,7389,218480058420,793898,218480852318,62464,863751,126,126,5,cudaLaunchKernel,12208    1    1, 256    1    1,"<unnamed>::step_kernel_boundary_x_faces(const double *, const double *, double *, const double *, const double *, int, int, int, int, int, int, int, double, double)"
218480059245,9831,218480069076,847850,218480916926,60959,918640,126,126,5,cudaLaunchKernel,12188    1    1, 256    1    1,"<unnamed>::step_kernel_boundary_y_faces(const double *, const double *, double *, const double *, const double *, int, int, int, int, int, int, int, double, double)"
218480070327,12893,218480083220,896489,218480979709,721399,1630781,126,126,5,cudaLaunchKernel,12168    1    1, 256    1    1,"<unnamed>::step_kernel_boundary_z_faces(const double *, const double *, double *, const double *, const double *, int, int, int, int, int, int, int, double, double)"
218480130707,9342,218480140049,1563363,218481703412,13344,1586049,126,126,5,cudaLaunchKernel,6104    1    1, 256    1    1,"<unnamed>::pack_face_x(const double *, double *, int, int, int, int, int)"
218480140993,6599,218480147592,29550592,218509698184,10528,29567719,126,126,5,cudaLaunchKernel,6104    1    1, 256    1    1,"<unnamed>::pack_face_y(const double *, double *, int, int, int, int, int)"
218480148240,5429,218480153669,29556675,218509710344,61727,29623831,126,126,5,cudaLaunchKernel,6104    1    1, 256    1    1,"<unnamed>::pack_face_z(const double *, double *, int, int, int, int, int)"
218480165621,7983,218480173604,1537552,218481711156,27993364,29538899,126,126,5,cudaLaunchKernel,  39  312  312,  32    4    4,"<unnamed>::step_kernel_interior(const double *, const double *, double *, const double *, const double *, int, int, int, int, int, int, int, double, double)"
218482358275,17268,218482375543,669140,218483044683,8064,694472,125,125,4,cudaLaunchKernel,6104    1    1, 256    1    1,"<unnamed>::unpack_face_x(const double *, double *, int, int, int, int, int)"
218482376436,6566,218482383002,670833,218483053835,10400,687799,125,125,4,cudaLaunchKernel,6104    1    1, 256    1    1,"<unnamed>::unpack_face_y(const double *, double *, int, int, int, int, int)"
218482383756,12612,218482396368,668955,218483065323,122559,804126,125,125,4,cudaLaunchKernel,6104    1    1, 256    1    1,"<unnamed>::unpack_face_z(const double *, double *, int, int, int, int, int)"
218482397839,11292,218482409131,780319,218483189450,62783,854394,125,125,4,cudaLaunchKernel,12208    1    1, 256    1    1,"<unnamed>::step_kernel_boundary_x_faces(const double *, const double *, double *, const double *, const double *, int, int, int, int, int, int, int, double, double)"
218482410088,5550,218482415638,838067,218483253705,60224,903841,125,125,4,cudaLaunchKernel,12188    1    1, 256    1    1,"<unnamed>::step_kernel_boundary_y_faces(const double *, const double *, double *, const double *, const double *, int, int, int, int, int, int, int, double, double)"
218482416407,7471,218482423878,891555,218483315433,721468,1620494,125,125,4,cudaLaunchKernel,12168    1    1, 256    1    1,"<unnamed>::step_kernel_boundary_z_faces(const double *, const double *, double *, const double *, const double *, int, int, int, int, int, int, int, double, double)"
218482471369,5776,218482477145,29498305,218511975450,9952,29514033,125,125,4,cudaLaunchKernel,6104    1    1, 256    1    1,"<unnamed>::pack_face_x(const double *, double *, int, int, int, int, int)"
218482477608,5460,218482483068,29504062,218511987130,10432,29519954,125,125,4,cudaLaunchKernel,6104    1    1, 256    1    1,"<unnamed>::pack_face_y(const double *, double *, int, int, int, int, int)"
218482483515,6052,218482489567,29509339,218511998906,62815,29578206,125,125,4,cudaLaunchKernel,6104    1    1, 256    1    1,"<unnamed>::pack_face_z(const double *, double *, int, int, int, int, int)"
218482501513,6252,218482507765,1530800,218484038565,27943125,29480177,125,125,4,cudaLaunchKernel,  39  312  312,  32    4    4,"<unnamed>::step_kernel_interior(const double *, const double *, double *, const double *, const double *, int, int, int, int, int, int, int, double, double)"
218482688457,22191,218482710648,1304569,218484015217,8224,1334984,133,133,6,cudaLaunchKernel,6104    1    1, 256    1    1,"<unnamed>::unpack_face_x(const double *, double *, int, int, int, int, int)"
218482711214,18753,218482729967,1306729,218484036696,8192,1333674,137,137,7,cudaLaunchKernel,6104    1    1, 256    1    1,"<unnamed>::unpack_face_x(const double *, double *, int, int, int, int, int)"
218482712239,7218,218482719457,1306160,218484025617,10048,1323426,133,133,6,cudaLaunchKernel,6104    1    1, 256    1    1,"<unnamed>::unpack_face_y(const double *, double *, int, int, int, int, int)"
218482720306,5855,218482726161,1310496,218484036657,121598,1437949,133,133,6,cudaLaunchKernel,6104    1    1, 256    1    1,"<unnamed>::unpack_face_z(const double *, double *, int, int, int, int, int)"
218482727124,7819,218482734943,1424720,218484159663,62752,1495291,133,133,6,cudaLaunchKernel,12208    1    1, 256    1    1,"<unnamed>::step_kernel_boundary_x_faces(const double *, const double *, double *, const double *, const double *, int, int, int, int, int, int, int, double, double)"
218482731070,5867,218482736937,1309071,218484046008,9984,1324922,137,137,7,cudaLaunchKernel,6104    1    1, 256    1    1,"<unnamed>::unpack_face_y(const double *, double *, int, int, int, int, int)"
218482735602,5229,218482740831,1483056,218484223887,61439,1549724,133,133,6,cudaLaunchKernel,12188    1    1, 256    1    1,"<unnamed>::step_kernel_boundary_y_faces(const double *, const double *, double *, const double *, const double *, int, int, int, int, int, int, int, double, double)"
218482737904,5888,218482743792,1313160,218484056952,121662,1440710,137,137,7,cudaLaunchKernel,6104    1    1, 256    1    1,"<unnamed>::unpack_face_z(const double *, double *, int, int, int, int, int)"
218482741300,6330,218482747630,1539264,218484286894,723097,2268691,133,133,6,cudaLaunchKernel,12168    1    1, 256    1    1,"<unnamed>::step_kernel_boundary_z_faces(const double *, const double *, double *, const double *, const double *, int, int, int, int, int, int, int, double, double)"
218482745409,6739,218482752148,1427906,218484180054,62975,1497620,137,137,7,cudaLaunchKernel,12208    1    1, 256    1    1,"<unnamed>::step_kernel_boundary_x_faces(const double *, const double *, double *, const double *, const double *, int, int, int, int, int, int, int, double, double)"
218482752632,5096,218482757728,1486677,218484244405,60352,1552125,137,137,7,cudaLaunchKernel,12188    1    1, 256    1    1,"<unnamed>::step_kernel_boundary_y_faces(const double *, const double *, double *, const double *, const double *, int, int, int, int, int, int, int, double, double)"
218482758369,8167,218482766536,1539821,218484306357,723735,2271723,137,137,7,cudaLaunchKernel,12168    1    1, 256    1    1,"<unnamed>::step_kernel_boundary_z_faces(const double *, const double *, double *, const double *, const double *, int, int, int, int, int, int, int, double, double)"
218482799099,6651,218482805750,2205777,218485011527,13471,2225899,133,133,6,cudaLaunchKernel,6104    1    1, 256    1    1,"<unnamed>::pack_face_x(const double *, double *, int, int, int, int, int)"
218482806310,5615,218482811925,30186158,218512998083,10560,30202333,133,133,6,cudaLaunchKernel,6104    1    1, 256    1    1,"<unnamed>::pack_face_y(const double *, double *, int, int, int, int, int)"
218482812458,6025,218482818483,30191440,218513009923,62495,30259960,133,133,6,cudaLaunchKernel,6104    1    1, 256    1    1,"<unnamed>::pack_face_z(const double *, double *, int, int, int, int, int)"
218482821105,6302,218482827407,2204189,218485031596,13568,2224059,137,137,7,cudaLaunchKernel,6104    1    1, 256    1    1,"<unnamed>::pack_face_x(const double *, double *, int, int, int, int, int)"
218482827912,6234,218482834146,30195540,218513029686,10560,30212334,137,137,7,cudaLaunchKernel,6104    1    1, 256    1    1,"<unnamed>::pack_face_y(const double *, double *, int, int, int, int, int)"
218482830230,8066,218482838296,2181038,218485019334,27985917,30175021,133,133,6,cudaLaunchKernel,  39  312  312,  32    4    4,"<unnamed>::step_kernel_interior(const double *, const double *, double *, const double *, const double *, int, int, int, int, int, int, int, double, double)"
218482834562,6588,218482841150,30200472,218513041622,61824,30268884,137,137,7,cudaLaunchKernel,6104    1    1, 256    1    1,"<unnamed>::pack_face_z(const double *, double *, int, int, int, int, int)"
218482859913,8169,218482868082,2171226,218485039308,27997354,30176749,137,137,7,cudaLaunchKernel,  39  312  312,  32    4    4,"<unnamed>::step_kernel_interior(const double *, const double *, double *, const double *, const double *, int, int, int, int, int, int, int, double, double)"
218513476609,15682,218513492291,685438,218514177729,8288,709408,122,122,1,cudaLaunchKernel,6104    1    1, 256    1    1,"<unnamed>::unpack_face_x(const double *, double *, int, int, int, int, int)"
218513493355,8328,218513501683,685454,218514187137,10304,704086,122,122,1,cudaLaunchKernel,6104    1    1, 256    1    1,"<unnamed>::unpack_face_y(const double *, double *, int, int, int, int, int)"
218513502273,5380,218513507653,690908,218514198561,120991,817279,122,122,1,cudaLaunchKernel,6104    1    1, 256    1    1,"<unnamed>::unpack_face_z(const double *, double *, int, int, int, int, int)"
218513512812,8273,218513521085,800035,218514321120,62752,871060,122,122,1,cudaLaunchKernel,12208    1    1, 256    1    1,"<unnamed>::step_kernel_boundary_x_faces(const double *, const double *, double *, const double *, const double *, int, int, int, int, int, int, int, double, double)"
218513521540,6813,218513528353,857279,218514385632,60063,924155,122,122,1,cudaLaunchKernel,12188    1    1, 256    1    1,"<unnamed>::step_kernel_boundary_y_faces(const double *, const double *, double *, const double *, const double *, int, int, int, int, int, int, int, double, double)"
218513528958,5050,218513534008,913191,218514447199,710652,1628893,122,122,1,cudaLaunchKernel,12168    1    1, 256    1    1,"<unnamed>::step_kernel_boundary_z_faces(const double *, const double *, double *, const double *, const double *, int, int, int, int, int, int, int, double, double)"
218513587031,9652,218513596683,29557873,218543154556,10464,29577989,122,122,1,cudaLaunchKernel,6104    1    1, 256    1    1,"<unnamed>::pack_face_x(const double *, double *, int, int, int, int, int)"
218513597128,5322,218513602450,29564266,218543166716,10944,29580532,122,122,1,cudaLaunchKernel,6104    1    1, 256    1    1,"<unnamed>::pack_face_y(const double *, double *, int, int, int, int, int)"
218513602954,16283,218513619237,29559607,218543178844,63296,29639186,122,122,1,cudaLaunchKernel,6104    1    1, 256    1    1,"<unnamed>::pack_face_z(const double *, double *, int, int, int, int, int)"
218513631759,5224,218513636983,1522532,218515159515,28002049,29529805,122,122,1,cudaLaunchKernel,  39  312  312,  32    4    4,"<unnamed>::step_kernel_interior(const double *, const double *, double *, const double *, const double *, int, int, int, int, int, int, int, double, double)"
218515898357,17041,218515915398,674922,218516590320,8032,699995,121,121,0,cudaLaunchKernel,6104    1    1, 256    1    1,"<unnamed>::unpack_face_x(const double *, double *, int, int, int, int, int)"
218515916169,7095,218515923264,676080,218516599344,10048,693223,121,121,0,cudaLaunchKernel,6104    1    1, 256    1    1,"<unnamed>::unpack_face_y(const double *, double *, int, int, int, int, int)"
218515924080,10556,218515934636,675780,218516610416,121887,808223,121,121,0,cudaLaunchKernel,6104    1    1, 256    1    1,"<unnamed>::unpack_face_z(const double *, double *, int, int, int, int, int)"
218515935906,6354,218515942260,791515,218516733775,62528,860397,121,121,0,cudaLaunchKernel,12208    1    1, 256    1    1,"<unnamed>::step_kernel_boundary_x_faces(const double *, const double *, double *, const double *, const double *, int, int, int, int, int, int, int, double, double)"
218515942830,5187,218515948017,849661,218516797678,60128,914976,121,121,0,cudaLaunchKernel,12188    1    1, 256    1    1,"<unnamed>::step_kernel_boundary_y_faces(const double *, const double *, double *, const double *, const double *, int, int, int, int, int, int, int, double, double)"
218515948657,5177,218515953834,905412,218516859246,724314,1634903,121,121,0,cudaLaunchKernel,12168    1    1, 256    1    1,"<unnamed>::step_kernel_boundary_z_faces(const double *, const double *, double *, const double *, const double *, int, int, int, int, int, int, int, double, double)"
218516004221,11756,218516015977,29566680,218545582657,10112,29588548,121,121,0,cudaLaunchKernel,6104    1    1, 256    1    1,"<unnamed>::pack_face_x(const double *, double *, int, int, int, int, int)"
218516016972,5615,218516022587,29571558,218545594145,10240,29587413,121,121,0,cudaLaunchKernel,6104    1    1, 256    1    1,"<unnamed>::pack_face_y(const double *, double *, int, int, int, int, int)"
218516023233,5404,218516028637,29576900,218545605537,63232,29645536,121,121,0,cudaLaunchKernel,6104    1    1, 256    1    1,"<unnamed>::pack_face_z(const double *, double *, int, int, int, int, int)"
218516047405,5392,218516052797,1532043,218517584840,28003897,29541332,121,121,0,cudaLaunchKernel,  39  312  312,  32    4    4,"<unnamed>::step_kernel_interior(const double *, const double *, double *, const double *, const double *, int, int, int, int, int, int, int, double, double)"
218516949846,20664,218516970510,786985,218517757495,8512,816161,123,123,2,cudaLaunchKernel,6104    1    1, 256    1    1,"<unnamed>::unpack_face_x(const double *, double *, int, int, int, int, int)"
218516971904,7250,218516979154,787877,218517767031,10080,805207,123,123,2,cudaLaunchKernel,6104    1    1, 256    1    1,"<unnamed>::unpack_face_y(const double *, double *, int, int, int, int, int)"
218516979794,3900,218516983694,794473,218517778167,120958,919331,123,123,2,cudaLaunchKernel,6104    1    1, 256    1    1,"<unnamed>::unpack_face_z(const double *, double *, int, int, int, int, int)"
218516984835,3895,218516988730,911867,218517900597,63007,978769,123,123,2,cudaLaunchKernel,12208    1    1, 256    1    1,"<unnamed>::step_kernel_boundary_x_faces(const double *, const double *, double *, const double *, const double *, int, int, int, int, int, int, int, double, double)"
218516989604,4758,218516994362,970714,218517965076,60064,1035536,123,123,2,cudaLaunchKernel,12188    1    1, 256    1    1,"<unnamed>::step_kernel_boundary_y_faces(const double *, const double *, double *, const double *, const double *, int, int, int, int, int, int, int, double, double)"
218516995127,4463,218516999590,1027181,218518026771,724695,1756339,123,123,2,cudaLaunchKernel,12168    1    1, 256    1    1,"<unnamed>::step_kernel_boundary_z_faces(const double *, const double *, double *, const double *, const double *, int, int, int, int, int, int, int, double, double)"
218517043534,4497,218517048031,29700839,218546748870,10240,29715576,123,123,2,cudaLaunchKernel,6104    1    1, 256    1    1,"<unnamed>::pack_face_x(const double *, double *, int, int, int, int, int)"
218517048509,3852,218517052361,29708189,218546760550,10400,29722441,123,123,2,cudaLaunchKernel,6104    1    1, 256    1    1,"<unnamed>::pack_face_y(const double *, double *, int, int, int, int, int)"
218517052824,4167,218517056991,29715015,218546772006,62911,29782093,123,123,2,cudaLaunchKernel,6104    1    1, 256    1    1,"<unnamed>::pack_face_z(const double *, double *, int, int, int, int, int)"
218517067246,11203,218517078449,1674393,218518752842,28002652,29688248,123,123,2,cudaLaunchKernel,  39  312  312,  32    4    4,"<unnamed>::step_kernel_interior(const double *, const double *, double *, const double *, const double *, int, int, int, int, int, int, int, double, double)"
218517529144,20189,218517549333,795750,218518345083,8224,824163,124,124,3,cudaLaunchKernel,6104    1    1, 256    1    1,"<unnamed>::unpack_face_x(const double *, double *, int, int, int, int, int)"
218517550315,5827,218517556142,798445,218518354587,10080,814352,124,124,3,cudaLaunchKernel,6104    1    1, 256    1    1,"<unnamed>::unpack_face_y(const double *, double *, int, int, int, int, int)"
218517556755,4860,218517561615,804076,218518365691,120830,929766,124,124,3,cudaLaunchKernel,6104    1    1, 256    1    1,"<unnamed>::unpack_face_z(const double *, double *, int, int, int, int, int)"
218517562764,4354,218517567118,921099,218518488217,62240,987693,124,124,3,cudaLaunchKernel,12208    1    1, 256    1    1,"<unnamed>::step_kernel_boundary_x_faces(const double *, const double *, double *, const double *, const double *, int, int, int, int, int, int, int, double, double)"
218517567639,5457,218517573096,979121,218518552217,61087,1045665,124,124,3,cudaLaunchKernel,12188    1    1, 256    1    1,"<unnamed>::step_kernel_boundary_y_faces(const double *, const double *, double *, const double *, const double *, int, int, int, int, int, int, int, double, double)"
218517573641,4561,218517578202,1036510,218518614712,729081,1770152,124,124,3,cudaLaunchKernel,12168    1    1, 256    1    1,"<unnamed>::step_kernel_boundary_z_faces(const double *, const double *, double *, const double *, const double *, int, int, int, int, int, int, int, double, double)"
218517641820,7503,218517649323,1695910,218519345233,15296,1718709,124,124,3,cudaLaunchKernel,6104    1    1, 256    1    1,"<unnamed>::pack_face_x(const double *, double *, int, int, int, int, int)"
218517649991,3918,218517653909,29710418,218547364327,11264,29725600,124,124,3,cudaLaunchKernel,6104    1    1, 256    1    1,"<unnamed>::pack_face_y(const double *, double *, int, int, int, int, int)"
218517654393,4598,218517658991,29718008,218547376999,61503,29784109,124,124,3,cudaLaunchKernel,6104    1    1, 256    1    1,"<unnamed>::pack_face_z(const double *, double *, int, int, int, int, int)"
218517671687,5820,218517677507,1675470,218519352977,28017750,29699040,124,124,3,cudaLaunchKernel,  39  312  312,  32    4    4,"<unnamed>::step_kernel_interior(const double *, const double *, double *, const double *, const double *, int, int, int, int, int, int, int, double, double)"
218520563664,17588,218520581252,660411,218521241663,8352,686351,126,126,5,cudaLaunchKernel,6104    1    1, 256    1    1,"<unnamed>::unpack_face_x(const double *, double *, int, int, int, int, int)"
218520582202,11183,218520593385,657910,218521251295,10080,679173,126,126,5,cudaLaunchKernel,6104    1    1, 256    1    1,"<unnamed>::unpack_face_y(const double *, double *, int, int, int, int, int)"
218520594460,5364,218520599824,662831,218521262655,121438,789633,126,126,5,cudaLaunchKernel,6104    1    1, 256    1    1,"<unnamed>::unpack_face_z(const double *, double *, int, int, int, int, int)"
218520601218,14412,218520615630,770383,218521386013,61696,846491,126,126,5,cudaLaunchKernel,12208    1    1, 256    1    1,"<unnamed>::step_kernel_boundary_x_faces(const double *, const double *, double *, const double *, const double *, int, int, int, int, int, int, int, double, double)"
218520616274,5691,218520621965,827536,218521449501,61279,894506,126,126,5,cudaLaunchKernel,12188    1    1, 256    1    1,"<unnamed>::step_kernel_boundary_y_faces(const double *, const double *, double *, const double *, const double *, int, int, int, int, int, int, int, double, double)"
218520622937,6182,218520629119,883453,218521512572,723767,1613402,126,126,5,cudaLaunchKernel,12168    1    1, 256    1    1,"<unnamed>::step_kernel_boundary_z_faces(const double *, const double *, double *, const double *, const double *, int, int, int, int, int, int, int, double, double)"
218520680080,8454,218520688534,1549565,218522238099,14304,1572323,126,126,5,cudaLaunchKernel,6104    1    1, 256    1    1,"<unnamed>::pack_face_x(const double *, double *, int, int, int, int, int)"
218520688928,5845,218520694773,29537202,218550231975,11072,29554119,126,126,5,cudaLaunchKernel,6104    1    1, 256    1    1,"<unnamed>::pack_face_y(const double *, double *, int, int, int, int, int)"
218520695285,5879,218520701164,29543323,218550244487,60735,29609937,126,126,5,cudaLaunchKernel,6104    1    1, 256    1    1,"<unnamed>::pack_face_z(const double *, double *, int, int, int, int, int)"
218520711645,6771,218520718416,1527651,218522246067,27993716,29528138,126,126,5,cudaLaunchKernel,  39  312  312,  32    4    4,"<unnamed>::step_kernel_interior(const double *, const double *, double *, const double *, const double *, int, int, int, int, int, int, int, double, double)"
218522786957,15663,218522802620,666583,218523469203,8320,690566,125,125,4,cudaLaunchKernel,6104    1    1, 256    1    1,"<unnamed>::unpack_face_x(const double *, double *, int, int, int, int, int)"
218522803424,12611,218522816035,662800,218523478835,10016,685427,125,125,4,cudaLaunchKernel,6104    1    1, 256    1    1,"<unnamed>::unpack_face_y(const double *, double *, int, int, int, int, int)"
218522817090,6967,218522824057,665882,218523489939,122944,795793,125,125,4,cudaLaunchKernel,6104    1    1, 256    1    1,"<unnamed>::unpack_face_z(const double *, double *, int, int, int, int, int)"
218522825188,6480,218522831668,782719,218523614387,61823,851022,125,125,4,cudaLaunchKernel,12208    1    1, 256    1    1,"<unnamed>::step_kernel_boundary_x_faces(const double *, const double *, double *, const double *, const double *, int, int, int, int, int, int, int, double, double)"
218522832215,5191,218522837406,840852,218523678258,60960,907003,125,125,4,cudaLaunchKernel,12188    1    1, 256    1    1,"<unnamed>::step_kernel_boundary_y_faces(const double *, const double *, double *, const double *, const double *, int, int, int, int, int, int, int, double, double)"
218522837897,5253,218522843150,897604,218523740754,713627,1616484,125,125,4,cudaLaunchKernel,12168    1    1, 256    1    1,"<unnamed>::step_kernel_boundary_z_faces(const double *, const double *, double *, const double *, const double *, int, int, int, int, int, int, int, double, double)"
218522894155,7934,218522902089,29480506,218552382595,10303,29498743,125,125,4,cudaLaunchKernel,6104    1    1, 256    1    1,"<unnamed>::pack_face_x(const double *, double *, int, int, int, int, int)"
218522902559,6006,218522908565,29486157,218552394722,10272,29502435,125,125,4,cudaLaunchKernel,6104    1    1, 256    1    1,"<unnamed>::pack_face_y(const double *, double *, int, int, int, int, int)"
218522909043,24629,218522933672,29472634,218552406306,63168,29560431,125,125,4,cudaLaunchKernel,6104    1    1, 256    1    1,"<unnamed>::pack_face_z(const double *, double *, int, int, int, int, int)"
218522950501,8546,218522959047,1496742,218524455789,27932598,29437886,125,125,4,cudaLaunchKernel,  39  312  312,  32    4    4,"<unnamed>::step_kernel_interior(const double *, const double *, double *, const double *, const double *, int, int, int, int, int, int, int, double, double)"
218523301301,21568,218523322869,1297749,218524620618,8032,1327349,133,133,6,cudaLaunchKernel,6104    1    1, 256    1    1,"<unnamed>::unpack_face_x(const double *, double *, int, int, int, int, int)"
218523324454,7737,218523332191,1297835,218524630026,11104,1316676,133,133,6,cudaLaunchKernel,6104    1    1, 256    1    1,"<unnamed>::unpack_face_y(const double *, double *, int, int, int, int, int)"
218523325854,21340,218523347194,1300751,218524647945,8128,1330219,137,137,7,cudaLaunchKernel,6104    1    1, 256    1    1,"<unnamed>::unpack_face_x(const double *, double *, int, int, int, int, int)"
218523332902,6939,218523339841,1302345,218524642186,123583,1432867,133,133,6,cudaLaunchKernel,6104    1    1, 256    1    1,"<unnamed>::unpack_face_z(const double *, double *, int, int, int, int, int)"
218523340810,12231,218523353041,1414200,218524767241,61727,1488158,133,133,6,cudaLaunchKernel,12208    1    1, 256    1    1,"<unnamed>::step_kernel_boundary_x_faces(const double *, const double *, double *, const double *, const double *, int, int, int, int, int, int, int, double, double)"
218523348513,9972,218523358485,1298548,218524657033,10080,1318600,137,137,7,cudaLaunchKernel,6104    1    1, 256    1    1,"<unnamed>::unpack_face_y(const double *, double *, int, int, int, int, int)"
218523354162,7421,218523361583,1469049,218524830632,60863,1537333,133,133,6,cudaLaunchKernel,12188    1    1, 256    1    1,"<unnamed>::step_kernel_boundary_y_faces(const double *, const double *, double *, const double *, const double *, int, int, int, int, int, int, int, double, double)"
218523359256,6070,218523365326,1302747,218524668073,121022,1429839,137,137,7,cudaLaunchKernel,6104    1    1, 256    1    1,"<unnamed>::unpack_face_z(const double *, double *, int, int, int, int, int)"
218523362025,4490,218523366515,1526644,218524893159,729977,2261111,133,133,6,cudaLaunchKernel,12168    1    1, 256    1    1,"<unnamed>::step_kernel_boundary_z_faces(const double *, const double *, double *, const double *, const double *, int, int, int, int, int, int, int, double, double)"
218523366798,6348,218523373146,1417549,218524790695,62111,1486008,137,137,7,cudaLaunchKernel,12208    1    1, 256    1    1,"<unnamed>::step_kernel_boundary_x_faces(const double *, const double *, double *, const double *, const double *, int, int, int, int, int, int, int, double, double)"
218523373661,5645,218523379306,1474844,218524854150,61120,1541609,137,137,7,cudaLaunchKernel,12188    1    1, 256    1    1,"<unnamed>::step_kernel_boundary_y_faces(const double *, const double *, double *, const double *, const double *, int, int, int, int, int, int, int, double, double)"
218523379974,6638,218523386612,1530418,218524917030,725591,2262647,137,137,7,cudaLaunchKernel,12168    1    1, 256    1    1,"<unnamed>::step_kernel_boundary_z_faces(const double *, const double *, double *, const double *, const double *, int, int, int, int, int, int, int, double, double)"
218523422713,13109,218523435822,30179854,218553615676,10432,30203395,133,133,6,cudaLaunchKernel,6104    1    1, 256    1    1,"<unnamed>::pack_face_x(const double *, double *, int, int, int, int, int)"
218523436780,11468,218523448248,30179172,218553627420,10432,30201072,133,133,6,cudaLaunchKernel,6104    1    1, 256    1    1,"<unnamed>::pack_face_y(const double *, double *, int, int, int, int, int)"
218523449237,6749,218523455986,30182922,218553638908,63840,30253511,133,133,6,cudaLaunchKernel,6104    1    1, 256    1    1,"<unnamed>::pack_face_z(const double *, double *, int, int, int, int, int)"
218523466253,6688,218523472941,2151539,218525624480,27997756,30155983,133,133,6,cudaLaunchKernel,  39  312  312,  32    4    4,"<unnamed>::step_kernel_interior(const double *, const double *, double *, const double *, const double *, int, int, int, int, int, int, int, double, double)"
218523474296,11139,218523485435,30163212,218553648647,9984,30184335,137,137,7,cudaLaunchKernel,6104    1    1, 256    1    1,"<unnamed>::pack_face_x(const double *, double *, int, int, int, int, int)"
218523486394,7722,218523494116,30165827,218553659943,10400,30183949,137,137,7,cudaLaunchKernel,6104    1    1, 256    1    1,"<unnamed>::pack_face_y(const double *, double *, int, int, int, int, int)"
218523494547,10963,218523505510,30165953,218553671463,62335,30239251,137,137,7,cudaLaunchKernel,6104    1    1, 256    1    1,"<unnamed>::pack_face_z(const double *, double *, int, int, int, int, int)"
218523519482,8294,218523527776,2116125,218525643901,28010634,30135053,137,137,7,cudaLaunchKernel,  39  312  312,  32    4    4,"<unnamed>::step_kernel_interior(const double *, const double *, double *, const double *, const double *, int, int, int, int, int, int, int, double, double)"
218553886699,14723,218553901422,693869,218554595291,8320,716912,122,122,1,cudaLaunchKernel,6104    1    1, 256    1    1,"<unnamed>::unpack_face_x(const double *, double *, int, int, int, int, int)"
218553902439,10491,218553912930,692025,218554604955,10176,712692,122,122,1,cudaLaunchKernel,6104    1    1, 256    1    1,"<unnamed>::unpack_face_y(const double *, double *, int, int, int, int, int)"
218553913923,7900,218553921823,694524,218554616347,123135,825559,122,122,1,cudaLaunchKernel,6104    1    1, 256    1    1,"<unnamed>::unpack_face_z(const double *, double *, int, int, int, int, int)"
218553923064,5615,218553928679,812307,218554740986,62080,880002,122,122,1,cudaLaunchKernel,12208    1    1, 256    1    1,"<unnamed>::step_kernel_boundary_x_faces(const double *, const double *, double *, const double *, const double *, int, int, int, int, int, int, int, double, double)"
218553929123,7323,218553936446,868444,218554804890,61472,937239,122,122,1,cudaLaunchKernel,12188    1    1, 256    1    1,"<unnamed>::step_kernel_boundary_y_faces(const double *, const double *, double *, const double *, const double *, int, int, int, int, int, int, int, double, double)"
218553937094,10025,218553947119,921067,218554868186,716060,1647152,122,122,1,cudaLaunchKernel,12168    1    1, 256    1    1,"<unnamed>::step_kernel_boundary_z_faces(const double *, const double *, double *, const double *, const double *, int, int, int, int, int, int, int, double, double)"
218556178443,20888,218556199331,672737,218556872068,8416,702041,121,121,0,cudaLaunchKernel,6104    1    1, 256    1    1,"<unnamed>::unpack_face_x(const double *, double *, int, int, int, int, int)"
218556200415,6560,218556206975,674565,218556881540,9760,690885,121,121,0,cudaLaunchKernel,6104    1    1, 256    1    1,"<unnamed>::unpack_face_y(const double *, double *, int, int, int, int, int)"
218556208124,5592,218556213716,678704,218556892420,122623,806919,121,121,0,cudaLaunchKernel,6104    1    1, 256    1    1,"<unnamed>::unpack_face_z(const double *, double *, int, int, int, int, int)"
218556214971,6389,218556221360,795123,218557016483,62304,863816,121,121,0,cudaLaunchKernel,12208    1    1, 256    1    1,"<unnamed>::step_kernel_boundary_x_faces(const double *, const double *, double *, const double *, const double *, int, int, int, int, int, int, int, double, double)"
218556221816,5921,218556227737,852746,218557080483,61215,919882,121,121,0,cudaLaunchKernel,12188    1    1, 256    1    1,"<unnamed>::step_kernel_boundary_y_faces(const double *, const double *, double *, const double *, const double *, int, int, int, int, int, int, int, double, double)"
218556228452,5885,218556234337,908929,218557143266,721338,1636152,121,121,0,cudaLaunchKernel,12168    1    1, 256    1    1,"<unnamed>::step_kernel_boundary_z_faces(const double *, const double *, double *, const double *, const double *, int, int, int, int, int, int, int, double, double)"
218557572015,13952,218557585967,883266,218558469233,8064,905282,123,123,2,cudaLaunchKernel,6104    1    1, 256    1    1,"<unnamed>::unpack_face_x(const double *, double *, int, int, int, int, int)"
218557587000,3966,218557590966,888891,218558479857,9984,902841,123,123,2,cudaLaunchKernel,6104    1    1, 256    1    1,"<unnamed>::unpack_face_y(const double *, double *, int, int, int, int, int)"
218557591679,4371,218557596050,896159,218558492209,122974,1023504,123,123,2,cudaLaunchKernel,6104    1    1, 256    1    1,"<unnamed>::unpack_face_z(const double *, double *, int, int, int, int, int)"
218557597062,4804,218557601866,1014757,218558616623,61407,1080968,123,123,2,cudaLaunchKernel,12208    1    1, 256    1    1,"<unnamed>::step_kernel_boundary_x_faces(const double *, const double *, double *, const double *, const double *, int, int, int, int, int, int, int, double, double)"
218557602549,14453,218557617002,1063460,218558680462,61183,1139096,123,123,2,cudaLaunchKernel,12188    1    1, 256    1    1,"<unnamed>::step_kernel_boundary_y_faces(const double *, const double *, double *, const double *, const double *, int, int, int, int, int, int, int, double, double)"
218557617830,4350,218557622180,1120937,218558743117,720727,1846014,123,123,2,cudaLaunchKernel,12168    1    1, 256    1    1,"<unnamed>::step_kernel_boundary_z_faces(const double *, const double *, double *, const double *, const double *, int, int, int, int, int, int, int, double, double)"
218558070916,42949,218558113865,851919,218558965784,8352,903220,124,124,3,cudaLaunchKernel,6104    1    1, 256    1    1,"<unnamed>::unpack_face_x(const double *, double *, int, int, int, int, int)"
218558115055,5641,218558120696,854720,218558975416,9792,870153,124,124,3,cudaLaunchKernel,6104    1    1, 256    1    1,"<unnamed>::unpack_face_y(const double *, double *, int, int, int, int, int)"
218558121926,7379,218558129305,857343,218558986648,121407,986129,124,124,3,cudaLaunchKernel,6104    1    1, 256    1    1,"<unnamed>::unpack_face_z(const double *, double *, int, int, int, int, int)"
218558130610,5482,218558136092,973371,218559109463,62431,1041284,124,124,3,cudaLaunchKernel,12208    1    1, 256    1    1,"<unnamed>::step_kernel_boundary_x_faces(const double *, const double *, double *, const double *, const double *, int, int, int, int, int, int, int, double, double)"
218558136764,7011,218558143775,1029623,218559173398,60160,1096794,124,124,3,cudaLaunchKernel,12188    1    1, 256    1    1,"<unnamed>::step_kernel_boundary_y_faces(const double *, const double *, double *, const double *, const double *, int, int, int, int, int, int, int, double, double)"
218558144288,6937,218558151225,1083869,218559235094,725593,1816399,124,124,3,cudaLaunchKernel,12168    1    1, 256    1    1,"<unnamed>::step_kernel_boundary_z_faces(const double *, const double *, double *, const double *, const double *, int, int, int, int, int, int, int, double, double)"
218561138497,21739,218561160236,667442,218561827678,8415,697596,126,126,5,cudaLaunchKernel,6104    1    1, 256    1    1,"<unnamed>::unpack_face_x(const double *, double *, int, int, int, int, int)"
218561161396,7001,218561168397,668976,218561837373,10752,686729,126,126,5,cudaLaunchKernel,6104    1    1, 256    1    1,"<unnamed>::unpack_face_y(const double *, double *, int, int, int, int, int)"
218561168971,6323,218561175294,674271,218561849565,121247,801841,126,126,5,cudaLaunchKernel,6104    1    1, 256    1    1,"<unnamed>::unpack_face_z(const double *, double *, int, int, int, int, int)"
218561176746,11350,218561188096,784444,218561972540,61759,857553,126,126,5,cudaLaunchKernel,12208    1    1, 256    1    1,"<unnamed>::step_kernel_boundary_x_faces(const double *, const double *, double *, const double *, const double *, int, int, int, int, int, int, int, double, double)"
218561189026,6385,218561195411,840392,218562035803,61663,908440,126,126,5,cudaLaunchKernel,12188    1    1, 256    1    1,"<unnamed>::step_kernel_boundary_y_faces(const double *, const double *, double *, const double *, const double *, int, int, int, int, int, int, int, double, double)"
218561196251,5414,218561201665,897561,218562099226,728344,1631319,126,126,5,cudaLaunchKernel,12168    1    1, 256    1    1,"<unnamed>::step_kernel_boundary_z_faces(const double *, const double *, double *, const double *, const double *, int, int, int, int, int, int, int, double, double)"
218563414010,36190,218563450200,658083,218564108283,8032,702305,125,125,4,cudaLaunchKernel,6104    1    1, 256    1    1,"<unnamed>::unpack_face_x(const double *, double *, int, int, int, int, int)"
218563451613,8769,218563460382,657085,218564117467,9824,675678,125,125,4,cudaLaunchKernel,6104    1    1, 256    1    1,"<unnamed>::unpack_face_y(const double *, double *, int, int, int, int, int)"
218563460897,5768,218563466665,661842,218564128507,122879,790489,125,125,4,cudaLaunchKernel,6104    1    1, 256    1    1,"<unnamed>::unpack_face_z(const double *, double *, int, int, int, int, int)"
218563467887,12357,218563480244,772934,218564253178,63232,848523,125,125,4,cudaLaunchKernel,12208    1    1, 256    1    1,"<unnamed>::step_kernel_boundary_x_faces(const double *, const double *, double *, const double *, const double *, int, int, int, int, int, int, int, double, double)"
218563481211,7741,218563488952,828994,218564317946,61375,898110,125,125,4,cudaLaunchKernel,12188    1    1, 256    1    1,"<unnamed>::step_kernel_boundary_y_faces(const double *, const double *, double *, const double *, const double *, int, int, int, int, int, int, int, double, double)"
218563489596,11464,218563501060,879829,218564380889,715452,1606745,125,125,4,cudaLaunchKernel,12168    1    1, 256    1    1,"<unnamed>::step_kernel_boundary_z_faces(const double *, const double *, double *, const double *, const double *, int, int, int, int, int, int, int, double, double)"
218563810554,15948,218563826502,1317182,218565143684,8064,1341194,133,133,6,cudaLaunchKernel,6104    1    1, 256    1    1,"<unnamed>::unpack_face_x(const double *, double *, int, int, int, int, int)"
218563822776,18300,218563841076,1316167,218565157243,8224,1342691,137,137,7,cudaLaunchKernel,6104    1    1, 256    1    1,"<unnamed>::unpack_face_x(const double *, double *, int, int, int, int, int)"
218563827666,6400,218563834066,1320850,218565154916,10080,1337330,133,133,6,cudaLaunchKernel,6104    1    1, 256    1    1,"<unnamed>::unpack_face_y(const double *, double *, int, int, int, int, int)"
218563834784,7864,218563842648,1323564,218565166212,122431,1453859,133,133,6,cudaLaunchKernel,6104    1    1, 256    1    1,"<unnamed>::unpack_face_z(const double *, double *, int, int, int, int, int)"
218563842146,7266,218563849412,1317175,218565166587,10080,1334521,137,137,7,cudaLaunchKernel,6104    1    1, 256    1    1,"<unnamed>::unpack_face_y(const double *, double *, int, int, int, int, int)"
218563843520,6962,218563850482,1439665,218565290147,62687,1509314,133,133,6,cudaLaunchKernel,12208    1    1, 256    1    1,"<unnamed>::step_kernel_boundary_x_faces(const double *, const double *, double *, const double *, const double *, int, int, int, int, int, int, int, double, double)"
218563850039,5948,218563855987,1321864,218565177851,121598,1449410,137,137,7,cudaLaunchKernel,6104    1    1, 256    1    1,"<unnamed>::unpack_face_z(const double *, double *, int, int, int, int, int)"
218563851163,6589,218563857752,1496586,218565354338,61504,1564679,133,133,6,cudaLaunchKernel,12188    1    1, 256    1    1,"<unnamed>::step_kernel_boundary_y_faces(const double *, const double *, double *, const double *, const double *, int, int, int, int, int, int, int, double, double)"
218563857631,7268,218563864899,1436022,218565300921,63168,1506458,137,137,7,cudaLaunchKernel,12208    1    1, 256    1    1,"<unnamed>::step_kernel_boundary_x_faces(const double *, const double *, double *, const double *, const double *, int, int, int, int, int, int, int, double, double)"
218563858219,4905,218563863124,1554158,218565417282,718424,2277487,133,133,6,cudaLaunchKernel,12168    1    1, 256    1    1,"<unnamed>::step_kernel_boundary_z_faces(const double *, const double *, double *, const double *, const double *, int, int, int, int, int, int, int, double, double)"
218563865385,5754,218563871139,1494294,218565365433,60031,1560079,137,137,7,cudaLaunchKernel,12188    1    1, 256    1    1,"<unnamed>::step_kernel_boundary_y_faces(const double *, const double *, double *, const double *, const double *, int, int, int, int, int, int, int, double, double)"
218563871879,6766,218563878645,1548259,218565426904,719735,2274760,137,137,7,cudaLaunchKernel,12168    1    1, 256    1    1,"<unnamed>::step_kernel_boundary_z_faces(const double *, const double *, double *, const double *, const double *, int, int, int, int, int, int, int, double, double)"
