API Start (ns),API Dur (ns),Queue Start (ns),Queue Dur (ns),Kernel Start (ns),Kernel Dur (ns),Total Dur (ns),PID,TID,DevId,API Function,GridXYZ,BlockXYZ,Kernel Name
23824076987,310915,,,23824383724,896,310915,121,121,3,cudaLaunchKernel,   1    1    1,   1    1    1,<unnamed>::warmup_kernel(double *)
23824825861,35144,23824861005,1819,23824862824,2720,39683,121,121,3,cudaLaunchKernel, 977    1    1, 256    1    1,"<unnamed>::pack_face_x(const double *, double *, int, int, int, int, int)"
23824863943,21528,23824885471,1832,23824887303,4192,27552,121,121,3,cudaLaunchKernel, 977    1    1, 256    1    1,"<unnamed>::pack_face_y(const double *, double *, int, int, int, int, int)"
23824890712,23054,23824913766,1441,23824915207,11264,35759,121,121,3,cudaLaunchKernel, 977    1    1, 256    1    1,"<unnamed>::pack_face_z(const double *, double *, int, int, int, int, int)"
23835822742,219125,,,23836038260,864,219125,124,124,6,cudaLaunchKernel,   1    1    1,   1    1    1,<unnamed>::warmup_kernel(double *)
23836380773,35657,23836416430,962,23836417392,2720,39339,124,124,6,cudaLaunchKernel, 977    1    1, 256    1    1,"<unnamed>::pack_face_x(const double *, double *, int, int, int, int, int)"
23836418709,47586,23836466295,1432,23836467727,3712,52730,124,124,6,cudaLaunchKernel, 977    1    1, 256    1    1,"<unnamed>::pack_face_y(const double *, double *, int, int, int, int, int)"
23836471228,30156,23836501384,1447,23836502831,11552,43155,124,124,6,cudaLaunchKernel, 977    1    1, 256    1    1,"<unnamed>::pack_face_z(const double *, double *, int, int, int, int, int)"
23850876064,223171,,,23851093099,928,223171,119,119,1,cudaLaunchKernel,   1    1    1,   1    1    1,<unnamed>::warmup_kernel(double *)
23851426426,37318,,,23851462120,2688,38382,119,119,1,cudaLaunchKernel, 977    1    1, 256    1    1,"<unnamed>::pack_face_x(const double *, double *, int, int, int, int, int)"
23851466438,34593,,,23851500200,4128,37890,119,119,1,cudaLaunchKernel, 977    1    1, 256    1    1,"<unnamed>::pack_face_y(const double *, double *, int, int, int, int, int)"
23851502980,23266,23851526246,450,23851526696,11104,34820,119,119,1,cudaLaunchKernel, 977    1    1, 256    1    1,"<unnamed>::pack_face_z(const double *, double *, int, int, int, int, int)"
23994805540,318934,,,23995120136,896,318934,118,118,0,cudaLaunchKernel,   1    1    1,   1    1    1,<unnamed>::warmup_kernel(double *)
23995567560,42763,23995610323,2418,23995612741,2752,47933,118,118,0,cudaLaunchKernel, 977    1    1, 256    1    1,"<unnamed>::pack_face_x(const double *, double *, int, int, int, int, int)"
23995612962,33924,23995646886,2047,23995648933,4224,40195,118,118,0,cudaLaunchKernel, 977    1    1, 256    1    1,"<unnamed>::pack_face_y(const double *, double *, int, int, int, int, int)"
23995649175,31599,,,23995677924,11360,40109,118,118,0,cudaLaunchKernel, 977    1    1, 256    1    1,"<unnamed>::pack_face_z(const double *, double *, int, int, int, int, int)"
24003760024,286588,,,24004043815,896,286588,122,122,4,cudaLaunchKernel,   1    1    1,   1    1    1,<unnamed>::warmup_kernel(double *)
24004427808,58618,,,24004480613,2688,58618,122,122,4,cudaLaunchKernel, 977    1    1, 256    1    1,"<unnamed>::pack_face_x(const double *, double *, int, int, int, int, int)"
24004489330,24557,24004513887,2598,24004516485,3936,31091,122,122,4,cudaLaunchKernel, 977    1    1, 256    1    1,"<unnamed>::pack_face_y(const double *, double *, int, int, int, int, int)"
24004520187,37554,24004557741,1783,24004559524,11328,50665,122,122,4,cudaLaunchKernel, 977    1    1, 256    1    1,"<unnamed>::pack_face_z(const double *, double *, int, int, int, int, int)"
24012984607,262591,,,24013245377,896,262591,131,131,7,cudaLaunchKernel,   1    1    1,   1    1    1,<unnamed>::warmup_kernel(double *)
24013613287,39367,,,24013651004,2688,40405,131,131,7,cudaLaunchKernel, 977    1    1, 256    1    1,"<unnamed>::pack_face_x(const double *, double *, int, int, int, int, int)"
24013655011,34053,24013689064,115,24013689179,4320,38488,131,131,7,cudaLaunchKernel, 977    1    1, 256    1    1,"<unnamed>::pack_face_y(const double *, double *, int, int, int, int, int)"
24013690730,36603,,,24013720251,11424,40945,131,131,7,cudaLaunchKernel, 977    1    1, 256    1    1,"<unnamed>::pack_face_z(const double *, double *, int, int, int, int, int)"
24028293165,242205,,,24028531220,896,242205,120,120,2,cudaLaunchKernel,   1    1    1,   1    1    1,<unnamed>::warmup_kernel(double *)
24028443373,260699,,,24028702720,896,260699,123,123,5,cudaLaunchKernel,   1    1    1,   1    1    1,<unnamed>::warmup_kernel(double *)
24028898284,38135,24028936419,972,24028937391,2688,41795,120,120,2,cudaLaunchKernel, 977    1    1, 256    1    1,"<unnamed>::pack_face_x(const double *, double *, int, int, int, int, int)"
24028939150,42362,24028981512,583,24028982095,4288,47233,120,120,2,cudaLaunchKernel, 977    1    1, 256    1    1,"<unnamed>::pack_face_y(const double *, double *, int, int, int, int, int)"
24028987301,28256,,,24029013774,11168,37641,120,120,2,cudaLaunchKernel, 977    1    1, 256    1    1,"<unnamed>::pack_face_z(const double *, double *, int, int, int, int, int)"
24029074758,47717,24029122475,1008,24029123483,2752,51477,123,123,5,cudaLaunchKernel, 977    1    1, 256    1    1,"<unnamed>::pack_face_x(const double *, double *, int, int, int, int, int)"
24029124866,29935,24029154801,809,24029155610,4128,34872,123,123,5,cudaLaunchKernel, 977    1    1, 256    1    1,"<unnamed>::pack_face_y(const double *, double *, int, int, int, int, int)"
24029159568,30568,24029190136,770,24029190906,11584,42922,123,123,5,cudaLaunchKernel, 977    1    1, 256    1    1,"<unnamed>::pack_face_z(const double *, double *, int, int, int, int, int)"
24048315070,71951,,,24048383787,2368,71951,121,121,3,cudaLaunchKernel, 977    1    1, 256    1    1,"<unnamed>::unpack_face_x(const double *, double *, int, int, int, int, int)"
24048332973,65877,,,24048398139,2528,67694,124,124,6,cudaLaunchKernel, 977    1    1, 256    1    1,"<unnamed>::unpack_face_x(const double *, double *, int, int, int, int, int)"
24048339281,71281,,,24048408321,2368,71408,118,118,0,cudaLaunchKernel, 977    1    1, 256    1    1,"<unnamed>::unpack_face_x(const double *, double *, int, int, int, int, int)"
24048357818,64593,,,24048421752,2528,66462,120,120,2,cudaLaunchKernel, 977    1    1, 256    1    1,"<unnamed>::unpack_face_x(const double *, double *, int, int, int, int, int)"
24048390241,23731,24048413972,791,24048414763,2432,26954,121,121,3,cudaLaunchKernel, 977    1    1, 256    1    1,"<unnamed>::unpack_face_y(const double *, double *, int, int, int, int, int)"
24048401598,26164,24048427762,1416,24048429178,2496,30076,124,124,6,cudaLaunchKernel, 977    1    1, 256    1    1,"<unnamed>::unpack_face_y(const double *, double *, int, int, int, int, int)"
24048413643,28182,24048441825,3039,24048444864,2432,33653,118,118,0,cudaLaunchKernel, 977    1    1, 256    1    1,"<unnamed>::unpack_face_y(const double *, double *, int, int, int, int, int)"
24048419701,23578,24048443279,1724,24048445003,12959,38261,121,121,3,cudaLaunchKernel, 977    1    1, 256    1    1,"<unnamed>::unpack_face_z(const double *, double *, int, int, int, int, int)"
24048425545,26400,24048451945,1231,24048453176,2336,29967,120,120,2,cudaLaunchKernel, 977    1    1, 256    1    1,"<unnamed>::unpack_face_y(const double *, double *, int, int, int, int, int)"
24048429929,21436,24048451365,2773,24048454138,13024,37233,124,124,6,cudaLaunchKernel, 977    1    1, 256    1    1,"<unnamed>::unpack_face_z(const double *, double *, int, int, int, int, int)"
24048444432,29129,24048473561,2375,24048475936,12192,43696,118,118,0,cudaLaunchKernel, 977    1    1, 256    1    1,"<unnamed>::unpack_face_z(const double *, double *, int, int, int, int, int)"
24048458198,34372,24048492570,2110,24048494680,13151,49633,120,120,2,cudaLaunchKernel, 977    1    1, 256    1    1,"<unnamed>::unpack_face_z(const double *, double *, int, int, int, int, int)"
24048596572,27834,24048624406,1602,24048626008,1440,30876,124,124,6,cudaLaunchKernel,   1    2    2,  32    4    4,"<unnamed>::step_kernel_interior(const double *, const double *, double *, const double *, const double *, int, int, int, int, int, int, int, double, double)"
24048606130,34028,24048640158,651,24048640809,1440,36119,121,121,3,cudaLaunchKernel,   1    2    2,  32    4    4,"<unnamed>::step_kernel_interior(const double *, const double *, double *, const double *, const double *, int, int, int, int, int, int, int, double, double)"
24048626526,27598,,,24048653272,1408,28154,124,124,6,cudaLaunchKernel,   1    1    1, 256    1    1,"<unnamed>::step_kernel_boundary_x_faces(const double *, const double *, double *, const double *, const double *, int, int, int, int, int, int, int, double, double)"
24048639990,36322,,,24048675583,1472,37065,118,118,0,cudaLaunchKernel,   1    2    2,  32    4    4,"<unnamed>::step_kernel_interior(const double *, const double *, double *, const double *, const double *, int, int, int, int, int, int, int, double, double)"
24048641327,32588,24048673915,794,24048674709,1472,34854,120,120,2,cudaLaunchKernel,   1    2    2,  32    4    4,"<unnamed>::step_kernel_interior(const double *, const double *, double *, const double *, const double *, int, int, int, int, int, int, int, double, double)"
24048646298,28064,24048674362,1486,24048675848,1440,30990,121,121,3,cudaLaunchKernel,   1    1    1, 256    1    1,"<unnamed>::step_kernel_boundary_x_faces(const double *, const double *, double *, const double *, const double *, int, int, int, int, int, int, int, double, double)"
24048657060,27055,24048684115,805,24048684920,1439,29299,124,124,6,cudaLaunchKernel,   1    1    1, 256    1    1,"<unnamed>::step_kernel_boundary_y_faces(const double *, const double *, double *, const double *, const double *, int, int, int, int, int, int, int, double, double)"
24048676619,30567,,,24048705301,1408,30567,120,120,2,cudaLaunchKernel,   1    1    1, 256    1    1,"<unnamed>::step_kernel_boundary_x_faces(const double *, const double *, double *, const double *, const double *, int, int, int, int, int, int, int, double, double)"
24048676714,29934,,,24048705096,1440,29934,121,121,3,cudaLaunchKernel,   1    1    1, 256    1    1,"<unnamed>::step_kernel_boundary_y_faces(const double *, const double *, double *, const double *, const double *, int, int, int, int, int, int, int, double, double)"
24048682683,29095,24048711778,2044,24048713822,1408,32547,118,118,0,cudaLaunchKernel,   1    1    1, 256    1    1,"<unnamed>::step_kernel_boundary_x_faces(const double *, const double *, double *, const double *, const double *, int, int, int, int, int, int, int, double, double)"
24048685893,26216,24048712109,1002,24048713111,1408,28626,124,124,6,cudaLaunchKernel,   1    1    1, 256    1    1,"<unnamed>::step_kernel_boundary_z_faces(const double *, const double *, double *, const double *, const double *, int, int, int, int, int, int, int, double, double)"
24048709027,28049,24048737076,916,24048737992,1408,30373,121,121,3,cudaLaunchKernel,   1    1    1, 256    1    1,"<unnamed>::step_kernel_boundary_z_faces(const double *, const double *, double *, const double *, const double *, int, int, int, int, int, int, int, double, double)"
24048709408,28589,24048737997,1159,24048739156,1440,31188,120,120,2,cudaLaunchKernel,   1    1    1, 256    1    1,"<unnamed>::step_kernel_boundary_y_faces(const double *, const double *, double *, const double *, const double *, int, int, int, int, int, int, int, double, double)"
24048717177,27087,24048744264,310,24048744574,1408,28805,118,118,0,cudaLaunchKernel,   1    1    1, 256    1    1,"<unnamed>::step_kernel_boundary_y_faces(const double *, const double *, double *, const double *, const double *, int, int, int, int, int, int, int, double, double)"
24048725292,9406,,,24048732823,1376,9406,124,124,6,cudaLaunchKernel,   1    2    2,  32    4    4,"<unnamed>::step_kernel_interior(const double *, const double *, double *, const double *, const double *, int, int, int, int, int, int, int, double, double)"
24048735796,6176,24048741972,1923,24048743895,1344,9443,124,124,6,cudaLaunchKernel,   1    1    1, 256    1    1,"<unnamed>::step_kernel_boundary_x_faces(const double *, const double *, double *, const double *, const double *, int, int, int, int, int, int, int, double, double)"
24048739818,30964,24048770782,886,24048771668,1408,33258,120,120,2,cudaLaunchKernel,   1    1    1, 256    1    1,"<unnamed>::step_kernel_boundary_z_faces(const double *, const double *, double *, const double *, const double *, int, int, int, int, int, int, int, double, double)"
24048745984,6089,24048752073,1838,24048753911,1376,9303,124,124,6,cudaLaunchKernel,   1    1    1, 256    1    1,"<unnamed>::step_kernel_boundary_y_faces(const double *, const double *, double *, const double *, const double *, int, int, int, int, int, int, int, double, double)"
24048746776,27014,24048773790,2752,24048776542,1440,31206,118,118,0,cudaLaunchKernel,   1    1    1, 256    1    1,"<unnamed>::step_kernel_boundary_z_faces(const double *, const double *, double *, const double *, const double *, int, int, int, int, int, int, int, double, double)"
24048750053,10258,24048760311,1008,24048761319,1408,12674,121,121,3,cudaLaunchKernel,   1    2    2,  32    4    4,"<unnamed>::step_kernel_interior(const double *, const double *, double *, const double *, const double *, int, int, int, int, int, int, int, double, double)"
24048752438,9234,24048761672,1135,24048762807,1376,11745,124,124,6,cudaLaunchKernel,   1    1    1, 256    1    1,"<unnamed>::step_kernel_boundary_z_faces(const double *, const double *, double *, const double *, const double *, int, int, int, int, int, int, int, double, double)"
24048761384,10768,24048772152,687,24048772839,1376,12831,121,121,3,cudaLaunchKernel,   1    1    1, 256    1    1,"<unnamed>::step_kernel_boundary_x_faces(const double *, const double *, double *, const double *, const double *, int, int, int, int, int, int, int, double, double)"
24048773073,13080,,,24048784167,1376,13080,121,121,3,cudaLaunchKernel,   1    1    1, 256    1    1,"<unnamed>::step_kernel_boundary_y_faces(const double *, const double *, double *, const double *, const double *, int, int, int, int, int, int, int, double, double)"
24048787157,6589,24048793746,2165,24048795911,1408,10162,121,121,3,cudaLaunchKernel,   1    1    1, 256    1    1,"<unnamed>::step_kernel_boundary_z_faces(const double *, const double *, double *, const double *, const double *, int, int, int, int, int, int, int, double, double)"
24048788974,10463,,,24048797492,1408,10463,120,120,2,cudaLaunchKernel,   1    2    2,  32    4    4,"<unnamed>::step_kernel_interior(const double *, const double *, double *, const double *, const double *, int, int, int, int, int, int, int, double, double)"
24048790326,11164,24048801490,2348,24048803838,1408,14920,118,118,0,cudaLaunchKernel,   1    2    2,  32    4    4,"<unnamed>::step_kernel_interior(const double *, const double *, double *, const double *, const double *, int, int, int, int, int, int, int, double, double)"
24048800741,11503,24048812244,896,24048813140,1344,13743,120,120,2,cudaLaunchKernel,   1    1    1, 256    1    1,"<unnamed>::step_kernel_boundary_x_faces(const double *, const double *, double *, const double *, const double *, int, int, int, int, int, int, int, double, double)"
24048802610,10268,24048812878,2160,24048815038,1376,13804,118,118,0,cudaLaunchKernel,   1    1    1, 256    1    1,"<unnamed>::step_kernel_boundary_x_faces(const double *, const double *, double *, const double *, const double *, int, int, int, int, int, int, int, double, double)"
24048813138,10468,24048823606,1053,24048824659,1408,12929,120,120,2,cudaLaunchKernel,   1    1    1, 256    1    1,"<unnamed>::step_kernel_boundary_y_faces(const double *, const double *, double *, const double *, const double *, int, int, int, int, int, int, int, double, double)"
24048813775,12750,,,24048826430,1376,14031,118,118,0,cudaLaunchKernel,   1    1    1, 256    1    1,"<unnamed>::step_kernel_boundary_y_faces(const double *, const double *, double *, const double *, const double *, int, int, int, int, int, int, int, double, double)"
24048827607,11281,24048838888,651,24048839539,1408,13340,120,120,2,cudaLaunchKernel,   1    1    1, 256    1    1,"<unnamed>::step_kernel_boundary_z_faces(const double *, const double *, double *, const double *, const double *, int, int, int, int, int, int, int, double, double)"
24048828093,13131,24048841224,2517,24048843741,1408,17056,118,118,0,cudaLaunchKernel,   1    1    1, 256    1    1,"<unnamed>::step_kernel_boundary_z_faces(const double *, const double *, double *, const double *, const double *, int, int, int, int, int, int, int, double, double)"
24052673144,70648,,,24052741065,2400,70648,119,119,1,cudaLaunchKernel, 977    1    1, 256    1    1,"<unnamed>::unpack_face_x(const double *, double *, int, int, int, int, int)"
24052698085,72976,,,24052770087,2400,74402,131,131,7,cudaLaunchKernel, 977    1    1, 256    1    1,"<unnamed>::unpack_face_x(const double *, double *, int, int, int, int, int)"
24052746591,27281,24052773872,1049,24052774921,2496,30826,119,119,1,cudaLaunchKernel, 977    1    1, 256    1    1,"<unnamed>::unpack_face_y(const double *, double *, int, int, int, int, int)"
24052774939,29587,24052804526,1529,24052806055,2432,33548,131,131,7,cudaLaunchKernel, 977    1    1, 256    1    1,"<unnamed>::unpack_face_y(const double *, double *, int, int, int, int, int)"
24052779250,23834,24052803084,1437,24052804521,12767,38038,119,119,1,cudaLaunchKernel, 977    1    1, 256    1    1,"<unnamed>::unpack_face_z(const double *, double *, int, int, int, int, int)"
24052810410,36823,24052847233,773,24052848006,12192,49788,131,131,7,cudaLaunchKernel, 977    1    1, 256    1    1,"<unnamed>::unpack_face_z(const double *, double *, int, int, int, int, int)"
24052966995,25004,24052991999,1480,24052993479,1472,27956,119,119,1,cudaLaunchKernel,   1    2    2,  32    4    4,"<unnamed>::step_kernel_interior(const double *, const double *, double *, const double *, const double *, int, int, int, int, int, int, int, double, double)"
24052997500,27340,24053024840,959,24053025799,1440,29739,119,119,1,cudaLaunchKernel,   1    1    1, 256    1    1,"<unnamed>::step_kernel_boundary_x_faces(const double *, const double *, double *, const double *, const double *, int, int, int, int, int, int, int, double, double)"
24053013207,34127,24053047334,1438,24053048772,1472,37037,131,131,7,cudaLaunchKernel,   1    2    2,  32    4    4,"<unnamed>::step_kernel_interior(const double *, const double *, double *, const double *, const double *, int, int, int, int, int, int, int, double, double)"
24053029769,27902,24053057671,1152,24053058823,1472,30526,119,119,1,cudaLaunchKernel,   1    1    1, 256    1    1,"<unnamed>::step_kernel_boundary_y_faces(const double *, const double *, double *, const double *, const double *, int, int, int, int, int, int, int, double, double)"
24053053365,34265,24053087630,790,24053088420,1408,36463,131,131,7,cudaLaunchKernel,   1    1    1, 256    1    1,"<unnamed>::step_kernel_boundary_x_faces(const double *, const double *, double *, const double *, const double *, int, int, int, int, int, int, int, double, double)"
24053059384,29286,,,24053087495,1504,29615,119,119,1,cudaLaunchKernel,   1    1    1, 256    1    1,"<unnamed>::step_kernel_boundary_z_faces(const double *, const double *, double *, const double *, const double *, int, int, int, int, int, int, int, double, double)"
24053093580,33397,24053126977,610,24053127587,1440,35447,131,131,7,cudaLaunchKernel,   1    1    1, 256    1    1,"<unnamed>::step_kernel_boundary_y_faces(const double *, const double *, double *, const double *, const double *, int, int, int, int, int, int, int, double, double)"
24053099407,10025,24053109432,1647,24053111079,1472,13144,119,119,1,cudaLaunchKernel,   1    2    2,  32    4    4,"<unnamed>::step_kernel_interior(const double *, const double *, double *, const double *, const double *, int, int, int, int, int, int, int, double, double)"
24053110340,9268,24053119608,719,24053120327,1408,11395,119,119,1,cudaLaunchKernel,   1    1    1, 256    1    1,"<unnamed>::step_kernel_boundary_x_faces(const double *, const double *, double *, const double *, const double *, int, int, int, int, int, int, int, double, double)"
24053120490,9889,24053130379,1084,24053131463,1472,12445,119,119,1,cudaLaunchKernel,   1    1    1, 256    1    1,"<unnamed>::step_kernel_boundary_y_faces(const double *, const double *, double *, const double *, const double *, int, int, int, int, int, int, int, double, double)"
24053128661,32932,24053161593,810,24053162403,1408,35150,131,131,7,cudaLaunchKernel,   1    1    1, 256    1    1,"<unnamed>::step_kernel_boundary_z_faces(const double *, const double *, double *, const double *, const double *, int, int, int, int, int, int, int, double, double)"
24053134248,7166,24053141414,2144,24053143558,1408,10718,119,119,1,cudaLaunchKernel,   1    1    1, 256    1    1,"<unnamed>::step_kernel_boundary_z_faces(const double *, const double *, double *, const double *, const double *, int, int, int, int, int, int, int, double, double)"
24053169726,11094,24053180820,1166,24053181986,1376,13636,131,131,7,cudaLaunchKernel,   1    2    2,  32    4    4,"<unnamed>::step_kernel_interior(const double *, const double *, double *, const double *, const double *, int, int, int, int, int, int, int, double, double)"
24053185102,7845,24053192947,1679,24053194626,1376,10900,131,131,7,cudaLaunchKernel,   1    1    1, 256    1    1,"<unnamed>::step_kernel_boundary_x_faces(const double *, const double *, double *, const double *, const double *, int, int, int, int, int, int, int, double, double)"
24053193371,4134,24053197505,3361,24053200866,1376,8871,131,131,7,cudaLaunchKernel,   1    1    1, 256    1    1,"<unnamed>::step_kernel_boundary_y_faces(const double *, const double *, double *, const double *, const double *, int, int, int, int, int, int, int, double, double)"
24053201802,12944,24053214746,1064,24053215810,1408,15416,131,131,7,cudaLaunchKernel,   1    1    1, 256    1    1,"<unnamed>::step_kernel_boundary_z_faces(const double *, const double *, double *, const double *, const double *, int, int, int, int, int, int, int, double, double)"
24055232477,70642,,,24055302477,2368,72368,123,123,5,cudaLaunchKernel, 977    1    1, 256    1    1,"<unnamed>::unpack_face_x(const double *, double *, int, int, int, int, int)"
24055252719,74329,24055327048,612,24055327660,2304,77245,122,122,4,cudaLaunchKernel, 977    1    1, 256    1    1,"<unnamed>::unpack_face_x(const double *, double *, int, int, int, int, int)"
24055306272,37441,,,24055341517,2464,37709,123,123,5,cudaLaunchKernel, 977    1    1, 256    1    1,"<unnamed>::unpack_face_y(const double *, double *, int, int, int, int, int)"
24055334161,41533,24055375694,2046,24055377740,2464,46043,122,122,4,cudaLaunchKernel, 977    1    1, 256    1    1,"<unnamed>::unpack_face_y(const double *, double *, int, int, int, int, int)"
24055346544,33497,24055380041,1603,24055381644,12544,47644,123,123,5,cudaLaunchKernel, 977    1    1, 256    1    1,"<unnamed>::unpack_face_z(const double *, double *, int, int, int, int, int)"
24055378141,31554,,,24055408843,12608,43310,122,122,4,cudaLaunchKernel, 977    1    1, 256    1    1,"<unnamed>::unpack_face_z(const double *, double *, int, int, int, int, int)"
24055546340,37826,24055584166,484,24055584650,1472,39782,123,123,5,cudaLaunchKernel,   1    2    2,  32    4    4,"<unnamed>::step_kernel_interior(const double *, const double *, double *, const double *, const double *, int, int, int, int, int, int, int, double, double)"
24055583162,36248,24055619410,2104,24055621514,1440,39792,122,122,4,cudaLaunchKernel,   1    2    2,  32    4    4,"<unnamed>::step_kernel_interior(const double *, const double *, double *, const double *, const double *, int, int, int, int, int, int, int, double, double)"
24055587033,34430,24055621463,595,24055622058,1408,36433,123,123,5,cudaLaunchKernel,   1    1    1, 256    1    1,"<unnamed>::step_kernel_boundary_x_faces(const double *, const double *, double *, const double *, const double *, int, int, int, int, int, int, int, double, double)"
24055622154,34661,24055656815,2683,24055659498,1408,38752,122,122,4,cudaLaunchKernel,   1    1    1, 256    1    1,"<unnamed>::step_kernel_boundary_x_faces(const double *, const double *, double *, const double *, const double *, int, int, int, int, int, int, int, double, double)"
24055623345,33272,,,24055655209,1408,33272,123,123,5,cudaLaunchKernel,   1    1    1, 256    1    1,"<unnamed>::step_kernel_boundary_y_faces(const double *, const double *, double *, const double *, const double *, int, int, int, int, int, int, int, double, double)"
24055658546,35615,24055694161,696,24055694857,1440,37751,123,123,5,cudaLaunchKernel,   1    1    1, 256    1    1,"<unnamed>::step_kernel_boundary_z_faces(const double *, const double *, double *, const double *, const double *, int, int, int, int, int, int, int, double, double)"
24055658849,34261,24055693110,2324,24055695434,1408,37993,122,122,4,cudaLaunchKernel,   1    1    1, 256    1    1,"<unnamed>::step_kernel_boundary_y_faces(const double *, const double *, double *, const double *, const double *, int, int, int, int, int, int, int, double, double)"
24055695421,38124,,,24055733321,1472,39372,122,122,4,cudaLaunchKernel,   1    1    1, 256    1    1,"<unnamed>::step_kernel_boundary_z_faces(const double *, const double *, double *, const double *, const double *, int, int, int, int, int, int, int, double, double)"
24055710645,15090,,,24055723817,1376,15090,123,123,5,cudaLaunchKernel,   1    2    2,  32    4    4,"<unnamed>::step_kernel_interior(const double *, const double *, double *, const double *, const double *, int, int, int, int, int, int, int, double, double)"
24055727151,11723,24055738874,622,24055739496,1344,13689,123,123,5,cudaLaunchKernel,   1    1    1, 256    1    1,"<unnamed>::step_kernel_boundary_x_faces(const double *, const double *, double *, const double *, const double *, int, int, int, int, int, int, int, double, double)"
24055739816,10878,24055750694,898,24055751592,1376,13152,123,123,5,cudaLaunchKernel,   1    1    1, 256    1    1,"<unnamed>::step_kernel_boundary_y_faces(const double *, const double *, double *, const double *, const double *, int, int, int, int, int, int, int, double, double)"
24055746566,12239,,,24055758057,1536,13027,122,122,4,cudaLaunchKernel,   1    2    2,  32    4    4,"<unnamed>::step_kernel_interior(const double *, const double *, double *, const double *, const double *, int, int, int, int, int, int, int, double, double)"
24055751615,11591,24055763206,1250,24055764456,1376,14217,123,123,5,cudaLaunchKernel,   1    1    1, 256    1    1,"<unnamed>::step_kernel_boundary_z_faces(const double *, const double *, double *, const double *, const double *, int, int, int, int, int, int, int, double, double)"
24055759895,6816,24055766711,3794,24055770505,1344,11954,122,122,4,cudaLaunchKernel,   1    1    1, 256    1    1,"<unnamed>::step_kernel_boundary_x_faces(const double *, const double *, double *, const double *, const double *, int, int, int, int, int, int, int, double, double)"
24055771249,11289,24055782538,2431,24055784969,1344,15064,122,122,4,cudaLaunchKernel,   1    1    1, 256    1    1,"<unnamed>::step_kernel_boundary_y_faces(const double *, const double *, double *, const double *, const double *, int, int, int, int, int, int, int, double, double)"
24055783434,11554,24055794988,2525,24055797513,1408,15487,122,122,4,cudaLaunchKernel,   1    1    1, 256    1    1,"<unnamed>::step_kernel_boundary_z_faces(const double *, const double *, double *, const double *, const double *, int, int, int, int, int, int, int, double, double)"
24056143153,17496,,,24056158943,3584,19374,131,131,7,cudaLaunchKernel, 977    1    1, 256    1    1,"<unnamed>::pack_face_x(const double *, double *, int, int, int, int, int)"
24056144655,19719,,,24056163933,3680,22958,121,121,3,cudaLaunchKernel, 977    1    1, 256    1    1,"<unnamed>::pack_face_x(const double *, double *, int, int, int, int, int)"
24056146245,17365,24056163610,745,24056164355,4000,22110,123,123,5,cudaLaunchKernel, 977    1    1, 256    1    1,"<unnamed>::pack_face_x(const double *, double *, int, int, int, int, int)"
24056148360,14159,,,24056160738,3520,15898,124,124,6,cudaLaunchKernel, 977    1    1, 256    1    1,"<unnamed>::pack_face_x(const double *, double *, int, int, int, int, int)"
24056161347,14023,,,24056174343,3520,16516,122,122,4,cudaLaunchKernel, 977    1    1, 256    1    1,"<unnamed>::pack_face_x(const double *, double *, int, int, int, int, int)"
24056162192,12083,,,24056172543,3360,13711,131,131,7,cudaLaunchKernel, 977    1    1, 256    1    1,"<unnamed>::pack_face_y(const double *, double *, int, int, int, int, int)"
24056163565,5766,24056169331,2159,24056171490,3360,11285,124,124,6,cudaLaunchKernel, 977    1    1, 256    1    1,"<unnamed>::pack_face_y(const double *, double *, int, int, int, int, int)"
24056164267,13693,24056177960,2112,24056180072,3839,19644,118,118,0,cudaLaunchKernel, 977    1    1, 256    1    1,"<unnamed>::pack_face_x(const double *, double *, int, int, int, int, int)"
24056164709,12681,24056177390,853,24056178243,3424,16958,123,123,5,cudaLaunchKernel, 977    1    1, 256    1    1,"<unnamed>::pack_face_y(const double *, double *, int, int, int, int, int)"
24056165532,10398,24056175930,67,24056175997,3296,13761,121,121,3,cudaLaunchKernel, 977    1    1, 256    1    1,"<unnamed>::pack_face_y(const double *, double *, int, int, int, int, int)"
24056166841,13808,24056180649,621,24056181270,3680,18109,120,120,2,cudaLaunchKernel, 977    1    1, 256    1    1,"<unnamed>::pack_face_x(const double *, double *, int, int, int, int, int)"
24056167001,12107,24056179108,816,24056179924,3456,16379,119,119,1,cudaLaunchKernel, 977    1    1, 256    1    1,"<unnamed>::pack_face_x(const double *, double *, int, int, int, int, int)"
24056169868,10562,24056180430,788,24056181218,12352,23702,124,124,6,cudaLaunchKernel, 977    1    1, 256    1    1,"<unnamed>::pack_face_z(const double *, double *, int, int, int, int, int)"
24056175414,8302,24056183716,1434,24056185150,12096,21832,131,131,7,cudaLaunchKernel, 977    1    1, 256    1    1,"<unnamed>::pack_face_z(const double *, double *, int, int, int, int, int)"
24056176693,9000,24056185693,3242,24056188935,3328,15570,122,122,4,cudaLaunchKernel, 977    1    1, 256    1    1,"<unnamed>::pack_face_y(const double *, double *, int, int, int, int, int)"
24056176924,6057,24056182981,2232,24056185213,15552,23841,121,121,3,cudaLaunchKernel, 977    1    1, 256    1    1,"<unnamed>::pack_face_z(const double *, double *, int, int, int, int, int)"
24056178409,12575,,,24056189027,12160,22778,123,123,5,cudaLaunchKernel, 977    1    1, 256    1    1,"<unnamed>::pack_face_z(const double *, double *, int, int, int, int, int)"
24056179153,11317,,,24056190343,3296,14486,118,118,0,cudaLaunchKernel, 977    1    1, 256    1    1,"<unnamed>::pack_face_y(const double *, double *, int, int, int, int, int)"
24056180481,6011,24056186492,1912,24056188404,3232,11155,119,119,1,cudaLaunchKernel, 977    1    1, 256    1    1,"<unnamed>::pack_face_y(const double *, double *, int, int, int, int, int)"
24056181686,10797,24056192483,19,24056192502,3200,14016,120,120,2,cudaLaunchKernel, 977    1    1, 256    1    1,"<unnamed>::pack_face_y(const double *, double *, int, int, int, int, int)"
24056182006,4615,24056186621,6085,24056192706,1757004,1767704,124,124,6,cudaLaunchKernel,  16  125  125,  32    4    4,"<unnamed>::step_kernel_interior(const double *, const double *, double *, const double *, const double *, int, int, int, int, int, int, int, double, double)"
24056183985,8707,24056192692,3145,24056195837,1758830,1770682,121,121,3,cudaLaunchKernel,  16  125  125,  32    4    4,"<unnamed>::step_kernel_interior(const double *, const double *, double *, const double *, const double *, int, int, int, int, int, int, int, double, double)"
24056184559,11372,24056195931,1027,24056196958,1759499,1771898,131,131,7,cudaLaunchKernel,  16  125  125,  32    4    4,"<unnamed>::step_kernel_interior(const double *, const double *, double *, const double *, const double *, int, int, int, int, int, int, int, double, double)"
24056186386,17149,24056203535,2359,24056205894,12608,32116,122,122,4,cudaLaunchKernel, 977    1    1, 256    1    1,"<unnamed>::pack_face_z(const double *, double *, int, int, int, int, int)"
24056186913,10242,24056197155,977,24056198132,12128,23347,119,119,1,cudaLaunchKernel, 977    1    1, 256    1    1,"<unnamed>::pack_face_z(const double *, double *, int, int, int, int, int)"
24056191725,13092,24056204817,2454,24056207271,12000,27546,118,118,0,cudaLaunchKernel, 977    1    1, 256    1    1,"<unnamed>::pack_face_z(const double *, double *, int, int, int, int, int)"
24056192467,15560,,,24056206531,1759148,1773212,123,123,5,cudaLaunchKernel,  16  125  125,  32    4    4,"<unnamed>::step_kernel_interior(const double *, const double *, double *, const double *, const double *, int, int, int, int, int, int, int, double, double)"
24056193494,14722,,,24056206518,12416,25440,120,120,2,cudaLaunchKernel, 977    1    1, 256    1    1,"<unnamed>::pack_face_z(const double *, double *, int, int, int, int, int)"
24056201545,10866,24056212411,953,24056213364,1756501,1768320,119,119,1,cudaLaunchKernel,  16  125  125,  32    4    4,"<unnamed>::step_kernel_interior(const double *, const double *, double *, const double *, const double *, int, int, int, int, int, int, int, double, double)"
24056204805,16501,,,24056220934,1754678,1770807,122,122,4,cudaLaunchKernel,  16  125  125,  32    4    4,"<unnamed>::step_kernel_interior(const double *, const double *, double *, const double *, const double *, int, int, int, int, int, int, int, double, double)"
24056209117,11573,,,24056220647,1756851,1768381,118,118,0,cudaLaunchKernel,  16  125  125,  32    4    4,"<unnamed>::step_kernel_interior(const double *, const double *, double *, const double *, const double *, int, int, int, int, int, int, int, double, double)"
24056209739,12462,24056222201,1149,24056223350,1755625,1769236,120,120,2,cudaLaunchKernel,  16  125  125,  32    4    4,"<unnamed>::step_kernel_interior(const double *, const double *, double *, const double *, const double *, int, int, int, int, int, int, int, double, double)"
24056350050,13203,24056363253,1581529,24057944782,4288,1599020,124,124,6,cudaLaunchKernel, 977    1    1, 256    1    1,"<unnamed>::unpack_face_x(const double *, double *, int, int, int, int, int)"
24056364653,10807,24056375460,1574986,24057950446,2784,1588577,124,124,6,cudaLaunchKernel, 977    1    1, 256    1    1,"<unnamed>::unpack_face_y(const double *, double *, int, int, int, int, int)"
24056367240,10346,24056377586,1572665,24057950251,4928,1587939,121,121,3,cudaLaunchKernel, 977    1    1, 256    1    1,"<unnamed>::unpack_face_x(const double *, double *, int, int, int, int, int)"
24056367540,11465,24056379005,1572588,24057951593,4352,1588405,131,131,7,cudaLaunchKernel, 977    1    1, 256    1    1,"<unnamed>::unpack_face_x(const double *, double *, int, int, int, int, int)"
24056376512,5891,24056382403,1571883,24057954286,15743,1593517,124,124,6,cudaLaunchKernel, 977    1    1, 256    1    1,"<unnamed>::unpack_face_z(const double *, double *, int, int, int, int, int)"
24056378646,4814,24056383460,1573127,24057956587,2784,1580725,121,121,3,cudaLaunchKernel, 977    1    1, 256    1    1,"<unnamed>::unpack_face_y(const double *, double *, int, int, int, int, int)"
24056380141,10457,24056390598,1566851,24057957449,2624,1579932,131,131,7,cudaLaunchKernel, 977    1    1, 256    1    1,"<unnamed>::unpack_face_y(const double *, double *, int, int, int, int, int)"
24056382664,12709,24056395373,1579507,24057974880,4607,1596823,120,120,2,cudaLaunchKernel, 977    1    1, 256    1    1,"<unnamed>::unpack_face_x(const double *, double *, int, int, int, int, int)"
24056383177,10566,24056393743,1572122,24057965865,4512,1587200,119,119,1,cudaLaunchKernel, 977    1    1, 256    1    1,"<unnamed>::unpack_face_x(const double *, double *, int, int, int, int, int)"
24056383248,8486,24056391734,1579511,24057971245,13920,1601917,124,124,6,cudaLaunchKernel,1954    1    1, 256    1    1,"<unnamed>::step_kernel_boundary_x_faces(const double *, const double *, double *, const double *, const double *, int, int, int, int, int, int, int, double, double)"
24056383930,10146,24056394076,1566287,24057960363,16032,1592465,121,121,3,cudaLaunchKernel, 977    1    1, 256    1    1,"<unnamed>::unpack_face_z(const double *, double *, int, int, int, int, int)"
24056384178,16184,24056400362,1560389,24057960751,4288,1580861,123,123,5,cudaLaunchKernel, 977    1    1, 256    1    1,"<unnamed>::unpack_face_x(const double *, double *, int, int, int, int, int)"
24056387917,13119,24056401036,1572110,24057973146,4864,1590093,118,118,0,cudaLaunchKernel, 977    1    1, 256    1    1,"<unnamed>::unpack_face_x(const double *, double *, int, int, int, int, int)"
24056388324,12769,24056401093,1570007,24057971100,3936,1586712,122,122,4,cudaLaunchKernel, 977    1    1, 256    1    1,"<unnamed>::unpack_face_x(const double *, double *, int, int, int, int, int)"
24056391628,12768,24056404396,1556765,24057961161,15584,1585117,131,131,7,cudaLaunchKernel, 977    1    1, 256    1    1,"<unnamed>::unpack_face_z(const double *, double *, int, int, int, int, int)"
24056392681,9021,24056401702,1584615,24057986317,13312,1606948,124,124,6,cudaLaunchKernel,1946    1    1, 256    1    1,"<unnamed>::step_kernel_boundary_y_faces(const double *, const double *, double *, const double *, const double *, int, int, int, int, int, int, int, double, double)"
24056394750,9937,24056404687,1567002,24057971689,2720,1579659,119,119,1,cudaLaunchKernel, 977    1    1, 256    1    1,"<unnamed>::unpack_face_y(const double *, double *, int, int, int, int, int)"
24056395281,9085,24056404366,1573149,24057977515,13472,1595706,121,121,3,cudaLaunchKernel,1954    1    1, 256    1    1,"<unnamed>::step_kernel_boundary_x_faces(const double *, const double *, double *, const double *, const double *, int, int, int, int, int, int, int, double, double)"
24056399658,12743,24056412401,1568686,24057981087,2656,1584085,120,120,2,cudaLaunchKernel, 977    1    1, 256    1    1,"<unnamed>::unpack_face_y(const double *, double *, int, int, int, int, int)"
24056401620,11547,24056413167,1553568,24057966735,2752,1567867,123,123,5,cudaLaunchKernel, 977    1    1, 256    1    1,"<unnamed>::unpack_face_y(const double *, double *, int, int, int, int, int)"
24056402125,11100,24056413225,1566353,24057979578,3008,1580461,118,118,0,cudaLaunchKernel, 977    1    1, 256    1    1,"<unnamed>::unpack_face_y(const double *, double *, int, int, int, int, int)"
24056402264,12231,24056414495,1561821,24057976316,2624,1576676,122,122,4,cudaLaunchKernel, 977    1    1, 256    1    1,"<unnamed>::unpack_face_y(const double *, double *, int, int, int, int, int)"
24056402566,9443,24056412009,1588868,24058000877,116063,1714374,124,124,6,cudaLaunchKernel,1938    1    1, 256    1    1,"<unnamed>::step_kernel_boundary_z_faces(const double *, const double *, double *, const double *, const double *, int, int, int, int, int, int, int, double, double)"
24056405352,9952,24056415304,1576771,24057992075,13120,1599843,121,121,3,cudaLaunchKernel,1946    1    1, 256    1    1,"<unnamed>::step_kernel_boundary_y_faces(const double *, const double *, double *, const double *, const double *, int, int, int, int, int, int, int, double, double)"
24056405681,9944,24056415625,1559936,24057975561,15904,1585784,119,119,1,cudaLaunchKernel, 977    1    1, 256    1    1,"<unnamed>::unpack_face_z(const double *, double *, int, int, int, int, int)"
24056405773,11709,24056417482,1560703,24057978185,13984,1586396,131,131,7,cudaLaunchKernel,1954    1    1, 256    1    1,"<unnamed>::step_kernel_boundary_x_faces(const double *, const double *, double *, const double *, const double *, int, int, int, int, int, int, int, double, double)"
24056413380,10470,24056423850,1561013,24057984863,16224,1587707,120,120,2,cudaLaunchKernel, 977    1    1, 256    1    1,"<unnamed>::unpack_face_z(const double *, double *, int, int, int, int, int)"
24056414214,14321,24056428535,1541976,24057970511,15744,1572041,123,123,5,cudaLaunchKernel, 977    1    1, 256    1    1,"<unnamed>::unpack_face_z(const double *, double *, int, int, int, int, int)"
24056414228,14836,24056429064,1554834,24057983898,15776,1585446,118,118,0,cudaLaunchKernel, 977    1    1, 256    1    1,"<unnamed>::unpack_face_z(const double *, double *, int, int, int, int, int)"
24056415528,15588,24056431116,1548880,24057979996,15391,1579859,122,122,4,cudaLaunchKernel, 977    1    1, 256    1    1,"<unnamed>::unpack_face_z(const double *, double *, int, int, int, int, int)"
24056416234,9111,24056425345,1581322,24058006667,117439,1707872,121,121,3,cudaLaunchKernel,1938    1    1, 256    1    1,"<unnamed>::step_kernel_boundary_z_faces(const double *, const double *, double *, const double *, const double *, int, int, int, int, int, int, int, double, double)"
24056416924,9688,24056426612,1565973,24057992585,13984,1589645,119,119,1,cudaLaunchKernel,1954    1    1, 256    1    1,"<unnamed>::step_kernel_boundary_x_faces(const double *, const double *, double *, const double *, const double *, int, int, int, int, int, int, int, double, double)"
24056421551,13057,24056434608,1559001,24057993609,12928,1584986,131,131,7,cudaLaunchKernel,1946    1    1, 256    1    1,"<unnamed>::step_kernel_boundary_y_faces(const double *, const double *, double *, const double *, const double *, int, int, int, int, int, int, int, double, double)"
24056423062,10424,24056433486,1684894,24058118380,7744,1703062,124,124,6,cudaLaunchKernel, 977    1    1, 256    1    1,"<unnamed>::pack_face_x(const double *, double *, int, int, int, int, int)"
24056425313,14001,24056439314,1563213,24058002527,14592,1591806,120,120,2,cudaLaunchKernel,1954    1    1, 256    1    1,"<unnamed>::step_kernel_boundary_x_faces(const double *, const double *, double *, const double *, const double *, int, int, int, int, int, int, int, double, double)"
24056430337,11523,24056441860,1566117,24058007977,13152,1590792,119,119,1,cudaLaunchKernel,1946    1    1, 256    1    1,"<unnamed>::step_kernel_boundary_y_faces(const double *, const double *, double *, const double *, const double *, int, int, int, int, int, int, int, double, double)"
24056430832,12228,24056443060,1544378,24057987438,14464,1571070,123,123,5,cudaLaunchKernel,1954    1    1, 256    1    1,"<unnamed>::step_kernel_boundary_x_faces(const double *, const double *, double *, const double *, const double *, int, int, int, int, int, int, int, double, double)"
24056430903,11111,24056442014,1559100,24058001114,13792,1584003,118,118,0,cudaLaunchKernel,1954    1    1, 256    1    1,"<unnamed>::step_kernel_boundary_x_faces(const double *, const double *, double *, const double *, const double *, int, int, int, int, int, int, int, double, double)"
24056432318,11902,24056444220,1552319,24057996539,13920,1578141,122,122,4,cudaLaunchKernel,1954    1    1, 256    1    1,"<unnamed>::step_kernel_boundary_x_faces(const double *, const double *, double *, const double *, const double *, int, int, int, int, int, int, int, double, double)"
24056434418,10160,24056444578,3423318,24059867896,4896,3438374,124,124,6,cudaLaunchKernel, 977    1    1, 256    1    1,"<unnamed>::pack_face_y(const double *, double *, int, int, int, int, int)"
24056438785,7493,24056446278,1561731,24058008009,117598,1686822,131,131,7,cudaLaunchKernel,1938    1    1, 256    1    1,"<unnamed>::step_kernel_boundary_z_faces(const double *, const double *, double *, const double *, const double *, int, int, int, int, int, int, int, double, double)"
24056440315,6159,24056446474,1572117,24058018591,12928,1591204,120,120,2,cudaLaunchKernel,1946    1    1, 256    1    1,"<unnamed>::step_kernel_boundary_y_faces(const double *, const double *, double *, const double *, const double *, int, int, int, int, int, int, int, double, double)"
24056441079,7157,24056448236,1677310,24058125546,8032,1692499,121,121,3,cudaLaunchKernel, 977    1    1, 256    1    1,"<unnamed>::pack_face_x(const double *, double *, int, int, int, int, int)"
24056442765,5104,24056447869,1574764,24058022633,116607,1696475,119,119,1,cudaLaunchKernel,1938    1    1, 256    1    1,"<unnamed>::step_kernel_boundary_z_faces(const double *, const double *, double *, const double *, const double *, int, int, int, int, int, int, int, double, double)"
24056442987,8030,24056451017,1565073,24058016090,12832,1585935,118,118,0,cudaLaunchKernel,1946    1    1, 256    1    1,"<unnamed>::step_kernel_boundary_y_faces(const double *, const double *, double *, const double *, const double *, int, int, int, int, int, int, int, double, double)"
24056444028,8116,24056452144,1550910,24058003054,13088,1572114,123,123,5,cudaLaunchKernel,1946    1    1, 256    1    1,"<unnamed>::step_kernel_boundary_y_faces(const double *, const double *, double *, const double *, const double *, int, int, int, int, int, int, int, double, double)"
24056445180,8067,24056453247,1558396,24058011643,12992,1579455,122,122,4,cudaLaunchKernel,1946    1    1, 256    1    1,"<unnamed>::step_kernel_boundary_y_faces(const double *, const double *, double *, const double *, const double *, int, int, int, int, int, int, int, double, double)"
24056445493,3861,24056449354,3425390,24059874744,12608,3441859,124,124,6,cudaLaunchKernel, 977    1    1, 256    1    1,"<unnamed>::pack_face_z(const double *, double *, int, int, int, int, int)"
24056447214,5347,24056452561,1580398,24058032959,118558,1704303,120,120,2,cudaLaunchKernel,1938    1    1, 256    1    1,"<unnamed>::step_kernel_boundary_z_faces(const double *, const double *, double *, const double *, const double *, int, int, int, int, int, int, int, double, double)"
24056448960,3959,24056452919,3424065,24059876984,5024,3433048,121,121,3,cudaLaunchKernel, 977    1    1, 256    1    1,"<unnamed>::pack_face_y(const double *, double *, int, int, int, int, int)"
24056450048,3954,24056454002,1665626,24058119628,1752652,3422232,124,124,6,cudaLaunchKernel,  16  125  125,  32    4    4,"<unnamed>::step_kernel_interior(const double *, const double *, double *, const double *, const double *, int, int, int, int, int, int, int, double, double)"
24056451449,10186,24056461635,1568471,24058030106,116255,1694912,118,118,0,cudaLaunchKernel,1938    1    1, 256    1    1,"<unnamed>::step_kernel_boundary_z_faces(const double *, const double *, double *, const double *, const double *, int, int, int, int, int, int, int, double, double)"
24056452605,11030,24056463635,1553595,24058017230,118111,1682736,123,123,5,cudaLaunchKernel,1938    1    1, 256    1    1,"<unnamed>::step_kernel_boundary_z_faces(const double *, const double *, double *, const double *, const double *, int, int, int, int, int, int, int, double, double)"
24056452773,11515,24056464288,1663111,24058127399,7072,1681698,131,131,7,cudaLaunchKernel, 977    1    1, 256    1    1,"<unnamed>::pack_face_x(const double *, double *, int, int, int, int, int)"
24056453349,7835,24056461184,3422648,24059883832,12544,3443027,121,121,3,cudaLaunchKernel, 977    1    1, 256    1    1,"<unnamed>::pack_face_z(const double *, double *, int, int, int, int, int)"
24056453746,10488,24056464234,1561489,24058025723,115680,1687657,122,122,4,cudaLaunchKernel,1938    1    1, 256    1    1,"<unnamed>::step_kernel_boundary_z_faces(const double *, const double *, double *, const double *, const double *, int, int, int, int, int, int, int, double, double)"
24056453851,9458,24056463309,3427537,24059890846,3616,3440611,119,119,1,cudaLaunchKernel, 977    1    1, 256    1    1,"<unnamed>::pack_face_x(const double *, double *, int, int, int, int, int)"
24056462335,9619,24056471954,1654872,24058126826,1754638,3419129,121,121,3,cudaLaunchKernel,  16  125  125,  32    4    4,"<unnamed>::step_kernel_interior(const double *, const double *, double *, const double *, const double *, int, int, int, int, int, int, int, double, double)"
24056464256,9729,24056473985,3422621,24059896606,3008,3435358,119,119,1,cudaLaunchKernel, 977    1    1, 256    1    1,"<unnamed>::pack_face_y(const double *, double *, int, int, int, int, int)"
24056464367,12735,24056477102,1675919,24058153021,7168,1695822,120,120,2,cudaLaunchKernel, 977    1    1, 256    1    1,"<unnamed>::pack_face_x(const double *, double *, int, int, int, int, int)"
24056468351,24228,24056492579,3386447,24059879026,4768,3415443,131,131,7,cudaLaunchKernel, 977    1    1, 256    1    1,"<unnamed>::pack_face_y(const double *, double *, int, int, int, int, int)"
24056472962,22441,24056495403,1652462,24058147865,6944,1681847,118,118,0,cudaLaunchKernel, 977    1    1, 256    1    1,"<unnamed>::pack_face_x(const double *, double *, int, int, int, int, int)"
24056474905,20160,24056495065,3405637,24059900702,12288,3438085,119,119,1,cudaLaunchKernel, 977    1    1, 256    1    1,"<unnamed>::pack_face_z(const double *, double *, int, int, int, int, int)"
24056489741,6958,24056496699,3408108,24059904807,4896,3419962,120,120,2,cudaLaunchKernel, 977    1    1, 256    1    1,"<unnamed>::pack_face_y(const double *, double *, int, int, int, int, int)"
24056493503,6901,24056500404,3384830,24059885234,12416,3404147,131,131,7,cudaLaunchKernel, 977    1    1, 256    1    1,"<unnamed>::pack_face_z(const double *, double *, int, int, int, int, int)"
24056493748,12562,24056506310,3379539,24059885849,4480,3396581,123,123,5,cudaLaunchKernel, 977    1    1, 256    1    1,"<unnamed>::pack_face_x(const double *, double *, int, int, int, int, int)"
24056496182,4662,24056500844,1640124,24058140968,1754614,3399400,119,119,1,cudaLaunchKernel,  16  125  125,  32    4    4,"<unnamed>::step_kernel_interior(const double *, const double *, double *, const double *, const double *, int, int, int, int, int, int, int, double, double)"
24056496386,4333,24056500719,3399581,24059900300,4960,3408874,118,118,0,cudaLaunchKernel, 977    1    1, 256    1    1,"<unnamed>::pack_face_y(const double *, double *, int, int, int, int, int)"
24056496596,12212,24056508808,1634131,24058142939,7456,1653799,122,122,4,cudaLaunchKernel, 977    1    1, 256    1    1,"<unnamed>::pack_face_x(const double *, double *, int, int, int, int, int)"
24056497193,9508,24056506701,3404666,24059911367,12320,3426494,120,120,2,cudaLaunchKernel, 977    1    1, 256    1    1,"<unnamed>::pack_face_z(const double *, double *, int, int, int, int, int)"
24056501084,11072,24056512156,1616459,24058128615,1754667,3382198,131,131,7,cudaLaunchKernel,  16  125  125,  32    4    4,"<unnamed>::step_kernel_interior(const double *, const double *, double *, const double *, const double *, int, int, int, int, int, int, int, double, double)"
24056504501,7423,24056511924,3394904,24059906828,12608,3414935,118,118,0,cudaLaunchKernel, 977    1    1, 256    1    1,"<unnamed>::pack_face_z(const double *, double *, int, int, int, int, int)"
24056507266,6326,24056513592,3378017,24059891609,3040,3387383,123,123,5,cudaLaunchKernel, 977    1    1, 256    1    1,"<unnamed>::pack_face_y(const double *, double *, int, int, int, int, int)"
24056507857,10613,24056518470,1635671,24058154141,1755018,3401302,120,120,2,cudaLaunchKernel,  16  125  125,  32    4    4,"<unnamed>::step_kernel_interior(const double *, const double *, double *, const double *, const double *, int, int, int, int, int, int, int, double, double)"
24056509789,10361,24056520150,3371066,24059891216,4800,3386227,122,122,4,cudaLaunchKernel, 977    1    1, 256    1    1,"<unnamed>::pack_face_y(const double *, double *, int, int, int, int, int)"
24056512695,8945,24056521640,1627473,24058149113,1755635,3392053,118,118,0,cudaLaunchKernel,  16  125  125,  32    4    4,"<unnamed>::step_kernel_interior(const double *, const double *, double *, const double *, const double *, int, int, int, int, int, int, int, double, double)"
24056517887,11271,24056529158,3366579,24059895737,12447,3390297,123,123,5,cudaLaunchKernel, 977    1    1, 256    1    1,"<unnamed>::pack_face_z(const double *, double *, int, int, int, int, int)"
24056521093,11415,24056532508,3364948,24059897456,12608,3388971,122,122,4,cudaLaunchKernel, 977    1    1, 256    1    1,"<unnamed>::pack_face_z(const double *, double *, int, int, int, int, int)"
24056530483,12762,24056543245,1593472,24058136717,1754156,3360390,123,123,5,cudaLaunchKernel,  16  125  125,  32    4    4,"<unnamed>::step_kernel_interior(const double *, const double *, double *, const double *, const double *, int, int, int, int, int, int, int, double, double)"
24056536840,12907,24056549747,1594376,24058144123,1751381,3358664,122,122,4,cudaLaunchKernel,  16  125  125,  32    4    4,"<unnamed>::step_kernel_interior(const double *, const double *, double *, const double *, const double *, int, int, int, int, int, int, int, double, double)"
24060001709,16895,,,24060017425,2336,18052,131,131,7,cudaLaunchKernel, 977    1    1, 256    1    1,"<unnamed>::unpack_face_x(const double *, double *, int, int, int, int, int)"
24060002182,11003,24060013185,1397,24060014582,2432,14832,124,124,6,cudaLaunchKernel, 977    1    1, 256    1    1,"<unnamed>::unpack_face_x(const double *, double *, int, int, int, int, int)"
24060002930,10336,24060013266,1579,24060014845,2368,14283,119,119,1,cudaLaunchKernel, 977    1    1, 256    1    1,"<unnamed>::unpack_face_x(const double *, double *, int, int, int, int, int)"
24060008976,11114,24060020090,1245,24060021335,2336,14695,121,121,3,cudaLaunchKernel, 977    1    1, 256    1    1,"<unnamed>::unpack_face_x(const double *, double *, int, int, int, int, int)"
24060013539,17423,24060030962,2137,24060033099,2368,21928,118,118,0,cudaLaunchKernel, 977    1    1, 256    1    1,"<unnamed>::unpack_face_x(const double *, double *, int, int, int, int, int)"
24060014196,9719,24060023915,1298,24060025213,2496,13513,119,119,1,cudaLaunchKernel, 977    1    1, 256    1    1,"<unnamed>::unpack_face_y(const double *, double *, int, int, int, int, int)"
24060014197,9534,24060023731,1475,24060025206,2464,13473,124,124,6,cudaLaunchKernel, 977    1    1, 256    1    1,"<unnamed>::unpack_face_y(const double *, double *, int, int, int, int, int)"
24060017205,13917,24060031122,1189,24060032311,2368,17474,123,123,5,cudaLaunchKernel, 977    1    1, 256    1    1,"<unnamed>::unpack_face_x(const double *, double *, int, int, int, int, int)"
24060017515,13685,24060031200,2863,24060034063,2240,18788,122,122,4,cudaLaunchKernel, 977    1    1, 256    1    1,"<unnamed>::unpack_face_x(const double *, double *, int, int, int, int, int)"
24060017812,13308,24060031120,1237,24060032357,2528,17073,120,120,2,cudaLaunchKernel, 977    1    1, 256    1    1,"<unnamed>::unpack_face_x(const double *, double *, int, int, int, int, int)"
24060019602,10619,24060030221,1027,24060031248,2400,14046,131,131,7,cudaLaunchKernel, 977    1    1, 256    1    1,"<unnamed>::unpack_face_y(const double *, double *, int, int, int, int, int)"
24060021015,9468,24060030483,868,24060031351,2464,12800,121,121,3,cudaLaunchKernel, 977    1    1, 256    1    1,"<unnamed>::unpack_face_y(const double *, double *, int, int, int, int, int)"
24060027514,6410,24060033924,2162,24060036086,12608,21180,124,124,6,cudaLaunchKernel, 977    1    1, 256    1    1,"<unnamed>::unpack_face_z(const double *, double *, int, int, int, int, int)"
24060027676,7455,24060035131,2242,24060037373,13472,23169,119,119,1,cudaLaunchKernel, 977    1    1, 256    1    1,"<unnamed>::unpack_face_z(const double *, double *, int, int, int, int, int)"
24060031153,7333,24060038486,2458,24060040944,12160,21951,131,131,7,cudaLaunchKernel, 977    1    1, 256    1    1,"<unnamed>::unpack_face_z(const double *, double *, int, int, int, int, int)"
24060031385,5371,24060036756,2403,24060039159,11999,19773,121,121,3,cudaLaunchKernel, 977    1    1, 256    1    1,"<unnamed>::unpack_face_z(const double *, double *, int, int, int, int, int)"
24060032051,6502,24060038553,3346,24060041899,2432,12280,118,118,0,cudaLaunchKernel, 977    1    1, 256    1    1,"<unnamed>::unpack_face_y(const double *, double *, int, int, int, int, int)"
24060032138,6167,24060038305,2326,24060040631,2432,10925,123,123,5,cudaLaunchKernel, 977    1    1, 256    1    1,"<unnamed>::unpack_face_y(const double *, double *, int, int, int, int, int)"
24060032208,6481,24060038689,3470,24060042159,2496,12447,122,122,4,cudaLaunchKernel, 977    1    1, 256    1    1,"<unnamed>::unpack_face_y(const double *, double *, int, int, int, int, int)"
24060032242,7220,24060039462,1727,24060041189,2464,11411,120,120,2,cudaLaunchKernel, 977    1    1, 256    1    1,"<unnamed>::unpack_face_y(const double *, double *, int, int, int, int, int)"
24060034570,3952,24060038522,11260,24060049782,14528,29740,124,124,6,cudaLaunchKernel,1954    1    1, 256    1    1,"<unnamed>::step_kernel_boundary_x_faces(const double *, const double *, double *, const double *, const double *, int, int, int, int, int, int, int, double, double)"
24060035869,3853,24060039722,12243,24060051965,14944,31040,119,119,1,cudaLaunchKernel,1954    1    1, 256    1    1,"<unnamed>::step_kernel_boundary_x_faces(const double *, const double *, double *, const double *, const double *, int, int, int, int, int, int, int, double, double)"
24060037505,3587,24060041092,11186,24060052278,14560,29333,121,121,3,cudaLaunchKernel,1954    1    1, 256    1    1,"<unnamed>::step_kernel_boundary_x_faces(const double *, const double *, double *, const double *, const double *, int, int, int, int, int, int, int, double, double)"
24060038700,10553,,,24060048087,12768,22155,123,123,5,cudaLaunchKernel, 977    1    1, 256    1    1,"<unnamed>::unpack_face_z(const double *, double *, int, int, int, int, int)"
24060038927,2876,24060041803,23659,24060065462,13951,40486,124,124,6,cudaLaunchKernel,1946    1    1, 256    1    1,"<unnamed>::step_kernel_boundary_y_faces(const double *, const double *, double *, const double *, const double *, int, int, int, int, int, int, int, double, double)"
24060039223,10383,24060049606,105,24060049711,12640,23128,122,122,4,cudaLaunchKernel, 977    1    1, 256    1    1,"<unnamed>::unpack_face_z(const double *, double *, int, int, int, int, int)"
24060039265,4960,24060044225,10127,24060054352,14112,29199,131,131,7,cudaLaunchKernel,1954    1    1, 256    1    1,"<unnamed>::step_kernel_boundary_x_faces(const double *, const double *, double *, const double *, const double *, int, int, int, int, int, int, int, double, double)"
24060039292,10013,24060049305,626,24060049931,12192,22831,118,118,0,cudaLaunchKernel, 977    1    1, 256    1    1,"<unnamed>::unpack_face_z(const double *, double *, int, int, int, int, int)"
24060040024,10258,24060050282,1851,24060052133,12704,24813,120,120,2,cudaLaunchKernel, 977    1    1, 256    1    1,"<unnamed>::unpack_face_z(const double *, double *, int, int, int, int, int)"
24060040086,3214,24060043300,25081,24060068381,12896,41191,119,119,1,cudaLaunchKernel,1946    1    1, 256    1    1,"<unnamed>::step_kernel_boundary_y_faces(const double *, const double *, double *, const double *, const double *, int, int, int, int, int, int, int, double, double)"
24060041512,3041,24060044553,23437,24060067990,13056,39534,121,121,3,cudaLaunchKernel,1946    1    1, 256    1    1,"<unnamed>::step_kernel_boundary_y_faces(const double *, const double *, double *, const double *, const double *, int, int, int, int, int, int, int, double, double)"
24060042161,9638,24060051799,28798,24060080597,116447,154883,124,124,6,cudaLaunchKernel,1938    1    1, 256    1    1,"<unnamed>::step_kernel_boundary_z_faces(const double *, const double *, double *, const double *, const double *, int, int, int, int, int, int, int, double, double)"
24060043674,9440,24060053114,29315,24060082429,116927,155682,119,119,1,cudaLaunchKernel,1938    1    1, 256    1    1,"<unnamed>::step_kernel_boundary_z_faces(const double *, const double *, double *, const double *, const double *, int, int, int, int, int, int, int, double, double)"
24060047176,12236,24060059412,10268,24060069680,13184,35688,131,131,7,cudaLaunchKernel,1946    1    1, 256    1    1,"<unnamed>::step_kernel_boundary_y_faces(const double *, const double *, double *, const double *, const double *, int, int, int, int, int, int, int, double, double)"
24060048217,10252,24060058469,23729,24060082198,116927,150908,121,121,3,cudaLaunchKernel,1938    1    1, 256    1    1,"<unnamed>::step_kernel_boundary_z_faces(const double *, const double *, double *, const double *, const double *, int, int, int, int, int, int, int, double, double)"
24060050366,12109,24060062475,2188,24060064663,14175,28472,123,123,5,cudaLaunchKernel,1954    1    1, 256    1    1,"<unnamed>::step_kernel_boundary_x_faces(const double *, const double *, double *, const double *, const double *, int, int, int, int, int, int, int, double, double)"
24060050460,12103,24060062563,3688,24060066251,14080,29871,118,118,0,cudaLaunchKernel,1954    1    1, 256    1    1,"<unnamed>::step_kernel_boundary_x_faces(const double *, const double *, double *, const double *, const double *, int, int, int, int, int, int, int, double, double)"
24060050901,14319,24060065220,715,24060065935,14272,29306,122,122,4,cudaLaunchKernel,1954    1    1, 256    1    1,"<unnamed>::step_kernel_boundary_x_faces(const double *, const double *, double *, const double *, const double *, int, int, int, int, int, int, int, double, double)"
24060051573,10547,24060062120,4989,24060067109,14528,30064,120,120,2,cudaLaunchKernel,1954    1    1, 256    1    1,"<unnamed>::step_kernel_boundary_x_faces(const double *, const double *, double *, const double *, const double *, int, int, int, int, int, int, int, double, double)"
24060060291,15300,24060075591,8521,24060084112,118270,142091,131,131,7,cudaLaunchKernel,1938    1    1, 256    1    1,"<unnamed>::step_kernel_boundary_z_faces(const double *, const double *, double *, const double *, const double *, int, int, int, int, int, int, int, double, double)"
24060062489,9596,24060072085,1877323,24061949408,4768,1891687,124,124,6,cudaLaunchKernel, 977    1    1, 256    1    1,"<unnamed>::pack_face_x(const double *, double *, int, int, int, int, int)"
24060065512,9114,24060074626,8195,24060082821,13408,30717,120,120,2,cudaLaunchKernel,1946    1    1, 256    1    1,"<unnamed>::step_kernel_boundary_y_faces(const double *, const double *, double *, const double *, const double *, int, int, int, int, int, int, int, double, double)"
24060066510,7431,24060073941,7542,24060081483,13056,28029,118,118,0,cudaLaunchKernel,1946    1    1, 256    1    1,"<unnamed>::step_kernel_boundary_y_faces(const double *, const double *, double *, const double *, const double *, int, int, int, int, int, int, int, double, double)"
24060066683,7701,24060074384,5574,24060079958,13248,26523,123,123,5,cudaLaunchKernel,1946    1    1, 256    1    1,"<unnamed>::step_kernel_boundary_y_faces(const double *, const double *, double *, const double *, const double *, int, int, int, int, int, int, int, double, double)"
24060066951,7004,24060073955,126969,24060200924,6496,140469,119,119,1,cudaLaunchKernel, 977    1    1, 256    1    1,"<unnamed>::pack_face_x(const double *, double *, int, int, int, int, int)"
24060067203,7251,24060074454,7001,24060081455,13088,27340,122,122,4,cudaLaunchKernel,1946    1    1, 256    1    1,"<unnamed>::step_kernel_boundary_y_faces(const double *, const double *, double *, const double *, const double *, int, int, int, int, int, int, int, double, double)"
24060068887,6419,24060075306,1874809,24061950115,3680,1884908,121,121,3,cudaLaunchKernel, 977    1    1, 256    1    1,"<unnamed>::pack_face_x(const double *, double *, int, int, int, int, int)"
24060073010,8571,24060081581,1874035,24061955616,2976,1885582,124,124,6,cudaLaunchKernel, 977    1    1, 256    1    1,"<unnamed>::pack_face_y(const double *, double *, int, int, int, int, int)"
24060074486,9900,24060084386,11625,24060096011,118271,139796,118,118,0,cudaLaunchKernel,1938    1    1, 256    1    1,"<unnamed>::step_kernel_boundary_z_faces(const double *, const double *, double *, const double *, const double *, int, int, int, int, int, int, int, double, double)"
24060074542,8878,24060083420,1866901,24061950321,5056,1880835,119,119,1,cudaLaunchKernel, 977    1    1, 256    1    1,"<unnamed>::pack_face_y(const double *, double *, int, int, int, int, int)"
24060074851,10723,24060085574,10185,24060095759,117023,137931,122,122,4,cudaLaunchKernel,1938    1    1, 256    1    1,"<unnamed>::step_kernel_boundary_z_faces(const double *, const double *, double *, const double *, const double *, int, int, int, int, int, int, int, double, double)"
24060074888,10656,24060085544,8814,24060094358,117983,137453,123,123,5,cudaLaunchKernel,1938    1    1, 256    1    1,"<unnamed>::step_kernel_boundary_z_faces(const double *, const double *, double *, const double *, const double *, int, int, int, int, int, int, int, double, double)"
24060075275,10687,24060085962,11739,24060097701,117758,140184,120,120,2,cudaLaunchKernel,1938    1    1, 256    1    1,"<unnamed>::step_kernel_boundary_z_faces(const double *, const double *, double *, const double *, const double *, int, int, int, int, int, int, int, double, double)"
24060075774,8204,24060083978,1871417,24061955395,3200,1882821,121,121,3,cudaLaunchKernel, 977    1    1, 256    1    1,"<unnamed>::pack_face_y(const double *, double *, int, int, int, int, int)"
24060082671,5796,24060088467,1871149,24061959616,12544,1889489,124,124,6,cudaLaunchKernel, 977    1    1, 256    1    1,"<unnamed>::pack_face_z(const double *, double *, int, int, int, int, int)"
24060084330,9216,24060093546,1863271,24061956817,13408,1885895,119,119,1,cudaLaunchKernel, 977    1    1, 256    1    1,"<unnamed>::pack_face_z(const double *, double *, int, int, int, int, int)"
24060085020,8996,24060094016,1865571,24061959587,12544,1887111,121,121,3,cudaLaunchKernel, 977    1    1, 256    1    1,"<unnamed>::pack_face_z(const double *, double *, int, int, int, int, int)"
24060086971,13964,24060100935,1852946,24061953881,4800,1871710,131,131,7,cudaLaunchKernel, 977    1    1, 256    1    1,"<unnamed>::pack_face_x(const double *, double *, int, int, int, int, int)"
24060089129,10114,24060099243,99241,24060198484,1755180,1864535,124,124,6,cudaLaunchKernel,  16  125  125,  32    4    4,"<unnamed>::step_kernel_interior(const double *, const double *, double *, const double *, const double *, int, int, int, int, int, int, int, double, double)"
24060094723,10467,24060105190,96886,24060202076,1752789,1860142,119,119,1,cudaLaunchKernel,  16  125  125,  32    4    4,"<unnamed>::step_kernel_interior(const double *, const double *, double *, const double *, const double *, int, int, int, int, int, int, int, double, double)"
24060095129,10281,24060105410,95059,24060200469,1753838,1859178,121,121,3,cudaLaunchKernel,  16  125  125,  32    4    4,"<unnamed>::step_kernel_interior(const double *, const double *, double *, const double *, const double *, int, int, int, int, int, int, int, double, double)"
24060095838,13945,24060109783,106163,24060215946,6912,127020,118,118,0,cudaLaunchKernel, 977    1    1, 256    1    1,"<unnamed>::pack_face_x(const double *, double *, int, int, int, int, int)"
24060095898,14466,24060110364,103986,24060214350,7488,125940,122,122,4,cudaLaunchKernel, 977    1    1, 256    1    1,"<unnamed>::pack_face_x(const double *, double *, int, int, int, int, int)"
24060096035,15259,24060111294,1852547,24061963841,4928,1872734,123,123,5,cudaLaunchKernel, 977    1    1, 256    1    1,"<unnamed>::pack_face_x(const double *, double *, int, int, int, int, int)"
24060097185,14977,24060112162,105153,24060217315,6656,126786,120,120,2,cudaLaunchKernel, 977    1    1, 256    1    1,"<unnamed>::pack_face_x(const double *, double *, int, int, int, int, int)"
24060103064,12164,24060115228,1845117,24061960345,3008,1860289,131,131,7,cudaLaunchKernel, 977    1    1, 256    1    1,"<unnamed>::pack_face_y(const double *, double *, int, int, int, int, int)"
24060111054,12455,24060123509,1847048,24061970557,4352,1863855,118,118,0,cudaLaunchKernel, 977    1    1, 256    1    1,"<unnamed>::pack_face_y(const double *, double *, int, int, int, int, int)"
24060111510,12957,24060124467,1838928,24061963395,5024,1856909,122,122,4,cudaLaunchKernel, 977    1    1, 256    1    1,"<unnamed>::pack_face_y(const double *, double *, int, int, int, int, int)"
24060112309,11771,24060124080,1845969,24061970049,2848,1860588,123,123,5,cudaLaunchKernel, 977    1    1, 256    1    1,"<unnamed>::pack_face_y(const double *, double *, int, int, int, int, int)"
24060113131,11371,24060124502,1845271,24061969773,4512,1861154,120,120,2,cudaLaunchKernel, 977    1    1, 256    1    1,"<unnamed>::pack_face_y(const double *, double *, int, int, int, int, int)"
24060116087,11668,24060127755,1836910,24061964665,12384,1860962,131,131,7,cudaLaunchKernel, 977    1    1, 256    1    1,"<unnamed>::pack_face_z(const double *, double *, int, int, int, int, int)"
24060124456,11865,24060136321,1840156,24061976477,12288,1864309,118,118,0,cudaLaunchKernel, 977    1    1, 256    1    1,"<unnamed>::pack_face_z(const double *, double *, int, int, int, int, int)"
24060125015,11691,24060136706,1837183,24061973889,12319,1861193,123,123,5,cudaLaunchKernel, 977    1    1, 256    1    1,"<unnamed>::pack_face_z(const double *, double *, int, int, int, int, int)"
24060125402,11858,24060137260,1832535,24061969795,12448,1856841,122,122,4,cudaLaunchKernel, 977    1    1, 256    1    1,"<unnamed>::pack_face_z(const double *, double *, int, int, int, int, int)"
24060125423,11519,24060136942,1838943,24061975885,12384,1862846,120,120,2,cudaLaunchKernel, 977    1    1, 256    1    1,"<unnamed>::pack_face_z(const double *, double *, int, int, int, int, int)"
24060132233,12530,24060144763,59315,24060204078,1754091,1825936,131,131,7,cudaLaunchKernel,  16  125  125,  32    4    4,"<unnamed>::step_kernel_interior(const double *, const double *, double *, const double *, const double *, int, int, int, int, int, int, int, double, double)"
24060137459,11249,24060148708,68518,24060217226,1757171,1836938,118,118,0,cudaLaunchKernel,  16  125  125,  32    4    4,"<unnamed>::step_kernel_interior(const double *, const double *, double *, const double *, const double *, int, int, int, int, int, int, int, double, double)"
24060137877,13326,24060151203,62514,24060213717,1754540,1830380,123,123,5,cudaLaunchKernel,  16  125  125,  32    4    4,"<unnamed>::step_kernel_interior(const double *, const double *, double *, const double *, const double *, int, int, int, int, int, int, int, double, double)"
24060138104,10900,24060149004,69495,24060218499,1755274,1835669,120,120,2,cudaLaunchKernel,  16  125  125,  32    4    4,"<unnamed>::step_kernel_interior(const double *, const double *, double *, const double *, const double *, int, int, int, int, int, int, int, double, double)"
24060138378,12417,24060150795,64771,24060215566,1752341,1829529,122,122,4,cudaLaunchKernel,  16  125  125,  32    4    4,"<unnamed>::step_kernel_interior(const double *, const double *, double *, const double *, const double *, int, int, int, int, int, int, int, double, double)"
24062058363,6077,24062064440,2215,24062066655,2336,10628,124,124,6,cudaLaunchKernel, 977    1    1, 256    1    1,"<unnamed>::unpack_face_x(const double *, double *, int, int, int, int, int)"
24062060258,11069,24062071327,594,24062071921,2240,13903,119,119,1,cudaLaunchKernel, 977    1    1, 256    1    1,"<unnamed>::unpack_face_x(const double *, double *, int, int, int, int, int)"
24062064420,10210,24062074630,1340,24062075970,2304,13854,121,121,3,cudaLaunchKernel, 977    1    1, 256    1    1,"<unnamed>::unpack_face_x(const double *, double *, int, int, int, int, int)"
24062064881,8868,24062073749,1002,24062074751,2816,12686,124,124,6,cudaLaunchKernel, 977    1    1, 256    1    1,"<unnamed>::unpack_face_y(const double *, double *, int, int, int, int, int)"
24062071970,10271,24062082241,1707,24062083948,2399,14377,120,120,2,cudaLaunchKernel, 977    1    1, 256    1    1,"<unnamed>::unpack_face_x(const double *, double *, int, int, int, int, int)"
24062072323,10708,24062083031,1145,24062084176,2400,14253,119,119,1,cudaLaunchKernel, 977    1    1, 256    1    1,"<unnamed>::unpack_face_y(const double *, double *, int, int, int, int, int)"
24062073088,15193,24062088281,2819,24062091100,2368,20380,118,118,0,cudaLaunchKernel, 977    1    1, 256    1    1,"<unnamed>::unpack_face_x(const double *, double *, int, int, int, int, int)"
24062073851,15196,24062089047,1185,24062090232,2432,18813,131,131,7,cudaLaunchKernel, 977    1    1, 256    1    1,"<unnamed>::unpack_face_x(const double *, double *, int, int, int, int, int)"
24062074696,10618,24062085314,28,24062085342,13472,24118,124,124,6,cudaLaunchKernel, 977    1    1, 256    1    1,"<unnamed>::unpack_face_z(const double *, double *, int, int, int, int, int)"
24062078633,10969,24062089602,1024,24062090626,2496,14489,121,121,3,cudaLaunchKernel, 977    1    1, 256    1    1,"<unnamed>::unpack_face_y(const double *, double *, int, int, int, int, int)"
24062079755,14638,24062094393,41,24062094434,2368,17047,122,122,4,cudaLaunchKernel, 977    1    1, 256    1    1,"<unnamed>::unpack_face_x(const double *, double *, int, int, int, int, int)"
24062081821,15610,24062097431,1224,24062098655,2432,19266,123,123,5,cudaLaunchKernel, 977    1    1, 256    1    1,"<unnamed>::unpack_face_x(const double *, double *, int, int, int, int, int)"
24062086334,12060,24062098394,1329,24062099723,2432,15821,120,120,2,cudaLaunchKernel, 977    1    1, 256    1    1,"<unnamed>::unpack_face_y(const double *, double *, int, int, int, int, int)"
24062086806,10605,24062097411,749,24062098160,12768,24122,119,119,1,cudaLaunchKernel, 977    1    1, 256    1    1,"<unnamed>::unpack_face_z(const double *, double *, int, int, int, int, int)"
24062087972,10191,24062098163,2379,24062100542,14464,27034,124,124,6,cudaLaunchKernel,1954    1    1, 256    1    1,"<unnamed>::step_kernel_boundary_x_faces(const double *, const double *, double *, const double *, const double *, int, int, int, int, int, int, int, double, double)"
24062089203,12600,24062101803,2577,24062104380,2560,17737,118,118,0,cudaLaunchKernel, 977    1    1, 256    1    1,"<unnamed>::unpack_face_y(const double *, double *, int, int, int, int, int)"
24062090026,12768,24062102794,1262,24062104056,2528,16558,131,131,7,cudaLaunchKernel, 977    1    1, 256    1    1,"<unnamed>::unpack_face_y(const double *, double *, int, int, int, int, int)"
24062090534,9271,24062099805,1509,24062101314,13472,24252,121,121,3,cudaLaunchKernel, 977    1    1, 256    1    1,"<unnamed>::unpack_face_z(const double *, double *, int, int, int, int, int)"
24062095613,8892,24062104505,3657,24062108162,2400,14949,122,122,4,cudaLaunchKernel, 977    1    1, 256    1    1,"<unnamed>::unpack_face_y(const double *, double *, int, int, int, int, int)"
24062098380,13517,24062111897,1030,24062112927,2336,16883,123,123,5,cudaLaunchKernel, 977    1    1, 256    1    1,"<unnamed>::unpack_face_y(const double *, double *, int, int, int, int, int)"
24062098585,6448,24062105033,7015,24062112048,14304,27767,119,119,1,cudaLaunchKernel,1954    1    1, 256    1    1,"<unnamed>::step_kernel_boundary_x_faces(const double *, const double *, double *, const double *, const double *, int, int, int, int, int, int, int, double, double)"
24062099059,5165,24062104224,11966,24062116190,13216,30347,124,124,6,cudaLaunchKernel,1946    1    1, 256    1    1,"<unnamed>::step_kernel_boundary_y_faces(const double *, const double *, double *, const double *, const double *, int, int, int, int, int, int, int, double, double)"
24062099297,14689,24062113986,1417,24062115403,12480,28586,120,120,2,cudaLaunchKernel, 977    1    1, 256    1    1,"<unnamed>::unpack_face_z(const double *, double *, int, int, int, int, int)"
24062100956,7867,24062108823,7435,24062116258,14336,29638,121,121,3,cudaLaunchKernel,1954    1    1, 256    1    1,"<unnamed>::step_kernel_boundary_x_faces(const double *, const double *, double *, const double *, const double *, int, int, int, int, int, int, int, double, double)"
24062102807,10712,24062113519,2285,24062115804,12544,25541,118,118,0,cudaLaunchKernel, 977    1    1, 256    1    1,"<unnamed>::unpack_face_z(const double *, double *, int, int, int, int, int)"
24062103744,10739,24062114483,1316,24062115799,12800,24855,131,131,7,cudaLaunchKernel, 977    1    1, 256    1    1,"<unnamed>::unpack_face_z(const double *, double *, int, int, int, int, int)"
24062104624,8669,24062113293,17233,24062130526,116927,142829,124,124,6,cudaLaunchKernel,1938    1    1, 256    1    1,"<unnamed>::step_kernel_boundary_z_faces(const double *, const double *, double *, const double *, const double *, int, int, int, int, int, int, int, double, double)"
24062105392,10452,24062115844,11724,24062127568,13632,35808,119,119,1,cudaLaunchKernel,1946    1    1, 256    1    1,"<unnamed>::step_kernel_boundary_y_faces(const double *, const double *, double *, const double *, const double *, int, int, int, int, int, int, int, double, double)"
24062108513,11887,,,24062120290,12768,24545,122,122,4,cudaLaunchKernel, 977    1    1, 256    1    1,"<unnamed>::unpack_face_z(const double *, double *, int, int, int, int, int)"
24062110123,5732,24062115855,15859,24062131714,13664,35255,121,121,3,cudaLaunchKernel,1946    1    1, 256    1    1,"<unnamed>::step_kernel_boundary_y_faces(const double *, const double *, double *, const double *, const double *, int, int, int, int, int, int, int, double, double)"
24062112852,13677,,,24062125311,12544,25003,123,123,5,cudaLaunchKernel, 977    1    1, 256    1    1,"<unnamed>::unpack_face_z(const double *, double *, int, int, int, int, int)"
24062114616,14922,24062129538,3322,24062132860,14528,32772,118,118,0,cudaLaunchKernel,1954    1    1, 256    1    1,"<unnamed>::step_kernel_boundary_x_faces(const double *, const double *, double *, const double *, const double *, int, int, int, int, int, int, int, double, double)"
24062115078,15345,24062130423,2452,24062132875,15072,32869,120,120,2,cudaLaunchKernel,1954    1    1, 256    1    1,"<unnamed>::step_kernel_boundary_x_faces(const double *, const double *, double *, const double *, const double *, int, int, int, int, int, int, int, double, double)"
24062118348,12575,24062130923,1836,24062132759,14208,28619,131,131,7,cudaLaunchKernel,1954    1    1, 256    1    1,"<unnamed>::step_kernel_boundary_x_faces(const double *, const double *, double *, const double *, const double *, int, int, int, int, int, int, int, double, double)"
24062119485,10084,24062129569,12655,24062142224,119199,141938,119,119,1,cudaLaunchKernel,1938    1    1, 256    1    1,"<unnamed>::step_kernel_boundary_z_faces(const double *, const double *, double *, const double *, const double *, int, int, int, int, int, int, int, double, double)"
24062119850,10184,24062130034,16719,24062146753,119263,146166,121,121,3,cudaLaunchKernel,1938    1    1, 256    1    1,"<unnamed>::step_kernel_boundary_z_faces(const double *, const double *, double *, const double *, const double *, int, int, int, int, int, int, int, double, double)"
24062121555,13418,24062134973,1605,24062136578,14624,29647,122,122,4,cudaLaunchKernel,1954    1    1, 256    1    1,"<unnamed>::step_kernel_boundary_x_faces(const double *, const double *, double *, const double *, const double *, int, int, int, int, int, int, int, double, double)"
24062122923,10158,24062133081,1865584,24063998665,4320,1880062,124,124,6,cudaLaunchKernel, 977    1    1, 256    1    1,"<unnamed>::pack_face_x(const double *, double *, int, int, int, int, int)"
24062128190,11761,24062139951,1808,24062141759,14591,28160,123,123,5,cudaLaunchKernel,1954    1    1, 256    1    1,"<unnamed>::step_kernel_boundary_x_faces(const double *, const double *, double *, const double *, const double *, int, int, int, int, int, int, int, double, double)"
24062130450,9957,24062140407,8197,24062148604,13824,31978,118,118,0,cudaLaunchKernel,1946    1    1, 256    1    1,"<unnamed>::step_kernel_boundary_y_faces(const double *, const double *, double *, const double *, const double *, int, int, int, int, int, int, int, double, double)"
24062131357,14682,24062146039,3124,24062149163,12896,30702,120,120,2,cudaLaunchKernel,1946    1    1, 256    1    1,"<unnamed>::step_kernel_boundary_y_faces(const double *, const double *, double *, const double *, const double *, int, int, int, int, int, int, int, double, double)"
24062131798,13793,24062145591,2592,24062148183,13472,29857,131,131,7,cudaLaunchKernel,1946    1    1, 256    1    1,"<unnamed>::step_kernel_boundary_y_faces(const double *, const double *, double *, const double *, const double *, int, int, int, int, int, int, int, double, double)"
24062136851,9684,24062146535,1857890,24064004425,2912,1870486,124,124,6,cudaLaunchKernel, 977    1    1, 256    1    1,"<unnamed>::pack_face_y(const double *, double *, int, int, int, int, int)"
24062136883,10818,24062147701,4621,24062152322,13248,28687,122,122,4,cudaLaunchKernel,1946    1    1, 256    1    1,"<unnamed>::step_kernel_boundary_y_faces(const double *, const double *, double *, const double *, const double *, int, int, int, int, int, int, int, double, double)"
24062140449,10343,24062150792,116824,24062267616,6432,133599,121,121,3,cudaLaunchKernel, 977    1    1, 256    1    1,"<unnamed>::pack_face_x(const double *, double *, int, int, int, int, int)"
24062140526,10594,24062151120,1861589,24064012709,3584,1875767,119,119,1,cudaLaunchKernel, 977    1    1, 256    1    1,"<unnamed>::pack_face_x(const double *, double *, int, int, int, int, int)"
24062140889,10849,24062151738,5700,24062157438,13088,29637,123,123,5,cudaLaunchKernel,1946    1    1, 256    1    1,"<unnamed>::step_kernel_boundary_y_faces(const double *, const double *, double *, const double *, const double *, int, int, int, int, int, int, int, double, double)"
24062144497,11619,24062156116,7368,24062163484,118047,137034,118,118,0,cudaLaunchKernel,1938    1    1, 256    1    1,"<unnamed>::step_kernel_boundary_z_faces(const double *, const double *, double *, const double *, const double *, int, int, int, int, int, int, int, double, double)"
24062146493,12015,24062158508,4491,24062162999,118526,135032,131,131,7,cudaLaunchKernel,1938    1    1, 256    1    1,"<unnamed>::step_kernel_boundary_z_faces(const double *, const double *, double *, const double *, const double *, int, int, int, int, int, int, int, double, double)"
24062146902,11735,24062158637,4766,24062163403,117246,133747,120,120,2,cudaLaunchKernel,1938    1    1, 256    1    1,"<unnamed>::step_kernel_boundary_z_faces(const double *, const double *, double *, const double *, const double *, int, int, int, int, int, int, int, double, double)"
24062147503,10109,24062157612,1851100,24064008712,12512,1873721,124,124,6,cudaLaunchKernel, 977    1    1, 256    1    1,"<unnamed>::pack_face_z(const double *, double *, int, int, int, int, int)"
24062148628,14249,24062162877,3717,24062166594,116575,134541,122,122,4,cudaLaunchKernel,1938    1    1, 256    1    1,"<unnamed>::step_kernel_boundary_z_faces(const double *, const double *, double *, const double *, const double *, int, int, int, int, int, int, int, double, double)"
24062151710,8212,24062159922,1856829,24064016751,5184,1870225,121,121,3,cudaLaunchKernel, 977    1    1, 256    1    1,"<unnamed>::pack_face_y(const double *, double *, int, int, int, int, int)"
24062152075,9145,24062161220,1856449,24064017669,2880,1868474,119,119,1,cudaLaunchKernel, 977    1    1, 256    1    1,"<unnamed>::pack_face_y(const double *, double *, int, int, int, int, int)"
24062156013,13519,24062169532,2050,24062171582,117439,133008,123,123,5,cudaLaunchKernel,1938    1    1, 256    1    1,"<unnamed>::step_kernel_boundary_z_faces(const double *, const double *, double *, const double *, const double *, int, int, int, int, int, int, int, double, double)"
24062158725,9756,24062168481,80348,24062248829,1754700,1844804,124,124,6,cudaLaunchKernel,  16  125  125,  32    4    4,"<unnamed>::step_kernel_interior(const double *, const double *, double *, const double *, const double *, int, int, int, int, int, int, int, double, double)"
24062160835,9892,24062170727,1852552,24064023279,12448,1874892,121,121,3,cudaLaunchKernel, 977    1    1, 256    1    1,"<unnamed>::pack_face_z(const double *, double *, int, int, int, int, int)"
24062164845,6672,24062171517,1850088,24064021605,12480,1869240,119,119,1,cudaLaunchKernel, 977    1    1, 256    1    1,"<unnamed>::pack_face_z(const double *, double *, int, int, int, int, int)"
24062166648,12857,24062179505,103722,24062283227,7328,123907,118,118,0,cudaLaunchKernel, 977    1    1, 256    1    1,"<unnamed>::pack_face_x(const double *, double *, int, int, int, int, int)"
24062169406,11750,24062181156,1851132,24064032288,4416,1867298,131,131,7,cudaLaunchKernel, 977    1    1, 256    1    1,"<unnamed>::pack_face_x(const double *, double *, int, int, int, int, int)"
24062169925,11650,24062181575,1847308,24064028883,3584,1862542,120,120,2,cudaLaunchKernel, 977    1    1, 256    1    1,"<unnamed>::pack_face_x(const double *, double *, int, int, int, int, int)"
24062171586,12430,24062184016,1846694,24064030710,4640,1863764,122,122,4,cudaLaunchKernel, 977    1    1, 256    1    1,"<unnamed>::pack_face_x(const double *, double *, int, int, int, int, int)"
24062171879,9319,24062181198,87634,24062268832,1752591,1849544,121,121,3,cudaLaunchKernel,  16  125  125,  32    4    4,"<unnamed>::step_kernel_interior(const double *, const double *, double *, const double *, const double *, int, int, int, int, int, int, int, double, double)"
24062172288,9924,24062182212,80619,24062262831,1754038,1844581,119,119,1,cudaLaunchKernel,  16  125  125,  32    4    4,"<unnamed>::step_kernel_interior(const double *, const double *, double *, const double *, const double *, int, int, int, int, int, int, int, double, double)"
24062180436,10865,24062191301,1839657,24064030958,4352,1854874,118,118,0,cudaLaunchKernel, 977    1    1, 256    1    1,"<unnamed>::pack_face_y(const double *, double *, int, int, int, int, int)"
24062182135,11256,24062193391,1844721,24064038112,2880,1858857,131,131,7,cudaLaunchKernel, 977    1    1, 256    1    1,"<unnamed>::pack_face_y(const double *, double *, int, int, int, int, int)"
24062182401,12593,24062194994,95275,24062290269,7200,115068,123,123,5,cudaLaunchKernel, 977    1    1, 256    1    1,"<unnamed>::pack_face_x(const double *, double *, int, int, int, int, int)"
24062182498,11134,24062193632,1840371,24064034003,3008,1854513,120,120,2,cudaLaunchKernel, 977    1    1, 256    1    1,"<unnamed>::pack_face_y(const double *, double *, int, int, int, int, int)"
24062184910,13302,24062198212,1838642,24064036854,3008,1854952,122,122,4,cudaLaunchKernel, 977    1    1, 256    1    1,"<unnamed>::pack_face_y(const double *, double *, int, int, int, int, int)"
24062192182,11208,24062203390,1833328,24064036718,12544,1857080,118,118,0,cudaLaunchKernel, 977    1    1, 256    1    1,"<unnamed>::pack_face_z(const double *, double *, int, int, int, int, int)"
24062194281,13692,24062207973,1834331,24064042304,12480,1860503,131,131,7,cudaLaunchKernel, 977    1    1, 256    1    1,"<unnamed>::pack_face_z(const double *, double *, int, int, int, int, int)"
24062194560,12526,24062207086,1831237,24064038323,13792,1857555,120,120,2,cudaLaunchKernel, 977    1    1, 256    1    1,"<unnamed>::pack_face_z(const double *, double *, int, int, int, int, int)"
24062199098,12369,24062211467,1829886,24064041353,4704,1846959,123,123,5,cudaLaunchKernel, 977    1    1, 256    1    1,"<unnamed>::pack_face_y(const double *, double *, int, int, int, int, int)"
24062199523,12618,24062212141,1829193,24064041334,13568,1855379,122,122,4,cudaLaunchKernel, 977    1    1, 256    1    1,"<unnamed>::pack_face_z(const double *, double *, int, int, int, int, int)"
24062204471,15423,24062219894,64517,24062284411,1750291,1830231,118,118,0,cudaLaunchKernel,  16  125  125,  32    4    4,"<unnamed>::step_kernel_interior(const double *, const double *, double *, const double *, const double *, int, int, int, int, int, int, int, double, double)"
24062209389,13253,24062222642,59607,24062282249,1750730,1823590,120,120,2,cudaLaunchKernel,  16  125  125,  32    4    4,"<unnamed>::step_kernel_interior(const double *, const double *, double *, const double *, const double *, int, int, int, int, int, int, int, double, double)"
24062209638,13444,24062223082,59851,24062282933,1754251,1827546,131,131,7,cudaLaunchKernel,  16  125  125,  32    4    4,"<unnamed>::step_kernel_interior(const double *, const double *, double *, const double *, const double *, int, int, int, int, int, int, int, double, double)"
24062212441,14808,24062227249,1820216,24064047465,12384,1847408,123,123,5,cudaLaunchKernel, 977    1    1, 256    1    1,"<unnamed>::pack_face_z(const double *, double *, int, int, int, int, int)"
24062213430,12719,24062226149,58364,24062284513,1750325,1821408,122,122,4,cudaLaunchKernel,  16  125  125,  32    4    4,"<unnamed>::step_kernel_interior(const double *, const double *, double *, const double *, const double *, int, int, int, int, int, int, int, double, double)"
24062232116,12620,24062244736,46685,24062291421,1754156,1813461,123,123,5,cudaLaunchKernel,  16  125  125,  32    4    4,"<unnamed>::step_kernel_interior(const double *, const double *, double *, const double *, const double *, int, int, int, int, int, int, int, double, double)"
24064134667,6869,24064141536,2564,24064144100,2272,11705,119,119,1,cudaLaunchKernel, 977    1    1, 256    1    1,"<unnamed>::unpack_face_x(const double *, double *, int, int, int, int, int)"
24064138447,10455,24064148902,1351,24064150253,2368,14174,121,121,3,cudaLaunchKernel, 977    1    1, 256    1    1,"<unnamed>::unpack_face_x(const double *, double *, int, int, int, int, int)"
24064144513,11326,24064155839,2766,24064158605,2368,16460,118,118,0,cudaLaunchKernel, 977    1    1, 256    1    1,"<unnamed>::unpack_face_x(const double *, double *, int, int, int, int, int)"
24064144604,6237,24064150841,2286,24064153127,2400,10923,124,124,6,cudaLaunchKernel, 977    1    1, 256    1    1,"<unnamed>::unpack_face_x(const double *, double *, int, int, int, int, int)"
24064145399,12579,24064157978,1655,24064159633,2400,16634,120,120,2,cudaLaunchKernel, 977    1    1, 256    1    1,"<unnamed>::unpack_face_x(const double *, double *, int, int, int, int, int)"
24064145439,9914,,,24064153860,2368,10789,119,119,1,cudaLaunchKernel, 977    1    1, 256    1    1,"<unnamed>::unpack_face_y(const double *, double *, int, int, int, int, int)"
24064149855,14466,24064164321,670,24064164991,2304,17440,131,131,7,cudaLaunchKernel, 977    1    1, 256    1    1,"<unnamed>::unpack_face_x(const double *, double *, int, int, int, int, int)"
24064149894,9056,24064158950,1415,24064160365,2464,12935,121,121,3,cudaLaunchKernel, 977    1    1, 256    1    1,"<unnamed>::unpack_face_y(const double *, double *, int, int, int, int, int)"
24064154812,9589,24064164401,598,24064164999,2528,12715,124,124,6,cudaLaunchKernel, 977    1    1, 256    1    1,"<unnamed>::unpack_face_y(const double *, double *, int, int, int, int, int)"
24064156281,9663,24064165944,1164,24064167108,13120,23947,119,119,1,cudaLaunchKernel, 977    1    1, 256    1    1,"<unnamed>::unpack_face_z(const double *, double *, int, int, int, int, int)"
24064156792,9778,24064166570,2659,24064169229,2432,14869,118,118,0,cudaLaunchKernel, 977    1    1, 256    1    1,"<unnamed>::unpack_face_y(const double *, double *, int, int, int, int, int)"
24064162138,11729,24064173867,1702,24064175569,2432,15863,120,120,2,cudaLaunchKernel, 977    1    1, 256    1    1,"<unnamed>::unpack_face_y(const double *, double *, int, int, int, int, int)"
24064162402,13819,24064176221,2392,24064178613,2336,18547,122,122,4,cudaLaunchKernel, 977    1    1, 256    1    1,"<unnamed>::unpack_face_x(const double *, double *, int, int, int, int, int)"
24064162872,10034,,,24064171277,12672,21077,121,121,3,cudaLaunchKernel, 977    1    1, 256    1    1,"<unnamed>::unpack_face_z(const double *, double *, int, int, int, int, int)"
24064164882,11338,24064176220,1163,24064177383,2368,14869,123,123,5,cudaLaunchKernel, 977    1    1, 256    1    1,"<unnamed>::unpack_face_x(const double *, double *, int, int, int, int, int)"
24064165288,10911,24064176199,1304,24064177503,2304,14519,131,131,7,cudaLaunchKernel, 977    1    1, 256    1    1,"<unnamed>::unpack_face_y(const double *, double *, int, int, int, int, int)"
24064165310,10118,24064175428,1187,24064176615,12767,24072,124,124,6,cudaLaunchKernel, 977    1    1, 256    1    1,"<unnamed>::unpack_face_z(const double *, double *, int, int, int, int, int)"
24064167071,9502,24064176573,4807,24064181380,14560,28869,119,119,1,cudaLaunchKernel,1954    1    1, 256    1    1,"<unnamed>::step_kernel_boundary_x_faces(const double *, const double *, double *, const double *, const double *, int, int, int, int, int, int, int, double, double)"
24064167492,10807,24064178299,2898,24064181197,11936,25641,118,118,0,cudaLaunchKernel, 977    1    1, 256    1    1,"<unnamed>::unpack_face_z(const double *, double *, int, int, int, int, int)"
24064174025,8923,24064182948,2441,24064185389,14816,26180,121,121,3,cudaLaunchKernel,1954    1    1, 256    1    1,"<unnamed>::step_kernel_boundary_x_faces(const double *, const double *, double *, const double *, const double *, int, int, int, int, int, int, int, double, double)"
24064174773,10392,24064185165,1540,24064186705,12544,24476,120,120,2,cudaLaunchKernel, 977    1    1, 256    1    1,"<unnamed>::unpack_face_z(const double *, double *, int, int, int, int, int)"
24064176685,9266,24064185951,4583,24064190534,14080,27929,124,124,6,cudaLaunchKernel,1954    1    1, 256    1    1,"<unnamed>::step_kernel_boundary_x_faces(const double *, const double *, double *, const double *, const double *, int, int, int, int, int, int, int, double, double)"
24064177119,10407,24064187526,1209,24064188735,13151,24767,131,131,7,cudaLaunchKernel, 977    1    1, 256    1    1,"<unnamed>::unpack_face_z(const double *, double *, int, int, int, int, int)"
24064177191,18053,24064195244,2761,24064198005,2400,23214,122,122,4,cudaLaunchKernel, 977    1    1, 256    1    1,"<unnamed>::unpack_face_y(const double *, double *, int, int, int, int, int)"
24064177201,12531,,,24064189063,2400,14262,123,123,5,cudaLaunchKernel, 977    1    1, 256    1    1,"<unnamed>::unpack_face_y(const double *, double *, int, int, int, int, int)"
24064177447,9843,24064187290,9770,24064197060,13056,32669,119,119,1,cudaLaunchKernel,1946    1    1, 256    1    1,"<unnamed>::step_kernel_boundary_y_faces(const double *, const double *, double *, const double *, const double *, int, int, int, int, int, int, int, double, double)"
24064182618,10585,24064193203,3610,24064196813,14335,28530,118,118,0,cudaLaunchKernel,1954    1    1, 256    1    1,"<unnamed>::step_kernel_boundary_x_faces(const double *, const double *, double *, const double *, const double *, int, int, int, int, int, int, int, double, double)"
24064184017,9994,24064194011,7282,24064201293,12992,30268,121,121,3,cudaLaunchKernel,1946    1    1, 256    1    1,"<unnamed>::step_kernel_boundary_y_faces(const double *, const double *, double *, const double *, const double *, int, int, int, int, int, int, int, double, double)"
24064186284,10969,24064197253,3532,24064200785,14944,29445,120,120,2,cudaLaunchKernel,1954    1    1, 256    1    1,"<unnamed>::step_kernel_boundary_x_faces(const double *, const double *, double *, const double *, const double *, int, int, int, int, int, int, int, double, double)"
24064186842,10011,24064196853,8881,24064205734,13728,32620,124,124,6,cudaLaunchKernel,1946    1    1, 256    1    1,"<unnamed>::step_kernel_boundary_y_faces(const double *, const double *, double *, const double *, const double *, int, int, int, int, int, int, int, double, double)"
24064188160,9266,24064197426,13810,24064211236,118175,141251,119,119,1,cudaLaunchKernel,1938    1    1, 256    1    1,"<unnamed>::step_kernel_boundary_z_faces(const double *, const double *, double *, const double *, const double *, int, int, int, int, int, int, int, double, double)"
24064191737,6798,24064198535,4791,24064203326,14208,25797,131,131,7,cudaLaunchKernel,1954    1    1, 256    1    1,"<unnamed>::step_kernel_boundary_x_faces(const double *, const double *, double *, const double *, const double *, int, int, int, int, int, int, int, double, double)"
24064191951,7879,24064199830,2065,24064201895,12416,22360,123,123,5,cudaLaunchKernel, 977    1    1, 256    1    1,"<unnamed>::unpack_face_z(const double *, double *, int, int, int, int, int)"
24064194119,12626,24064206745,5491,24064212236,13152,31269,118,118,0,cudaLaunchKernel,1946    1    1, 256    1    1,"<unnamed>::step_kernel_boundary_y_faces(const double *, const double *, double *, const double *, const double *, int, int, int, int, int, int, int, double, double)"
24064194924,4615,24064199539,15834,24064215373,118463,138912,121,121,3,cudaLaunchKernel,1938    1    1, 256    1    1,"<unnamed>::step_kernel_boundary_z_faces(const double *, const double *, double *, const double *, const double *, int, int, int, int, int, int, int, double, double)"
24064196201,11389,24064207590,2639,24064210229,12768,26796,122,122,4,cudaLaunchKernel, 977    1    1, 256    1    1,"<unnamed>::unpack_face_z(const double *, double *, int, int, int, int, int)"
24064197688,9159,24064206847,13703,24064220550,117183,140045,124,124,6,cudaLaunchKernel,1938    1    1, 256    1    1,"<unnamed>::step_kernel_boundary_z_faces(const double *, const double *, double *, const double *, const double *, int, int, int, int, int, int, int, double, double)"
24064198136,10656,24064208792,8281,24064217073,13407,32344,120,120,2,cudaLaunchKernel,1946    1    1, 256    1    1,"<unnamed>::step_kernel_boundary_y_faces(const double *, const double *, double *, const double *, const double *, int, int, int, int, int, int, int, double, double)"
24064198904,12926,24064211830,6824,24064218654,13568,33318,131,131,7,cudaLaunchKernel,1946    1    1, 256    1    1,"<unnamed>::step_kernel_boundary_y_faces(const double *, const double *, double *, const double *, const double *, int, int, int, int, int, int, int, double, double)"
24064204405,11139,24064215544,2223,24064217767,14848,28210,123,123,5,cudaLaunchKernel,1954    1    1, 256    1    1,"<unnamed>::step_kernel_boundary_x_faces(const double *, const double *, double *, const double *, const double *, int, int, int, int, int, int, int, double, double)"
24064207011,10295,24064217306,1865566,24066082872,3680,1879541,119,119,1,cudaLaunchKernel, 977    1    1, 256    1    1,"<unnamed>::pack_face_x(const double *, double *, int, int, int, int, int)"
24064207632,10380,24064218012,8720,24064226732,117855,136955,118,118,0,cudaLaunchKernel,1938    1    1, 256    1    1,"<unnamed>::step_kernel_boundary_z_faces(const double *, const double *, double *, const double *, const double *, int, int, int, int, int, int, int, double, double)"
24064208712,11001,24064219713,5108,24064224821,14368,30477,122,122,4,cudaLaunchKernel,1954    1    1, 256    1    1,"<unnamed>::step_kernel_boundary_x_faces(const double *, const double *, double *, const double *, const double *, int, int, int, int, int, int, int, double, double)"
24064209282,9611,24064218893,116671,24064335564,3680,129962,121,121,3,cudaLaunchKernel, 977    1    1, 256    1    1,"<unnamed>::pack_face_x(const double *, double *, int, int, int, int, int)"
24064212903,6701,24064219604,12156,24064231760,118335,137192,120,120,2,cudaLaunchKernel,1938    1    1, 256    1    1,"<unnamed>::step_kernel_boundary_z_faces(const double *, const double *, double *, const double *, const double *, int, int, int, int, int, int, int, double, double)"
24064213309,8303,24064221612,11762,24064233374,117407,137472,131,131,7,cudaLaunchKernel,1938    1    1, 256    1    1,"<unnamed>::step_kernel_boundary_z_faces(const double *, const double *, double *, const double *, const double *, int, int, int, int, int, int, int, double, double)"
24064216459,8453,24064224912,8759,24064233671,12927,30139,123,123,5,cudaLaunchKernel,1946    1    1, 256    1    1,"<unnamed>::step_kernel_boundary_y_faces(const double *, const double *, double *, const double *, const double *, int, int, int, int, int, int, int, double, double)"
24064216738,6014,24064222752,116389,24064339141,3328,125731,124,124,6,cudaLaunchKernel, 977    1    1, 256    1    1,"<unnamed>::pack_face_x(const double *, double *, int, int, int, int, int)"
24064218251,4673,24064222924,1864940,24066087864,2912,1872525,119,119,1,cudaLaunchKernel, 977    1    1, 256    1    1,"<unnamed>::pack_face_y(const double *, double *, int, int, int, int, int)"
24064219783,3635,24064223418,1864640,24066088058,5184,1873459,121,121,3,cudaLaunchKernel, 977    1    1, 256    1    1,"<unnamed>::pack_face_y(const double *, double *, int, int, int, int, int)"
24064220613,6819,24064227432,12813,24064240245,13888,33520,122,122,4,cudaLaunchKernel,1946    1    1, 256    1    1,"<unnamed>::step_kernel_boundary_y_faces(const double *, const double *, double *, const double *, const double *, int, int, int, int, int, int, int, double, double)"
24064223134,4262,24064227396,1865645,24066093041,4544,1874451,124,124,6,cudaLaunchKernel, 977    1    1, 256    1    1,"<unnamed>::pack_face_y(const double *, double *, int, int, int, int, int)"
24064223322,3846,24064227168,1864888,24066092056,12480,1881214,119,119,1,cudaLaunchKernel, 977    1    1, 256    1    1,"<unnamed>::pack_face_z(const double *, double *, int, int, int, int, int)"
24064223855,3540,24064227395,1867255,24066094650,12384,1883179,121,121,3,cudaLaunchKernel, 977    1    1, 256    1    1,"<unnamed>::pack_face_z(const double *, double *, int, int, int, int, int)"
24064224478,10427,24064234905,1861414,24066096319,3552,1875393,118,118,0,cudaLaunchKernel, 977    1    1, 256    1    1,"<unnamed>::pack_face_x(const double *, double *, int, int, int, int, int)"
24064224980,11104,24064236084,1867525,24066103609,3936,1882565,120,120,2,cudaLaunchKernel, 977    1    1, 256    1    1,"<unnamed>::pack_face_x(const double *, double *, int, int, int, int, int)"
24064225276,9703,24064234979,12579,24064247558,118271,140553,123,123,5,cudaLaunchKernel,1938    1    1, 256    1    1,"<unnamed>::step_kernel_boundary_z_faces(const double *, const double *, double *, const double *, const double *, int, int, int, int, int, int, int, double, double)"
24064227782,8803,24064236585,1862568,24066099153,12319,1883690,124,124,6,cudaLaunchKernel, 977    1    1, 256    1    1,"<unnamed>::pack_face_z(const double *, double *, int, int, int, int, int)"
24064227884,9332,24064237216,93635,24064330851,1756277,1859244,119,119,1,cudaLaunchKernel,  16  125  125,  32    4    4,"<unnamed>::step_kernel_interior(const double *, const double *, double *, const double *, const double *, int, int, int, int, int, int, int, double, double)"
24064231158,6665,24064237823,99821,24064337644,1755086,1861572,121,121,3,cudaLaunchKernel,  16  125  125,  32    4    4,"<unnamed>::step_kernel_interior(const double *, const double *, double *, const double *, const double *, int, int, int, int, int, int, int, double, double)"
24064231743,11419,24064243162,11963,24064255125,116543,139925,122,122,4,cudaLaunchKernel,1938    1    1, 256    1    1,"<unnamed>::step_kernel_boundary_z_faces(const double *, const double *, double *, const double *, const double *, int, int, int, int, int, int, int, double, double)"
24064233127,12314,24064245441,1857351,24066102792,4544,1874209,131,131,7,cudaLaunchKernel, 977    1    1, 256    1    1,"<unnamed>::pack_face_x(const double *, double *, int, int, int, int, int)"
24064235837,9952,24064245789,1855682,24066101471,3072,1868706,118,118,0,cudaLaunchKernel, 977    1    1, 256    1    1,"<unnamed>::pack_face_y(const double *, double *, int, int, int, int, int)"
24064237079,10714,24064247793,1861256,24066109049,2944,1874914,120,120,2,cudaLaunchKernel, 977    1    1, 256    1    1,"<unnamed>::pack_face_y(const double *, double *, int, int, int, int, int)"
24064237706,9523,24064247229,93608,24064340837,1756236,1859367,124,124,6,cudaLaunchKernel,  16  125  125,  32    4    4,"<unnamed>::step_kernel_interior(const double *, const double *, double *, const double *, const double *, int, int, int, int, int, int, int, double, double)"
24064245198,12806,24064258004,109201,24064367205,3232,125239,123,123,5,cudaLaunchKernel, 977    1    1, 256    1    1,"<unnamed>::pack_face_x(const double *, double *, int, int, int, int, int)"
24064246364,12446,24064258810,1849966,24066108776,3008,1865420,131,131,7,cudaLaunchKernel, 977    1    1, 256    1    1,"<unnamed>::pack_face_y(const double *, double *, int, int, int, int, int)"
24064246687,10884,24064257571,1848412,24066105983,12639,1871935,118,118,0,cudaLaunchKernel, 977    1    1, 256    1    1,"<unnamed>::pack_face_z(const double *, double *, int, int, int, int, int)"
24064248672,10498,24064259170,1854038,24066113208,12448,1876984,120,120,2,cudaLaunchKernel, 977    1    1, 256    1    1,"<unnamed>::pack_face_z(const double *, double *, int, int, int, int, int)"
24064249662,11825,24064261487,1859546,24066121033,4352,1875723,122,122,4,cudaLaunchKernel, 977    1    1, 256    1    1,"<unnamed>::pack_face_x(const double *, double *, int, int, int, int, int)"
24064258745,6949,24064265694,80461,24064346155,1754388,1841798,118,118,0,cudaLaunchKernel,  16  125  125,  32    4    4,"<unnamed>::step_kernel_interior(const double *, const double *, double *, const double *, const double *, int, int, int, int, int, int, int, double, double)"
24064258973,6347,24064265320,1853737,24066119057,4832,1864916,123,123,5,cudaLaunchKernel, 977    1    1, 256    1    1,"<unnamed>::pack_face_y(const double *, double *, int, int, int, int, int)"
24064259702,6724,24064266426,1846830,24066113256,13215,1866769,131,131,7,cudaLaunchKernel, 977    1    1, 256    1    1,"<unnamed>::pack_face_z(const double *, double *, int, int, int, int, int)"
24064260285,6619,24064266904,84727,24064351631,1756426,1847772,120,120,2,cudaLaunchKernel,  16  125  125,  32    4    4,"<unnamed>::step_kernel_interior(const double *, const double *, double *, const double *, const double *, int, int, int, int, int, int, int, double, double)"
24064262410,5981,24064268391,1858626,24066127017,3232,1867839,122,122,4,cudaLaunchKernel, 977    1    1, 256    1    1,"<unnamed>::pack_face_y(const double *, double *, int, int, int, int, int)"
24064265702,10051,24064275753,1849608,24066125361,13664,1873323,123,123,5,cudaLaunchKernel, 977    1    1, 256    1    1,"<unnamed>::pack_face_z(const double *, double *, int, int, int, int, int)"
24064267065,11699,24064278764,73745,24064352509,1754315,1839759,131,131,7,cudaLaunchKernel,  16  125  125,  32    4    4,"<unnamed>::step_kernel_interior(const double *, const double *, double *, const double *, const double *, int, int, int, int, int, int, int, double, double)"
24064268775,10386,24064279161,1852240,24066131401,12288,1874914,122,122,4,cudaLaunchKernel, 977    1    1, 256    1    1,"<unnamed>::pack_face_z(const double *, double *, int, int, int, int, int)"
24064276904,7410,24064284314,85195,24064369509,1753868,1846473,123,123,5,cudaLaunchKernel,  16  125  125,  32    4    4,"<unnamed>::step_kernel_interior(const double *, const double *, double *, const double *, const double *, int, int, int, int, int, int, int, double, double)"
24064280276,7486,24064287762,85378,24064373140,1752917,1845781,122,122,4,cudaLaunchKernel,  16  125  125,  32    4    4,"<unnamed>::step_kernel_interior(const double *, const double *, double *, const double *, const double *, int, int, int, int, int, int, int, double, double)"
24066202478,10790,24066213268,1508,24066214776,2432,14730,119,119,1,cudaLaunchKernel, 977    1    1, 256    1    1,"<unnamed>::unpack_face_x(const double *, double *, int, int, int, int, int)"
24066202573,10107,24066212680,1553,24066214233,2368,14028,121,121,3,cudaLaunchKernel, 977    1    1, 256    1    1,"<unnamed>::unpack_face_x(const double *, double *, int, int, int, int, int)"
24066205452,11697,24066217149,3233,24066220382,2464,17394,118,118,0,cudaLaunchKernel, 977    1    1, 256    1    1,"<unnamed>::unpack_face_x(const double *, double *, int, int, int, int, int)"
24066209369,9317,24066218686,2201,24066220887,2336,13854,120,120,2,cudaLaunchKernel, 977    1    1, 256    1    1,"<unnamed>::unpack_face_x(const double *, double *, int, int, int, int, int)"
24066213243,12070,,,24066223814,2432,13003,131,131,7,cudaLaunchKernel, 977    1    1, 256    1    1,"<unnamed>::unpack_face_x(const double *, double *, int, int, int, int, int)"
24066213637,4965,24066218602,3599,24066222201,2560,11124,121,121,3,cudaLaunchKernel, 977    1    1, 256    1    1,"<unnamed>::unpack_face_y(const double *, double *, int, int, int, int, int)"
24066214266,5703,24066219969,2519,24066222488,2367,10589,119,119,1,cudaLaunchKernel, 977    1    1, 256    1    1,"<unnamed>::unpack_face_y(const double *, double *, int, int, int, int, int)"
24066217960,11214,24066229174,1497,24066230671,2304,15015,124,124,6,cudaLaunchKernel, 977    1    1, 256    1    1,"<unnamed>::unpack_face_x(const double *, double *, int, int, int, int, int)"
24066218081,9884,24066227965,2625,24066230590,2400,14909,118,118,0,cudaLaunchKernel, 977    1    1, 256    1    1,"<unnamed>::unpack_face_y(const double *, double *, int, int, int, int, int)"
24066218950,7851,24066226801,2344,24066229145,12864,23059,121,121,3,cudaLaunchKernel, 977    1    1, 256    1    1,"<unnamed>::unpack_face_z(const double *, double *, int, int, int, int, int)"
24066219485,11007,24066230492,1179,24066231671,2464,14650,120,120,2,cudaLaunchKernel, 977    1    1, 256    1    1,"<unnamed>::unpack_face_y(const double *, double *, int, int, int, int, int)"
24066220372,8613,24066228985,2366,24066231351,13088,24067,119,119,1,cudaLaunchKernel, 977    1    1, 256    1    1,"<unnamed>::unpack_face_z(const double *, double *, int, int, int, int, int)"
24066226257,10820,,,24066235142,2496,11381,131,131,7,cudaLaunchKernel, 977    1    1, 256    1    1,"<unnamed>::unpack_face_y(const double *, double *, int, int, int, int, int)"
24066227922,9992,24066237914,5119,24066243033,15007,30118,121,121,3,cudaLaunchKernel,1954    1    1, 256    1    1,"<unnamed>::step_kernel_boundary_x_faces(const double *, const double *, double *, const double *, const double *, int, int, int, int, int, int, int, double, double)"
24066228876,11167,24066240043,2579,24066242622,12671,26417,118,118,0,cudaLaunchKernel, 977    1    1, 256    1    1,"<unnamed>::unpack_face_z(const double *, double *, int, int, int, int, int)"
24066229250,15115,,,24066242991,2272,16013,123,123,5,cudaLaunchKernel, 977    1    1, 256    1    1,"<unnamed>::unpack_face_x(const double *, double *, int, int, int, int, int)"
24066230143,9265,24066239408,6151,24066245559,14336,29752,119,119,1,cudaLaunchKernel,1954    1    1, 256    1    1,"<unnamed>::step_kernel_boundary_x_faces(const double *, const double *, double *, const double *, const double *, int, int, int, int, int, int, int, double, double)"
24066230169,9669,24066239838,1137,24066240975,2400,13206,124,124,6,cudaLaunchKernel, 977    1    1, 256    1    1,"<unnamed>::unpack_face_y(const double *, double *, int, int, int, int, int)"
24066231403,14479,24066245882,701,24066246583,13440,28620,120,120,2,cudaLaunchKernel, 977    1    1, 256    1    1,"<unnamed>::unpack_face_z(const double *, double *, int, int, int, int, int)"
24066238020,11722,24066249742,984,24066250726,13408,26114,131,131,7,cudaLaunchKernel, 977    1    1, 256    1    1,"<unnamed>::unpack_face_z(const double *, double *, int, int, int, int, int)"
24066238071,11617,24066249688,3089,24066252777,2304,17010,122,122,4,cudaLaunchKernel, 977    1    1, 256    1    1,"<unnamed>::unpack_face_x(const double *, double *, int, int, int, int, int)"
24066238801,9353,24066248154,10878,24066259032,13536,33767,121,121,3,cudaLaunchKernel,1946    1    1, 256    1    1,"<unnamed>::step_kernel_boundary_y_faces(const double *, const double *, double *, const double *, const double *, int, int, int, int, int, int, int, double, double)"
24066240273,9500,24066249773,11466,24066261239,13504,34470,119,119,1,cudaLaunchKernel,1946    1    1, 256    1    1,"<unnamed>::step_kernel_boundary_y_faces(const double *, const double *, double *, const double *, const double *, int, int, int, int, int, int, int, double, double)"
24066240752,9235,24066249987,1388,24066251375,12032,22655,124,124,6,cudaLaunchKernel, 977    1    1, 256    1    1,"<unnamed>::unpack_face_z(const double *, double *, int, int, int, int, int)"
24066244279,12135,24066256414,3583,24066259997,14528,30246,118,118,0,cudaLaunchKernel,1954    1    1, 256    1    1,"<unnamed>::step_kernel_boundary_x_faces(const double *, const double *, double *, const double *, const double *, int, int, int, int, int, int, int, double, double)"
24066245532,11833,24066257365,1018,24066258383,2336,15187,123,123,5,cudaLaunchKernel, 977    1    1, 256    1    1,"<unnamed>::unpack_face_y(const double *, double *, int, int, int, int, int)"
24066247016,11100,24066258116,3667,24066261783,14335,29102,120,120,2,cudaLaunchKernel,1954    1    1, 256    1    1,"<unnamed>::step_kernel_boundary_x_faces(const double *, const double *, double *, const double *, const double *, int, int, int, int, int, int, int, double, double)"
24066249004,9329,24066258333,15227,24066273560,118335,142891,121,121,3,cudaLaunchKernel,1938    1    1, 256    1    1,"<unnamed>::step_kernel_boundary_z_faces(const double *, const double *, double *, const double *, const double *, int, int, int, int, int, int, int, double, double)"
24066250658,10280,24066260938,14829,24066275767,116543,141652,119,119,1,cudaLaunchKernel,1938    1    1, 256    1    1,"<unnamed>::step_kernel_boundary_z_faces(const double *, const double *, double *, const double *, const double *, int, int, int, int, int, int, int, double, double)"
24066253849,12068,24066265917,2092,24066268009,2528,16688,122,122,4,cudaLaunchKernel, 977    1    1, 256    1    1,"<unnamed>::unpack_face_y(const double *, double *, int, int, int, int, int)"
24066253944,7372,24066261316,4139,24066265455,14080,25591,124,124,6,cudaLaunchKernel,1954    1    1, 256    1    1,"<unnamed>::step_kernel_boundary_x_faces(const double *, const double *, double *, const double *, const double *, int, int, int, int, int, int, int, double, double)"
24066254040,12268,,,24066265862,14528,26350,131,131,7,cudaLaunchKernel,1954    1    1, 256    1    1,"<unnamed>::step_kernel_boundary_x_faces(const double *, const double *, double *, const double *, const double *, int, int, int, int, int, int, int, double, double)"
24066257317,10070,24066267387,8194,24066275581,12992,31256,118,118,0,cudaLaunchKernel,1946    1    1, 256    1    1,"<unnamed>::step_kernel_boundary_y_faces(const double *, const double *, double *, const double *, const double *, int, int, int, int, int, int, int, double, double)"
24066258329,11778,24066270107,1236,24066271343,12096,25110,123,123,5,cudaLaunchKernel, 977    1    1, 256    1    1,"<unnamed>::unpack_face_z(const double *, double *, int, int, int, int, int)"
24066259160,9342,24066268502,8928,24066277430,13120,31390,120,120,2,cudaLaunchKernel,1946    1    1, 256    1    1,"<unnamed>::step_kernel_boundary_y_faces(const double *, const double *, double *, const double *, const double *, int, int, int, int, int, int, int, double, double)"
24066265018,6461,24066271479,9176,24066280655,13791,29428,124,124,6,cudaLaunchKernel,1946    1    1, 256    1    1,"<unnamed>::step_kernel_boundary_y_faces(const double *, const double *, double *, const double *, const double *, int, int, int, int, int, int, int, double, double)"
24066266862,12261,24066279123,2773,24066281896,13504,28538,122,122,4,cudaLaunchKernel, 977    1    1, 256    1    1,"<unnamed>::unpack_face_z(const double *, double *, int, int, int, int, int)"
24066267178,10080,24066277258,4252,24066281510,13631,27963,131,131,7,cudaLaunchKernel,1946    1    1, 256    1    1,"<unnamed>::step_kernel_boundary_y_faces(const double *, const double *, double *, const double *, const double *, int, int, int, int, int, int, int, double, double)"
24066268284,11782,24066280066,9563,24066289629,117535,138880,118,118,0,cudaLaunchKernel,1938    1    1, 256    1    1,"<unnamed>::step_kernel_boundary_z_faces(const double *, const double *, double *, const double *, const double *, int, int, int, int, int, int, int, double, double)"
24066269397,11389,24066280786,11076,24066291862,118463,140928,120,120,2,cudaLaunchKernel,1938    1    1, 256    1    1,"<unnamed>::step_kernel_boundary_z_faces(const double *, const double *, double *, const double *, const double *, int, int, int, int, int, int, int, double, double)"
24066271228,15137,24066286365,1170,24066287535,14080,30387,123,123,5,cudaLaunchKernel,1954    1    1, 256    1    1,"<unnamed>::step_kernel_boundary_x_faces(const double *, const double *, double *, const double *, const double *, int, int, int, int, int, int, int, double, double)"
24066271579,12870,24066284449,109142,24066393591,7488,129500,121,121,3,cudaLaunchKernel, 977    1    1, 256    1    1,"<unnamed>::pack_face_x(const double *, double *, int, int, int, int, int)"
24066271997,8850,24066280847,14719,24066295566,117343,140912,124,124,6,cudaLaunchKernel,1938    1    1, 256    1    1,"<unnamed>::step_kernel_boundary_z_faces(const double *, const double *, double *, const double *, const double *, int, int, int, int, int, int, int, double, double)"
24066278134,12212,24066290346,5947,24066296293,116863,135022,131,131,7,cudaLaunchKernel,1938    1    1, 256    1    1,"<unnamed>::step_kernel_boundary_z_faces(const double *, const double *, double *, const double *, const double *, int, int, int, int, int, int, int, double, double)"
24066280259,13183,24066293442,4358,24066297800,13760,31301,122,122,4,cudaLaunchKernel,1954    1    1, 256    1    1,"<unnamed>::step_kernel_boundary_x_faces(const double *, const double *, double *, const double *, const double *, int, int, int, int, int, int, int, double, double)"
24066280932,10256,24066291188,102786,24066393974,7008,120050,119,119,1,cudaLaunchKernel, 977    1    1, 256    1    1,"<unnamed>::pack_face_x(const double *, double *, int, int, int, int, int)"
24066285621,5566,24066291187,1850771,24068141958,6271,1862608,121,121,3,cudaLaunchKernel, 977    1    1, 256    1    1,"<unnamed>::pack_face_y(const double *, double *, int, int, int, int, int)"
24066287308,6152,24066293460,9115,24066302575,13056,28323,123,123,5,cudaLaunchKernel,1946    1    1, 256    1    1,"<unnamed>::step_kernel_boundary_y_faces(const double *, const double *, double *, const double *, const double *, int, int, int, int, int, int, int, double, double)"
24066291557,3938,24066295495,1854494,24068149989,12960,1871392,121,121,3,cudaLaunchKernel, 977    1    1, 256    1    1,"<unnamed>::pack_face_z(const double *, double *, int, int, int, int, int)"
24066292135,3568,24066295703,1849397,24068145100,4576,1857541,119,119,1,cudaLaunchKernel, 977    1    1, 256    1    1,"<unnamed>::pack_face_y(const double *, double *, int, int, int, int, int)"
24066293805,11599,24066305404,103200,24066408604,8736,123535,118,118,0,cudaLaunchKernel, 977    1    1, 256    1    1,"<unnamed>::pack_face_x(const double *, double *, int, int, int, int, int)"
24066293849,11141,24066304990,11601,24066316591,118590,141332,123,123,5,cudaLaunchKernel,1938    1    1, 256    1    1,"<unnamed>::step_kernel_boundary_z_faces(const double *, const double *, double *, const double *, const double *, int, int, int, int, int, int, int, double, double)"
24066294317,10216,24066304533,8083,24066312616,12928,31227,122,122,4,cudaLaunchKernel,1946    1    1, 256    1    1,"<unnamed>::step_kernel_boundary_y_faces(const double *, const double *, double *, const double *, const double *, int, int, int, int, int, int, int, double, double)"
24066294776,10481,24066305257,109124,24066414381,6720,126325,124,124,6,cudaLaunchKernel, 977    1    1, 256    1    1,"<unnamed>::pack_face_x(const double *, double *, int, int, int, int, int)"
24066295504,10509,24066306013,105720,24066411733,6976,123205,120,120,2,cudaLaunchKernel, 977    1    1, 256    1    1,"<unnamed>::pack_face_x(const double *, double *, int, int, int, int, int)"
24066296084,9242,24066305326,1845790,24068151116,12192,1867224,119,119,1,cudaLaunchKernel, 977    1    1, 256    1    1,"<unnamed>::pack_face_z(const double *, double *, int, int, int, int, int)"
24066296259,8563,24066304822,90049,24066394871,1752846,1851458,121,121,3,cudaLaunchKernel,  16  125  125,  32    4    4,"<unnamed>::step_kernel_interior(const double *, const double *, double *, const double *, const double *, int, int, int, int, int, int, int, double, double)"
24066304888,11879,24066316767,97829,24066414596,6848,116556,131,131,7,cudaLaunchKernel, 977    1    1, 256    1    1,"<unnamed>::pack_face_x(const double *, double *, int, int, int, int, int)"
24066305396,12209,24066317605,8931,24066326536,118719,139859,122,122,4,cudaLaunchKernel,1938    1    1, 256    1    1,"<unnamed>::step_kernel_boundary_z_faces(const double *, const double *, double *, const double *, const double *, int, int, int, int, int, int, int, double, double)"
24066306166,9259,24066315425,1850072,24068165497,4448,1863779,124,124,6,cudaLaunchKernel, 977    1    1, 256    1    1,"<unnamed>::pack_face_y(const double *, double *, int, int, int, int, int)"
24066306368,11136,24066317504,1842639,24068160143,5632,1859407,118,118,0,cudaLaunchKernel, 977    1    1, 256    1    1,"<unnamed>::pack_face_y(const double *, double *, int, int, int, int, int)"
24066306417,9790,24066316207,79015,24066395222,1753974,1842779,119,119,1,cudaLaunchKernel,  16  125  125,  32    4    4,"<unnamed>::step_kernel_interior(const double *, const double *, double *, const double *, const double *, int, int, int, int, int, int, int, double, double)"
24066306993,11090,24066318083,1845724,24068163807,4415,1861229,120,120,2,cudaLaunchKernel, 977    1    1, 256    1    1,"<unnamed>::pack_face_y(const double *, double *, int, int, int, int, int)"
24066316341,5095,24066321436,1849981,24068171417,12448,1867524,124,124,6,cudaLaunchKernel, 977    1    1, 256    1    1,"<unnamed>::pack_face_z(const double *, double *, int, int, int, int, int)"
24066317686,11170,24066328856,1836727,24068165583,4896,1852793,131,131,7,cudaLaunchKernel, 977    1    1, 256    1    1,"<unnamed>::pack_face_y(const double *, double *, int, int, int, int, int)"
24066318388,9569,24066327957,1839546,24068167503,12352,1861467,118,118,0,cudaLaunchKernel, 977    1    1, 256    1    1,"<unnamed>::pack_face_z(const double *, double *, int, int, int, int, int)"
24066318906,10619,24066329525,1840425,24068169950,12320,1863364,120,120,2,cudaLaunchKernel, 977    1    1, 256    1    1,"<unnamed>::pack_face_z(const double *, double *, int, int, int, int, int)"
24066319999,13923,24066333922,102635,24066436557,7104,123662,123,123,5,cudaLaunchKernel, 977    1    1, 256    1    1,"<unnamed>::pack_face_x(const double *, double *, int, int, int, int, int)"
24066322189,8520,24066330709,84792,24066415501,1754988,1848300,124,124,6,cudaLaunchKernel,  16  125  125,  32    4    4,"<unnamed>::step_kernel_interior(const double *, const double *, double *, const double *, const double *, int, int, int, int, int, int, int, double, double)"
24066329054,10692,24066339746,70010,24066409756,1756531,1837233,118,118,0,cudaLaunchKernel,  16  125  125,  32    4    4,"<unnamed>::step_kernel_interior(const double *, const double *, double *, const double *, const double *, int, int, int, int, int, int, int, double, double)"
24066329484,14544,24066344028,102763,24066446791,7104,124411,122,122,4,cudaLaunchKernel, 977    1    1, 256    1    1,"<unnamed>::pack_face_x(const double *, double *, int, int, int, int, int)"
24066329757,12945,24066342702,1829537,24068172239,12320,1854802,131,131,7,cudaLaunchKernel, 977    1    1, 256    1    1,"<unnamed>::pack_face_z(const double *, double *, int, int, int, int, int)"
24066330674,14291,24066344965,67856,24066412821,1755945,1838092,120,120,2,cudaLaunchKernel,  16  125  125,  32    4    4,"<unnamed>::step_kernel_interior(const double *, const double *, double *, const double *, const double *, int, int, int, int, int, int, int, double, double)"
24066335985,12195,24066348180,1839845,24068188025,4896,1856936,123,123,5,cudaLaunchKernel, 977    1    1, 256    1    1,"<unnamed>::pack_face_y(const double *, double *, int, int, int, int, int)"
24066345111,12034,24066357145,1839652,24068196797,4320,1856006,122,122,4,cudaLaunchKernel, 977    1    1, 256    1    1,"<unnamed>::pack_face_y(const double *, double *, int, int, int, int, int)"
24066345855,12956,24066358811,56841,24066415652,1754315,1824112,131,131,7,cudaLaunchKernel,  16  125  125,  32    4    4,"<unnamed>::step_kernel_interior(const double *, const double *, double *, const double *, const double *, int, int, int, int, int, int, int, double, double)"
24066349105,11022,24066360127,1834266,24068194393,12320,1857608,123,123,5,cudaLaunchKernel, 977    1    1, 256    1    1,"<unnamed>::pack_face_z(const double *, double *, int, int, int, int, int)"
24066358058,11656,24066369714,1832971,24068202685,12320,1856947,122,122,4,cudaLaunchKernel, 977    1    1, 256    1    1,"<unnamed>::pack_face_z(const double *, double *, int, int, int, int, int)"
24066361291,16778,24066378069,59544,24066437613,1754796,1831118,123,123,5,cudaLaunchKernel,  16  125  125,  32    4    4,"<unnamed>::step_kernel_interior(const double *, const double *, double *, const double *, const double *, int, int, int, int, int, int, int, double, double)"
24066370856,16929,24066387785,60286,24066448071,1753750,1830965,122,122,4,cudaLaunchKernel,  16  125  125,  32    4    4,"<unnamed>::step_kernel_interior(const double *, const double *, double *, const double *, const double *, int, int, int, int, int, int, int, double, double)"
24068261285,10093,,,24068269924,2304,10943,121,121,3,cudaLaunchKernel, 977    1    1, 256    1    1,"<unnamed>::unpack_face_x(const double *, double *, int, int, int, int, int)"
24068272468,6481,24068278949,2175,24068281124,2464,11120,121,121,3,cudaLaunchKernel, 977    1    1, 256    1    1,"<unnamed>::unpack_face_y(const double *, double *, int, int, int, int, int)"
24068276810,15755,24068292565,57,24068292622,2336,18148,118,118,0,cudaLaunchKernel, 977    1    1, 256    1    1,"<unnamed>::unpack_face_x(const double *, double *, int, int, int, int, int)"
24068276970,12018,24068288988,1743,24068290731,2240,16001,119,119,1,cudaLaunchKernel, 977    1    1, 256    1    1,"<unnamed>::unpack_face_x(const double *, double *, int, int, int, int, int)"
24068277946,15249,,,24068291773,2304,16131,120,120,2,cudaLaunchKernel, 977    1    1, 256    1    1,"<unnamed>::unpack_face_x(const double *, double *, int, int, int, int, int)"
24068279334,9351,24068288685,1271,24068289956,12512,23134,121,121,3,cudaLaunchKernel, 977    1    1, 256    1    1,"<unnamed>::unpack_face_z(const double *, double *, int, int, int, int, int)"
24068284931,12716,24068297647,1438,24068299085,2368,16522,131,131,7,cudaLaunchKernel, 977    1    1, 256    1    1,"<unnamed>::unpack_face_x(const double *, double *, int, int, int, int, int)"
24068292624,6403,24068299027,4433,24068303460,14752,25588,121,121,3,cudaLaunchKernel,1954    1    1, 256    1    1,"<unnamed>::step_kernel_boundary_x_faces(const double *, const double *, double *, const double *, const double *, int, int, int, int, int, int, int, double, double)"
24068292849,6960,24068299809,2090,24068301899,2400,11450,119,119,1,cudaLaunchKernel, 977    1    1, 256    1    1,"<unnamed>::unpack_face_y(const double *, double *, int, int, int, int, int)"
24068293644,13177,24068306821,1929,24068308750,2432,17538,118,118,0,cudaLaunchKernel, 977    1    1, 256    1    1,"<unnamed>::unpack_face_y(const double *, double *, int, int, int, int, int)"
24068294346,11339,,,24068304349,2624,12627,120,120,2,cudaLaunchKernel, 977    1    1, 256    1    1,"<unnamed>::unpack_face_y(const double *, double *, int, int, int, int, int)"
24068298593,12001,24068310594,1227,24068311821,2432,15660,131,131,7,cudaLaunchKernel, 977    1    1, 256    1    1,"<unnamed>::unpack_face_y(const double *, double *, int, int, int, int, int)"
24068299170,10807,24068309977,1086,24068311063,2368,14261,124,124,6,cudaLaunchKernel, 977    1    1, 256    1    1,"<unnamed>::unpack_face_x(const double *, double *, int, int, int, int, int)"
24068299541,7805,24068307346,12146,24068319492,12832,32783,121,121,3,cudaLaunchKernel,1946    1    1, 256    1    1,"<unnamed>::step_kernel_boundary_y_faces(const double *, const double *, double *, const double *, const double *, int, int, int, int, int, int, int, double, double)"
24068300389,8596,24068308985,1906,24068310891,12384,22886,119,119,1,cudaLaunchKernel, 977    1    1, 256    1    1,"<unnamed>::unpack_face_z(const double *, double *, int, int, int, int, int)"
24068306675,11434,24068318109,1088,24068319197,12799,25321,120,120,2,cudaLaunchKernel, 977    1    1, 256    1    1,"<unnamed>::unpack_face_z(const double *, double *, int, int, int, int, int)"
24068307760,11605,24068319365,2569,24068321934,12640,26814,118,118,0,cudaLaunchKernel, 977    1    1, 256    1    1,"<unnamed>::unpack_face_z(const double *, double *, int, int, int, int, int)"
24068308196,9833,24068318029,15575,24068333604,118718,144126,121,121,3,cudaLaunchKernel,1938    1    1, 256    1    1,"<unnamed>::step_kernel_boundary_z_faces(const double *, const double *, double *, const double *, const double *, int, int, int, int, int, int, int, double, double)"
24068309112,13131,24068322243,1620,24068323863,2336,17087,123,123,5,cudaLaunchKernel, 977    1    1, 256    1    1,"<unnamed>::unpack_face_x(const double *, double *, int, int, int, int, int)"
24068310140,9198,24068319338,5249,24068324587,14048,28495,119,119,1,cudaLaunchKernel,1954    1    1, 256    1    1,"<unnamed>::step_kernel_boundary_x_faces(const double *, const double *, double *, const double *, const double *, int, int, int, int, int, int, int, double, double)"
24068310586,12991,24068323577,3555,24068327132,2336,18882,122,122,4,cudaLaunchKernel, 977    1    1, 256    1    1,"<unnamed>::unpack_face_x(const double *, double *, int, int, int, int, int)"
24068310908,10038,24068320946,1381,24068322327,2368,13787,124,124,6,cudaLaunchKernel, 977    1    1, 256    1    1,"<unnamed>::unpack_face_y(const double *, double *, int, int, int, int, int)"
24068314607,7382,24068321989,2024,24068324013,12256,21662,131,131,7,cudaLaunchKernel, 977    1    1, 256    1    1,"<unnamed>::unpack_face_z(const double *, double *, int, int, int, int, int)"
24068319235,5214,24068324449,8827,24068333276,14688,28729,120,120,2,cudaLaunchKernel,1954    1    1, 256    1    1,"<unnamed>::step_kernel_boundary_x_faces(const double *, const double *, double *, const double *, const double *, int, int, int, int, int, int, int, double, double)"
24068320248,4519,24068324767,14860,24068339627,13184,32563,119,119,1,cudaLaunchKernel,1946    1    1, 256    1    1,"<unnamed>::step_kernel_boundary_y_faces(const double *, const double *, double *, const double *, const double *, int, int, int, int, int, int, int, double, double)"
24068320493,10236,24068330729,5829,24068336558,14368,30433,118,118,0,cudaLaunchKernel,1954    1    1, 256    1    1,"<unnamed>::step_kernel_boundary_x_faces(const double *, const double *, double *, const double *, const double *, int, int, int, int, int, int, int, double, double)"
24068321858,11171,24068333029,594,24068333623,12224,23989,124,124,6,cudaLaunchKernel, 977    1    1, 256    1    1,"<unnamed>::unpack_face_z(const double *, double *, int, int, int, int, int)"
24068322654,9689,24068332343,5238,24068337581,14144,29071,131,131,7,cudaLaunchKernel,1954    1    1, 256    1    1,"<unnamed>::step_kernel_boundary_x_faces(const double *, const double *, double *, const double *, const double *, int, int, int, int, int, int, int, double, double)"
24068323197,13916,,,24068335991,2368,15162,123,123,5,cudaLaunchKernel, 977    1    1, 256    1    1,"<unnamed>::unpack_face_y(const double *, double *, int, int, int, int, int)"
24068323981,9738,24068333719,1868922,24070202641,3584,1882244,121,121,3,cudaLaunchKernel, 977    1    1, 256    1    1,"<unnamed>::pack_face_x(const double *, double *, int, int, int, int, int)"
24068324332,13943,,,24068338108,2464,16240,122,122,4,cudaLaunchKernel, 977    1    1, 256    1    1,"<unnamed>::unpack_face_y(const double *, double *, int, int, int, int, int)"
24068324860,14965,24068339825,9419,24068349244,14144,38528,120,120,2,cudaLaunchKernel,1946    1    1, 256    1    1,"<unnamed>::step_kernel_boundary_y_faces(const double *, const double *, double *, const double *, const double *, int, int, int, int, int, int, int, double, double)"
24068325133,8658,24068333791,20172,24068353963,118463,147293,119,119,1,cudaLaunchKernel,1938    1    1, 256    1    1,"<unnamed>::step_kernel_boundary_z_faces(const double *, const double *, double *, const double *, const double *, int, int, int, int, int, int, int, double, double)"
24068331628,11699,24068343327,8879,24068352206,13824,34402,118,118,0,cudaLaunchKernel,1946    1    1, 256    1    1,"<unnamed>::step_kernel_boundary_y_faces(const double *, const double *, double *, const double *, const double *, int, int, int, int, int, int, int, double, double)"
24068333223,12240,24068345463,7382,24068352845,13184,32806,131,131,7,cudaLaunchKernel,1946    1    1, 256    1    1,"<unnamed>::step_kernel_boundary_y_faces(const double *, const double *, double *, const double *, const double *, int, int, int, int, int, int, int, double, double)"
24068334411,10202,24068344613,3538,24068348151,13984,27724,124,124,6,cudaLaunchKernel,1954    1    1, 256    1    1,"<unnamed>::step_kernel_boundary_x_faces(const double *, const double *, double *, const double *, const double *, int, int, int, int, int, int, int, double, double)"
24068334681,9785,24068344466,1863295,24070207761,3040,1876120,121,121,3,cudaLaunchKernel, 977    1    1, 256    1    1,"<unnamed>::pack_face_y(const double *, double *, int, int, int, int, int)"
24068338491,8010,24068346501,1906,24068348407,12736,22652,123,123,5,cudaLaunchKernel, 977    1    1, 256    1    1,"<unnamed>::unpack_face_z(const double *, double *, int, int, int, int, int)"
24068339318,11996,,,24068350844,12288,23814,122,122,4,cudaLaunchKernel, 977    1    1, 256    1    1,"<unnamed>::unpack_face_z(const double *, double *, int, int, int, int, int)"
24068340750,9947,24068350697,14003,24068364700,118014,141964,120,120,2,cudaLaunchKernel,1938    1    1, 256    1    1,"<unnamed>::step_kernel_boundary_z_faces(const double *, const double *, double *, const double *, const double *, int, int, int, int, int, int, int, double, double)"
24068343461,10660,24068354121,119841,24068473962,7584,138085,119,119,1,cudaLaunchKernel, 977    1    1, 256    1    1,"<unnamed>::pack_face_x(const double *, double *, int, int, int, int, int)"
24068344198,10273,24068354471,12839,24068367310,118079,141191,118,118,0,cudaLaunchKernel,1938    1    1, 256    1    1,"<unnamed>::step_kernel_boundary_z_faces(const double *, const double *, double *, const double *, const double *, int, int, int, int, int, int, int, double, double)"
24068345214,7867,24068353081,1858808,24070211889,12608,1879283,121,121,3,cudaLaunchKernel, 977    1    1, 256    1    1,"<unnamed>::pack_face_z(const double *, double *, int, int, int, int, int)"
24068345463,9629,24068355092,8163,24068363255,13312,31104,124,124,6,cudaLaunchKernel,1946    1    1, 256    1    1,"<unnamed>::step_kernel_boundary_y_faces(const double *, const double *, double *, const double *, const double *, int, int, int, int, int, int, int, double, double)"
24068346527,15059,24068361586,5563,24068367149,117630,138252,131,131,7,cudaLaunchKernel,1938    1    1, 256    1    1,"<unnamed>::step_kernel_boundary_z_faces(const double *, const double *, double *, const double *, const double *, int, int, int, int, int, int, int, double, double)"
24068351272,11561,24068362833,1990,24068364823,14432,27983,123,123,5,cudaLaunchKernel,1954    1    1, 256    1    1,"<unnamed>::step_kernel_boundary_x_faces(const double *, const double *, double *, const double *, const double *, int, int, int, int, int, int, int, double, double)"
24068352443,11118,24068363561,3635,24068367196,13952,28705,122,122,4,cudaLaunchKernel,1954    1    1, 256    1    1,"<unnamed>::step_kernel_boundary_x_faces(const double *, const double *, double *, const double *, const double *, int, int, int, int, int, int, int, double, double)"
24068354189,9685,24068363874,90240,24068454114,1752623,1852548,121,121,3,cudaLaunchKernel,  16  125  125,  32    4    4,"<unnamed>::step_kernel_interior(const double *, const double *, double *, const double *, const double *, int, int, int, int, int, int, int, double, double)"
24068355031,14858,24068369889,1852862,24070222751,4288,1872008,119,119,1,cudaLaunchKernel, 977    1    1, 256    1    1,"<unnamed>::pack_face_y(const double *, double *, int, int, int, int, int)"
24068355949,9199,24068365148,12475,24068377623,117662,139336,124,124,6,cudaLaunchKernel,1938    1    1, 256    1    1,"<unnamed>::step_kernel_boundary_z_faces(const double *, const double *, double *, const double *, const double *, int, int, int, int, int, int, int, double, double)"
24068361348,11847,24068373195,1859289,24070232484,3520,1874656,120,120,2,cudaLaunchKernel, 977    1    1, 256    1    1,"<unnamed>::pack_face_x(const double *, double *, int, int, int, int, int)"
24068363759,12657,24068376416,3863,24068380279,13120,29640,123,123,5,cudaLaunchKernel,1946    1    1, 256    1    1,"<unnamed>::step_kernel_boundary_y_faces(const double *, const double *, double *, const double *, const double *, int, int, int, int, int, int, int, double, double)"
24068364464,15402,24068379866,2434,24068382300,13247,31083,122,122,4,cudaLaunchKernel,1946    1    1, 256    1    1,"<unnamed>::step_kernel_boundary_y_faces(const double *, const double *, double *, const double *, const double *, int, int, int, int, int, int, int, double, double)"
24068368948,12895,24068381843,105018,24068486861,7552,125465,118,118,0,cudaLaunchKernel, 977    1    1, 256    1    1,"<unnamed>::pack_face_x(const double *, double *, int, int, int, int, int)"
24068370963,6226,24068377189,1851386,24070228575,12416,1870028,119,119,1,cudaLaunchKernel, 977    1    1, 256    1    1,"<unnamed>::pack_face_z(const double *, double *, int, int, int, int, int)"
24068372159,12107,24068384266,1852268,24070236534,4800,1869175,131,131,7,cudaLaunchKernel, 977    1    1, 256    1    1,"<unnamed>::pack_face_x(const double *, double *, int, int, int, int, int)"
24068374156,11131,24068385287,1852445,24070237732,3072,1866648,120,120,2,cudaLaunchKernel, 977    1    1, 256    1    1,"<unnamed>::pack_face_y(const double *, double *, int, int, int, int, int)"
24068374703,12973,24068387676,108985,24068496661,6912,128870,124,124,6,cudaLaunchKernel, 977    1    1, 256    1    1,"<unnamed>::pack_face_x(const double *, double *, int, int, int, int, int)"
24068377843,10405,24068388248,86610,24068474858,1752821,1849836,119,119,1,cudaLaunchKernel,  16  125  125,  32    4    4,"<unnamed>::step_kernel_interior(const double *, const double *, double *, const double *, const double *, int, int, int, int, int, int, int, double, double)"
24068380652,12130,24068392782,1641,24068394423,120734,134505,123,123,5,cudaLaunchKernel,1938    1    1, 256    1    1,"<unnamed>::step_kernel_boundary_z_faces(const double *, const double *, double *, const double *, const double *, int, int, int, int, int, int, int, double, double)"
24068381203,12493,24068393696,2939,24068396635,117344,132776,122,122,4,cudaLaunchKernel,1938    1    1, 256    1    1,"<unnamed>::step_kernel_boundary_z_faces(const double *, const double *, double *, const double *, const double *, int, int, int, int, int, int, int, double, double)"
24068382784,10940,24068393724,1840804,24070234528,4992,1856736,118,118,0,cudaLaunchKernel, 977    1    1, 256    1    1,"<unnamed>::pack_face_y(const double *, double *, int, int, int, int, int)"
24068385191,11135,24068396326,1846576,24070242902,2912,1860623,131,131,7,cudaLaunchKernel, 977    1    1, 256    1    1,"<unnamed>::pack_face_y(const double *, double *, int, int, int, int, int)"
24068386181,10903,24068397084,1844968,24070242052,12480,1868351,120,120,2,cudaLaunchKernel, 977    1    1, 256    1    1,"<unnamed>::pack_face_z(const double *, double *, int, int, int, int, int)"
24068388572,9114,24068397686,1846859,24070244545,5024,1860997,124,124,6,cudaLaunchKernel, 977    1    1, 256    1    1,"<unnamed>::pack_face_y(const double *, double *, int, int, int, int, int)"
24068394654,6399,24068401053,1840131,24070241184,12416,1858946,118,118,0,cudaLaunchKernel, 977    1    1, 256    1    1,"<unnamed>::pack_face_z(const double *, double *, int, int, int, int, int)"
24068397207,10602,24068407809,1839445,24070247254,12416,1862463,131,131,7,cudaLaunchKernel, 977    1    1, 256    1    1,"<unnamed>::pack_face_z(const double *, double *, int, int, int, int, int)"
24068398193,11803,24068409996,74254,24068484250,1752266,1838323,120,120,2,cudaLaunchKernel,  16  125  125,  32    4    4,"<unnamed>::step_kernel_interior(const double *, const double *, double *, const double *, const double *, int, int, int, int, int, int, int, double, double)"
24068398588,3973,24068402561,1848512,24070251073,12320,1864805,124,124,6,cudaLaunchKernel, 977    1    1, 256    1    1,"<unnamed>::pack_face_z(const double *, double *, int, int, int, int, int)"
24068399089,11330,24068410419,106114,24068516533,6816,124260,123,123,5,cudaLaunchKernel, 977    1    1, 256    1    1,"<unnamed>::pack_face_x(const double *, double *, int, int, int, int, int)"
24068399624,11365,24068410989,1851107,24070262096,4160,1866632,122,122,4,cudaLaunchKernel, 977    1    1, 256    1    1,"<unnamed>::pack_face_x(const double *, double *, int, int, int, int, int)"
24068401713,11943,24068413656,74261,24068487917,1751059,1837263,118,118,0,cudaLaunchKernel,  16  125  125,  32    4    4,"<unnamed>::step_kernel_interior(const double *, const double *, double *, const double *, const double *, int, int, int, int, int, int, int, double, double)"
24068406461,7284,24068413745,84100,24068497845,1751180,1842564,124,124,6,cudaLaunchKernel,  16  125  125,  32    4    4,"<unnamed>::step_kernel_interior(const double *, const double *, double *, const double *, const double *, int, int, int, int, int, int, int, double, double)"
24068408919,12806,24068421725,64814,24068486539,1754283,1831903,131,131,7,cudaLaunchKernel,  16  125  125,  32    4    4,"<unnamed>::step_kernel_interior(const double *, const double *, double *, const double *, const double *, int, int, int, int, int, int, int, double, double)"
24068411378,11028,24068422406,1844283,24070266689,4160,1859471,123,123,5,cudaLaunchKernel, 977    1    1, 256    1    1,"<unnamed>::pack_face_y(const double *, double *, int, int, int, int, int)"
24068411920,11321,24068423241,1844615,24070267856,3168,1859104,122,122,4,cudaLaunchKernel, 977    1    1, 256    1    1,"<unnamed>::pack_face_y(const double *, double *, int, int, int, int, int)"
24068423329,14457,24068437786,1834535,24070272321,12768,1861760,123,123,5,cudaLaunchKernel, 977    1    1, 256    1    1,"<unnamed>::pack_face_z(const double *, double *, int, int, int, int, int)"
24068427255,11991,24068439246,1832962,24070272208,12608,1857561,122,122,4,cudaLaunchKernel, 977    1    1, 256    1    1,"<unnamed>::pack_face_z(const double *, double *, int, int, int, int, int)"
24068438950,13521,24068452471,65182,24068517653,1753836,1832539,123,123,5,cudaLaunchKernel,  16  125  125,  32    4    4,"<unnamed>::step_kernel_interior(const double *, const double *, double *, const double *, const double *, int, int, int, int, int, int, int, double, double)"
24068443256,12523,24068455779,59672,24068515451,1751477,1823672,122,122,4,cudaLaunchKernel,  16  125  125,  32    4    4,"<unnamed>::step_kernel_interior(const double *, const double *, double *, const double *, const double *, int, int, int, int, int, int, int, double, double)"
24070340302,11348,24070351650,1325,24070352975,2368,15041,121,121,3,cudaLaunchKernel, 977    1    1, 256    1    1,"<unnamed>::unpack_face_x(const double *, double *, int, int, int, int, int)"
24070348979,13051,24070362030,2705,24070364735,2400,18156,118,118,0,cudaLaunchKernel, 977    1    1, 256    1    1,"<unnamed>::unpack_face_x(const double *, double *, int, int, int, int, int)"
24070349952,11902,24070361854,1637,24070363491,2400,15939,120,120,2,cudaLaunchKernel, 977    1    1, 256    1    1,"<unnamed>::unpack_face_x(const double *, double *, int, int, int, int, int)"
24070352598,9738,24070362336,719,24070363055,2368,12825,121,121,3,cudaLaunchKernel, 977    1    1, 256    1    1,"<unnamed>::unpack_face_y(const double *, double *, int, int, int, int, int)"
24070362803,10391,24070373194,1209,24070374403,2336,13936,120,120,2,cudaLaunchKernel, 977    1    1, 256    1    1,"<unnamed>::unpack_face_y(const double *, double *, int, int, int, int, int)"
24070363014,17061,,,24070379583,2432,19001,118,118,0,cudaLaunchKernel, 977    1    1, 256    1    1,"<unnamed>::unpack_face_y(const double *, double *, int, int, int, int, int)"
24070363237,9771,24070373008,1119,24070374127,12960,23850,121,121,3,cudaLaunchKernel, 977    1    1, 256    1    1,"<unnamed>::unpack_face_z(const double *, double *, int, int, int, int, int)"
24070364481,10489,24070374970,1414,24070376384,2432,14335,124,124,6,cudaLaunchKernel, 977    1    1, 256    1    1,"<unnamed>::unpack_face_x(const double *, double *, int, int, int, int, int)"
24070366708,12078,24070378786,156,24070378942,2336,14570,119,119,1,cudaLaunchKernel, 977    1    1, 256    1    1,"<unnamed>::unpack_face_x(const double *, double *, int, int, int, int, int)"
24070371675,15194,,,24070386452,2304,17081,131,131,7,cudaLaunchKernel, 977    1    1, 256    1    1,"<unnamed>::unpack_face_x(const double *, double *, int, int, int, int, int)"
24070374130,14439,,,24070387426,12608,25904,120,120,2,cudaLaunchKernel, 977    1    1, 256    1    1,"<unnamed>::unpack_face_z(const double *, double *, int, int, int, int, int)"
24070374160,8815,24070382975,5168,24070388143,14528,28511,121,121,3,cudaLaunchKernel,1954    1    1, 256    1    1,"<unnamed>::step_kernel_boundary_x_faces(const double *, const double *, double *, const double *, const double *, int, int, int, int, int, int, int, double, double)"
24070375944,9187,24070385131,1269,24070386400,2336,12792,124,124,6,cudaLaunchKernel, 977    1    1, 256    1    1,"<unnamed>::unpack_face_y(const double *, double *, int, int, int, int, int)"
24070379456,12930,24070392386,3149,24070395535,2304,18383,122,122,4,cudaLaunchKernel, 977    1    1, 256    1    1,"<unnamed>::unpack_face_x(const double *, double *, int, int, int, int, int)"
24070380247,10048,24070390295,295,24070390590,2368,12711,119,119,1,cudaLaunchKernel, 977    1    1, 256    1    1,"<unnamed>::unpack_face_y(const double *, double *, int, int, int, int, int)"
24070381019,11398,24070392417,2622,24070395039,12576,26596,118,118,0,cudaLaunchKernel, 977    1    1, 256    1    1,"<unnamed>::unpack_face_z(const double *, double *, int, int, int, int, int)"
24070381650,12716,24070394366,1346,24070395712,2336,16398,123,123,5,cudaLaunchKernel, 977    1    1, 256    1    1,"<unnamed>::unpack_face_x(const double *, double *, int, int, int, int, int)"
24070383855,9575,24070393430,10553,24070403983,13088,33216,121,121,3,cudaLaunchKernel,1946    1    1, 256    1    1,"<unnamed>::step_kernel_boundary_y_faces(const double *, const double *, double *, const double *, const double *, int, int, int, int, int, int, int, double, double)"
24070388912,6626,24070395538,2094,24070397632,12639,21359,124,124,6,cudaLaunchKernel, 977    1    1, 256    1    1,"<unnamed>::unpack_face_z(const double *, double *, int, int, int, int, int)"
24070389039,11371,,,24070398580,2368,11909,131,131,7,cudaLaunchKernel, 977    1    1, 256    1    1,"<unnamed>::unpack_face_y(const double *, double *, int, int, int, int, int)"
24070389739,12102,24070401841,2065,24070403906,14560,28727,120,120,2,cudaLaunchKernel,1954    1    1, 256    1    1,"<unnamed>::step_kernel_boundary_x_faces(const double *, const double *, double *, const double *, const double *, int, int, int, int, int, int, int, double, double)"
24070391236,9737,,,24070399934,12704,21402,119,119,1,cudaLaunchKernel, 977    1    1, 256    1    1,"<unnamed>::unpack_face_z(const double *, double *, int, int, int, int, int)"
24070393369,10985,24070404354,2637,24070406991,2336,15958,122,122,4,cudaLaunchKernel, 977    1    1, 256    1    1,"<unnamed>::unpack_face_y(const double *, double *, int, int, int, int, int)"
24070393530,10783,24070404313,4390,24070408703,14656,29829,118,118,0,cudaLaunchKernel,1954    1    1, 256    1    1,"<unnamed>::step_kernel_boundary_x_faces(const double *, const double *, double *, const double *, const double *, int, int, int, int, int, int, int, double, double)"
24070394323,9005,24070403328,14991,24070418319,117151,141147,121,121,3,cudaLaunchKernel,1938    1    1, 256    1    1,"<unnamed>::step_kernel_boundary_z_faces(const double *, const double *, double *, const double *, const double *, int, int, int, int, int, int, int, double, double)"
24070395378,13583,,,24070407327,2432,14381,123,123,5,cudaLaunchKernel, 977    1    1, 256    1    1,"<unnamed>::unpack_face_y(const double *, double *, int, int, int, int, int)"
24070396190,8989,24070405179,6116,24070411295,14016,29121,124,124,6,cudaLaunchKernel,1954    1    1, 256    1    1,"<unnamed>::step_kernel_boundary_x_faces(const double *, const double *, double *, const double *, const double *, int, int, int, int, int, int, int, double, double)"
24070401624,11594,24070413218,1234,24070414452,12704,25532,131,131,7,cudaLaunchKernel, 977    1    1, 256    1    1,"<unnamed>::unpack_face_z(const double *, double *, int, int, int, int, int)"
24070402282,10065,24070412347,2243,24070414590,14560,26868,119,119,1,cudaLaunchKernel,1954    1    1, 256    1    1,"<unnamed>::step_kernel_boundary_x_faces(const double *, const double *, double *, const double *, const double *, int, int, int, int, int, int, int, double, double)"
24070402743,10418,24070413161,6425,24070419586,13280,30123,120,120,2,cudaLaunchKernel,1946    1    1, 256    1    1,"<unnamed>::step_kernel_boundary_y_faces(const double *, const double *, double *, const double *, const double *, int, int, int, int, int, int, int, double, double)"
24070405190,11065,24070416255,8160,24070424415,13088,32313,118,118,0,cudaLaunchKernel,1946    1    1, 256    1    1,"<unnamed>::step_kernel_boundary_y_faces(const double *, const double *, double *, const double *, const double *, int, int, int, int, int, int, int, double, double)"
24070405274,12239,24070417513,2854,24070420367,12736,27829,122,122,4,cudaLaunchKernel, 977    1    1, 256    1    1,"<unnamed>::unpack_face_z(const double *, double *, int, int, int, int, int)"
24070406071,8858,24070414929,11438,24070426367,13216,33512,124,124,6,cudaLaunchKernel,1946    1    1, 256    1    1,"<unnamed>::step_kernel_boundary_y_faces(const double *, const double *, double *, const double *, const double *, int, int, int, int, int, int, int, double, double)"
24070410119,8445,24070418564,2235,24070420799,12224,22904,123,123,5,cudaLaunchKernel, 977    1    1, 256    1    1,"<unnamed>::unpack_face_z(const double *, double *, int, int, int, int, int)"
24070413258,5661,24070418919,11255,24070430174,12896,29812,119,119,1,cudaLaunchKernel,1946    1    1, 256    1    1,"<unnamed>::step_kernel_boundary_y_faces(const double *, const double *, double *, const double *, const double *, int, int, int, int, int, int, int, double, double)"
24070414031,9290,24070423321,10761,24070434082,116862,136913,120,120,2,cudaLaunchKernel,1938    1    1, 256    1    1,"<unnamed>::step_kernel_boundary_z_faces(const double *, const double *, double *, const double *, const double *, int, int, int, int, int, int, int, double, double)"
24070414360,9344,24070423704,1862532,24072286236,4384,1876260,121,121,3,cudaLaunchKernel, 977    1    1, 256    1    1,"<unnamed>::pack_face_x(const double *, double *, int, int, int, int, int)"
24070414866,12858,24070427724,2376,24070430100,13984,29218,131,131,7,cudaLaunchKernel,1954    1    1, 256    1    1,"<unnamed>::step_kernel_boundary_x_faces(const double *, const double *, double *, const double *, const double *, int, int, int, int, int, int, int, double, double)"
24070415730,4389,24070420119,20552,24070440671,117087,142028,124,124,6,cudaLaunchKernel,1938    1    1, 256    1    1,"<unnamed>::step_kernel_boundary_z_faces(const double *, const double *, double *, const double *, const double *, int, int, int, int, int, int, int, double, double)"
24070417109,9608,24070426717,11970,24070438687,117695,139273,118,118,0,cudaLaunchKernel,1938    1    1, 256    1    1,"<unnamed>::step_kernel_boundary_z_faces(const double *, const double *, double *, const double *, const double *, int, int, int, int, int, int, int, double, double)"
24070418614,14232,24070432846,1377,24070434223,14400,30009,122,122,4,cudaLaunchKernel,1954    1    1, 256    1    1,"<unnamed>::step_kernel_boundary_x_faces(const double *, const double *, double *, const double *, const double *, int, int, int, int, int, int, int, double, double)"
24070419202,16085,24070435287,1928,24070437215,14400,32413,123,123,5,cudaLaunchKernel,1954    1    1, 256    1    1,"<unnamed>::step_kernel_boundary_x_faces(const double *, const double *, double *, const double *, const double *, int, int, int, int, int, int, int, double, double)"
24070419305,8749,24070428054,16232,24070444286,117663,142644,119,119,1,cudaLaunchKernel,1938    1    1, 256    1    1,"<unnamed>::step_kernel_boundary_z_faces(const double *, const double *, double *, const double *, const double *, int, int, int, int, int, int, int, double, double)"
24070424746,10345,24070435091,1857001,24072292092,3072,1870418,121,121,3,cudaLaunchKernel, 977    1    1, 256    1    1,"<unnamed>::pack_face_y(const double *, double *, int, int, int, int, int)"
24070428726,17556,24070446282,1898,24070448180,13375,32829,131,131,7,cudaLaunchKernel,1946    1    1, 256    1    1,"<unnamed>::step_kernel_boundary_y_faces(const double *, const double *, double *, const double *, const double *, int, int, int, int, int, int, int, double, double)"
24070432549,10097,24070442646,1867796,24072310442,4864,1882757,124,124,6,cudaLaunchKernel, 977    1    1, 256    1    1,"<unnamed>::pack_face_x(const double *, double *, int, int, int, int, int)"
24070433845,12057,24070445902,3681,24070449583,13792,29530,122,122,4,cudaLaunchKernel,1946    1    1, 256    1    1,"<unnamed>::step_kernel_boundary_y_faces(const double *, const double *, double *, const double *, const double *, int, int, int, int, int, int, int, double, double)"
24070434581,11558,24070446139,106629,24070552768,7360,125547,120,120,2,cudaLaunchKernel, 977    1    1, 256    1    1,"<unnamed>::pack_face_x(const double *, double *, int, int, int, int, int)"
24070436011,9505,24070445516,1851120,24072296636,12320,1872945,121,121,3,cudaLaunchKernel, 977    1    1, 256    1    1,"<unnamed>::pack_face_z(const double *, double *, int, int, int, int, int)"
24070436190,13686,24070449876,2827,24070452703,13120,29633,123,123,5,cudaLaunchKernel,1946    1    1, 256    1    1,"<unnamed>::step_kernel_boundary_y_faces(const double *, const double *, double *, const double *, const double *, int, int, int, int, int, int, int, double, double)"
24070437199,15474,24070452673,105469,24070558142,8288,129231,118,118,0,cudaLaunchKernel, 977    1    1, 256    1    1,"<unnamed>::pack_face_x(const double *, double *, int, int, int, int, int)"
24070443078,10416,24070453494,1861661,24072315155,3840,1875917,119,119,1,cudaLaunchKernel, 977    1    1, 256    1    1,"<unnamed>::pack_face_x(const double *, double *, int, int, int, int, int)"
24070443571,9923,24070453494,1863220,24072316714,3040,1876183,124,124,6,cudaLaunchKernel, 977    1    1, 256    1    1,"<unnamed>::pack_face_y(const double *, double *, int, int, int, int, int)"
24070446657,9556,24070456213,80665,24070536878,1753230,1843451,121,121,3,cudaLaunchKernel,  16  125  125,  32    4    4,"<unnamed>::step_kernel_interior(const double *, const double *, double *, const double *, const double *, int, int, int, int, int, int, int, double, double)"
24070446971,14214,24070461185,3278,24070464463,117503,134995,122,122,4,cudaLaunchKernel,1938    1    1, 256    1    1,"<unnamed>::step_kernel_boundary_z_faces(const double *, const double *, double *, const double *, const double *, int, int, int, int, int, int, int, double, double)"
24070447056,14146,24070461202,1844440,24072305642,4928,1863514,120,120,2,cudaLaunchKernel, 977    1    1, 256    1    1,"<unnamed>::pack_face_y(const double *, double *, int, int, int, int, int)"
24070447147,14301,24070461448,1547,24070462995,116767,132615,131,131,7,cudaLaunchKernel,1938    1    1, 256    1    1,"<unnamed>::step_kernel_boundary_z_faces(const double *, const double *, double *, const double *, const double *, int, int, int, int, int, int, int, double, double)"
24070451871,11583,24070463454,3489,24070466943,117790,132862,123,123,5,cudaLaunchKernel,1938    1    1, 256    1    1,"<unnamed>::step_kernel_boundary_z_faces(const double *, const double *, double *, const double *, const double *, int, int, int, int, int, int, int, double, double)"
24070453558,10162,24070463720,1845897,24072309617,5024,1861083,118,118,0,cudaLaunchKernel, 977    1    1, 256    1    1,"<unnamed>::pack_face_y(const double *, double *, int, int, int, int, int)"
24070454435,10194,24070464629,1855934,24072320563,2976,1869104,119,119,1,cudaLaunchKernel, 977    1    1, 256    1    1,"<unnamed>::pack_face_y(const double *, double *, int, int, int, int, int)"
24070454481,9311,24070463792,1857114,24072320906,12351,1878776,124,124,6,cudaLaunchKernel, 977    1    1, 256    1    1,"<unnamed>::pack_face_z(const double *, double *, int, int, int, int, int)"
24070462128,10689,24070472817,1839545,24072312362,12512,1862746,120,120,2,cudaLaunchKernel, 977    1    1, 256    1    1,"<unnamed>::pack_face_z(const double *, double *, int, int, int, int, int)"
24070464636,12803,24070477439,1838962,24072316401,12352,1864117,118,118,0,cudaLaunchKernel, 977    1    1, 256    1    1,"<unnamed>::pack_face_z(const double *, double *, int, int, int, int, int)"
24070464929,9195,24070474124,85106,24070559230,1755564,1849865,124,124,6,cudaLaunchKernel,  16  125  125,  32    4    4,"<unnamed>::step_kernel_interior(const double *, const double *, double *, const double *, const double *, int, int, int, int, int, int, int, double, double)"
24070465547,9621,24070475168,1849491,24072324659,12640,1871752,119,119,1,cudaLaunchKernel, 977    1    1, 256    1    1,"<unnamed>::pack_face_z(const double *, double *, int, int, int, int, int)"
24070467285,17710,24070484995,1845754,24072330749,5664,1869128,131,131,7,cudaLaunchKernel, 977    1    1, 256    1    1,"<unnamed>::pack_face_x(const double *, double *, int, int, int, int, int)"
24070473567,14492,24070488059,95475,24070583534,7200,117167,122,122,4,cudaLaunchKernel, 977    1    1, 256    1    1,"<unnamed>::pack_face_x(const double *, double *, int, int, int, int, int)"
24070473953,13496,24070487449,66567,24070554016,1756042,1836105,120,120,2,cudaLaunchKernel,  16  125  125,  32    4    4,"<unnamed>::step_kernel_interior(const double *, const double *, double *, const double *, const double *, int, int, int, int, int, int, int, double, double)"
24070475256,18766,24070494022,1841059,24072335081,5088,1864913,123,123,5,cudaLaunchKernel, 977    1    1, 256    1    1,"<unnamed>::pack_face_x(const double *, double *, int, int, int, int, int)"
24070476285,11759,24070488044,75345,24070563389,1756150,1843254,119,119,1,cudaLaunchKernel,  16  125  125,  32    4    4,"<unnamed>::step_kernel_interior(const double *, const double *, double *, const double *, const double *, int, int, int, int, int, int, int, double, double)"
24070485229,12111,24070497340,62050,24070559390,1754739,1828900,118,118,0,cudaLaunchKernel,  16  125  125,  32    4    4,"<unnamed>::step_kernel_interior(const double *, const double *, double *, const double *, const double *, int, int, int, int, int, int, int, double, double)"
24070486217,11346,24070497563,1840418,24072337981,2944,1854708,131,131,7,cudaLaunchKernel, 977    1    1, 256    1    1,"<unnamed>::pack_face_y(const double *, double *, int, int, int, int, int)"
24070492438,11584,24070504022,1828301,24072332323,5088,1844973,122,122,4,cudaLaunchKernel, 977    1    1, 256    1    1,"<unnamed>::pack_face_y(const double *, double *, int, int, int, int, int)"
24070495087,10892,24070505979,1835662,24072341641,2912,1849466,123,123,5,cudaLaunchKernel, 977    1    1, 256    1    1,"<unnamed>::pack_face_y(const double *, double *, int, int, int, int, int)"
24070501733,12854,24070514587,1827810,24072342397,12896,1853560,131,131,7,cudaLaunchKernel, 977    1    1, 256    1    1,"<unnamed>::pack_face_z(const double *, double *, int, int, int, int, int)"
24070504939,13962,24070518901,1819982,24072338883,12768,1846712,122,122,4,cudaLaunchKernel, 977    1    1, 256    1    1,"<unnamed>::pack_face_z(const double *, double *, int, int, int, int, int)"
24070510053,12772,24070522825,1822912,24072345737,12384,1848068,123,123,5,cudaLaunchKernel, 977    1    1, 256    1    1,"<unnamed>::pack_face_z(const double *, double *, int, int, int, int, int)"
24070515657,14543,24070530200,51322,24070581522,1755403,1821268,131,131,7,cudaLaunchKernel,  16  125  125,  32    4    4,"<unnamed>::step_kernel_interior(const double *, const double *, double *, const double *, const double *, int, int, int, int, int, int, int, double, double)"
24070520326,12678,24070533004,52066,24070585070,1751797,1816541,122,122,4,cudaLaunchKernel,  16  125  125,  32    4    4,"<unnamed>::step_kernel_interior(const double *, const double *, double *, const double *, const double *, int, int, int, int, int, int, int, double, double)"
24070523976,15687,24070539663,46446,24070586109,1753548,1815681,123,123,5,cudaLaunchKernel,  16  125  125,  32    4    4,"<unnamed>::step_kernel_interior(const double *, const double *, double *, const double *, const double *, int, int, int, int, int, int, int, double, double)"
24072424090,12215,24072436305,1527,24072437832,2496,16238,120,120,2,cudaLaunchKernel, 977    1    1, 256    1    1,"<unnamed>::unpack_face_x(const double *, double *, int, int, int, int, int)"
24072424559,12598,24072437157,2731,24072439888,2304,17633,118,118,0,cudaLaunchKernel, 977    1    1, 256    1    1,"<unnamed>::unpack_face_x(const double *, double *, int, int, int, int, int)"
24072428787,9932,24072438719,1468,24072440187,2431,13831,121,121,3,cudaLaunchKernel, 977    1    1, 256    1    1,"<unnamed>::unpack_face_x(const double *, double *, int, int, int, int, int)"
24072432960,6216,24072439176,2250,24072441426,2496,10962,119,119,1,cudaLaunchKernel, 977    1    1, 256    1    1,"<unnamed>::unpack_face_x(const double *, double *, int, int, int, int, int)"
24072434916,6606,24072441522,2230,24072443752,2336,11172,124,124,6,cudaLaunchKernel, 977    1    1, 256    1    1,"<unnamed>::unpack_face_x(const double *, double *, int, int, int, int, int)"
24072437262,14633,24072451895,1553,24072453448,2464,18650,120,120,2,cudaLaunchKernel, 977    1    1, 256    1    1,"<unnamed>::unpack_face_y(const double *, double *, int, int, int, int, int)"
24072438122,12240,24072450362,2998,24072453360,2496,17734,118,118,0,cudaLaunchKernel, 977    1    1, 256    1    1,"<unnamed>::unpack_face_y(const double *, double *, int, int, int, int, int)"
24072439634,4461,24072444095,3643,24072447738,2720,10824,121,121,3,cudaLaunchKernel, 977    1    1, 256    1    1,"<unnamed>::unpack_face_y(const double *, double *, int, int, int, int, int)"
24072439772,4108,24072443880,3914,24072447794,2432,10454,119,119,1,cudaLaunchKernel, 977    1    1, 256    1    1,"<unnamed>::unpack_face_y(const double *, double *, int, int, int, int, int)"
24072439947,12340,24072452287,2468,24072454755,2591,17399,122,122,4,cudaLaunchKernel, 977    1    1, 256    1    1,"<unnamed>::unpack_face_x(const double *, double *, int, int, int, int, int)"
24072440614,11707,24072452321,1191,24072453512,2336,15234,123,123,5,cudaLaunchKernel, 977    1    1, 256    1    1,"<unnamed>::unpack_face_x(const double *, double *, int, int, int, int, int)"
24072441938,8812,24072450750,2410,24072453160,2368,13590,124,124,6,cudaLaunchKernel, 977    1    1, 256    1    1,"<unnamed>::unpack_face_y(const double *, double *, int, int, int, int, int)"
24072442348,10979,24072453327,1261,24072454588,2272,14512,131,131,7,cudaLaunchKernel, 977    1    1, 256    1    1,"<unnamed>::unpack_face_x(const double *, double *, int, int, int, int, int)"
24072444254,8536,24072452790,1116,24072453906,13216,22868,119,119,1,cudaLaunchKernel, 977    1    1, 256    1    1,"<unnamed>::unpack_face_z(const double *, double *, int, int, int, int, int)"
24072444459,8705,24072453164,1166,24072454330,12640,22511,121,121,3,cudaLaunchKernel, 977    1    1, 256    1    1,"<unnamed>::unpack_face_z(const double *, double *, int, int, int, int, int)"
24072451269,11155,24072462424,2552,24072464976,12704,26411,118,118,0,cudaLaunchKernel, 977    1    1, 256    1    1,"<unnamed>::unpack_face_z(const double *, double *, int, int, int, int, int)"
24072451666,9342,24072461008,1016,24072462024,12672,23030,124,124,6,cudaLaunchKernel, 977    1    1, 256    1    1,"<unnamed>::unpack_face_z(const double *, double *, int, int, int, int, int)"
24072452820,10878,24072463698,1334,24072465032,12032,24244,120,120,2,cudaLaunchKernel, 977    1    1, 256    1    1,"<unnamed>::unpack_face_z(const double *, double *, int, int, int, int, int)"
24072453293,15254,,,24072467624,2432,16763,123,123,5,cudaLaunchKernel, 977    1    1, 256    1    1,"<unnamed>::unpack_face_y(const double *, double *, int, int, int, int, int)"
24072453399,14311,24072467710,1124,24072468834,2368,17803,122,122,4,cudaLaunchKernel, 977    1    1, 256    1    1,"<unnamed>::unpack_face_y(const double *, double *, int, int, int, int, int)"
24072453928,10688,24072464616,3594,24072468210,15136,29418,119,119,1,cudaLaunchKernel,1954    1    1, 256    1    1,"<unnamed>::step_kernel_boundary_x_faces(const double *, const double *, double *, const double *, const double *, int, int, int, int, int, int, int, double, double)"
24072454264,9577,24072463841,4665,24072468506,13984,28226,121,121,3,cudaLaunchKernel,1954    1    1, 256    1    1,"<unnamed>::step_kernel_boundary_x_faces(const double *, const double *, double *, const double *, const double *, int, int, int, int, int, int, int, double, double)"
24072457475,12499,,,24072468731,2592,13848,131,131,7,cudaLaunchKernel, 977    1    1, 256    1    1,"<unnamed>::unpack_face_y(const double *, double *, int, int, int, int, int)"
24072462087,10244,24072472331,3421,24072475752,13792,27457,124,124,6,cudaLaunchKernel,1954    1    1, 256    1    1,"<unnamed>::step_kernel_boundary_x_faces(const double *, const double *, double *, const double *, const double *, int, int, int, int, int, int, int, double, double)"
24072463520,11625,24072475145,4455,24072479600,14368,30448,118,118,0,cudaLaunchKernel,1954    1    1, 256    1    1,"<unnamed>::step_kernel_boundary_x_faces(const double *, const double *, double *, const double *, const double *, int, int, int, int, int, int, int, double, double)"
24072464507,8583,24072473090,10648,24072483738,12992,32223,121,121,3,cudaLaunchKernel,1946    1    1, 256    1    1,"<unnamed>::step_kernel_boundary_y_faces(const double *, const double *, double *, const double *, const double *, int, int, int, int, int, int, int, double, double)"
24072464806,10939,24072475745,3239,24072478984,14240,28418,120,120,2,cudaLaunchKernel,1954    1    1, 256    1    1,"<unnamed>::step_kernel_boundary_x_faces(const double *, const double *, double *, const double *, const double *, int, int, int, int, int, int, int, double, double)"
24072465485,9238,24072474723,10063,24072484786,12992,32293,119,119,1,cudaLaunchKernel,1946    1    1, 256    1    1,"<unnamed>::step_kernel_boundary_y_faces(const double *, const double *, double *, const double *, const double *, int, int, int, int, int, int, int, double, double)"
24072469713,14532,,,24072481698,12576,24561,122,122,4,cudaLaunchKernel, 977    1    1, 256    1    1,"<unnamed>::unpack_face_z(const double *, double *, int, int, int, int, int)"
24072469842,7945,24072477787,2029,24072479816,12639,22613,123,123,5,cudaLaunchKernel, 977    1    1, 256    1    1,"<unnamed>::unpack_face_z(const double *, double *, int, int, int, int, int)"
24072470918,13199,,,24072480667,12256,22005,131,131,7,cudaLaunchKernel, 977    1    1, 256    1    1,"<unnamed>::unpack_face_z(const double *, double *, int, int, int, int, int)"
24072473184,5026,24072478210,12550,24072490760,13919,31495,124,124,6,cudaLaunchKernel,1946    1    1, 256    1    1,"<unnamed>::step_kernel_boundary_y_faces(const double *, const double *, double *, const double *, const double *, int, int, int, int, int, int, int, double, double)"
24072473967,4259,24072478226,19592,24072497818,117919,141770,121,121,3,cudaLaunchKernel,1938    1    1, 256    1    1,"<unnamed>::step_kernel_boundary_z_faces(const double *, const double *, double *, const double *, const double *, int, int, int, int, int, int, int, double, double)"
24072475584,9686,24072485270,13628,24072498898,116831,140145,119,119,1,cudaLaunchKernel,1938    1    1, 256    1    1,"<unnamed>::step_kernel_boundary_z_faces(const double *, const double *, double *, const double *, const double *, int, int, int, int, int, int, int, double, double)"
24072476042,11610,24072487652,7756,24072495408,13215,32581,118,118,0,cudaLaunchKernel,1946    1    1, 256    1    1,"<unnamed>::step_kernel_boundary_y_faces(const double *, const double *, double *, const double *, const double *, int, int, int, int, int, int, int, double, double)"
24072476624,10698,24072487322,7342,24072494664,13312,31352,120,120,2,cudaLaunchKernel,1946    1    1, 256    1    1,"<unnamed>::step_kernel_boundary_y_faces(const double *, const double *, double *, const double *, const double *, int, int, int, int, int, int, int, double, double)"
24072483368,9854,24072493222,12801,24072506023,119167,141822,124,124,6,cudaLaunchKernel,1938    1    1, 256    1    1,"<unnamed>::step_kernel_boundary_z_faces(const double *, const double *, double *, const double *, const double *, int, int, int, int, int, int, int, double, double)"
24072484490,13262,24072497752,943,24072498695,13888,28093,123,123,5,cudaLaunchKernel,1954    1    1, 256    1    1,"<unnamed>::step_kernel_boundary_x_faces(const double *, const double *, double *, const double *, const double *, int, int, int, int, int, int, int, double, double)"
24072485238,12871,24072498109,2078,24072500187,13856,28805,131,131,7,cudaLaunchKernel,1954    1    1, 256    1    1,"<unnamed>::step_kernel_boundary_x_faces(const double *, const double *, double *, const double *, const double *, int, int, int, int, int, int, int, double, double)"
24072485470,12756,24072498226,2480,24072500706,13792,29028,122,122,4,cudaLaunchKernel,1954    1    1, 256    1    1,"<unnamed>::step_kernel_boundary_x_faces(const double *, const double *, double *, const double *, const double *, int, int, int, int, int, int, int, double, double)"
24072488197,14337,24072502534,6882,24072509416,117438,138657,120,120,2,cudaLaunchKernel,1938    1    1, 256    1    1,"<unnamed>::step_kernel_boundary_z_faces(const double *, const double *, double *, const double *, const double *, int, int, int, int, int, int, int, double, double)"
24072488515,14365,24072502880,7183,24072510063,119968,141516,118,118,0,cudaLaunchKernel,1938    1    1, 256    1    1,"<unnamed>::step_kernel_boundary_z_faces(const double *, const double *, double *, const double *, const double *, int, int, int, int, int, int, int, double, double)"
24072493053,10193,24072503246,1865721,24074368967,3680,1879594,121,121,3,cudaLaunchKernel, 977    1    1, 256    1    1,"<unnamed>::pack_face_x(const double *, double *, int, int, int, int, int)"
24072495390,10809,24072506199,111098,24072617297,3040,124947,119,119,1,cudaLaunchKernel, 977    1    1, 256    1    1,"<unnamed>::pack_face_x(const double *, double *, int, int, int, int, int)"
24072498661,15853,24072514514,2229,24072516743,13216,31298,123,123,5,cudaLaunchKernel,1946    1    1, 256    1    1,"<unnamed>::step_kernel_boundary_y_faces(const double *, const double *, double *, const double *, const double *, int, int, int, int, int, int, int, double, double)"
24072499181,12797,24072511978,1864296,24074376274,4608,1881701,124,124,6,cudaLaunchKernel, 977    1    1, 256    1    1,"<unnamed>::pack_face_x(const double *, double *, int, int, int, int, int)"
24072501431,11920,24072513351,2996,24072516347,13344,28260,131,131,7,cudaLaunchKernel,1946    1    1, 256    1    1,"<unnamed>::step_kernel_boundary_y_faces(const double *, const double *, double *, const double *, const double *, int, int, int, int, int, int, int, double, double)"
24072502414,12408,24072514822,3836,24072518658,13248,29492,122,122,4,cudaLaunchKernel,1946    1    1, 256    1    1,"<unnamed>::step_kernel_boundary_y_faces(const double *, const double *, double *, const double *, const double *, int, int, int, int, int, int, int, double, double)"
24072504228,9642,24072513870,1860313,24074374183,2880,1872835,121,121,3,cudaLaunchKernel, 977    1    1, 256    1    1,"<unnamed>::pack_face_y(const double *, double *, int, int, int, int, int)"
24072507099,9015,24072516114,1851316,24074367430,4544,1864875,119,119,1,cudaLaunchKernel, 977    1    1, 256    1    1,"<unnamed>::pack_face_y(const double *, double *, int, int, int, int, int)"
24072512915,5144,24072518059,1864295,24074382354,3168,1872607,124,124,6,cudaLaunchKernel, 977    1    1, 256    1    1,"<unnamed>::pack_face_y(const double *, double *, int, int, int, int, int)"
24072513062,12271,24072525333,103313,24072628646,3072,118656,120,120,2,cudaLaunchKernel, 977    1    1, 256    1    1,"<unnamed>::pack_face_x(const double *, double *, int, int, int, int, int)"
24072513368,11349,24072524717,1856981,24074381698,3744,1872074,118,118,0,cudaLaunchKernel, 977    1    1, 256    1    1,"<unnamed>::pack_face_x(const double *, double *, int, int, int, int, int)"
24072514207,12066,24072526273,4602,24072530875,117982,134650,131,131,7,cudaLaunchKernel,1938    1    1, 256    1    1,"<unnamed>::step_kernel_boundary_z_faces(const double *, const double *, double *, const double *, const double *, int, int, int, int, int, int, int, double, double)"
24072514780,9664,24072524444,1853611,24074378055,12512,1875787,121,121,3,cudaLaunchKernel, 977    1    1, 256    1    1,"<unnamed>::pack_face_z(const double *, double *, int, int, int, int, int)"
24072515507,10942,24072526449,4630,24072531079,117791,133363,123,123,5,cudaLaunchKernel,1938    1    1, 256    1    1,"<unnamed>::step_kernel_boundary_z_faces(const double *, const double *, double *, const double *, const double *, int, int, int, int, int, int, int, double, double)"
24072515710,10945,24072526655,6691,24072533346,118431,136067,122,122,4,cudaLaunchKernel,1938    1    1, 256    1    1,"<unnamed>::step_kernel_boundary_z_faces(const double *, const double *, double *, const double *, const double *, int, int, int, int, int, int, int, double, double)"
24072517035,9004,24072526039,1847631,24074373670,13824,1870459,119,119,1,cudaLaunchKernel, 977    1    1, 256    1    1,"<unnamed>::pack_face_z(const double *, double *, int, int, int, int, int)"
24072518441,9005,24072527446,1859196,24074386642,13792,1881993,124,124,6,cudaLaunchKernel, 977    1    1, 256    1    1,"<unnamed>::pack_face_z(const double *, double *, int, int, int, int, int)"
24072525548,9847,24072535395,82902,24072618297,1754862,1847611,121,121,3,cudaLaunchKernel,  16  125  125,  32    4    4,"<unnamed>::step_kernel_interior(const double *, const double *, double *, const double *, const double *, int, int, int, int, int, int, int, double, double)"
24072525658,13365,24072539023,1847987,24074387010,3072,1864424,118,118,0,cudaLaunchKernel, 977    1    1, 256    1    1,"<unnamed>::pack_face_y(const double *, double *, int, int, int, int, int)"
24072526267,14577,24072540844,1839108,24074379952,4800,1858485,120,120,2,cudaLaunchKernel, 977    1    1, 256    1    1,"<unnamed>::pack_face_y(const double *, double *, int, int, int, int, int)"
24072527155,11441,24072538596,81101,24072619697,1751765,1844307,119,119,1,cudaLaunchKernel,  16  125  125,  32    4    4,"<unnamed>::step_kernel_interior(const double *, const double *, double *, const double *, const double *, int, int, int, int, int, int, int, double, double)"
24072531579,10739,24072542318,84184,24072626502,1753868,1848791,124,124,6,cudaLaunchKernel,  16  125  125,  32    4    4,"<unnamed>::step_kernel_interior(const double *, const double *, double *, const double *, const double *, int, int, int, int, int, int, int, double, double)"
24072540181,7695,24072547876,1843294,24074391170,12576,1863565,118,118,0,cudaLaunchKernel, 977    1    1, 256    1    1,"<unnamed>::pack_face_z(const double *, double *, int, int, int, int, int)"
24072541653,13258,24072554911,1844824,24074399735,4576,1862658,122,122,4,cudaLaunchKernel, 977    1    1, 256    1    1,"<unnamed>::pack_face_x(const double *, double *, int, int, int, int, int)"
24072541775,9939,24072551714,1834414,24074386128,12352,1856705,120,120,2,cudaLaunchKernel, 977    1    1, 256    1    1,"<unnamed>::pack_face_z(const double *, double *, int, int, int, int, int)"
24072541784,13387,24072555171,95203,24072650374,3072,111662,123,123,5,cudaLaunchKernel, 977    1    1, 256    1    1,"<unnamed>::pack_face_x(const double *, double *, int, int, int, int, int)"
24072541817,11479,24072553296,97065,24072650361,3008,111552,131,131,7,cudaLaunchKernel, 977    1    1, 256    1    1,"<unnamed>::pack_face_x(const double *, double *, int, int, int, int, int)"
24072548576,10699,24072559275,72388,24072631663,1754291,1837378,118,118,0,cudaLaunchKernel,  16  125  125,  32    4    4,"<unnamed>::step_kernel_interior(const double *, const double *, double *, const double *, const double *, int, int, int, int, int, int, int, double, double)"
24072553278,7151,24072560429,70361,24072630790,1753450,1830962,120,120,2,cudaLaunchKernel,  16  125  125,  32    4    4,"<unnamed>::step_kernel_interior(const double *, const double *, double *, const double *, const double *, int, int, int, int, int, int, int, double, double)"
24072554244,7576,24072561820,1840744,24074402564,4544,1852864,131,131,7,cudaLaunchKernel, 977    1    1, 256    1    1,"<unnamed>::pack_face_y(const double *, double *, int, int, int, int, int)"
24072555841,5462,24072561303,1844512,24074405815,2943,1852917,122,122,4,cudaLaunchKernel, 977    1    1, 256    1    1,"<unnamed>::pack_face_y(const double *, double *, int, int, int, int, int)"
24072556141,8398,24072564539,1836374,24074400913,4832,1849604,123,123,5,cudaLaunchKernel, 977    1    1, 256    1    1,"<unnamed>::pack_face_y(const double *, double *, int, int, int, int, int)"
24072561689,10530,24072572219,1837595,24074409814,12544,1860669,122,122,4,cudaLaunchKernel, 977    1    1, 256    1    1,"<unnamed>::pack_face_z(const double *, double *, int, int, int, int, int)"
24072562183,10647,24072572830,1835686,24074408516,12512,1858845,131,131,7,cudaLaunchKernel, 977    1    1, 256    1    1,"<unnamed>::pack_face_z(const double *, double *, int, int, int, int, int)"
24072564915,10354,24072575269,1831884,24074407153,12480,1854718,123,123,5,cudaLaunchKernel, 977    1    1, 256    1    1,"<unnamed>::pack_face_z(const double *, double *, int, int, int, int, int)"
24072573320,11202,24072584522,68663,24072653185,1750614,1830479,122,122,4,cudaLaunchKernel,  16  125  125,  32    4    4,"<unnamed>::step_kernel_interior(const double *, const double *, double *, const double *, const double *, int, int, int, int, int, int, int, double, double)"
24072573939,10877,24072584816,68361,24072653177,1754603,1833841,131,131,7,cudaLaunchKernel,  16  125  125,  32    4    4,"<unnamed>::step_kernel_interior(const double *, const double *, double *, const double *, const double *, int, int, int, int, int, int, int, double, double)"
24072579753,12075,24072591828,61170,24072652998,1752235,1825480,123,123,5,cudaLaunchKernel,  16  125  125,  32    4    4,"<unnamed>::step_kernel_interior(const double *, const double *, double *, const double *, const double *, int, int, int, int, int, int, int, double, double)"
24074492087,9423,24074501510,1312,24074502822,2336,13071,121,121,3,cudaLaunchKernel, 977    1    1, 256    1    1,"<unnamed>::unpack_face_x(const double *, double *, int, int, int, int, int)"
24074496599,6841,24074503440,2177,24074505617,2304,11322,124,124,6,cudaLaunchKernel, 977    1    1, 256    1    1,"<unnamed>::unpack_face_x(const double *, double *, int, int, int, int, int)"
24074498809,12891,24074511700,1146,24074512846,2400,16437,120,120,2,cudaLaunchKernel, 977    1    1, 256    1    1,"<unnamed>::unpack_face_x(const double *, double *, int, int, int, int, int)"
24074499058,9429,,,24074507813,2336,11091,119,119,1,cudaLaunchKernel, 977    1    1, 256    1    1,"<unnamed>::unpack_face_x(const double *, double *, int, int, int, int, int)"
24074499237,12344,24074511581,2724,24074514305,2272,17340,118,118,0,cudaLaunchKernel, 977    1    1, 256    1    1,"<unnamed>::unpack_face_x(const double *, double *, int, int, int, int, int)"
24074502489,8581,24074511070,1896,24074512966,2528,13005,121,121,3,cudaLaunchKernel, 977    1    1, 256    1    1,"<unnamed>::unpack_face_y(const double *, double *, int, int, int, int, int)"
24074504027,8142,24074512169,808,24074512977,2463,11413,124,124,6,cudaLaunchKernel, 977    1    1, 256    1    1,"<unnamed>::unpack_face_y(const double *, double *, int, int, int, int, int)"
24074509645,6582,24074516227,2018,24074518245,2400,11000,119,119,1,cudaLaunchKernel, 977    1    1, 256    1    1,"<unnamed>::unpack_face_y(const double *, double *, int, int, int, int, int)"
24074511979,5075,24074517054,3240,24074520294,12736,21051,121,121,3,cudaLaunchKernel, 977    1    1, 256    1    1,"<unnamed>::unpack_face_z(const double *, double *, int, int, int, int, int)"
24074512619,9882,,,24074522113,2400,11894,118,118,0,cudaLaunchKernel, 977    1    1, 256    1    1,"<unnamed>::unpack_face_y(const double *, double *, int, int, int, int, int)"
24074512979,10670,24074523649,109,24074523758,2400,13179,120,120,2,cudaLaunchKernel, 977    1    1, 256    1    1,"<unnamed>::unpack_face_y(const double *, double *, int, int, int, int, int)"
24074513105,8976,,,24074520816,12576,20287,124,124,6,cudaLaunchKernel, 977    1    1, 256    1    1,"<unnamed>::unpack_face_z(const double *, double *, int, int, int, int, int)"
24074516626,8711,24074525337,1068,24074526405,12992,22771,119,119,1,cudaLaunchKernel, 977    1    1, 256    1    1,"<unnamed>::unpack_face_z(const double *, double *, int, int, int, int, int)"
24074517725,8450,24074526175,8007,24074534182,14975,31432,121,121,3,cudaLaunchKernel,1954    1    1, 256    1    1,"<unnamed>::step_kernel_boundary_x_faces(const double *, const double *, double *, const double *, const double *, int, int, int, int, int, int, int, double, double)"
24074523429,11459,24074534888,2425,24074537313,13311,27195,118,118,0,cudaLaunchKernel, 977    1    1, 256    1    1,"<unnamed>::unpack_face_z(const double *, double *, int, int, int, int, int)"
24074523470,9446,24074532916,1596,24074534512,14336,25378,124,124,6,cudaLaunchKernel,1954    1    1, 256    1    1,"<unnamed>::step_kernel_boundary_x_faces(const double *, const double *, double *, const double *, const double *, int, int, int, int, int, int, int, double, double)"
24074524601,11147,24074535748,682,24074536430,12768,24597,120,120,2,cudaLaunchKernel, 977    1    1, 256    1    1,"<unnamed>::unpack_face_z(const double *, double *, int, int, int, int, int)"
24074526446,9642,24074536088,4525,24074540613,14752,28919,119,119,1,cudaLaunchKernel,1954    1    1, 256    1    1,"<unnamed>::step_kernel_boundary_x_faces(const double *, const double *, double *, const double *, const double *, int, int, int, int, int, int, int, double, double)"
24074527086,9302,24074536388,14209,24074550597,13920,37431,121,121,3,cudaLaunchKernel,1946    1    1, 256    1    1,"<unnamed>::step_kernel_boundary_y_faces(const double *, const double *, double *, const double *, const double *, int, int, int, int, int, int, int, double, double)"
24074527208,14961,24074542169,503,24074542672,2336,17800,123,123,5,cudaLaunchKernel, 977    1    1, 256    1    1,"<unnamed>::unpack_face_x(const double *, double *, int, int, int, int, int)"
24074527632,15249,24074542881,1314,24074544195,2336,18899,131,131,7,cudaLaunchKernel, 977    1    1, 256    1    1,"<unnamed>::unpack_face_x(const double *, double *, int, int, int, int, int)"
24074527963,17220,24074545183,2839,24074548022,2336,22395,122,122,4,cudaLaunchKernel, 977    1    1, 256    1    1,"<unnamed>::unpack_face_x(const double *, double *, int, int, int, int, int)"
24074534049,10332,24074544381,5555,24074549936,13344,29231,124,124,6,cudaLaunchKernel,1946    1    1, 256    1    1,"<unnamed>::step_kernel_boundary_y_faces(const double *, const double *, double *, const double *, const double *, int, int, int, int, int, int, int, double, double)"
24074535980,9808,24074545788,6276,24074552064,14688,30772,118,118,0,cudaLaunchKernel,1954    1    1, 256    1    1,"<unnamed>::step_kernel_boundary_x_faces(const double *, const double *, double *, const double *, const double *, int, int, int, int, int, int, int, double, double)"
24074536995,9531,24074546526,9927,24074556453,13152,32610,119,119,1,cudaLaunchKernel,1946    1    1, 256    1    1,"<unnamed>::step_kernel_boundary_y_faces(const double *, const double *, double *, const double *, const double *, int, int, int, int, int, int, int, double, double)"
24074537236,8975,24074546211,19394,24074565605,118047,146416,121,121,3,cudaLaunchKernel,1938    1    1, 256    1    1,"<unnamed>::step_kernel_boundary_z_faces(const double *, const double *, double *, const double *, const double *, int, int, int, int, int, int, int, double, double)"
24074539601,11451,24074551052,162,24074551214,14879,26492,120,120,2,cudaLaunchKernel,1954    1    1, 256    1    1,"<unnamed>::step_kernel_boundary_x_faces(const double *, const double *, double *, const double *, const double *, int, int, int, int, int, int, int, double, double)"
24074543193,11966,24074555159,633,24074555792,2464,15063,123,123,5,cudaLaunchKernel, 977    1    1, 256    1    1,"<unnamed>::unpack_face_y(const double *, double *, int, int, int, int, int)"
24074543802,11520,24074555322,968,24074556290,2592,15080,131,131,7,cudaLaunchKernel, 977    1    1, 256    1    1,"<unnamed>::unpack_face_y(const double *, double *, int, int, int, int, int)"
24074545227,9699,24074554926,9570,24074564496,117343,136612,124,124,6,cudaLaunchKernel,1938    1    1, 256    1    1,"<unnamed>::step_kernel_boundary_z_faces(const double *, const double *, double *, const double *, const double *, int, int, int, int, int, int, int, double, double)"
24074546171,15238,24074561409,2549,24074563958,2432,20219,122,122,4,cudaLaunchKernel, 977    1    1, 256    1    1,"<unnamed>::unpack_face_y(const double *, double *, int, int, int, int, int)"
24074549719,12570,24074562289,5647,24074567936,13792,32009,118,118,0,cudaLaunchKernel,1946    1    1, 256    1    1,"<unnamed>::step_kernel_boundary_y_faces(const double *, const double *, double *, const double *, const double *, int, int, int, int, int, int, int, double, double)"
24074550300,10134,24074560434,10419,24074570853,118143,138696,119,119,1,cudaLaunchKernel,1938    1    1, 256    1    1,"<unnamed>::step_kernel_boundary_z_faces(const double *, const double *, double *, const double *, const double *, int, int, int, int, int, int, int, double, double)"
24074551955,14507,24074566462,1103,24074567565,13280,28890,120,120,2,cudaLaunchKernel,1946    1    1, 256    1    1,"<unnamed>::step_kernel_boundary_y_faces(const double *, const double *, double *, const double *, const double *, int, int, int, int, int, int, int, double, double)"
24074555966,12924,24074568890,1862777,24076431667,3712,1879413,121,121,3,cudaLaunchKernel, 977    1    1, 256    1    1,"<unnamed>::pack_face_x(const double *, double *, int, int, int, int, int)"
24074559333,13597,24074572930,1056,24074573986,12320,26973,131,131,7,cudaLaunchKernel, 977    1    1, 256    1    1,"<unnamed>::unpack_face_z(const double *, double *, int, int, int, int, int)"
24074559413,13524,24074572937,839,24074573776,12575,26938,123,123,5,cudaLaunchKernel, 977    1    1, 256    1    1,"<unnamed>::unpack_face_z(const double *, double *, int, int, int, int, int)"
24074562355,13412,24074575767,766,24074576533,13184,27362,122,122,4,cudaLaunchKernel, 977    1    1, 256    1    1,"<unnamed>::unpack_face_z(const double *, double *, int, int, int, int, int)"
24074563143,12425,24074575568,7376,24074582944,118207,138008,118,118,0,cudaLaunchKernel,1938    1    1, 256    1    1,"<unnamed>::step_kernel_boundary_z_faces(const double *, const double *, double *, const double *, const double *, int, int, int, int, int, int, int, double, double)"
24074568370,11349,24074579719,2566,24074582285,118463,132378,120,120,2,cudaLaunchKernel,1938    1    1, 256    1    1,"<unnamed>::step_kernel_boundary_z_faces(const double *, const double *, double *, const double *, const double *, int, int, int, int, int, int, int, double, double)"
24074569822,9182,24074579004,1857911,24076436915,2975,1870068,121,121,3,cudaLaunchKernel, 977    1    1, 256    1    1,"<unnamed>::pack_face_y(const double *, double *, int, int, int, int, int)"
24074569920,9899,24074579819,1852688,24076432507,4288,1866875,124,124,6,cudaLaunchKernel, 977    1    1, 256    1    1,"<unnamed>::pack_face_x(const double *, double *, int, int, int, int, int)"
24074570986,10363,24074581349,1858901,24076440250,3680,1872944,119,119,1,cudaLaunchKernel, 977    1    1, 256    1    1,"<unnamed>::pack_face_x(const double *, double *, int, int, int, int, int)"
24074577147,7449,24074584596,3438,24074588034,13888,24775,131,131,7,cudaLaunchKernel,1954    1    1, 256    1    1,"<unnamed>::step_kernel_boundary_x_faces(const double *, const double *, double *, const double *, const double *, int, int, int, int, int, int, int, double, double)"
24074577970,12334,,,24074589263,14240,25533,123,123,5,cudaLaunchKernel,1954    1    1, 256    1    1,"<unnamed>::step_kernel_boundary_x_faces(const double *, const double *, double *, const double *, const double *, int, int, int, int, int, int, int, double, double)"
24074578005,11618,24074589623,2334,24074591957,14368,28320,122,122,4,cudaLaunchKernel,1954    1    1, 256    1    1,"<unnamed>::step_kernel_boundary_x_faces(const double *, const double *, double *, const double *, const double *, int, int, int, int, int, int, int, double, double)"
24074579939,5309,24074585248,1855698,24076440946,12608,1873615,121,121,3,cudaLaunchKernel, 977    1    1, 256    1    1,"<unnamed>::pack_face_z(const double *, double *, int, int, int, int, int)"
24074580729,5652,24074586381,1851758,24076438139,2879,1860289,124,124,6,cudaLaunchKernel, 977    1    1, 256    1    1,"<unnamed>::pack_face_y(const double *, double *, int, int, int, int, int)"
24074582281,9518,24074591799,1853571,24076445370,2848,1865937,119,119,1,cudaLaunchKernel, 977    1    1, 256    1    1,"<unnamed>::pack_face_y(const double *, double *, int, int, int, int, int)"
24074583289,10098,24074593387,109268,24074702655,7200,126566,118,118,0,cudaLaunchKernel, 977    1    1, 256    1    1,"<unnamed>::pack_face_x(const double *, double *, int, int, int, int, int)"
24074585417,15645,24074601062,2876,24074603938,13152,31673,131,131,7,cudaLaunchKernel,1946    1    1, 256    1    1,"<unnamed>::step_kernel_boundary_y_faces(const double *, const double *, double *, const double *, const double *, int, int, int, int, int, int, int, double, double)"
24074586039,13326,24074599365,85951,24074685316,1750575,1849852,121,121,3,cudaLaunchKernel,  16  125  125,  32    4    4,"<unnamed>::step_kernel_interior(const double *, const double *, double *, const double *, const double *, int, int, int, int, int, int, int, double, double)"
24074590397,9574,24074599971,1842103,24076442074,12544,1864221,124,124,6,cudaLaunchKernel, 977    1    1, 256    1    1,"<unnamed>::pack_face_z(const double *, double *, int, int, int, int, int)"
24074590656,11890,24074602546,4995,24074607541,13248,30133,122,122,4,cudaLaunchKernel,1946    1    1, 256    1    1,"<unnamed>::step_kernel_boundary_y_faces(const double *, const double *, double *, const double *, const double *, int, int, int, int, int, int, int, double, double)"
24074591248,10962,24074602210,2477,24074604687,13120,26559,123,123,5,cudaLaunchKernel,1946    1    1, 256    1    1,"<unnamed>::step_kernel_boundary_y_faces(const double *, const double *, double *, const double *, const double *, int, int, int, int, int, int, int, double, double)"
24074591687,13574,24074605261,96959,24074702220,7616,118149,120,120,2,cudaLaunchKernel, 977    1    1, 256    1    1,"<unnamed>::pack_face_x(const double *, double *, int, int, int, int, int)"
24074592711,9426,24074602137,1847137,24076449274,12448,1869011,119,119,1,cudaLaunchKernel, 977    1    1, 256    1    1,"<unnamed>::pack_face_z(const double *, double *, int, int, int, int, int)"
24074597403,11686,24074609089,1842193,24076451282,4864,1858743,118,118,0,cudaLaunchKernel, 977    1    1, 256    1    1,"<unnamed>::pack_face_y(const double *, double *, int, int, int, int, int)"
24074601076,19082,24074620158,62993,24074683151,1754252,1836327,124,124,6,cudaLaunchKernel,  16  125  125,  32    4    4,"<unnamed>::step_kernel_interior(const double *, const double *, double *, const double *, const double *, int, int, int, int, int, int, int, double, double)"
24074601942,13841,24074615783,2747,24074618530,118046,134634,131,131,7,cudaLaunchKernel,1938    1    1, 256    1    1,"<unnamed>::step_kernel_boundary_z_faces(const double *, const double *, double *, const double *, const double *, int, int, int, int, int, int, int, double, double)"
24074603112,24101,24074627213,290,24074627503,119135,143526,123,123,5,cudaLaunchKernel,1938    1    1, 256    1    1,"<unnamed>::step_kernel_boundary_z_faces(const double *, const double *, double *, const double *, const double *, int, int, int, int, int, int, int, double, double)"
24074603236,11934,24074615170,75298,24074690468,1754166,1841398,119,119,1,cudaLaunchKernel,  16  125  125,  32    4    4,"<unnamed>::step_kernel_interior(const double *, const double *, double *, const double *, const double *, int, int, int, int, int, int, int, double, double)"
24074606830,11810,24074618640,4517,24074623157,116991,133318,122,122,4,cudaLaunchKernel,1938    1    1, 256    1    1,"<unnamed>::step_kernel_boundary_z_faces(const double *, const double *, double *, const double *, const double *, int, int, int, int, int, int, int, double, double)"
24074607236,10836,24074618072,1832574,24076450646,4672,1848082,120,120,2,cudaLaunchKernel, 977    1    1, 256    1    1,"<unnamed>::pack_face_y(const double *, double *, int, int, int, int, int)"
24074609996,19246,24074629242,1828312,24076457554,12384,1859942,118,118,0,cudaLaunchKernel, 977    1    1, 256    1    1,"<unnamed>::pack_face_z(const double *, double *, int, int, int, int, int)"
24074618470,12920,24074631390,1825592,24076456982,13695,1852207,120,120,2,cudaLaunchKernel, 977    1    1, 256    1    1,"<unnamed>::pack_face_z(const double *, double *, int, int, int, int, int)"
24074621823,11734,24074633557,104779,24074738336,7168,123681,131,131,7,cudaLaunchKernel, 977    1    1, 256    1    1,"<unnamed>::pack_face_x(const double *, double *, int, int, int, int, int)"
24074630184,7357,24074637541,1850789,24076488330,4128,1862274,122,122,4,cudaLaunchKernel, 977    1    1, 256    1    1,"<unnamed>::pack_face_x(const double *, double *, int, int, int, int, int)"
24074630317,6569,24074636886,67017,24074703903,1751731,1825317,118,118,0,cudaLaunchKernel,  16  125  125,  32    4    4,"<unnamed>::step_kernel_interior(const double *, const double *, double *, const double *, const double *, int, int, int, int, int, int, int, double, double)"
24074632503,11928,24074644431,58813,24074703244,1751562,1822303,120,120,2,cudaLaunchKernel,  16  125  125,  32    4    4,"<unnamed>::step_kernel_interior(const double *, const double *, double *, const double *, const double *, int, int, int, int, int, int, int, double, double)"
24074634219,10766,24074644985,1842386,24076487371,4544,1857696,131,131,7,cudaLaunchKernel, 977    1    1, 256    1    1,"<unnamed>::pack_face_y(const double *, double *, int, int, int, int, int)"
24074634485,10683,24074645168,103037,24074748205,7072,120792,123,123,5,cudaLaunchKernel, 977    1    1, 256    1    1,"<unnamed>::pack_face_x(const double *, double *, int, int, int, int, int)"
24074642049,13390,24074655439,1838395,24076493834,3104,1854889,122,122,4,cudaLaunchKernel, 977    1    1, 256    1    1,"<unnamed>::pack_face_y(const double *, double *, int, int, int, int, int)"
24074645892,13634,24074659526,1833861,24076493387,12544,1860039,131,131,7,cudaLaunchKernel, 977    1    1, 256    1    1,"<unnamed>::pack_face_z(const double *, double *, int, int, int, int, int)"
24074646091,16240,24074662331,1835486,24076497817,5024,1856750,123,123,5,cudaLaunchKernel, 977    1    1, 256    1    1,"<unnamed>::pack_face_y(const double *, double *, int, int, int, int, int)"
24074656331,11039,24074667370,1830592,24076497962,12704,1854335,122,122,4,cudaLaunchKernel, 977    1    1, 256    1    1,"<unnamed>::pack_face_z(const double *, double *, int, int, int, int, int)"
24074661751,8620,24074670371,69149,24074739520,1751819,1829588,131,131,7,cudaLaunchKernel,  16  125  125,  32    4    4,"<unnamed>::step_kernel_interior(const double *, const double *, double *, const double *, const double *, int, int, int, int, int, int, int, double, double)"
24074663279,6671,24074669950,1834267,24076504217,12512,1853450,123,123,5,cudaLaunchKernel, 977    1    1, 256    1    1,"<unnamed>::pack_face_z(const double *, double *, int, int, int, int, int)"
24074668480,5494,24074673974,67486,24074741460,1751670,1824650,122,122,4,cudaLaunchKernel,  16  125  125,  32    4    4,"<unnamed>::step_kernel_interior(const double *, const double *, double *, const double *, const double *, int, int, int, int, int, int, int, double, double)"
24074670668,4548,24074675216,74205,24074749421,1752908,1831661,123,123,5,cudaLaunchKernel,  16  125  125,  32    4    4,"<unnamed>::step_kernel_interior(const double *, const double *, double *, const double *, const double *, int, int, int, int, int, int, int, double, double)"
24076579920,13851,,,24076592692,2272,15044,120,120,2,cudaLaunchKernel, 977    1    1, 256    1    1,"<unnamed>::unpack_face_x(const double *, double *, int, int, int, int, int)"
24076581206,13102,,,24076593521,2304,14619,121,121,3,cudaLaunchKernel, 977    1    1, 256    1    1,"<unnamed>::unpack_face_x(const double *, double *, int, int, int, int, int)"
24076594903,11158,24076606061,519,24076606580,2464,14141,120,120,2,cudaLaunchKernel, 977    1    1, 256    1    1,"<unnamed>::unpack_face_y(const double *, double *, int, int, int, int, int)"
24076595405,6139,24076601544,2089,24076603633,2400,10628,121,121,3,cudaLaunchKernel, 977    1    1, 256    1    1,"<unnamed>::unpack_face_y(const double *, double *, int, int, int, int, int)"
24076598049,12979,24076611028,2621,24076613649,2368,17968,118,118,0,cudaLaunchKernel, 977    1    1, 256    1    1,"<unnamed>::unpack_face_x(const double *, double *, int, int, int, int, int)"
24076605203,6670,24076611873,2360,24076614233,2303,11333,124,124,6,cudaLaunchKernel, 977    1    1, 256    1    1,"<unnamed>::unpack_face_x(const double *, double *, int, int, int, int, int)"
24076605536,7585,24076613121,2744,24076615865,2304,12633,119,119,1,cudaLaunchKernel, 977    1    1, 256    1    1,"<unnamed>::unpack_face_x(const double *, double *, int, int, int, int, int)"
24076605765,6441,24076612206,2179,24076614385,12736,21356,121,121,3,cudaLaunchKernel, 977    1    1, 256    1    1,"<unnamed>::unpack_face_z(const double *, double *, int, int, int, int, int)"
24076606990,11441,,,24076616596,12639,22245,120,120,2,cudaLaunchKernel, 977    1    1, 256    1    1,"<unnamed>::unpack_face_z(const double *, double *, int, int, int, int, int)"
24076612169,11041,24076623210,2407,24076625617,2560,16008,118,118,0,cudaLaunchKernel, 977    1    1, 256    1    1,"<unnamed>::unpack_face_y(const double *, double *, int, int, int, int, int)"
24076612466,7755,24076620221,1883,24076622104,2336,11974,124,124,6,cudaLaunchKernel, 977    1    1, 256    1    1,"<unnamed>::unpack_face_y(const double *, double *, int, int, int, int, int)"
24076612749,16214,,,24076627434,2336,17021,131,131,7,cudaLaunchKernel, 977    1    1, 256    1    1,"<unnamed>::unpack_face_x(const double *, double *, int, int, int, int, int)"
24076612842,8705,24076621547,6662,24076628209,14591,29958,121,121,3,cudaLaunchKernel,1954    1    1, 256    1    1,"<unnamed>::step_kernel_boundary_x_faces(const double *, const double *, double *, const double *, const double *, int, int, int, int, int, int, int, double, double)"
24076612977,14769,24076627746,871,24076628617,2304,17944,122,122,4,cudaLaunchKernel, 977    1    1, 256    1    1,"<unnamed>::unpack_face_x(const double *, double *, int, int, int, int, int)"
24076613709,8923,24076622632,1105,24076623737,2336,12364,119,119,1,cudaLaunchKernel, 977    1    1, 256    1    1,"<unnamed>::unpack_face_y(const double *, double *, int, int, int, int, int)"
24076617644,13473,24076631117,427,24076631544,2336,16236,123,123,5,cudaLaunchKernel, 977    1    1, 256    1    1,"<unnamed>::unpack_face_x(const double *, double *, int, int, int, int, int)"
24076619561,12447,24076632008,2315,24076634323,14432,29194,120,120,2,cudaLaunchKernel,1954    1    1, 256    1    1,"<unnamed>::step_kernel_boundary_x_faces(const double *, const double *, double *, const double *, const double *, int, int, int, int, int, int, int, double, double)"
24076621144,8113,,,24076628728,12640,20224,124,124,6,cudaLaunchKernel, 977    1    1, 256    1    1,"<unnamed>::unpack_face_z(const double *, double *, int, int, int, int, int)"
24076622446,8672,24076631118,13122,24076644240,13760,35554,121,121,3,cudaLaunchKernel,1946    1    1, 256    1    1,"<unnamed>::step_kernel_boundary_y_faces(const double *, const double *, double *, const double *, const double *, int, int, int, int, int, int, int, double, double)"
24076623546,8962,24076632508,2269,24076634777,13600,24831,119,119,1,cudaLaunchKernel, 977    1    1, 256    1    1,"<unnamed>::unpack_face_z(const double *, double *, int, int, int, int, int)"
24076624129,13512,24076637641,232,24076637873,12224,25968,118,118,0,cudaLaunchKernel, 977    1    1, 256    1    1,"<unnamed>::unpack_face_z(const double *, double *, int, int, int, int, int)"
24076629761,11908,24076641669,2532,24076644201,2432,16872,122,122,4,cudaLaunchKernel, 977    1    1, 256    1    1,"<unnamed>::unpack_face_y(const double *, double *, int, int, int, int, int)"
24076630301,11401,24076641702,963,24076642665,2368,14732,131,131,7,cudaLaunchKernel, 977    1    1, 256    1    1,"<unnamed>::unpack_face_y(const double *, double *, int, int, int, int, int)"
24076630629,10439,24076641068,1612,24076642680,14432,26483,124,124,6,cudaLaunchKernel,1954    1    1, 256    1    1,"<unnamed>::step_kernel_boundary_x_faces(const double *, const double *, double *, const double *, const double *, int, int, int, int, int, int, int, double, double)"
24076632117,11316,24076643433,751,24076644184,2400,14467,123,123,5,cudaLaunchKernel, 977    1    1, 256    1    1,"<unnamed>::unpack_face_y(const double *, double *, int, int, int, int, int)"
24076632237,10274,24076642511,16705,24076659216,118015,144994,121,121,3,cudaLaunchKernel,1938    1    1, 256    1    1,"<unnamed>::step_kernel_boundary_z_faces(const double *, const double *, double *, const double *, const double *, int, int, int, int, int, int, int, double, double)"
24076632861,10434,24076643295,6676,24076649971,13600,30710,120,120,2,cudaLaunchKernel,1946    1    1, 256    1    1,"<unnamed>::step_kernel_boundary_y_faces(const double *, const double *, double *, const double *, const double *, int, int, int, int, int, int, int, double, double)"
24076633642,10307,24076643949,5676,24076649625,15295,31278,119,119,1,cudaLaunchKernel,1954    1    1, 256    1    1,"<unnamed>::step_kernel_boundary_x_faces(const double *, const double *, double *, const double *, const double *, int, int, int, int, int, int, int, double, double)"
24076639132,12428,24076651560,3817,24076655377,14720,30965,118,118,0,cudaLaunchKernel,1954    1    1, 256    1    1,"<unnamed>::step_kernel_boundary_x_faces(const double *, const double *, double *, const double *, const double *, int, int, int, int, int, int, int, double, double)"
24076641958,9344,24076651302,6930,24076658232,14144,30418,124,124,6,cudaLaunchKernel,1946    1    1, 256    1    1,"<unnamed>::step_kernel_boundary_y_faces(const double *, const double *, double *, const double *, const double *, int, int, int, int, int, int, int, double, double)"
24076642588,10871,24076653459,1238,24076654697,12000,24109,131,131,7,cudaLaunchKernel, 977    1    1, 256    1    1,"<unnamed>::unpack_face_z(const double *, double *, int, int, int, int, int)"
24076642590,11176,24076653766,2627,24076656393,13664,27467,122,122,4,cudaLaunchKernel, 977    1    1, 256    1    1,"<unnamed>::unpack_face_z(const double *, double *, int, int, int, int, int)"
24076644190,12300,24076656490,8265,24076664755,117022,137587,120,120,2,cudaLaunchKernel,1938    1    1, 256    1    1,"<unnamed>::step_kernel_boundary_z_faces(const double *, const double *, double *, const double *, const double *, int, int, int, int, int, int, int, double, double)"
24076644393,11223,24076655616,1336,24076656952,12831,25390,123,123,5,cudaLaunchKernel, 977    1    1, 256    1    1,"<unnamed>::unpack_face_z(const double *, double *, int, int, int, int, int)"
24076644829,9619,24076654448,11752,24076666200,13056,34427,119,119,1,cudaLaunchKernel,1946    1    1, 256    1    1,"<unnamed>::step_kernel_boundary_y_faces(const double *, const double *, double *, const double *, const double *, int, int, int, int, int, int, int, double, double)"
24076652175,8972,24076661147,12349,24076673496,117694,139015,124,124,6,cudaLaunchKernel,1938    1    1, 256    1    1,"<unnamed>::step_kernel_boundary_z_faces(const double *, const double *, double *, const double *, const double *, int, int, int, int, int, int, int, double, double)"
24076652472,10440,24076662912,8369,24076671281,14112,32921,118,118,0,cudaLaunchKernel,1946    1    1, 256    1    1,"<unnamed>::step_kernel_boundary_y_faces(const double *, const double *, double *, const double *, const double *, int, int, int, int, int, int, int, double, double)"
24076654576,11853,24076666429,3052,24076669481,14112,29017,131,131,7,cudaLaunchKernel,1954    1    1, 256    1    1,"<unnamed>::step_kernel_boundary_x_faces(const double *, const double *, double *, const double *, const double *, int, int, int, int, int, int, int, double, double)"
24076655011,10409,24076665420,5757,24076671177,13855,30021,122,122,4,cudaLaunchKernel,1954    1    1, 256    1    1,"<unnamed>::step_kernel_boundary_x_faces(const double *, const double *, double *, const double *, const double *, int, int, int, int, int, int, int, double, double)"
24076655301,8566,24076663867,16637,24076680504,117568,142771,119,119,1,cudaLaunchKernel,1938    1    1, 256    1    1,"<unnamed>::step_kernel_boundary_z_faces(const double *, const double *, double *, const double *, const double *, int, int, int, int, int, int, int, double, double)"
24076659505,8327,24076667832,4063,24076671895,14112,26502,123,123,5,cudaLaunchKernel,1954    1    1, 256    1    1,"<unnamed>::step_kernel_boundary_x_faces(const double *, const double *, double *, const double *, const double *, int, int, int, int, int, int, int, double, double)"
24076663773,13755,24076677528,9305,24076686833,116991,140051,118,118,0,cudaLaunchKernel,1938    1    1, 256    1    1,"<unnamed>::step_kernel_boundary_z_faces(const double *, const double *, double *, const double *, const double *, int, int, int, int, int, int, int, double, double)"
24076666336,11798,24076678134,8018,24076686152,12960,32776,122,122,4,cudaLaunchKernel,1946    1    1, 256    1    1,"<unnamed>::step_kernel_boundary_y_faces(const double *, const double *, double *, const double *, const double *, int, int, int, int, int, int, int, double, double)"
24076667320,13802,24076681122,3687,24076684809,13056,30545,131,131,7,cudaLaunchKernel,1946    1    1, 256    1    1,"<unnamed>::step_kernel_boundary_y_faces(const double *, const double *, double *, const double *, const double *, int, int, int, int, int, int, int, double, double)"
24076668440,11255,24076679695,7432,24076687127,12896,31583,123,123,5,cudaLaunchKernel,1946    1    1, 256    1    1,"<unnamed>::step_kernel_boundary_y_faces(const double *, const double *, double *, const double *, const double *, int, int, int, int, int, int, int, double, double)"
24076679050,11411,24076690461,9899,24076700360,118528,139838,122,122,4,cudaLaunchKernel,1938    1    1, 256    1    1,"<unnamed>::step_kernel_boundary_z_faces(const double *, const double *, double *, const double *, const double *, int, int, int, int, int, int, int, double, double)"
24076680590,10363,24076690953,10254,24076701207,118239,138856,123,123,5,cudaLaunchKernel,1938    1    1, 256    1    1,"<unnamed>::step_kernel_boundary_z_faces(const double *, const double *, double *, const double *, const double *, int, int, int, int, int, int, int, double, double)"
24076681993,10701,24076692694,6611,24076699305,117278,134590,131,131,7,cudaLaunchKernel,1938    1    1, 256    1    1,"<unnamed>::step_kernel_boundary_z_faces(const double *, const double *, double *, const double *, const double *, int, int, int, int, int, int, int, double, double)"
