API Start (ns),API Dur (ns),Queue Start (ns),Queue Dur (ns),Kernel Start (ns),Kernel Dur (ns),Total Dur (ns),PID,TID,DevId,API Function,GridXYZ,BlockXYZ,Kernel Name
211394835138,265768,,,211395094641,864,265768,127,127,5,cudaLaunchKernel,   1    1    1,   1    1    1,<unnamed>::warmup_kernel(double *)
211395604503,40389,,,211395644203,8352,48052,127,127,5,cudaLaunchKernel,6104    1    1, 256    1    1,"<unnamed>::pack_face_x(const double *, double *, int, int, int, int, int)"
211395647020,21281,211395668301,1918,211395670219,23200,46399,127,127,5,cudaLaunchKernel,6104    1    1, 256    1    1,"<unnamed>::pack_face_y(const double *, double *, int, int, int, int, int)"
211395670145,24901,211395695046,5637,211395700683,62047,92585,127,127,5,cudaLaunchKernel,6104    1    1, 256    1    1,"<unnamed>::pack_face_z(const double *, double *, int, int, int, int, int)"
211485622175,242858,,,211485861564,992,242858,122,122,1,cudaLaunchKernel,   1    1    1,   1    1    1,<unnamed>::warmup_kernel(double *)
211486330693,54269,,,211486384537,8480,62324,122,122,1,cudaLaunchKernel,6104    1    1, 256    1    1,"<unnamed>::pack_face_x(const double *, double *, int, int, int, int, int)"
211486387147,22185,211486409332,709,211486410041,22624,45518,122,122,1,cudaLaunchKernel,6104    1    1, 256    1    1,"<unnamed>::pack_face_y(const double *, double *, int, int, int, int, int)"
211486411257,26080,211486437337,3040,211486440377,62720,91840,122,122,1,cudaLaunchKernel,6104    1    1, 256    1    1,"<unnamed>::pack_face_z(const double *, double *, int, int, int, int, int)"
211488563599,231498,,,211488792388,896,231498,124,124,3,cudaLaunchKernel,   1    1    1,   1    1    1,<unnamed>::warmup_kernel(double *)
211489178967,41401,,,211489216704,8352,46089,124,124,3,cudaLaunchKernel,6104    1    1, 256    1    1,"<unnamed>::pack_face_x(const double *, double *, int, int, int, int, int)"
211489222622,22171,211489244793,679,211489245472,23008,45858,124,124,3,cudaLaunchKernel,6104    1    1, 256    1    1,"<unnamed>::pack_face_y(const double *, double *, int, int, int, int, int)"
211489246683,20528,211489267211,9301,211489276512,61919,91748,124,124,3,cudaLaunchKernel,6104    1    1, 256    1    1,"<unnamed>::pack_face_z(const double *, double *, int, int, int, int, int)"
213028075041,261695,,,213028327440,864,261695,121,121,0,cudaLaunchKernel,   1    1    1,   1    1    1,<unnamed>::warmup_kernel(double *)
213028841258,45205,,,213028878860,8032,45634,121,121,0,cudaLaunchKernel,6104    1    1, 256    1    1,"<unnamed>::pack_face_x(const double *, double *, int, int, int, int, int)"
213028889493,31244,,,213028919852,22560,52919,121,121,0,cudaLaunchKernel,6104    1    1, 256    1    1,"<unnamed>::pack_face_y(const double *, double *, int, int, int, int, int)"
213028923331,28758,213028952089,339,213028952428,62143,91240,121,121,0,cudaLaunchKernel,6104    1    1, 256    1    1,"<unnamed>::pack_face_z(const double *, double *, int, int, int, int, int)"
213037340828,61641,,,213037401539,8800,69511,122,122,1,cudaLaunchKernel,6104    1    1, 256    1    1,"<unnamed>::unpack_face_x(const double *, double *, int, int, int, int, int)"
213037408667,25423,,,213037433187,24416,48936,122,122,1,cudaLaunchKernel,6104    1    1, 256    1    1,"<unnamed>::unpack_face_y(const double *, double *, int, int, int, int, int)"
213037436122,23608,213037459730,5393,213037465123,122559,151560,122,122,1,cudaLaunchKernel,6104    1    1, 256    1    1,"<unnamed>::unpack_face_z(const double *, double *, int, int, int, int, int)"
213037916965,29248,,,213037945473,1664,30172,122,122,1,cudaLaunchKernel,   1    2    2,  32    4    4,"<unnamed>::step_kernel_interior(const double *, const double *, double *, const double *, const double *, int, int, int, int, int, int, int, double, double)"
213037948818,24674,213037973492,429,213037973921,1632,26735,122,122,1,cudaLaunchKernel,   1    1    1, 256    1    1,"<unnamed>::step_kernel_boundary_x_faces(const double *, const double *, double *, const double *, const double *, int, int, int, int, int, int, int, double, double)"
213037975213,25543,213038000756,205,213038000961,1664,27412,122,122,1,cudaLaunchKernel,   1    1    1, 256    1    1,"<unnamed>::step_kernel_boundary_y_faces(const double *, const double *, double *, const double *, const double *, int, int, int, int, int, int, int, double, double)"
213038002531,23711,213038026242,63,213038026305,1696,25470,122,122,1,cudaLaunchKernel,   1    1    1, 256    1    1,"<unnamed>::step_kernel_boundary_z_faces(const double *, const double *, double *, const double *, const double *, int, int, int, int, int, int, int, double, double)"
213038042253,7143,213038049396,301,213038049697,1696,9140,122,122,1,cudaLaunchKernel,   1    2    2,  32    4    4,"<unnamed>::step_kernel_interior(const double *, const double *, double *, const double *, const double *, int, int, int, int, int, int, int, double, double)"
213038050203,4528,213038054731,438,213038055169,1568,6534,122,122,1,cudaLaunchKernel,   1    1    1, 256    1    1,"<unnamed>::step_kernel_boundary_x_faces(const double *, const double *, double *, const double *, const double *, int, int, int, int, int, int, int, double, double)"
213038055257,9367,,,213038064096,1696,10535,122,122,1,cudaLaunchKernel,   1    1    1, 256    1    1,"<unnamed>::step_kernel_boundary_y_faces(const double *, const double *, double *, const double *, const double *, int, int, int, int, int, int, int, double, double)"
213038065472,4280,213038069752,2024,213038071776,1600,7904,122,122,1,cudaLaunchKernel,   1    1    1, 256    1    1,"<unnamed>::step_kernel_boundary_z_faces(const double *, const double *, double *, const double *, const double *, int, int, int, int, int, int, int, double, double)"
213042024186,242945,,,213042264122,896,242945,123,123,2,cudaLaunchKernel,   1    1    1,   1    1    1,<unnamed>::warmup_kernel(double *)
213042730457,45358,,,213042774645,8159,52347,123,123,2,cudaLaunchKernel,6104    1    1, 256    1    1,"<unnamed>::pack_face_x(const double *, double *, int, int, int, int, int)"
213042777878,26721,,,213042800756,23168,46046,123,123,2,cudaLaunchKernel,6104    1    1, 256    1    1,"<unnamed>::pack_face_y(const double *, double *, int, int, int, int, int)"
213042807051,25645,213042832696,668,213042833364,62591,88904,123,123,2,cudaLaunchKernel,6104    1    1, 256    1    1,"<unnamed>::pack_face_z(const double *, double *, int, int, int, int, int)"
213128083682,301267,,,213128380760,896,301267,137,137,7,cudaLaunchKernel,   1    1    1,   1    1    1,<unnamed>::warmup_kernel(double *)
213128844363,50785,,,213128894419,8191,58247,137,137,7,cudaLaunchKernel,6104    1    1, 256    1    1,"<unnamed>::pack_face_x(const double *, double *, int, int, int, int, int)"
213128897912,22376,213128920288,754,213128921042,22848,45978,137,137,7,cudaLaunchKernel,6104    1    1, 256    1    1,"<unnamed>::pack_face_y(const double *, double *, int, int, int, int, int)"
213128926151,27600,213128953751,251,213128954002,62655,90506,137,137,7,cudaLaunchKernel,6104    1    1, 256    1    1,"<unnamed>::pack_face_z(const double *, double *, int, int, int, int, int)"
213141943960,64354,,,213142004480,8672,69192,124,124,3,cudaLaunchKernel,6104    1    1, 256    1    1,"<unnamed>::unpack_face_x(const double *, double *, int, int, int, int, int)"
213142011239,33469,,,213142041503,24448,54712,124,124,3,cudaLaunchKernel,6104    1    1, 256    1    1,"<unnamed>::unpack_face_y(const double *, double *, int, int, int, int, int)"
213142047490,30613,213142078103,232,213142078335,122559,153404,124,124,3,cudaLaunchKernel,6104    1    1, 256    1    1,"<unnamed>::unpack_face_z(const double *, double *, int, int, int, int, int)"
213142556195,30026,,,213142585947,1472,31224,124,124,3,cudaLaunchKernel,   1    2    2,  32    4    4,"<unnamed>::step_kernel_interior(const double *, const double *, double *, const double *, const double *, int, int, int, int, int, int, int, double, double)"
213142588658,27052,213142615710,93,213142615803,1408,28553,124,124,3,cudaLaunchKernel,   1    1    1, 256    1    1,"<unnamed>::step_kernel_boundary_x_faces(const double *, const double *, double *, const double *, const double *, int, int, int, int, int, int, int, double, double)"
213142617612,59290,,,213142676186,1440,60014,124,124,3,cudaLaunchKernel,   1    1    1, 256    1    1,"<unnamed>::step_kernel_boundary_y_faces(const double *, const double *, double *, const double *, const double *, int, int, int, int, int, int, int, double, double)"
213142681836,29949,,,213142710906,1408,30478,124,124,3,cudaLaunchKernel,   1    1    1, 256    1    1,"<unnamed>::step_kernel_boundary_z_faces(const double *, const double *, double *, const double *, const double *, int, int, int, int, int, int, int, double, double)"
213142723856,6436,213142730292,262,213142730554,1408,8106,124,124,3,cudaLaunchKernel,   1    2    2,  32    4    4,"<unnamed>::step_kernel_interior(const double *, const double *, double *, const double *, const double *, int, int, int, int, int, int, int, double, double)"
213142731142,5354,213142736496,362,213142736858,1376,7092,124,124,3,cudaLaunchKernel,   1    1    1, 256    1    1,"<unnamed>::step_kernel_boundary_x_faces(const double *, const double *, double *, const double *, const double *, int, int, int, int, int, int, int, double, double)"
213142737016,9583,,,213142746106,1344,10434,124,124,3,cudaLaunchKernel,   1    1    1, 256    1    1,"<unnamed>::step_kernel_boundary_y_faces(const double *, const double *, double *, const double *, const double *, int, int, int, int, int, int, int, double, double)"
213142750298,11061,,,213142758521,1376,11061,124,124,3,cudaLaunchKernel,   1    1    1, 256    1    1,"<unnamed>::step_kernel_boundary_z_faces(const double *, const double *, double *, const double *, const double *, int, int, int, int, int, int, int, double, double)"
213146445352,269447,,,213146708693,896,269447,125,125,4,cudaLaunchKernel,   1    1    1,   1    1    1,<unnamed>::warmup_kernel(double *)
213147138947,47179,,,213147182386,7904,51343,125,125,4,cudaLaunchKernel,6104    1    1, 256    1    1,"<unnamed>::pack_face_x(const double *, double *, int, int, int, int, int)"
213147188705,26384,,,213147215058,21216,47569,125,125,4,cudaLaunchKernel,6104    1    1, 256    1    1,"<unnamed>::pack_face_y(const double *, double *, int, int, int, int, int)"
213147220565,32119,213147252684,390,213147253074,62815,95324,125,125,4,cudaLaunchKernel,6104    1    1, 256    1    1,"<unnamed>::pack_face_z(const double *, double *, int, int, int, int, int)"
213159711762,54181,,,213159764987,9120,62345,121,121,0,cudaLaunchKernel,6104    1    1, 256    1    1,"<unnamed>::unpack_face_x(const double *, double *, int, int, int, int, int)"
213159745359,55613,,,213159800663,8928,64232,127,127,5,cudaLaunchKernel,6104    1    1, 256    1    1,"<unnamed>::unpack_face_x(const double *, double *, int, int, int, int, int)"
213159768508,14737,213159783245,1742,213159784987,24384,40863,121,121,0,cudaLaunchKernel,6104    1    1, 256    1    1,"<unnamed>::unpack_face_y(const double *, double *, int, int, int, int, int)"
213159785629,14962,213159800591,16524,213159817115,123295,154781,121,121,0,cudaLaunchKernel,6104    1    1, 256    1    1,"<unnamed>::unpack_face_z(const double *, double *, int, int, int, int, int)"
213159803508,16963,213159820471,1600,213159822071,24320,42883,127,127,5,cudaLaunchKernel,6104    1    1, 256    1    1,"<unnamed>::unpack_face_y(const double *, double *, int, int, int, int, int)"
213159822322,21637,213159843959,10688,213159854647,122174,154499,127,127,5,cudaLaunchKernel,6104    1    1, 256    1    1,"<unnamed>::unpack_face_z(const double *, double *, int, int, int, int, int)"
213160343625,38189,,,213160381271,1440,39086,121,121,0,cudaLaunchKernel,   1    2    2,  32    4    4,"<unnamed>::step_kernel_interior(const double *, const double *, double *, const double *, const double *, int, int, int, int, int, int, int, double, double)"
213160384036,24668,,,213160408214,1408,25586,121,121,0,cudaLaunchKernel,   1    1    1, 256    1    1,"<unnamed>::step_kernel_boundary_x_faces(const double *, const double *, double *, const double *, const double *, int, int, int, int, int, int, int, double, double)"
213160410621,26749,213160437370,124,213160437494,1440,28313,121,121,0,cudaLaunchKernel,   1    1    1, 256    1    1,"<unnamed>::step_kernel_boundary_y_faces(const double *, const double *, double *, const double *, const double *, int, int, int, int, int, int, int, double, double)"
213160427276,25456,213160452732,1012,213160453744,1472,27940,127,127,5,cudaLaunchKernel,   1    2    2,  32    4    4,"<unnamed>::step_kernel_interior(const double *, const double *, double *, const double *, const double *, int, int, int, int, int, int, int, double, double)"
213160439106,18828,,,213160457750,1408,20052,121,121,0,cudaLaunchKernel,   1    1    1, 256    1    1,"<unnamed>::step_kernel_boundary_z_faces(const double *, const double *, double *, const double *, const double *, int, int, int, int, int, int, int, double, double)"
213160457857,25380,213160483237,139,213160483376,1408,26927,127,127,5,cudaLaunchKernel,   1    1    1, 256    1    1,"<unnamed>::step_kernel_boundary_x_faces(const double *, const double *, double *, const double *, const double *, int, int, int, int, int, int, int, double, double)"
213160473002,6465,213160479467,267,213160479734,1408,8140,121,121,0,cudaLaunchKernel,   1    2    2,  32    4    4,"<unnamed>::step_kernel_interior(const double *, const double *, double *, const double *, const double *, int, int, int, int, int, int, int, double, double)"
213160480205,6538,213160486743,543,213160487286,1376,8457,121,121,0,cudaLaunchKernel,   1    1    1, 256    1    1,"<unnamed>::step_kernel_boundary_x_faces(const double *, const double *, double *, const double *, const double *, int, int, int, int, int, int, int, double, double)"
213160485509,24121,213160509630,18,213160509648,1440,25579,127,127,5,cudaLaunchKernel,   1    1    1, 256    1    1,"<unnamed>::step_kernel_boundary_y_faces(const double *, const double *, double *, const double *, const double *, int, int, int, int, int, int, int, double, double)"
213160487151,5346,213160492497,1605,213160494102,1440,8391,121,121,0,cudaLaunchKernel,   1    1    1, 256    1    1,"<unnamed>::step_kernel_boundary_y_faces(const double *, const double *, double *, const double *, const double *, int, int, int, int, int, int, int, double, double)"
213160492916,11474,,,213160503990,1472,12546,121,121,0,cudaLaunchKernel,   1    1    1, 256    1    1,"<unnamed>::step_kernel_boundary_z_faces(const double *, const double *, double *, const double *, const double *, int, int, int, int, int, int, int, double, double)"
213160515528,25068,,,213160537551,1408,25068,127,127,5,cudaLaunchKernel,   1    1    1, 256    1    1,"<unnamed>::step_kernel_boundary_z_faces(const double *, const double *, double *, const double *, const double *, int, int, int, int, int, int, int, double, double)"
213160552564,6527,213160559091,348,213160559439,1376,8251,127,127,5,cudaLaunchKernel,   1    2    2,  32    4    4,"<unnamed>::step_kernel_interior(const double *, const double *, double *, const double *, const double *, int, int, int, int, int, int, int, double, double)"
213160559765,9900,,,213160569071,1376,10682,127,127,5,cudaLaunchKernel,   1    1    1, 256    1    1,"<unnamed>::step_kernel_boundary_x_faces(const double *, const double *, double *, const double *, const double *, int, int, int, int, int, int, int, double, double)"
213160570596,10110,,,213160580175,1376,10955,127,127,5,cudaLaunchKernel,   1    1    1, 256    1    1,"<unnamed>::step_kernel_boundary_y_faces(const double *, const double *, double *, const double *, const double *, int, int, int, int, int, int, int, double, double)"
213160581575,13116,,,213160591791,1376,13116,127,127,5,cudaLaunchKernel,   1    1    1, 256    1    1,"<unnamed>::step_kernel_boundary_z_faces(const double *, const double *, double *, const double *, const double *, int, int, int, int, int, int, int, double, double)"
213244832136,257564,,,213245087059,864,257564,132,132,6,cudaLaunchKernel,   1    1    1,   1    1    1,<unnamed>::warmup_kernel(double *)
213245519018,44183,,,213245562702,7968,51652,132,132,6,cudaLaunchKernel,6104    1    1, 256    1    1,"<unnamed>::pack_face_x(const double *, double *, int, int, int, int, int)"
213245565519,25198,,,213245590030,23040,47551,132,132,6,cudaLaunchKernel,6104    1    1, 256    1    1,"<unnamed>::pack_face_y(const double *, double *, int, int, int, int, int)"
213245596568,23027,213245619595,1123,213245620718,62655,86805,132,132,6,cudaLaunchKernel,6104    1    1, 256    1    1,"<unnamed>::pack_face_z(const double *, double *, int, int, int, int, int)"
213263246235,64343,,,213263306039,8416,68220,123,123,2,cudaLaunchKernel,6104    1    1, 256    1    1,"<unnamed>::unpack_face_x(const double *, double *, int, int, int, int, int)"
213263263119,63518,,,213263324541,8896,70318,137,137,7,cudaLaunchKernel,6104    1    1, 256    1    1,"<unnamed>::unpack_face_x(const double *, double *, int, int, int, int, int)"
213263268264,79769,,,213263343872,8928,84536,125,125,4,cudaLaunchKernel,6104    1    1, 256    1    1,"<unnamed>::unpack_face_x(const double *, double *, int, int, int, int, int)"
213263281352,54238,,,213263331672,9151,59471,132,132,6,cudaLaunchKernel,6104    1    1, 256    1    1,"<unnamed>::unpack_face_x(const double *, double *, int, int, int, int, int)"
213263313326,28701,,,213263341111,23712,51497,123,123,2,cudaLaunchKernel,6104    1    1, 256    1    1,"<unnamed>::unpack_face_y(const double *, double *, int, int, int, int, int)"
213263329789,59735,,,213263388668,24672,83551,137,137,7,cudaLaunchKernel,6104    1    1, 256    1    1,"<unnamed>::unpack_face_y(const double *, double *, int, int, int, int, int)"
213263338283,46258,,,213263384407,23360,69484,132,132,6,cudaLaunchKernel,6104    1    1, 256    1    1,"<unnamed>::unpack_face_y(const double *, double *, int, int, int, int, int)"
213263344507,34253,213263378760,911,213263379671,123390,158554,123,123,2,cudaLaunchKernel,6104    1    1, 256    1    1,"<unnamed>::unpack_face_z(const double *, double *, int, int, int, int, int)"
213263351526,37063,213263388589,690,213263389279,23200,60953,125,125,4,cudaLaunchKernel,6104    1    1, 256    1    1,"<unnamed>::unpack_face_y(const double *, double *, int, int, int, int, int)"
213263386807,22671,213263409478,5713,213263415191,122622,151006,132,132,6,cudaLaunchKernel,6104    1    1, 256    1    1,"<unnamed>::unpack_face_z(const double *, double *, int, int, int, int, int)"
213263390841,29705,,,213263420063,122559,151781,125,125,4,cudaLaunchKernel,6104    1    1, 256    1    1,"<unnamed>::unpack_face_z(const double *, double *, int, int, int, int, int)"
213263392126,26791,213263418917,1239,213263420156,121247,149277,137,137,7,cudaLaunchKernel,6104    1    1, 256    1    1,"<unnamed>::unpack_face_z(const double *, double *, int, int, int, int, int)"
213264232305,36887,,,213264267443,1440,36887,137,137,7,cudaLaunchKernel,   1    2    2,  32    4    4,"<unnamed>::step_kernel_interior(const double *, const double *, double *, const double *, const double *, int, int, int, int, int, int, int, double, double)"
213264271846,32270,,,213264300434,1376,32270,137,137,7,cudaLaunchKernel,   1    1    1, 256    1    1,"<unnamed>::step_kernel_boundary_x_faces(const double *, const double *, double *, const double *, const double *, int, int, int, int, int, int, int, double, double)"
213264282147,36205,,,213264317036,1440,36329,123,123,2,cudaLaunchKernel,   1    2    2,  32    4    4,"<unnamed>::step_kernel_interior(const double *, const double *, double *, const double *, const double *, int, int, int, int, int, int, int, double, double)"
213264306364,31773,,,213264337362,1440,32438,137,137,7,cudaLaunchKernel,   1    1    1, 256    1    1,"<unnamed>::step_kernel_boundary_y_faces(const double *, const double *, double *, const double *, const double *, int, int, int, int, int, int, int, double, double)"
213264321016,26622,213264347638,1237,213264348875,1408,29267,123,123,2,cudaLaunchKernel,   1    1    1, 256    1    1,"<unnamed>::step_kernel_boundary_x_faces(const double *, const double *, double *, const double *, const double *, int, int, int, int, int, int, int, double, double)"
213264338128,39948,,,213264377114,1472,40458,125,125,4,cudaLaunchKernel,   1    2    2,  32    4    4,"<unnamed>::step_kernel_interior(const double *, const double *, double *, const double *, const double *, int, int, int, int, int, int, int, double, double)"
213264340296,47595,213264387891,798,213264388689,1408,49801,137,137,7,cudaLaunchKernel,   1    1    1, 256    1    1,"<unnamed>::step_kernel_boundary_z_faces(const double *, const double *, double *, const double *, const double *, int, int, int, int, int, int, int, double, double)"
213264353705,54407,213264408112,91,213264408203,1440,55938,123,123,2,cudaLaunchKernel,   1    1    1, 256    1    1,"<unnamed>::step_kernel_boundary_y_faces(const double *, const double *, double *, const double *, const double *, int, int, int, int, int, int, int, double, double)"
213264381056,25147,,,213264406074,1376,26394,125,125,4,cudaLaunchKernel,   1    1    1, 256    1    1,"<unnamed>::step_kernel_boundary_x_faces(const double *, const double *, double *, const double *, const double *, int, int, int, int, int, int, int, double, double)"
213264401218,7208,213264408426,231,213264408657,1376,8815,137,137,7,cudaLaunchKernel,   1    2    2,  32    4    4,"<unnamed>::step_kernel_interior(const double *, const double *, double *, const double *, const double *, int, int, int, int, int, int, int, double, double)"
213264404091,30270,,,213264433708,1440,31057,132,132,6,cudaLaunchKernel,   1    2    2,  32    4    4,"<unnamed>::step_kernel_interior(const double *, const double *, double *, const double *, const double *, int, int, int, int, int, int, int, double, double)"
213264408285,44831,,,213264432825,1408,44831,125,125,4,cudaLaunchKernel,   1    1    1, 256    1    1,"<unnamed>::step_kernel_boundary_y_faces(const double *, const double *, double *, const double *, const double *, int, int, int, int, int, int, int, double, double)"
213264409142,6501,213264415643,534,213264416177,1344,8379,137,137,7,cudaLaunchKernel,   1    1    1, 256    1    1,"<unnamed>::step_kernel_boundary_x_faces(const double *, const double *, double *, const double *, const double *, int, int, int, int, int, int, int, double, double)"
213264410111,34624,,,213264442506,1408,34624,123,123,2,cudaLaunchKernel,   1    1    1, 256    1    1,"<unnamed>::step_kernel_boundary_z_faces(const double *, const double *, double *, const double *, const double *, int, int, int, int, int, int, int, double, double)"
213264416061,5864,213264421925,1772,213264423697,1376,9012,137,137,7,cudaLaunchKernel,   1    1    1, 256    1    1,"<unnamed>::step_kernel_boundary_y_faces(const double *, const double *, double *, const double *, const double *, int, int, int, int, int, int, int, double, double)"
213264422350,9701,,,213264431633,1376,10659,137,137,7,cudaLaunchKernel,   1    1    1, 256    1    1,"<unnamed>::step_kernel_boundary_z_faces(const double *, const double *, double *, const double *, const double *, int, int, int, int, int, int, int, double, double)"
213264436761,29399,,,213264462540,1376,29399,132,132,6,cudaLaunchKernel,   1    1    1, 256    1    1,"<unnamed>::step_kernel_boundary_x_faces(const double *, const double *, double *, const double *, const double *, int, int, int, int, int, int, int, double, double)"
213264455517,30944,,,213264484953,1440,30944,125,125,4,cudaLaunchKernel,   1    1    1, 256    1    1,"<unnamed>::step_kernel_boundary_z_faces(const double *, const double *, double *, const double *, const double *, int, int, int, int, int, int, int, double, double)"
213264458329,9949,,,213264467690,1408,10769,123,123,2,cudaLaunchKernel,   1    2    2,  32    4    4,"<unnamed>::step_kernel_interior(const double *, const double *, double *, const double *, const double *, int, int, int, int, int, int, int, double, double)"
213264468198,26219,,,213264494252,1408,27462,132,132,6,cudaLaunchKernel,   1    1    1, 256    1    1,"<unnamed>::step_kernel_boundary_y_faces(const double *, const double *, double *, const double *, const double *, int, int, int, int, int, int, int, double, double)"
213264469387,5918,213264475305,545,213264475850,1376,7839,123,123,2,cudaLaunchKernel,   1    1    1, 256    1    1,"<unnamed>::step_kernel_boundary_x_faces(const double *, const double *, double *, const double *, const double *, int, int, int, int, int, int, int, double, double)"
213264475727,3802,213264479529,1761,213264481290,1408,6971,123,123,2,cudaLaunchKernel,   1    1    1, 256    1    1,"<unnamed>::step_kernel_boundary_y_faces(const double *, const double *, double *, const double *, const double *, int, int, int, int, int, int, int, double, double)"
213264479902,8912,,,213264488202,1376,9676,123,123,2,cudaLaunchKernel,   1    1    1, 256    1    1,"<unnamed>::step_kernel_boundary_z_faces(const double *, const double *, double *, const double *, const double *, int, int, int, int, int, int, int, double, double)"
213264495365,6531,213264501896,497,213264502393,1568,8596,125,125,4,cudaLaunchKernel,   1    2    2,  32    4    4,"<unnamed>::step_kernel_interior(const double *, const double *, double *, const double *, const double *, int, int, int, int, int, int, int, double, double)"
213264496529,23048,,,213264515723,1408,23048,132,132,6,cudaLaunchKernel,   1    1    1, 256    1    1,"<unnamed>::step_kernel_boundary_z_faces(const double *, const double *, double *, const double *, const double *, int, int, int, int, int, int, int, double, double)"
213264502497,6020,213264508517,468,213264508985,1344,7832,125,125,4,cudaLaunchKernel,   1    1    1, 256    1    1,"<unnamed>::step_kernel_boundary_x_faces(const double *, const double *, double *, const double *, const double *, int, int, int, int, int, int, int, double, double)"
213264508945,5258,213264514203,1470,213264515673,1376,8104,125,125,4,cudaLaunchKernel,   1    1    1, 256    1    1,"<unnamed>::step_kernel_boundary_y_faces(const double *, const double *, double *, const double *, const double *, int, int, int, int, int, int, int, double, double)"
213264514603,33838,,,213264547769,1376,34542,125,125,4,cudaLaunchKernel,   1    1    1, 256    1    1,"<unnamed>::step_kernel_boundary_z_faces(const double *, const double *, double *, const double *, const double *, int, int, int, int, int, int, int, double, double)"
213264532013,7996,213264540009,322,213264540331,1376,9694,132,132,6,cudaLaunchKernel,   1    2    2,  32    4    4,"<unnamed>::step_kernel_interior(const double *, const double *, double *, const double *, const double *, int, int, int, int, int, int, int, double, double)"
213264540908,9155,,,213264549291,1344,9727,132,132,6,cudaLaunchKernel,   1    1    1, 256    1    1,"<unnamed>::step_kernel_boundary_x_faces(const double *, const double *, double *, const double *, const double *, int, int, int, int, int, int, int, double, double)"
213264550955,4817,213264555772,495,213264556267,1376,6688,132,132,6,cudaLaunchKernel,   1    1    1, 256    1    1,"<unnamed>::step_kernel_boundary_y_faces(const double *, const double *, double *, const double *, const double *, int, int, int, int, int, int, int, double, double)"
213264556152,8632,,,213264564139,1376,9363,132,132,6,cudaLaunchKernel,   1    1    1, 256    1    1,"<unnamed>::step_kernel_boundary_z_faces(const double *, const double *, double *, const double *, const double *, int, int, int, int, int, int, int, double, double)"
218537862911,71917,,,218537926547,9792,73428,124,124,3,cudaLaunchKernel,6104    1    1, 256    1    1,"<unnamed>::pack_face_x(const double *, double *, int, int, int, int, int)"
218537863682,71219,,,218537925821,9504,71643,127,127,5,cudaLaunchKernel,6104    1    1, 256    1    1,"<unnamed>::pack_face_x(const double *, double *, int, int, int, int, int)"
218537864834,75877,,,218537931760,9504,76430,137,137,7,cudaLaunchKernel,6104    1    1, 256    1    1,"<unnamed>::pack_face_x(const double *, double *, int, int, int, int, int)"
218537866265,73920,,,218537932735,9407,75877,132,132,6,cudaLaunchKernel,6104    1    1, 256    1    1,"<unnamed>::pack_face_x(const double *, double *, int, int, int, int, int)"
218537867957,72159,,,218537931951,9504,73498,121,121,0,cudaLaunchKernel,6104    1    1, 256    1    1,"<unnamed>::pack_face_x(const double *, double *, int, int, int, int, int)"
218537868691,71387,,,218537931626,9376,72311,125,125,4,cudaLaunchKernel,6104    1    1, 256    1    1,"<unnamed>::pack_face_x(const double *, double *, int, int, int, int, int)"
218537897691,46107,,,218537939686,10144,52139,122,122,1,cudaLaunchKernel,6104    1    1, 256    1    1,"<unnamed>::pack_face_x(const double *, double *, int, int, int, int, int)"
218537926808,58750,,,218537977333,9472,59997,123,123,2,cudaLaunchKernel,6104    1    1, 256    1    1,"<unnamed>::pack_face_x(const double *, double *, int, int, int, int, int)"
218537938914,11922,218537950836,447,218537951283,11936,24305,124,124,3,cudaLaunchKernel,6104    1    1, 256    1    1,"<unnamed>::pack_face_y(const double *, double *, int, int, int, int, int)"
218537939446,11040,218537950486,391,218537950877,11936,23367,127,127,5,cudaLaunchKernel,6104    1    1, 256    1    1,"<unnamed>::pack_face_y(const double *, double *, int, int, int, int, int)"
218537941454,8592,218537950046,1425,218537951471,11680,21697,121,121,0,cudaLaunchKernel,6104    1    1, 256    1    1,"<unnamed>::pack_face_y(const double *, double *, int, int, int, int, int)"
218537942180,9084,218537951264,478,218537951742,12288,21850,132,132,6,cudaLaunchKernel,6104    1    1, 256    1    1,"<unnamed>::pack_face_y(const double *, double *, int, int, int, int, int)"
218537942324,11201,,,218537953290,12032,22998,125,125,4,cudaLaunchKernel,6104    1    1, 256    1    1,"<unnamed>::pack_face_y(const double *, double *, int, int, int, int, int)"
218537942843,12295,218537955138,846,218537955984,11967,25108,137,137,7,cudaLaunchKernel,6104    1    1, 256    1    1,"<unnamed>::pack_face_y(const double *, double *, int, int, int, int, int)"
218537945269,8922,218537954191,1527,218537955718,12352,22801,122,122,1,cudaLaunchKernel,6104    1    1, 256    1    1,"<unnamed>::pack_face_y(const double *, double *, int, int, int, int, int)"
218537951458,7645,218537959103,4669,218537963772,62784,75098,127,127,5,cudaLaunchKernel,6104    1    1, 256    1    1,"<unnamed>::pack_face_z(const double *, double *, int, int, int, int, int)"
218537951530,8863,218537960393,3750,218537964143,62848,75461,121,121,0,cudaLaunchKernel,6104    1    1, 256    1    1,"<unnamed>::pack_face_z(const double *, double *, int, int, int, int, int)"
218537952083,8030,218537960113,4002,218537964115,67616,79648,124,124,3,cudaLaunchKernel,6104    1    1, 256    1    1,"<unnamed>::pack_face_z(const double *, double *, int, int, int, int, int)"
218537952483,6757,218537959240,5686,218537964926,62496,74939,132,132,6,cudaLaunchKernel,6104    1    1, 256    1    1,"<unnamed>::pack_face_z(const double *, double *, int, int, int, int, int)"
218537955098,6325,218537961423,7607,218537969030,70816,84748,122,122,1,cudaLaunchKernel,6104    1    1, 256    1    1,"<unnamed>::pack_face_z(const double *, double *, int, int, int, int, int)"
218537955276,8677,218537963953,2361,218537966314,68448,79486,125,125,4,cudaLaunchKernel,6104    1    1, 256    1    1,"<unnamed>::pack_face_z(const double *, double *, int, int, int, int, int)"
218537956214,7569,218537963783,5128,218537968911,63008,75705,137,137,7,cudaLaunchKernel,6104    1    1, 256    1    1,"<unnamed>::pack_face_z(const double *, double *, int, int, int, int, int)"
218537974485,18787,218537993272,26203,218538019475,28034941,28079931,124,124,3,cudaLaunchKernel,  39  312  312,  32    4    4,"<unnamed>::step_kernel_interior(const double *, const double *, double *, const double *, const double *, int, int, int, int, int, int, int, double, double)"
218537979225,18854,218537998079,26983,218538025062,28006826,28052663,122,122,1,cudaLaunchKernel,  39  312  312,  32    4    4,"<unnamed>::step_kernel_interior(const double *, const double *, double *, const double *, const double *, int, int, int, int, int, int, int, double, double)"
218537982411,19420,218538001831,20259,218538022090,27961539,28001218,125,125,4,cudaLaunchKernel,  39  312  312,  32    4    4,"<unnamed>::step_kernel_interior(const double *, const double *, double *, const double *, const double *, int, int, int, int, int, int, int, double, double)"
218537987101,12551,,,218537999220,12000,24119,123,123,2,cudaLaunchKernel,6104    1    1, 256    1    1,"<unnamed>::pack_face_y(const double *, double *, int, int, int, int, int)"
218538000997,11831,218538012828,312,218538013140,68383,80526,123,123,2,cudaLaunchKernel,6104    1    1, 256    1    1,"<unnamed>::pack_face_z(const double *, double *, int, int, int, int, int)"
218538011286,18447,,,218538028828,28034430,28051972,127,127,5,cudaLaunchKernel,  39  312  312,  32    4    4,"<unnamed>::step_kernel_interior(const double *, const double *, double *, const double *, const double *, int, int, int, int, int, int, int, double, double)"
218538023858,12379,218538036237,32679,218538068916,28029282,28074340,123,123,2,cudaLaunchKernel,  39  312  312,  32    4    4,"<unnamed>::step_kernel_interior(const double *, const double *, double *, const double *, const double *, int, int, int, int, int, int, int, double, double)"
218538034290,38824,,,218538071869,28015267,28052846,132,132,6,cudaLaunchKernel,  39  312  312,  32    4    4,"<unnamed>::step_kernel_interior(const double *, const double *, double *, const double *, const double *, int, int, int, int, int, int, int, double, double)"
218538058616,16966,,,218538075438,28028197,28045019,137,137,7,cudaLaunchKernel,  39  312  312,  32    4    4,"<unnamed>::step_kernel_interior(const double *, const double *, double *, const double *, const double *, int, int, int, int, int, int, int, double, double)"
218538088992,30438,,,218538116654,28018624,28046286,121,121,0,cudaLaunchKernel,  39  312  312,  32    4    4,"<unnamed>::step_kernel_interior(const double *, const double *, double *, const double *, const double *, int, int, int, int, int, int, int, double, double)"
218538543694,7957,218538551651,27471693,218566023344,11488,27491138,122,122,1,cudaLaunchKernel,6104    1    1, 256    1    1,"<unnamed>::unpack_face_x(const double *, double *, int, int, int, int, int)"
218538552214,5340,218538557554,27478654,218566036208,10304,27494298,122,122,1,cudaLaunchKernel,6104    1    1, 256    1    1,"<unnamed>::unpack_face_y(const double *, double *, int, int, int, int, int)"
218538558451,4928,218538563379,27484189,218566047568,121984,27611101,122,122,1,cudaLaunchKernel,6104    1    1, 256    1    1,"<unnamed>::unpack_face_z(const double *, double *, int, int, int, int, int)"
218538564912,10416,218538575328,27595792,218566171120,62943,27669151,122,122,1,cudaLaunchKernel,12208    1    1, 256    1    1,"<unnamed>::step_kernel_boundary_x_faces(const double *, const double *, double *, const double *, const double *, int, int, int, int, int, int, int, double, double)"
218538576381,5673,218538582054,27653449,218566235503,60736,27719858,122,122,1,cudaLaunchKernel,12188    1    1, 256    1    1,"<unnamed>::step_kernel_boundary_y_faces(const double *, const double *, double *, const double *, const double *, int, int, int, int, int, int, int, double, double)"
218538582838,5783,218538588621,27709186,218566297807,711037,28426006,122,122,1,cudaLaunchKernel,12168    1    1, 256    1    1,"<unnamed>::step_kernel_boundary_z_faces(const double *, const double *, double *, const double *, const double *, int, int, int, int, int, int, int, double, double)"
218538604830,12911,218538617741,27359232,218565976973,10368,27382511,125,125,4,cudaLaunchKernel,6104    1    1, 256    1    1,"<unnamed>::unpack_face_x(const double *, double *, int, int, int, int, int)"
218538604927,9932,218538614859,56375788,218594990647,10528,56396248,122,122,1,cudaLaunchKernel,6104    1    1, 256    1    1,"<unnamed>::pack_face_x(const double *, double *, int, int, int, int, int)"
218538615784,4588,218538620372,56382147,218595002519,10688,56397423,122,122,1,cudaLaunchKernel,6104    1    1, 256    1    1,"<unnamed>::pack_face_y(const double *, double *, int, int, int, int, int)"
218538619332,8776,218538628108,27360481,218565988589,10176,27379433,125,125,4,cudaLaunchKernel,6104    1    1, 256    1    1,"<unnamed>::unpack_face_y(const double *, double *, int, int, int, int, int)"
218538620756,3470,218538624226,56390101,218595014327,63423,56456994,122,122,1,cudaLaunchKernel,6104    1    1, 256    1    1,"<unnamed>::pack_face_z(const double *, double *, int, int, int, int, int)"
218538625039,4314,218538629353,28380931,218567010284,27987659,56372904,122,122,1,cudaLaunchKernel,  39  312  312,  32    4    4,"<unnamed>::step_kernel_interior(const double *, const double *, double *, const double *, const double *, int, int, int, int, int, int, int, double, double)"
218538629312,6673,218538635985,27363932,218565999917,121567,27492172,125,125,4,cudaLaunchKernel,6104    1    1, 256    1    1,"<unnamed>::unpack_face_z(const double *, double *, int, int, int, int, int)"
218538634083,8006,218538642089,27448878,218566090967,10367,27467251,123,123,2,cudaLaunchKernel,6104    1    1, 256    1    1,"<unnamed>::unpack_face_x(const double *, double *, int, int, int, int, int)"
218538637293,9077,218538646370,27481420,218566127790,10464,27500961,121,121,0,cudaLaunchKernel,6104    1    1, 256    1    1,"<unnamed>::unpack_face_x(const double *, double *, int, int, int, int, int)"
218538637840,7719,218538645559,27477685,218566123244,62879,27548283,125,125,4,cudaLaunchKernel,12208    1    1, 256    1    1,"<unnamed>::step_kernel_boundary_x_faces(const double *, const double *, double *, const double *, const double *, int, int, int, int, int, int, int, double, double)"
218538642779,4690,218538647469,27455465,218566102934,9792,27469947,123,123,2,cudaLaunchKernel,6104    1    1, 256    1    1,"<unnamed>::unpack_face_y(const double *, double *, int, int, int, int, int)"
218538646358,7749,218538654107,27533584,218566187691,60256,27601589,125,125,4,cudaLaunchKernel,12188    1    1, 256    1    1,"<unnamed>::step_kernel_boundary_y_faces(const double *, const double *, double *, const double *, const double *, int, int, int, int, int, int, int, double, double)"
218538647115,5468,218538652583,27487015,218566139598,10400,27502883,121,121,0,cudaLaunchKernel,6104    1    1, 256    1    1,"<unnamed>::unpack_face_y(const double *, double *, int, int, int, int, int)"
218538648299,4189,218538652488,27461518,218566114006,122847,27588554,123,123,2,cudaLaunchKernel,6104    1    1, 256    1    1,"<unnamed>::unpack_face_z(const double *, double *, int, int, int, int, int)"
218538653384,6044,218538659428,27491722,218566151150,121920,27619686,121,121,0,cudaLaunchKernel,6104    1    1, 256    1    1,"<unnamed>::unpack_face_z(const double *, double *, int, int, int, int, int)"
218538653684,4473,218538658157,27580552,218566238709,62783,27647808,123,123,2,cudaLaunchKernel,12208    1    1, 256    1    1,"<unnamed>::step_kernel_boundary_x_faces(const double *, const double *, double *, const double *, const double *, int, int, int, int, int, int, int, double, double)"
218538655052,6935,218538661987,27587400,218566249387,717372,28311707,125,125,4,cudaLaunchKernel,12168    1    1, 256    1    1,"<unnamed>::step_kernel_boundary_z_faces(const double *, const double *, double *, const double *, const double *, int, int, int, int, int, int, int, double, double)"
218538659399,4647,218538664046,27639206,218566303252,60223,27704076,123,123,2,cudaLaunchKernel,12188    1    1, 256    1    1,"<unnamed>::step_kernel_boundary_y_faces(const double *, const double *, double *, const double *, const double *, int, int, int, int, int, int, int, double, double)"
218538660756,5390,218538666146,27608364,218566274510,62655,27676409,121,121,0,cudaLaunchKernel,12208    1    1, 256    1    1,"<unnamed>::step_kernel_boundary_x_faces(const double *, const double *, double *, const double *, const double *, int, int, int, int, int, int, int, double, double)"
218538664659,3952,218538668611,27696368,218566364979,726136,28426456,123,123,2,cudaLaunchKernel,12168    1    1, 256    1    1,"<unnamed>::step_kernel_boundary_z_faces(const double *, const double *, double *, const double *, const double *, int, int, int, int, int, int, int, double, double)"
218538666775,6983,218538673758,27665135,218566338893,60256,27732374,121,121,0,cudaLaunchKernel,12188    1    1, 256    1    1,"<unnamed>::step_kernel_boundary_y_faces(const double *, const double *, double *, const double *, const double *, int, int, int, int, int, int, int, double, double)"
218538674403,4875,218538679278,28289049,218566968327,14272,28308196,125,125,4,cudaLaunchKernel,6104    1    1, 256    1    1,"<unnamed>::pack_face_x(const double *, double *, int, int, int, int, int)"
218538674981,6318,218538681299,27719578,218566400877,726492,28452388,121,121,0,cudaLaunchKernel,12168    1    1, 256    1    1,"<unnamed>::step_kernel_boundary_z_faces(const double *, const double *, double *, const double *, const double *, int, int, int, int, int, int, int, double, double)"
218538679339,4443,218538683782,28408837,218567092619,14080,28427360,123,123,2,cudaLaunchKernel,6104    1    1, 256    1    1,"<unnamed>::pack_face_x(const double *, double *, int, int, int, int, int)"
218538679713,4703,218538684416,56232426,218594916842,10176,56247305,125,125,4,cudaLaunchKernel,6104    1    1, 256    1    1,"<unnamed>::pack_face_y(const double *, double *, int, int, int, int, int)"
218538684502,3917,218538688419,56392780,218595081199,10688,56407385,123,123,2,cudaLaunchKernel,6104    1    1, 256    1    1,"<unnamed>::pack_face_y(const double *, double *, int, int, int, int, int)"
218538684849,4892,218538689741,56238557,218594928298,61600,56305049,125,125,4,cudaLaunchKernel,6104    1    1, 256    1    1,"<unnamed>::pack_face_z(const double *, double *, int, int, int, int, int)"
218538688939,3533,218538692472,56401046,218595093518,61984,56466563,123,123,2,cudaLaunchKernel,6104    1    1, 256    1    1,"<unnamed>::pack_face_z(const double *, double *, int, int, int, int, int)"
218538690665,5282,218538695947,28280316,218566976263,27945603,56231201,125,125,4,cudaLaunchKernel,  39  312  312,  32    4    4,"<unnamed>::step_kernel_interior(const double *, const double *, double *, const double *, const double *, int, int, int, int, int, int, int, double, double)"
218538691223,5556,218538696779,28432094,218567128873,15008,28452658,121,121,0,cudaLaunchKernel,6104    1    1, 256    1    1,"<unnamed>::pack_face_x(const double *, double *, int, int, int, int, int)"
218538693049,3755,218538696804,28403527,218567100331,27987716,56394998,123,123,2,cudaLaunchKernel,  39  312  312,  32    4    4,"<unnamed>::step_kernel_interior(const double *, const double *, double *, const double *, const double *, int, int, int, int, int, int, int, double, double)"
218538697252,3712,218538700964,56431141,218595132105,10304,56445157,121,121,0,cudaLaunchKernel,6104    1    1, 256    1    1,"<unnamed>::pack_face_y(const double *, double *, int, int, int, int, int)"
218538701479,4729,218538706208,56437481,218595143689,61664,56503874,121,121,0,cudaLaunchKernel,6104    1    1, 256    1    1,"<unnamed>::pack_face_z(const double *, double *, int, int, int, int, int)"
218538706871,9637,218538716508,28420173,218567136681,28001632,56431442,121,121,0,cudaLaunchKernel,  39  312  312,  32    4    4,"<unnamed>::step_kernel_interior(const double *, const double *, double *, const double *, const double *, int, int, int, int, int, int, int, double, double)"
218539714194,13586,218539727780,26351932,218566079712,10624,26376142,132,132,6,cudaLaunchKernel,6104    1    1, 256    1    1,"<unnamed>::unpack_face_x(const double *, double *, int, int, int, int, int)"
218539728938,9733,218539738671,26306721,218566045392,11008,26327462,124,124,3,cudaLaunchKernel,6104    1    1, 256    1    1,"<unnamed>::unpack_face_x(const double *, double *, int, int, int, int, int)"
218539729053,6104,218539735157,26356779,218566091936,11104,26373987,132,132,6,cudaLaunchKernel,6104    1    1, 256    1    1,"<unnamed>::unpack_face_y(const double *, double *, int, int, int, int, int)"
218539734929,9167,218539744096,26312666,218566056762,10240,26332073,127,127,5,cudaLaunchKernel,6104    1    1, 256    1    1,"<unnamed>::unpack_face_x(const double *, double *, int, int, int, int, int)"
218539735780,4889,218539740669,26363651,218566104320,121727,26490267,132,132,6,cudaLaunchKernel,6104    1    1, 256    1    1,"<unnamed>::unpack_face_z(const double *, double *, int, int, int, int, int)"
218539739379,7187,218539746566,26311210,218566057776,9791,26328188,124,124,3,cudaLaunchKernel,6104    1    1, 256    1    1,"<unnamed>::unpack_face_y(const double *, double *, int, int, int, int, int)"
218539742275,5094,218539747369,26480278,218566227647,61919,26547291,132,132,6,cudaLaunchKernel,12208    1    1, 256    1    1,"<unnamed>::step_kernel_boundary_x_faces(const double *, const double *, double *, const double *, const double *, int, int, int, int, int, int, int, double, double)"
218539745083,7077,218539752160,26316410,218566068570,10016,26333503,127,127,5,cudaLaunchKernel,6104    1    1, 256    1    1,"<unnamed>::unpack_face_y(const double *, double *, int, int, int, int, int)"
218539747205,19879,218539767084,26327335,218566094419,10784,26357998,137,137,7,cudaLaunchKernel,6104    1    1, 256    1    1,"<unnamed>::unpack_face_x(const double *, double *, int, int, int, int, int)"
218539747575,6458,218539754033,26314654,218566068687,123199,26444311,124,124,3,cudaLaunchKernel,6104    1    1, 256    1    1,"<unnamed>::unpack_face_z(const double *, double *, int, int, int, int, int)"
218539748028,6746,218539754774,26536648,218566291422,61055,26604449,132,132,6,cudaLaunchKernel,12188    1    1, 256    1    1,"<unnamed>::step_kernel_boundary_y_faces(const double *, const double *, double *, const double *, const double *, int, int, int, int, int, int, int, double, double)"
218539753186,6894,218539760080,26319786,218566079866,121215,26447895,127,127,5,cudaLaunchKernel,6104    1    1, 256    1    1,"<unnamed>::unpack_face_z(const double *, double *, int, int, int, int, int)"
218539755020,6925,218539761945,26431509,218566193454,61216,26499650,124,124,3,cudaLaunchKernel,12208    1    1, 256    1    1,"<unnamed>::step_kernel_boundary_x_faces(const double *, const double *, double *, const double *, const double *, int, int, int, int, int, int, int, double, double)"
218539755555,5908,218539761463,26592614,218566354077,716889,27315411,132,132,6,cudaLaunchKernel,12168    1    1, 256    1    1,"<unnamed>::step_kernel_boundary_z_faces(const double *, const double *, double *, const double *, const double *, int, int, int, int, int, int, int, double, double)"
218539761637,6609,218539768246,26434371,218566202617,62463,26503443,127,127,5,cudaLaunchKernel,12208    1    1, 256    1    1,"<unnamed>::step_kernel_boundary_x_faces(const double *, const double *, double *, const double *, const double *, int, int, int, int, int, int, int, double, double)"
218539762517,6702,218539769219,26487211,218566256430,61247,26555160,124,124,3,cudaLaunchKernel,12188    1    1, 256    1    1,"<unnamed>::step_kernel_boundary_y_faces(const double *, const double *, double *, const double *, const double *, int, int, int, int, int, int, int, double, double)"
218539767883,8728,218539776611,26330192,218566106803,10240,26349160,137,137,7,cudaLaunchKernel,6104    1    1, 256    1    1,"<unnamed>::unpack_face_y(const double *, double *, int, int, int, int, int)"
218539769060,8358,218539777418,26489582,218566267000,61535,26559475,127,127,5,cudaLaunchKernel,12188    1    1, 256    1    1,"<unnamed>::step_kernel_boundary_y_faces(const double *, const double *, double *, const double *, const double *, int, int, int, int, int, int, int, double, double)"
218539769934,3948,218539773882,26545459,218566319341,722747,27272154,124,124,3,cudaLaunchKernel,12168    1    1, 256    1    1,"<unnamed>::step_kernel_boundary_z_faces(const double *, const double *, double *, const double *, const double *, int, int, int, int, int, int, int, double, double)"
218539772055,27315,218539799370,55258799,218595058169,9920,55296034,132,132,6,cudaLaunchKernel,6104    1    1, 256    1    1,"<unnamed>::pack_face_x(const double *, double *, int, int, int, int, int)"
218539777761,10026,218539787787,26330536,218566118323,122430,26462992,137,137,7,cudaLaunchKernel,6104    1    1, 256    1    1,"<unnamed>::unpack_face_z(const double *, double *, int, int, int, int, int)"
218539778450,5711,218539784161,26546102,218566330263,716665,27268478,127,127,5,cudaLaunchKernel,12168    1    1, 256    1    1,"<unnamed>::step_kernel_boundary_z_faces(const double *, const double *, double *, const double *, const double *, int, int, int, int, int, int, int, double, double)"
218539785566,14428,218539799994,27243534,218567043528,14111,27272073,124,124,3,cudaLaunchKernel,6104    1    1, 256    1    1,"<unnamed>::pack_face_x(const double *, double *, int, int, int, int, int)"
218539790068,13109,218539803177,26439048,218566242225,62144,26514301,137,137,7,cudaLaunchKernel,12208    1    1, 256    1    1,"<unnamed>::step_kernel_boundary_x_faces(const double *, const double *, double *, const double *, const double *, int, int, int, int, int, int, int, double, double)"
218539800541,4924,218539805465,55264256,218595069721,10176,55279356,132,132,6,cudaLaunchKernel,6104    1    1, 256    1    1,"<unnamed>::pack_face_y(const double *, double *, int, int, int, int, int)"
218539800942,6330,218539807272,55233725,218595040997,10592,55250647,124,124,3,cudaLaunchKernel,6104    1    1, 256    1    1,"<unnamed>::pack_face_y(const double *, double *, int, int, int, int, int)"
218539801300,8890,218539810190,27238242,218567048432,13088,27260220,127,127,5,cudaLaunchKernel,6104    1    1, 256    1    1,"<unnamed>::pack_face_x(const double *, double *, int, int, int, int, int)"
218539804441,13045,218539817486,26488611,218566306097,61439,26563095,137,137,7,cudaLaunchKernel,12188    1    1, 256    1    1,"<unnamed>::step_kernel_boundary_y_faces(const double *, const double *, double *, const double *, const double *, int, int, int, int, int, int, int, double, double)"
218539805891,3673,218539809564,55271613,218595081177,63519,55338805,132,132,6,cudaLaunchKernel,6104    1    1, 256    1    1,"<unnamed>::pack_face_z(const double *, double *, int, int, int, int, int)"
218539807701,9528,218539817229,55235640,218595052869,60799,55305967,124,124,3,cudaLaunchKernel,6104    1    1, 256    1    1,"<unnamed>::pack_face_z(const double *, double *, int, int, int, int, int)"
218539810521,11380,218539821901,27250665,218567072566,27991875,55253920,132,132,6,cudaLaunchKernel,  39  312  312,  32    4    4,"<unnamed>::step_kernel_interior(const double *, const double *, double *, const double *, const double *, int, int, int, int, int, int, int, double, double)"
218539810590,10310,218539820900,55222987,218595043887,10399,55243696,127,127,5,cudaLaunchKernel,6104    1    1, 256    1    1,"<unnamed>::pack_face_y(const double *, double *, int, int, int, int, int)"
218539818415,9370,218539827785,27223614,218567051399,27995166,55228150,124,124,3,cudaLaunchKernel,  39  312  312,  32    4    4,"<unnamed>::step_kernel_interior(const double *, const double *, double *, const double *, const double *, int, int, int, int, int, int, int, double, double)"
218539819313,12518,218539831831,26537465,218566369296,723161,27273144,137,137,7,cudaLaunchKernel,12168    1    1, 256    1    1,"<unnamed>::step_kernel_boundary_z_faces(const double *, const double *, double *, const double *, const double *, int, int, int, int, int, int, int, double, double)"
218539821875,10257,218539832132,55223530,218595055662,61056,55294843,127,127,5,cudaLaunchKernel,6104    1    1, 256    1    1,"<unnamed>::pack_face_z(const double *, double *, int, int, int, int, int)"
218539833318,9474,218539842792,27213032,218567055824,27993566,55216072,127,127,5,cudaLaunchKernel,  39  312  312,  32    4    4,"<unnamed>::step_kernel_interior(const double *, const double *, double *, const double *, const double *, int, int, int, int, int, int, int, double, double)"
218539850908,10932,218539861840,27232121,218567093961,13792,27256845,137,137,7,cudaLaunchKernel,6104    1    1, 256    1    1,"<unnamed>::pack_face_x(const double *, double *, int, int, int, int, int)"
218539862863,6353,218539869216,55234221,218595103437,10272,55250846,137,137,7,cudaLaunchKernel,6104    1    1, 256    1    1,"<unnamed>::pack_face_y(const double *, double *, int, int, int, int, int)"
218539869796,10404,218539880200,55234885,218595115085,61535,55306824,137,137,7,cudaLaunchKernel,6104    1    1, 256    1    1,"<unnamed>::pack_face_z(const double *, double *, int, int, int, int, int)"
218539881399,14175,218539895574,27206099,218567101673,28007588,55227862,137,137,7,cudaLaunchKernel,  39  312  312,  32    4    4,"<unnamed>::step_kernel_interior(const double *, const double *, double *, const double *, const double *, int, int, int, int, int, int, int, double, double)"
218595439355,13644,218595452999,634,218595453633,8448,22726,124,124,3,cudaLaunchKernel,6104    1    1, 256    1    1,"<unnamed>::unpack_face_x(const double *, double *, int, int, int, int, int)"
218595453635,11171,218595464806,1211,218595466017,9856,22238,124,124,3,cudaLaunchKernel,6104    1    1, 256    1    1,"<unnamed>::unpack_face_y(const double *, double *, int, int, int, int, int)"
218595465719,5920,218595471639,5386,218595477025,122303,133609,124,124,3,cudaLaunchKernel,6104    1    1, 256    1    1,"<unnamed>::unpack_face_z(const double *, double *, int, int, int, int, int)"
218595472631,6758,218595479389,121507,218595600896,62752,191017,124,124,3,cudaLaunchKernel,12208    1    1, 256    1    1,"<unnamed>::step_kernel_boundary_x_faces(const double *, const double *, double *, const double *, const double *, int, int, int, int, int, int, int, double, double)"
218595479878,5494,218595485372,179748,218595665120,60415,245657,124,124,3,cudaLaunchKernel,12188    1    1, 256    1    1,"<unnamed>::step_kernel_boundary_y_faces(const double *, const double *, double *, const double *, const double *, int, int, int, int, int, int, int, double, double)"
218595485789,4425,218595490214,236729,218595726943,730298,971452,124,124,3,cudaLaunchKernel,12168    1    1, 256    1    1,"<unnamed>::step_kernel_boundary_z_faces(const double *, const double *, double *, const double *, const double *, int, int, int, int, int, int, int, double, double)"
218595497043,15075,218595512118,414,218595512532,8064,23553,132,132,6,cudaLaunchKernel,6104    1    1, 256    1    1,"<unnamed>::unpack_face_x(const double *, double *, int, int, int, int, int)"
218595513196,9830,218595523026,2082,218595525108,9952,21864,132,132,6,cudaLaunchKernel,6104    1    1, 256    1    1,"<unnamed>::unpack_face_y(const double *, double *, int, int, int, int, int)"
218595516571,18103,218595534674,215,218595534889,8288,26606,127,127,5,cudaLaunchKernel,6104    1    1, 256    1    1,"<unnamed>::unpack_face_x(const double *, double *, int, int, int, int, int)"
218595521762,32561,218595554323,150,218595554473,8096,40807,137,137,7,cudaLaunchKernel,6104    1    1, 256    1    1,"<unnamed>::unpack_face_x(const double *, double *, int, int, int, int, int)"
218595523889,10498,218595534387,2113,218595536500,123199,135810,132,132,6,cudaLaunchKernel,6104    1    1, 256    1    1,"<unnamed>::unpack_face_z(const double *, double *, int, int, int, int, int)"
218595535634,5535,218595541169,3064,218595544233,9952,18551,127,127,5,cudaLaunchKernel,6104    1    1, 256    1    1,"<unnamed>::unpack_face_y(const double *, double *, int, int, int, int, int)"
218595535952,5556,218595541508,119695,218595661203,61535,186786,132,132,6,cudaLaunchKernel,12208    1    1, 256    1    1,"<unnamed>::step_kernel_boundary_x_faces(const double *, const double *, double *, const double *, const double *, int, int, int, int, int, int, int, double, double)"
218595541629,5915,218595547544,8049,218595555593,122271,136235,127,127,5,cudaLaunchKernel,6104    1    1, 256    1    1,"<unnamed>::unpack_face_z(const double *, double *, int, int, int, int, int)"
218595541979,4907,218595546886,177612,218595724498,61088,243607,132,132,6,cudaLaunchKernel,12188    1    1, 256    1    1,"<unnamed>::step_kernel_boundary_y_faces(const double *, const double *, double *, const double *, const double *, int, int, int, int, int, int, int, double, double)"
218595547576,5552,218595553128,233898,218595787026,721912,961362,132,132,6,cudaLaunchKernel,12168    1    1, 256    1    1,"<unnamed>::step_kernel_boundary_z_faces(const double *, const double *, double *, const double *, const double *, int, int, int, int, int, int, int, double, double)"
218595548363,4149,218595552512,127080,218595679592,61727,192956,127,127,5,cudaLaunchKernel,12208    1    1, 256    1    1,"<unnamed>::step_kernel_boundary_x_faces(const double *, const double *, double *, const double *, const double *, int, int, int, int, int, int, int, double, double)"
218595552901,5642,218595558543,184248,218595742791,61568,251458,127,127,5,cudaLaunchKernel,12188    1    1, 256    1    1,"<unnamed>::step_kernel_boundary_y_faces(const double *, const double *, double *, const double *, const double *, int, int, int, int, int, int, int, double, double)"
218595555450,6641,218595562091,2942,218595565033,10111,19694,137,137,7,cudaLaunchKernel,6104    1    1, 256    1    1,"<unnamed>::unpack_face_y(const double *, double *, int, int, int, int, int)"
218595558433,10147,218595568580,944,218595569524,8544,19635,122,122,1,cudaLaunchKernel,6104    1    1, 256    1    1,"<unnamed>::unpack_face_x(const double *, double *, int, int, int, int, int)"
218595558959,4688,218595563647,242248,218595805895,723896,970832,127,127,5,cudaLaunchKernel,12168    1    1, 256    1    1,"<unnamed>::step_kernel_boundary_z_faces(const double *, const double *, double *, const double *, const double *, int, int, int, int, int, int, int, double, double)"
218595560322,18070,218595578392,78,218595578470,8192,26340,125,125,4,cudaLaunchKernel,6104    1    1, 256    1    1,"<unnamed>::unpack_face_x(const double *, double *, int, int, int, int, int)"
218595562731,6078,218595568809,7775,218595576584,122847,136700,137,137,7,cudaLaunchKernel,6104    1    1, 256    1    1,"<unnamed>::unpack_face_z(const double *, double *, int, int, int, int, int)"
218595569038,4451,218595573489,5635,218595579124,10208,20294,122,122,1,cudaLaunchKernel,6104    1    1, 256    1    1,"<unnamed>::unpack_face_y(const double *, double *, int, int, int, int, int)"
218595569793,7500,218595577293,123642,218595700935,62367,193509,137,137,7,cudaLaunchKernel,12208    1    1, 256    1    1,"<unnamed>::step_kernel_boundary_x_faces(const double *, const double *, double *, const double *, const double *, int, int, int, int, int, int, int, double, double)"
218595573951,4460,218595578411,12361,218595590772,121792,138613,122,122,1,cudaLaunchKernel,6104    1    1, 256    1    1,"<unnamed>::unpack_face_z(const double *, double *, int, int, int, int, int)"
218595577781,5111,218595582892,181914,218595764806,61568,248593,137,137,7,cudaLaunchKernel,12188    1    1, 256    1    1,"<unnamed>::step_kernel_boundary_y_faces(const double *, const double *, double *, const double *, const double *, int, int, int, int, int, int, int, double, double)"
218595579016,26926,,,218595605222,9920,36126,125,125,4,cudaLaunchKernel,6104    1    1, 256    1    1,"<unnamed>::unpack_face_y(const double *, double *, int, int, int, int, int)"
218595579519,4398,218595583917,130119,218595714036,62591,197108,122,122,1,cudaLaunchKernel,12208    1    1, 256    1    1,"<unnamed>::step_kernel_boundary_x_faces(const double *, const double *, double *, const double *, const double *, int, int, int, int, int, int, int, double, double)"
218595583716,9698,218595593414,234752,218595828166,722041,966491,137,137,7,cudaLaunchKernel,12168    1    1, 256    1    1,"<unnamed>::step_kernel_boundary_z_faces(const double *, const double *, double *, const double *, const double *, int, int, int, int, int, int, int, double, double)"
218595584365,8455,218595592820,185407,218595778227,60512,254374,122,122,1,cudaLaunchKernel,12188    1    1, 256    1    1,"<unnamed>::step_kernel_boundary_y_faces(const double *, const double *, double *, const double *, const double *, int, int, int, int, int, int, int, double, double)"
218595591387,15891,,,218595607113,8224,23950,123,123,2,cudaLaunchKernel,6104    1    1, 256    1    1,"<unnamed>::unpack_face_x(const double *, double *, int, int, int, int, int)"
218595593089,18826,,,218595609734,8160,24805,121,121,0,cudaLaunchKernel,6104    1    1, 256    1    1,"<unnamed>::unpack_face_x(const double *, double *, int, int, int, int, int)"
218595593777,9695,218595603472,237027,218595840499,714653,961375,122,122,1,cudaLaunchKernel,12168    1    1, 256    1    1,"<unnamed>::step_kernel_boundary_z_faces(const double *, const double *, double *, const double *, const double *, int, int, int, int, int, int, int, double, double)"
218595610107,10270,218595620377,1677,218595622054,122144,134091,125,125,4,cudaLaunchKernel,6104    1    1, 256    1    1,"<unnamed>::unpack_face_z(const double *, double *, int, int, int, int, int)"
218595611606,5941,218595617547,1822,218595619369,10495,18258,123,123,2,cudaLaunchKernel,6104    1    1, 256    1    1,"<unnamed>::unpack_face_y(const double *, double *, int, int, int, int, int)"
218595612969,6479,218595619448,2926,218595622374,9952,19357,121,121,0,cudaLaunchKernel,6104    1    1, 256    1    1,"<unnamed>::unpack_face_y(const double *, double *, int, int, int, int, int)"
218595618485,4691,218595623176,8128,218595631304,123039,135858,123,123,2,cudaLaunchKernel,6104    1    1, 256    1    1,"<unnamed>::unpack_face_z(const double *, double *, int, int, int, int, int)"
218595619988,6584,218595626572,6938,218595633510,121983,135505,121,121,0,cudaLaunchKernel,6104    1    1, 256    1    1,"<unnamed>::unpack_face_z(const double *, double *, int, int, int, int, int)"
218595622408,5879,218595628287,117351,218595745638,62559,185789,125,125,4,cudaLaunchKernel,12208    1    1, 256    1    1,"<unnamed>::step_kernel_boundary_x_faces(const double *, const double *, double *, const double *, const double *, int, int, int, int, int, int, int, double, double)"
218595624131,4398,218595628529,127638,218595756167,61823,193859,123,123,2,cudaLaunchKernel,12208    1    1, 256    1    1,"<unnamed>::step_kernel_boundary_x_faces(const double *, const double *, double *, const double *, const double *, int, int, int, int, int, int, int, double, double)"
218595627567,4322,218595631889,124980,218595756869,62240,191542,121,121,0,cudaLaunchKernel,12208    1    1, 256    1    1,"<unnamed>::step_kernel_boundary_x_faces(const double *, const double *, double *, const double *, const double *, int, int, int, int, int, int, int, double, double)"
218595628983,6844,218595635827,173810,218595809637,59936,240590,125,125,4,cudaLaunchKernel,12188    1    1, 256    1    1,"<unnamed>::step_kernel_boundary_y_faces(const double *, const double *, double *, const double *, const double *, int, int, int, int, int, int, int, double, double)"
218595629191,3625,218595632816,186934,218595819750,61696,252255,123,123,2,cudaLaunchKernel,12188    1    1, 256    1    1,"<unnamed>::step_kernel_boundary_y_faces(const double *, const double *, double *, const double *, const double *, int, int, int, int, int, int, int, double, double)"
218595632297,4040,218595636337,184244,218595820581,61312,249596,121,121,0,cudaLaunchKernel,12188    1    1, 256    1    1,"<unnamed>::step_kernel_boundary_y_faces(const double *, const double *, double *, const double *, const double *, int, int, int, int, int, int, int, double, double)"
218595633242,4281,218595637523,245683,218595883206,720823,970787,123,123,2,cudaLaunchKernel,12168    1    1, 256    1    1,"<unnamed>::step_kernel_boundary_z_faces(const double *, const double *, double *, const double *, const double *, int, int, int, int, int, int, int, double, double)"
218595636405,5960,218595642365,228872,218595871237,722460,957292,125,125,4,cudaLaunchKernel,12168    1    1, 256    1    1,"<unnamed>::step_kernel_boundary_z_faces(const double *, const double *, double *, const double *, const double *, int, int, int, int, int, int, int, double, double)"
218595637068,5604,218595642672,240757,218595883429,716092,962453,121,121,0,cudaLaunchKernel,12168    1    1, 256    1    1,"<unnamed>::step_kernel_boundary_z_faces(const double *, const double *, double *, const double *, const double *, int, int, int, int, int, int, int, double, double)"
218596720606,8209,218596728815,936,218596729751,9728,18873,124,124,3,cudaLaunchKernel,6104    1    1, 256    1    1,"<unnamed>::pack_face_x(const double *, double *, int, int, int, int, int)"
218596720677,7589,218596728266,1203,218596729469,9408,18200,127,127,5,cudaLaunchKernel,6104    1    1, 256    1    1,"<unnamed>::pack_face_x(const double *, double *, int, int, int, int, int)"
218596720725,6195,218596726920,1095,218596728015,9792,17082,122,122,1,cudaLaunchKernel,6104    1    1, 256    1    1,"<unnamed>::pack_face_x(const double *, double *, int, int, int, int, int)"
218596721184,7066,218596728250,1926,218596730176,9152,18144,121,121,0,cudaLaunchKernel,6104    1    1, 256    1    1,"<unnamed>::pack_face_x(const double *, double *, int, int, int, int, int)"
218596721557,6586,218596728143,973,218596729116,9344,16903,123,123,2,cudaLaunchKernel,6104    1    1, 256    1    1,"<unnamed>::pack_face_x(const double *, double *, int, int, int, int, int)"
218596721802,6634,218596728436,1268,218596729704,9248,17150,132,132,6,cudaLaunchKernel,6104    1    1, 256    1    1,"<unnamed>::pack_face_x(const double *, double *, int, int, int, int, int)"
218596721808,7855,218596729663,1025,218596730688,9504,18384,125,125,4,cudaLaunchKernel,6104    1    1, 256    1    1,"<unnamed>::pack_face_x(const double *, double *, int, int, int, int, int)"
218596722308,8564,218596730872,1669,218596732541,9568,19801,137,137,7,cudaLaunchKernel,6104    1    1, 256    1    1,"<unnamed>::pack_face_x(const double *, double *, int, int, int, int, int)"
218596727382,4728,218596732110,6721,218596738831,15200,26649,122,122,1,cudaLaunchKernel,6104    1    1, 256    1    1,"<unnamed>::pack_face_y(const double *, double *, int, int, int, int, int)"
218596728695,5700,218596734395,5602,218596739997,14784,26086,127,127,5,cudaLaunchKernel,6104    1    1, 256    1    1,"<unnamed>::pack_face_y(const double *, double *, int, int, int, int, int)"
218596728726,4110,218596732836,6904,218596739740,14432,25446,123,123,2,cudaLaunchKernel,6104    1    1, 256    1    1,"<unnamed>::pack_face_y(const double *, double *, int, int, int, int, int)"
218596728866,5553,218596734419,5901,218596740320,10592,22046,121,121,0,cudaLaunchKernel,6104    1    1, 256    1    1,"<unnamed>::pack_face_y(const double *, double *, int, int, int, int, int)"
218596728990,4819,218596733809,6103,218596739912,10720,21642,132,132,6,cudaLaunchKernel,6104    1    1, 256    1    1,"<unnamed>::pack_face_y(const double *, double *, int, int, int, int, int)"
218596729515,5463,218596734978,5493,218596740471,10368,21324,124,124,3,cudaLaunchKernel,6104    1    1, 256    1    1,"<unnamed>::pack_face_y(const double *, double *, int, int, int, int, int)"
218596730483,6655,218596737138,4174,218596741312,10528,21357,125,125,4,cudaLaunchKernel,6104    1    1, 256    1    1,"<unnamed>::pack_face_y(const double *, double *, int, int, int, int, int)"
218596731617,5512,218596737129,6100,218596743229,10463,22075,137,137,7,cudaLaunchKernel,6104    1    1, 256    1    1,"<unnamed>::pack_face_y(const double *, double *, int, int, int, int, int)"
218596732710,4275,218596736985,27995297,218624732282,61472,28061044,122,122,1,cudaLaunchKernel,6104    1    1, 256    1    1,"<unnamed>::pack_face_z(const double *, double *, int, int, int, int, int)"
218596733284,3688,218596736972,27987827,218624724799,62144,28053659,123,123,2,cudaLaunchKernel,6104    1    1, 256    1    1,"<unnamed>::pack_face_z(const double *, double *, int, int, int, int, int)"
218596734471,4101,218596738572,28005759,218624744331,61663,28071523,132,132,6,cudaLaunchKernel,6104    1    1, 256    1    1,"<unnamed>::pack_face_z(const double *, double *, int, int, int, int, int)"
218596734859,4792,218596739651,27993913,218624733564,61023,28059728,127,127,5,cudaLaunchKernel,6104    1    1, 256    1    1,"<unnamed>::pack_face_z(const double *, double *, int, int, int, int, int)"
218596735036,4264,218596739300,12604,218596751904,67551,84419,121,121,0,cudaLaunchKernel,6104    1    1, 256    1    1,"<unnamed>::pack_face_z(const double *, double *, int, int, int, int, int)"
218596735473,4630,218596740103,28004237,218624744340,61184,28070051,124,124,3,cudaLaunchKernel,6104    1    1, 256    1    1,"<unnamed>::pack_face_z(const double *, double *, int, int, int, int, int)"
218596737720,9844,218596747564,7408,218596754972,67904,85156,137,137,7,cudaLaunchKernel,6104    1    1, 256    1    1,"<unnamed>::pack_face_z(const double *, double *, int, int, int, int, int)"
218596737756,4433,218596742189,5711,218596747900,27996835,28006979,123,123,2,cudaLaunchKernel,  39  312  312,  32    4    4,"<unnamed>::step_kernel_interior(const double *, const double *, double *, const double *, const double *, int, int, int, int, int, int, int, double, double)"
218596737826,4748,218596742574,10226,218596752800,68735,83709,125,125,4,cudaLaunchKernel,6104    1    1, 256    1    1,"<unnamed>::pack_face_z(const double *, double *, int, int, int, int, int)"
218596737890,5396,218596743286,4089,218596747375,28005291,28014776,122,122,1,cudaLaunchKernel,  39  312  312,  32    4    4,"<unnamed>::step_kernel_interior(const double *, const double *, double *, const double *, const double *, int, int, int, int, int, int, int, double, double)"
218596739742,11435,218596751177,415,218596751592,28011171,28023021,132,132,6,cudaLaunchKernel,  39  312  312,  32    4    4,"<unnamed>::step_kernel_interior(const double *, const double *, double *, const double *, const double *, int, int, int, int, int, int, int, double, double)"
218596740143,11392,218596751535,54928,218596806463,28007841,28074161,121,121,0,cudaLaunchKernel,  39  312  312,  32    4    4,"<unnamed>::step_kernel_interior(const double *, const double *, double *, const double *, const double *, int, int, int, int, int, int, int, double, double)"
218596740391,3749,218596744140,3953,218596748093,28005566,28013268,127,127,5,cudaLaunchKernel,  39  312  312,  32    4    4,"<unnamed>::step_kernel_interior(const double *, const double *, double *, const double *, const double *, int, int, int, int, int, int, int, double, double)"
218596740898,9053,218596749951,280,218596750231,28011933,28021266,124,124,3,cudaLaunchKernel,  39  312  312,  32    4    4,"<unnamed>::step_kernel_interior(const double *, const double *, double *, const double *, const double *, int, int, int, int, int, int, int, double, double)"
218596747036,11031,218596758067,49933,218596808000,27946531,28007495,125,125,4,cudaLaunchKernel,  39  312  312,  32    4    4,"<unnamed>::step_kernel_interior(const double *, const double *, double *, const double *, const double *, int, int, int, int, int, int, int, double, double)"
218596748983,7878,218596756861,53343,218596810204,27995461,28056682,137,137,7,cudaLaunchKernel,  39  312  312,  32    4    4,"<unnamed>::step_kernel_interior(const double *, const double *, double *, const double *, const double *, int, int, int, int, int, int, int, double, double)"
218624977245,11793,218624989038,787,218624989825,8576,21156,125,125,4,cudaLaunchKernel,6104    1    1, 256    1    1,"<unnamed>::unpack_face_x(const double *, double *, int, int, int, int, int)"
218624978795,9020,218624987815,1720,218624989535,8576,19316,121,121,0,cudaLaunchKernel,6104    1    1, 256    1    1,"<unnamed>::unpack_face_x(const double *, double *, int, int, int, int, int)"
218624988369,5750,218624994119,5144,218624999263,9920,20814,121,121,0,cudaLaunchKernel,6104    1    1, 256    1    1,"<unnamed>::unpack_face_y(const double *, double *, int, int, int, int, int)"
218624989532,5453,218624994985,4536,218624999521,10304,20293,125,125,4,cudaLaunchKernel,6104    1    1, 256    1    1,"<unnamed>::unpack_face_y(const double *, double *, int, int, int, int, int)"
218624994560,9537,218625004097,6238,218625010335,122303,138078,121,121,0,cudaLaunchKernel,6104    1    1, 256    1    1,"<unnamed>::unpack_face_z(const double *, double *, int, int, int, int, int)"
218624995415,10924,218625006339,4734,218625011073,121216,136874,125,125,4,cudaLaunchKernel,6104    1    1, 256    1    1,"<unnamed>::unpack_face_z(const double *, double *, int, int, int, int, int)"
218625005231,12166,218625017397,324,218625017721,8160,20650,127,127,5,cudaLaunchKernel,6104    1    1, 256    1    1,"<unnamed>::unpack_face_x(const double *, double *, int, int, int, int, int)"
218625005753,15726,218625021479,112631,218625134110,62624,190981,121,121,0,cudaLaunchKernel,12208    1    1, 256    1    1,"<unnamed>::step_kernel_boundary_x_faces(const double *, const double *, double *, const double *, const double *, int, int, int, int, int, int, int, double, double)"
218625011142,12729,218625023871,109858,218625133729,62495,185082,125,125,4,cudaLaunchKernel,12208    1    1, 256    1    1,"<unnamed>::step_kernel_boundary_x_faces(const double *, const double *, double *, const double *, const double *, int, int, int, int, int, int, int, double, double)"
218625018362,10565,218625028927,1370,218625030297,10080,22015,127,127,5,cudaLaunchKernel,6104    1    1, 256    1    1,"<unnamed>::unpack_face_y(const double *, double *, int, int, int, int, int)"
218625022652,7307,218625029959,168182,218625198141,59872,235361,121,121,0,cudaLaunchKernel,12188    1    1, 256    1    1,"<unnamed>::step_kernel_boundary_y_faces(const double *, const double *, double *, const double *, const double *, int, int, int, int, int, int, int, double, double)"
218625024848,5705,218625030553,167175,218625197728,61280,234160,125,125,4,cudaLaunchKernel,12188    1    1, 256    1    1,"<unnamed>::step_kernel_boundary_y_faces(const double *, const double *, double *, const double *, const double *, int, int, int, int, int, int, int, double, double)"
218625029379,6692,218625036071,1041,218625037112,8320,16053,122,122,1,cudaLaunchKernel,6104    1    1, 256    1    1,"<unnamed>::unpack_face_x(const double *, double *, int, int, int, int, int)"
218625029931,5796,218625035727,6057,218625041784,121247,133100,127,127,5,cudaLaunchKernel,6104    1    1, 256    1    1,"<unnamed>::unpack_face_z(const double *, double *, int, int, int, int, int)"
218625030751,5232,218625035983,223438,218625259421,724604,953274,121,121,0,cudaLaunchKernel,12168    1    1, 256    1    1,"<unnamed>::step_kernel_boundary_z_faces(const double *, const double *, double *, const double *, const double *, int, int, int, int, int, int, int, double, double)"
218625031111,5546,218625036657,223791,218625260448,719004,948341,125,125,4,cudaLaunchKernel,12168    1    1, 256    1    1,"<unnamed>::step_kernel_boundary_z_faces(const double *, const double *, double *, const double *, const double *, int, int, int, int, int, int, int, double, double)"
218625035687,9368,218625045055,1107,218625046162,8064,18539,124,124,3,cudaLaunchKernel,6104    1    1, 256    1    1,"<unnamed>::unpack_face_x(const double *, double *, int, int, int, int, int)"
218625036495,4043,218625040538,6142,218625046680,10528,20713,122,122,1,cudaLaunchKernel,6104    1    1, 256    1    1,"<unnamed>::unpack_face_y(const double *, double *, int, int, int, int, int)"
218625036898,5169,218625042067,122468,218625164535,62528,190165,127,127,5,cudaLaunchKernel,12208    1    1, 256    1    1,"<unnamed>::step_kernel_boundary_x_faces(const double *, const double *, double *, const double *, const double *, int, int, int, int, int, int, int, double, double)"
218625040944,3318,218625044262,14162,218625058424,120992,138472,122,122,1,cudaLaunchKernel,6104    1    1, 256    1    1,"<unnamed>::unpack_face_z(const double *, double *, int, int, int, int, int)"
218625041816,10831,218625052647,1335,218625053982,8352,20518,137,137,7,cudaLaunchKernel,6104    1    1, 256    1    1,"<unnamed>::unpack_face_x(const double *, double *, int, int, int, int, int)"
218625042470,5473,218625047943,180624,218625228567,59935,246032,127,127,5,cudaLaunchKernel,12188    1    1, 256    1    1,"<unnamed>::step_kernel_boundary_y_faces(const double *, const double *, double *, const double *, const double *, int, int, int, int, int, int, int, double, double)"
218625044677,5302,218625049979,935454,218625985433,15872,956628,121,121,0,cudaLaunchKernel,6104    1    1, 256    1    1,"<unnamed>::pack_face_x(const double *, double *, int, int, int, int, int)"
218625044914,5308,218625050222,930606,218625980828,13792,949706,125,125,4,cudaLaunchKernel,6104    1    1, 256    1    1,"<unnamed>::pack_face_x(const double *, double *, int, int, int, int, int)"
218625045222,4056,218625049278,131834,218625181112,62656,198546,122,122,1,cudaLaunchKernel,12208    1    1, 256    1    1,"<unnamed>::step_kernel_boundary_x_faces(const double *, const double *, double *, const double *, const double *, int, int, int, int, int, int, int, double, double)"
218625045587,5071,218625050658,4720,218625055378,10047,19838,124,124,3,cudaLaunchKernel,6104    1    1, 256    1    1,"<unnamed>::unpack_face_y(const double *, double *, int, int, int, int, int)"
218625048517,4665,218625053182,236984,218625290166,728440,970089,127,127,5,cudaLaunchKernel,12168    1    1, 256    1    1,"<unnamed>::step_kernel_boundary_z_faces(const double *, const double *, double *, const double *, const double *, int, int, int, int, int, int, int, double, double)"
218625049757,3450,218625053207,192129,218625245336,60095,255674,122,122,1,cudaLaunchKernel,12188    1    1, 256    1    1,"<unnamed>::step_kernel_boundary_y_faces(const double *, const double *, double *, const double *, const double *, int, int, int, int, int, int, int, double, double)"
218625050451,5013,218625055464,28928145,218653983609,10496,28943654,121,121,0,cudaLaunchKernel,6104    1    1, 256    1    1,"<unnamed>::pack_face_y(const double *, double *, int, int, int, int, int)"
218625051033,5240,218625056273,28869038,218653925311,10592,28884870,125,125,4,cudaLaunchKernel,6104    1    1, 256    1    1,"<unnamed>::pack_face_y(const double *, double *, int, int, int, int, int)"
218625051100,5244,218625056344,10297,218625066641,122207,137748,124,124,3,cudaLaunchKernel,6104    1    1, 256    1    1,"<unnamed>::unpack_face_z(const double *, double *, int, int, int, int, int)"
218625053349,6015,218625059364,4186,218625063550,10208,20409,137,137,7,cudaLaunchKernel,6104    1    1, 256    1    1,"<unnamed>::unpack_face_y(const double *, double *, int, int, int, int, int)"
218625053681,2757,218625056438,250465,218625306903,710173,963395,122,122,1,cudaLaunchKernel,12168    1    1, 256    1    1,"<unnamed>::step_kernel_boundary_z_faces(const double *, const double *, double *, const double *, const double *, int, int, int, int, int, int, int, double, double)"
218625055850,4715,218625060565,28934948,218653995513,61920,29001583,121,121,0,cudaLaunchKernel,6104    1    1, 256    1    1,"<unnamed>::pack_face_z(const double *, double *, int, int, int, int, int)"
218625056741,5710,218625062451,28874796,218653937247,61887,28942393,125,125,4,cudaLaunchKernel,6104    1    1, 256    1    1,"<unnamed>::pack_face_z(const double *, double *, int, int, int, int, int)"
218625057261,5189,218625062450,128030,218625190480,61536,194755,124,124,3,cudaLaunchKernel,12208    1    1, 256    1    1,"<unnamed>::step_kernel_boundary_x_faces(const double *, const double *, double *, const double *, const double *, int, int, int, int, int, int, int, double, double)"
218625059895,4981,218625064876,10066,218625074942,120959,136006,137,137,7,cudaLaunchKernel,6104    1    1, 256    1    1,"<unnamed>::unpack_face_z(const double *, double *, int, int, int, int, int)"
218625060596,5288,218625065884,954098,218626019982,14528,973914,127,127,5,cudaLaunchKernel,6104    1    1, 256    1    1,"<unnamed>::pack_face_x(const double *, double *, int, int, int, int, int)"
218625061118,5293,218625066411,926574,218625992985,27996256,28928123,121,121,0,cudaLaunchKernel,  39  312  312,  32    4    4,"<unnamed>::step_kernel_interior(const double *, const double *, double *, const double *, const double *, int, int, int, int, int, int, int, double, double)"
218625062047,4478,218625066525,28928578,218653995103,10496,28943552,122,122,1,cudaLaunchKernel,6104    1    1, 256    1    1,"<unnamed>::pack_face_x(const double *, double *, int, int, int, int, int)"
218625062907,5439,218625068346,185206,218625253552,61023,251668,124,124,3,cudaLaunchKernel,12188    1    1, 256    1    1,"<unnamed>::step_kernel_boundary_y_faces(const double *, const double *, double *, const double *, const double *, int, int, int, int, int, int, int, double, double)"
218625063253,6661,218625069914,918754,218625988668,27942787,28868202,125,125,4,cudaLaunchKernel,  39  312  312,  32    4    4,"<unnamed>::step_kernel_interior(const double *, const double *, double *, const double *, const double *, int, int, int, int, int, int, int, double, double)"
218625065855,5476,218625071331,126330,218625197661,62815,194621,137,137,7,cudaLaunchKernel,12208    1    1, 256    1    1,"<unnamed>::step_kernel_boundary_x_faces(const double *, const double *, double *, const double *, const double *, int, int, int, int, int, int, int, double, double)"
218625066334,4663,218625070997,28934136,218654005133,10528,28949327,127,127,5,cudaLaunchKernel,6104    1    1, 256    1    1,"<unnamed>::pack_face_y(const double *, double *, int, int, int, int, int)"
218625066969,3411,218625070380,28936691,218654007071,10784,28950886,122,122,1,cudaLaunchKernel,6104    1    1, 256    1    1,"<unnamed>::pack_face_y(const double *, double *, int, int, int, int, int)"
218625068957,4998,218625073955,241900,218625315855,726651,973549,124,124,3,cudaLaunchKernel,12168    1    1, 256    1    1,"<unnamed>::step_kernel_boundary_z_faces(const double *, const double *, double *, const double *, const double *, int, int, int, int, int, int, int, double, double)"
218625070774,3663,218625074437,28944602,218654019039,62816,29011081,122,122,1,cudaLaunchKernel,6104    1    1, 256    1    1,"<unnamed>::pack_face_z(const double *, double *, int, int, int, int, int)"
218625071431,5194,218625076625,28940636,218654017261,61791,29007621,127,127,5,cudaLaunchKernel,6104    1    1, 256    1    1,"<unnamed>::pack_face_z(const double *, double *, int, int, int, int, int)"
218625071723,5852,218625077575,184405,218625261980,59839,250096,137,137,7,cudaLaunchKernel,12188    1    1, 256    1    1,"<unnamed>::step_kernel_boundary_y_faces(const double *, const double *, double *, const double *, const double *, int, int, int, int, int, int, int, double, double)"
218625075059,9891,218625084950,933566,218626018516,27982507,28925964,122,122,1,cudaLaunchKernel,  39  312  312,  32    4    4,"<unnamed>::step_kernel_interior(const double *, const double *, double *, const double *, const double *, int, int, int, int, int, int, int, double, double)"
218625077155,8896,218625086051,941547,218626027598,27983455,28933898,127,127,5,cudaLaunchKernel,  39  312  312,  32    4    4,"<unnamed>::step_kernel_interior(const double *, const double *, double *, const double *, const double *, int, int, int, int, int, int, int, double, double)"
218625081962,6881,218625088843,234608,218625323451,726233,967722,137,137,7,cudaLaunchKernel,12168    1    1, 256    1    1,"<unnamed>::step_kernel_boundary_z_faces(const double *, const double *, double *, const double *, const double *, int, int, int, int, int, int, int, double, double)"
218625082376,8524,218625090900,1011,218625091911,8448,17983,132,132,6,cudaLaunchKernel,6104    1    1, 256    1    1,"<unnamed>::unpack_face_x(const double *, double *, int, int, int, int, int)"
218625085035,7363,218625092398,951516,218626043914,13983,972862,124,124,3,cudaLaunchKernel,6104    1    1, 256    1    1,"<unnamed>::pack_face_x(const double *, double *, int, int, int, int, int)"
218625085631,8784,218625094415,972,218625095387,8160,17916,123,123,2,cudaLaunchKernel,6104    1    1, 256    1    1,"<unnamed>::unpack_face_x(const double *, double *, int, int, int, int, int)"
218625091515,3990,218625095505,5974,218625101479,10144,20108,132,132,6,cudaLaunchKernel,6104    1    1, 256    1    1,"<unnamed>::unpack_face_y(const double *, double *, int, int, int, int, int)"
218625092895,4569,218625097464,28954543,218654052007,10720,28969832,124,124,3,cudaLaunchKernel,6104    1    1, 256    1    1,"<unnamed>::pack_face_y(const double *, double *, int, int, int, int, int)"
218625095027,3830,218625098857,5906,218625104763,10112,19848,123,123,2,cudaLaunchKernel,6104    1    1, 256    1    1,"<unnamed>::unpack_face_y(const double *, double *, int, int, int, int, int)"
218625096041,4056,218625100097,13030,218625113127,122367,139453,132,132,6,cudaLaunchKernel,6104    1    1, 256    1    1,"<unnamed>::unpack_face_z(const double *, double *, int, int, int, int, int)"
218625096512,24889,218625121401,28935807,218654057208,10208,28970904,137,137,7,cudaLaunchKernel,6104    1    1, 256    1    1,"<unnamed>::pack_face_x(const double *, double *, int, int, int, int, int)"
218625097908,10554,218625108462,28955545,218654064007,61695,29027794,124,124,3,cudaLaunchKernel,6104    1    1, 256    1    1,"<unnamed>::pack_face_z(const double *, double *, int, int, int, int, int)"
218625099338,3358,218625102696,13619,218625116315,121214,138191,123,123,2,cudaLaunchKernel,6104    1    1, 256    1    1,"<unnamed>::unpack_face_z(const double *, double *, int, int, int, int, int)"
218625101093,10479,218625111572,125426,218625236998,62239,198144,132,132,6,cudaLaunchKernel,12208    1    1, 256    1    1,"<unnamed>::step_kernel_boundary_x_faces(const double *, const double *, double *, const double *, const double *, int, int, int, int, int, int, int, double, double)"
218625107699,6468,218625114167,125282,218625239449,62592,194342,123,123,2,cudaLaunchKernel,12208    1    1, 256    1    1,"<unnamed>::step_kernel_boundary_x_faces(const double *, const double *, double *, const double *, const double *, int, int, int, int, int, int, int, double, double)"
218625109670,5829,218625115499,936159,218626051658,28006685,28948673,124,124,3,cudaLaunchKernel,  39  312  312,  32    4    4,"<unnamed>::step_kernel_interior(const double *, const double *, double *, const double *, const double *, int, int, int, int, int, int, int, double, double)"
218625112554,4496,218625117050,184043,218625301093,60000,248539,132,132,6,cudaLaunchKernel,12188    1    1, 256    1    1,"<unnamed>::step_kernel_boundary_y_faces(const double *, const double *, double *, const double *, const double *, int, int, int, int, int, int, int, double, double)"
218625114547,3006,218625117553,185992,218625303545,60095,249093,123,123,2,cudaLaunchKernel,12188    1    1, 256    1    1,"<unnamed>::step_kernel_boundary_y_faces(const double *, const double *, double *, const double *, const double *, int, int, int, int, int, int, int, double, double)"
218625117755,4118,218625121873,240916,218625362789,726136,971170,132,132,6,cudaLaunchKernel,12168    1    1, 256    1    1,"<unnamed>::step_kernel_boundary_z_faces(const double *, const double *, double *, const double *, const double *, int, int, int, int, int, int, int, double, double)"
218625117942,3660,218625121602,243702,218625365304,728184,975546,123,123,2,cudaLaunchKernel,12168    1    1, 256    1    1,"<unnamed>::step_kernel_boundary_z_faces(const double *, const double *, double *, const double *, const double *, int, int, int, int, int, int, int, double, double)"
218625122306,6418,218625128724,28940100,218654068824,11008,28957526,137,137,7,cudaLaunchKernel,6104    1    1, 256    1    1,"<unnamed>::pack_face_y(const double *, double *, int, int, int, int, int)"
218625128549,3980,218625132529,28957410,218654089939,10048,28971438,123,123,2,cudaLaunchKernel,6104    1    1, 256    1    1,"<unnamed>::pack_face_x(const double *, double *, int, int, int, int, int)"
218625129135,6151,218625135286,28945666,218654080952,62144,29013961,137,137,7,cudaLaunchKernel,6104    1    1, 256    1    1,"<unnamed>::pack_face_z(const double *, double *, int, int, int, int, int)"
218625130035,3928,218625133963,28956181,218654090144,10304,28970413,132,132,6,cudaLaunchKernel,6104    1    1, 256    1    1,"<unnamed>::pack_face_x(const double *, double *, int, int, int, int, int)"
218625133024,3447,218625136471,28965116,218654101587,10336,28978899,123,123,2,cudaLaunchKernel,6104    1    1, 256    1    1,"<unnamed>::pack_face_y(const double *, double *, int, int, int, int, int)"
218625134398,3990,218625138388,28963372,218654101760,10304,28977666,132,132,6,cudaLaunchKernel,6104    1    1, 256    1    1,"<unnamed>::pack_face_y(const double *, double *, int, int, int, int, int)"
218625136115,10580,218625146695,904557,218626051252,28013604,28928741,137,137,7,cudaLaunchKernel,  39  312  312,  32    4    4,"<unnamed>::step_kernel_interior(const double *, const double *, double *, const double *, const double *, int, int, int, int, int, int, int, double, double)"
218625136893,3542,218625140435,28972576,218654113011,63359,29039477,123,123,2,cudaLaunchKernel,6104    1    1, 256    1    1,"<unnamed>::pack_face_z(const double *, double *, int, int, int, int, int)"
218625138823,8716,218625147539,28965549,218654113088,63199,29037464,132,132,6,cudaLaunchKernel,6104    1    1, 256    1    1,"<unnamed>::pack_face_z(const double *, double *, int, int, int, int, int)"
218625141087,10624,218625151711,943313,218626095024,28001603,28955540,123,123,2,cudaLaunchKernel,  39  312  312,  32    4    4,"<unnamed>::step_kernel_interior(const double *, const double *, double *, const double *, const double *, int, int, int, int, int, int, int, double, double)"
218625148843,6790,218625155633,934732,218626090365,28006627,28948149,132,132,6,cudaLaunchKernel,  39  312  312,  32    4    4,"<unnamed>::step_kernel_interior(const double *, const double *, double *, const double *, const double *, int, int, int, int, int, int, int, double, double)"
218654366286,13940,,,218654379420,8480,21614,125,125,4,cudaLaunchKernel,6104    1    1, 256    1    1,"<unnamed>::unpack_face_x(const double *, double *, int, int, int, int, int)"
218654366409,13873,218654380282,157,218654380439,8096,22126,121,121,0,cudaLaunchKernel,6104    1    1, 256    1    1,"<unnamed>::unpack_face_x(const double *, double *, int, int, int, int, int)"
218654381177,5394,218654386571,3852,218654390423,9824,19070,121,121,0,cudaLaunchKernel,6104    1    1, 256    1    1,"<unnamed>::unpack_face_y(const double *, double *, int, int, int, int, int)"
218654381265,4910,218654386175,2973,218654389148,10368,18251,125,125,4,cudaLaunchKernel,6104    1    1, 256    1    1,"<unnamed>::unpack_face_y(const double *, double *, int, int, int, int, int)"
218654386632,5661,218654392293,8375,218654400668,121792,135828,125,125,4,cudaLaunchKernel,6104    1    1, 256    1    1,"<unnamed>::unpack_face_z(const double *, double *, int, int, int, int, int)"
218654386960,5454,218654392414,8985,218654401399,121055,135494,121,121,0,cudaLaunchKernel,6104    1    1, 256    1    1,"<unnamed>::unpack_face_z(const double *, double *, int, int, int, int, int)"
218654393645,4893,218654398538,125810,218654524348,62687,193390,125,125,4,cudaLaunchKernel,12208    1    1, 256    1    1,"<unnamed>::step_kernel_boundary_x_faces(const double *, const double *, double *, const double *, const double *, int, int, int, int, int, int, int, double, double)"
218654393688,5372,218654399060,125122,218654524182,62240,192734,121,121,0,cudaLaunchKernel,12208    1    1, 256    1    1,"<unnamed>::step_kernel_boundary_x_faces(const double *, const double *, double *, const double *, const double *, int, int, int, int, int, int, int, double, double)"
218654398965,10833,218654409798,178613,218654588411,60384,249830,125,125,4,cudaLaunchKernel,12188    1    1, 256    1    1,"<unnamed>::step_kernel_boundary_y_faces(const double *, const double *, double *, const double *, const double *, int, int, int, int, int, int, int, double, double)"
218654399456,9390,218654408846,179144,218654587990,61471,250005,121,121,0,cudaLaunchKernel,12188    1    1, 256    1    1,"<unnamed>::step_kernel_boundary_y_faces(const double *, const double *, double *, const double *, const double *, int, int, int, int, int, int, int, double, double)"
218654409883,11063,218654420946,229827,218654650773,723740,964630,121,121,0,cudaLaunchKernel,12168    1    1, 256    1    1,"<unnamed>::step_kernel_boundary_z_faces(const double *, const double *, double *, const double *, const double *, int, int, int, int, int, int, int, double, double)"
218654410672,11281,218654421953,228282,218654650235,719772,959335,125,125,4,cudaLaunchKernel,12168    1    1, 256    1    1,"<unnamed>::step_kernel_boundary_z_faces(const double *, const double *, double *, const double *, const double *, int, int, int, int, int, int, int, double, double)"
218654420105,8968,218654429073,824,218654429897,8096,17888,127,127,5,cudaLaunchKernel,6104    1    1, 256    1    1,"<unnamed>::unpack_face_x(const double *, double *, int, int, int, int, int)"
218654428512,11762,218654440274,125,218654440399,8288,20175,123,123,2,cudaLaunchKernel,6104    1    1, 256    1    1,"<unnamed>::unpack_face_x(const double *, double *, int, int, int, int, int)"
218654429480,11294,218654440774,1571,218654442345,10080,22945,127,127,5,cudaLaunchKernel,6104    1    1, 256    1    1,"<unnamed>::unpack_face_y(const double *, double *, int, int, int, int, int)"
218654435907,7765,218654443672,1029,218654444701,8224,17018,122,122,1,cudaLaunchKernel,6104    1    1, 256    1    1,"<unnamed>::unpack_face_x(const double *, double *, int, int, int, int, int)"
218654441222,3228,218654444450,5453,218654449903,9952,18633,123,123,2,cudaLaunchKernel,6104    1    1, 256    1    1,"<unnamed>::unpack_face_y(const double *, double *, int, int, int, int, int)"
218654441706,5910,218654447616,6281,218654453897,121790,133981,127,127,5,cudaLaunchKernel,6104    1    1, 256    1    1,"<unnamed>::unpack_face_z(const double *, double *, int, int, int, int, int)"
218654444070,3793,218654447863,6182,218654454045,10560,20535,122,122,1,cudaLaunchKernel,6104    1    1, 256    1    1,"<unnamed>::unpack_face_y(const double *, double *, int, int, int, int, int)"
218654444889,4168,218654449057,12238,218654461295,120863,137269,123,123,2,cudaLaunchKernel,6104    1    1, 256    1    1,"<unnamed>::unpack_face_z(const double *, double *, int, int, int, int, int)"
218654448265,3690,218654451955,13898,218654465853,122303,139891,122,122,1,cudaLaunchKernel,6104    1    1, 256    1    1,"<unnamed>::unpack_face_z(const double *, double *, int, int, int, int, int)"
218654448479,3894,218654452373,124818,218654577191,61664,190376,127,127,5,cudaLaunchKernel,12208    1    1, 256    1    1,"<unnamed>::step_kernel_boundary_x_faces(const double *, const double *, double *, const double *, const double *, int, int, int, int, int, int, int, double, double)"
218654449842,3389,218654453231,131294,218654584525,62336,197019,123,123,2,cudaLaunchKernel,12208    1    1, 256    1    1,"<unnamed>::step_kernel_boundary_x_faces(const double *, const double *, double *, const double *, const double *, int, int, int, int, int, int, int, double, double)"
218654452729,6036,218654458765,181754,218654640519,60511,248301,127,127,5,cudaLaunchKernel,12188    1    1, 256    1    1,"<unnamed>::step_kernel_boundary_y_faces(const double *, const double *, double *, const double *, const double *, int, int, int, int, int, int, int, double, double)"
218654452741,3818,218654456559,133261,218654589820,61824,198903,122,122,1,cudaLaunchKernel,12208    1    1, 256    1    1,"<unnamed>::step_kernel_boundary_x_faces(const double *, const double *, double *, const double *, const double *, int, int, int, int, int, int, int, double, double)"
218654453591,3785,218654457376,190893,218654648269,60223,254901,123,123,2,cudaLaunchKernel,12188    1    1, 256    1    1,"<unnamed>::step_kernel_boundary_y_faces(const double *, const double *, double *, const double *, const double *, int, int, int, int, int, int, int, double, double)"
218654454048,7866,218654461914,1033,218654462947,8160,17059,124,124,3,cudaLaunchKernel,6104    1    1, 256    1    1,"<unnamed>::unpack_face_x(const double *, double *, int, int, int, int, int)"
218654456912,3628,218654460540,192672,218654653212,61120,257420,122,122,1,cudaLaunchKernel,12188    1    1, 256    1    1,"<unnamed>::step_kernel_boundary_y_faces(const double *, const double *, double *, const double *, const double *, int, int, int, int, int, int, int, double, double)"
218654457787,3647,218654461434,248722,218654710156,717592,969961,123,123,2,cudaLaunchKernel,12168    1    1, 256    1    1,"<unnamed>::step_kernel_boundary_z_faces(const double *, const double *, double *, const double *, const double *, int, int, int, int, int, int, int, double, double)"
218654459165,4386,218654463551,238951,218654702502,729784,973121,127,127,5,cudaLaunchKernel,12168    1    1, 256    1    1,"<unnamed>::step_kernel_boundary_z_faces(const double *, const double *, double *, const double *, const double *, int, int, int, int, int, int, int, double, double)"
218654460964,3196,218654464160,251676,218654715836,717309,972181,122,122,1,cudaLaunchKernel,12168    1    1, 256    1    1,"<unnamed>::step_kernel_boundary_z_faces(const double *, const double *, double *, const double *, const double *, int, int, int, int, int, int, int, double, double)"
218654462405,4798,218654467203,5088,218654472291,9856,19742,124,124,3,cudaLaunchKernel,6104    1    1, 256    1    1,"<unnamed>::unpack_face_y(const double *, double *, int, int, int, int, int)"
218654467661,4856,218654472517,10814,218654483331,121375,137045,124,124,3,cudaLaunchKernel,6104    1    1, 256    1    1,"<unnamed>::unpack_face_z(const double *, double *, int, int, int, int, int)"
218654473208,4171,218654477379,128767,218654606146,62272,195210,124,124,3,cudaLaunchKernel,12208    1    1, 256    1    1,"<unnamed>::step_kernel_boundary_x_faces(const double *, const double *, double *, const double *, const double *, int, int, int, int, int, int, int, double, double)"
218654477275,8528,218654485803,1641,218654487444,8128,18297,137,137,7,cudaLaunchKernel,6104    1    1, 256    1    1,"<unnamed>::unpack_face_x(const double *, double *, int, int, int, int, int)"
218654477765,6322,218654484087,185707,218654669794,61695,253724,124,124,3,cudaLaunchKernel,12188    1    1, 256    1    1,"<unnamed>::step_kernel_boundary_y_faces(const double *, const double *, double *, const double *, const double *, int, int, int, int, int, int, int, double, double)"
218654478869,7173,218654486042,1186,218654487228,7936,16295,132,132,6,cudaLaunchKernel,6104    1    1, 256    1    1,"<unnamed>::unpack_face_x(const double *, double *, int, int, int, int, int)"
218654484545,4601,218654489146,243655,218654732801,719802,968058,124,124,3,cudaLaunchKernel,12168    1    1, 256    1    1,"<unnamed>::step_kernel_boundary_z_faces(const double *, const double *, double *, const double *, const double *, int, int, int, int, int, int, int, double, double)"
218654486255,5211,218654491466,5546,218654497012,10240,20997,137,137,7,cudaLaunchKernel,6104    1    1, 256    1    1,"<unnamed>::unpack_face_y(const double *, double *, int, int, int, int, int)"
218654486489,3552,218654490041,6275,218654496316,10016,19843,132,132,6,cudaLaunchKernel,6104    1    1, 256    1    1,"<unnamed>::unpack_face_y(const double *, double *, int, int, int, int, int)"
218654490459,3998,218654494457,13059,218654507516,122495,139552,132,132,6,cudaLaunchKernel,6104    1    1, 256    1    1,"<unnamed>::unpack_face_z(const double *, double *, int, int, int, int, int)"
218654491884,5280,218654497164,11560,218654508724,121727,138567,137,137,7,cudaLaunchKernel,6104    1    1, 256    1    1,"<unnamed>::unpack_face_z(const double *, double *, int, int, int, int, int)"
218654495280,3589,218654498869,132582,218654631451,62047,198218,132,132,6,cudaLaunchKernel,12208    1    1, 256    1    1,"<unnamed>::step_kernel_boundary_x_faces(const double *, const double *, double *, const double *, const double *, int, int, int, int, int, int, int, double, double)"
218654497984,10624,218654508608,123795,218654632403,62303,196722,137,137,7,cudaLaunchKernel,12208    1    1, 256    1    1,"<unnamed>::step_kernel_boundary_x_faces(const double *, const double *, double *, const double *, const double *, int, int, int, int, int, int, int, double, double)"
218654499243,9170,218654508413,186717,218654695130,61439,257326,132,132,6,cudaLaunchKernel,12188    1    1, 256    1    1,"<unnamed>::step_kernel_boundary_y_faces(const double *, const double *, double *, const double *, const double *, int, int, int, int, int, int, int, double, double)"
218654509285,4854,218654514139,244126,218654758265,722777,971757,132,132,6,cudaLaunchKernel,12168    1    1, 256    1    1,"<unnamed>::step_kernel_boundary_z_faces(const double *, const double *, double *, const double *, const double *, int, int, int, int, int, int, int, double, double)"
218654509507,7543,218654517050,179288,218654696338,60127,246958,137,137,7,cudaLaunchKernel,12188    1    1, 256    1    1,"<unnamed>::step_kernel_boundary_y_faces(const double *, const double *, double *, const double *, const double *, int, int, int, int, int, int, int, double, double)"
218654517555,4003,218654521558,236283,218654757841,724825,965111,137,137,7,cudaLaunchKernel,12168    1    1, 256    1    1,"<unnamed>::step_kernel_boundary_z_faces(const double *, const double *, double *, const double *, const double *, int, int, int, int, int, int, int, double, double)"
