API Start (ns),API Dur (ns),Queue Start (ns),Queue Dur (ns),Kernel Start (ns),Kernel Dur (ns),Total Dur (ns),PID,TID,DevId,API Function,GridXYZ,BlockXYZ,Kernel Name
211433994040,267355,,,211434253847,896,267355,126,126,5,cudaLaunchKernel,   1    1    1,   1    1    1,<unnamed>::warmup_kernel(double *)
211434639504,37399,211434676903,139,211434677042,8128,45666,126,126,5,cudaLaunchKernel,6104    1    1, 256    1    1,"<unnamed>::pack_face_x(const double *, double *, int, int, int, int, int)"
211434678936,29230,,,211434706226,22976,50266,126,126,5,cudaLaunchKernel,6104    1    1, 256    1    1,"<unnamed>::pack_face_y(const double *, double *, int, int, int, int, int)"
211434719783,21100,211434740883,1854,211434742737,62464,85418,126,126,5,cudaLaunchKernel,6104    1    1, 256    1    1,"<unnamed>::pack_face_z(const double *, double *, int, int, int, int, int)"
211486904925,290000,,,211487187144,896,290000,124,124,3,cudaLaunchKernel,   1    1    1,   1    1    1,<unnamed>::warmup_kernel(double *)
211487541583,35234,,,211487575140,8512,42069,124,124,3,cudaLaunchKernel,6104    1    1, 256    1    1,"<unnamed>::pack_face_x(const double *, double *, int, int, int, int, int)"
211487579081,20892,211487599973,2079,211487602052,23040,46011,124,124,3,cudaLaunchKernel,6104    1    1, 256    1    1,"<unnamed>::pack_face_y(const double *, double *, int, int, int, int, int)"
211487601536,23435,211487624971,7385,211487632356,63071,93891,124,124,3,cudaLaunchKernel,6104    1    1, 256    1    1,"<unnamed>::pack_face_z(const double *, double *, int, int, int, int, int)"
211653818465,247869,,,211654064145,992,247869,122,122,1,cudaLaunchKernel,   1    1    1,   1    1    1,<unnamed>::warmup_kernel(double *)
211654378902,38475,,,211654414831,8672,44601,122,122,1,cudaLaunchKernel,6104    1    1, 256    1    1,"<unnamed>::pack_face_x(const double *, double *, int, int, int, int, int)"
211654419530,28431,,,211654445839,23232,49541,122,122,1,cudaLaunchKernel,6104    1    1, 256    1    1,"<unnamed>::pack_face_y(const double *, double *, int, int, int, int, int)"
211654450432,26387,,,211654475695,62368,87631,122,122,1,cudaLaunchKernel,6104    1    1, 256    1    1,"<unnamed>::pack_face_z(const double *, double *, int, int, int, int, int)"
212901444440,258354,,,212901694099,896,258354,134,134,7,cudaLaunchKernel,   1    1    1,   1    1    1,<unnamed>::warmup_kernel(double *)
212902021882,32729,212902054611,252,212902054863,8160,41141,134,134,7,cudaLaunchKernel,6104    1    1, 256    1    1,"<unnamed>::pack_face_x(const double *, double *, int, int, int, int, int)"
212902056336,24646,212902080982,1880,212902082862,22688,49214,134,134,7,cudaLaunchKernel,6104    1    1, 256    1    1,"<unnamed>::pack_face_y(const double *, double *, int, int, int, int, int)"
212902083478,43027,212902126505,485,212902126990,62431,105943,134,134,7,cudaLaunchKernel,6104    1    1, 256    1    1,"<unnamed>::pack_face_z(const double *, double *, int, int, int, int, int)"
213091741295,257252,,,213091984544,864,257252,125,125,4,cudaLaunchKernel,   1    1    1,   1    1    1,<unnamed>::warmup_kernel(double *)
213092306745,39886,213092346631,342,213092346973,8128,48356,125,125,4,cudaLaunchKernel,6104    1    1, 256    1    1,"<unnamed>::pack_face_x(const double *, double *, int, int, int, int, int)"
213092348831,37965,213092386796,81,213092386877,22080,60126,125,125,4,cudaLaunchKernel,6104    1    1, 256    1    1,"<unnamed>::pack_face_y(const double *, double *, int, int, int, int, int)"
213092389472,35497,213092424969,1011,213092425980,62304,98812,125,125,4,cudaLaunchKernel,6104    1    1, 256    1    1,"<unnamed>::pack_face_z(const double *, double *, int, int, int, int, int)"
213097482756,97791,213097580547,579182,213098159729,8384,685357,126,126,5,cudaLaunchKernel,6104    1    1, 256    1    1,"<unnamed>::unpack_face_x(const double *, double *, int, int, int, int, int)"
213097584672,37834,213097622506,555271,213098177777,10560,603665,126,126,5,cudaLaunchKernel,6104    1    1, 256    1    1,"<unnamed>::unpack_face_y(const double *, double *, int, int, int, int, int)"
213097628716,25465,213097654181,541804,213098195985,121982,689251,126,126,5,cudaLaunchKernel,6104    1    1, 256    1    1,"<unnamed>::unpack_face_z(const double *, double *, int, int, int, int, int)"
213098730492,35562,,,213098761578,1440,35562,126,126,5,cudaLaunchKernel,   1    2    2,  32    4    4,"<unnamed>::step_kernel_interior(const double *, const double *, double *, const double *, const double *, int, int, int, int, int, int, int, double, double)"
213098769507,33764,,,213098802857,1408,34758,126,126,5,cudaLaunchKernel,   1    1    1, 256    1    1,"<unnamed>::step_kernel_boundary_x_faces(const double *, const double *, double *, const double *, const double *, int, int, int, int, int, int, int, double, double)"
213098805695,43306,213098849001,1024,213098850025,1440,45770,126,126,5,cudaLaunchKernel,   1    1    1, 256    1    1,"<unnamed>::step_kernel_boundary_y_faces(const double *, const double *, double *, const double *, const double *, int, int, int, int, int, int, int, double, double)"
213098850997,22307,213098873304,593,213098873897,1408,24308,126,126,5,cudaLaunchKernel,   1    1    1, 256    1    1,"<unnamed>::step_kernel_boundary_z_faces(const double *, const double *, double *, const double *, const double *, int, int, int, int, int, int, int, double, double)"
213098884267,4765,213098889032,1472,213098890504,1408,7645,126,126,5,cudaLaunchKernel,   1    2    2,  32    4    4,"<unnamed>::step_kernel_interior(const double *, const double *, double *, const double *, const double *, int, int, int, int, int, int, int, double, double)"
213098889565,6122,213098895687,1409,213098897096,1376,8907,126,126,5,cudaLaunchKernel,   1    1    1, 256    1    1,"<unnamed>::step_kernel_boundary_x_faces(const double *, const double *, double *, const double *, const double *, int, int, int, int, int, int, int, double, double)"
213098896264,4843,213098901107,2645,213098903752,1376,8864,126,126,5,cudaLaunchKernel,   1    1    1, 256    1    1,"<unnamed>::step_kernel_boundary_y_faces(const double *, const double *, double *, const double *, const double *, int, int, int, int, int, int, int, double, double)"
213098901662,4785,213098906447,1625,213098908072,1376,7786,126,126,5,cudaLaunchKernel,   1    1    1, 256    1    1,"<unnamed>::step_kernel_boundary_z_faces(const double *, const double *, double *, const double *, const double *, int, int, int, int, int, int, int, double, double)"
213181096465,224288,,,213181317819,896,224288,123,123,2,cudaLaunchKernel,   1    1    1,   1    1    1,<unnamed>::warmup_kernel(double *)
213181602063,36092,213181638155,76,213181638231,8192,44360,123,123,2,cudaLaunchKernel,6104    1    1, 256    1    1,"<unnamed>::pack_face_x(const double *, double *, int, int, int, int, int)"
213181640175,28188,,,213181666615,23167,49607,123,123,2,cudaLaunchKernel,6104    1    1, 256    1    1,"<unnamed>::pack_face_y(const double *, double *, int, int, int, int, int)"
213181670768,34104,213181704872,590,213181705462,62847,97541,123,123,2,cudaLaunchKernel,6104    1    1, 256    1    1,"<unnamed>::pack_face_z(const double *, double *, int, int, int, int, int)"
213185974860,93981,213186068841,581667,213186650508,8384,684032,124,124,3,cudaLaunchKernel,6104    1    1, 256    1    1,"<unnamed>::unpack_face_x(const double *, double *, int, int, int, int, int)"
213186071570,39656,213186111226,557073,213186668299,10912,607641,124,124,3,cudaLaunchKernel,6104    1    1, 256    1    1,"<unnamed>::unpack_face_y(const double *, double *, int, int, int, int, int)"
213186113447,29563,213186143010,543881,213186686891,122143,695587,124,124,3,cudaLaunchKernel,6104    1    1, 256    1    1,"<unnamed>::unpack_face_z(const double *, double *, int, int, int, int, int)"
213187240716,38640,,,213187276422,1440,38640,124,124,3,cudaLaunchKernel,   1    2    2,  32    4    4,"<unnamed>::step_kernel_interior(const double *, const double *, double *, const double *, const double *, int, int, int, int, int, int, int, double, double)"
213187282170,33254,213187315424,805,213187316229,1408,35467,124,124,3,cudaLaunchKernel,   1    1    1, 256    1    1,"<unnamed>::step_kernel_boundary_x_faces(const double *, const double *, double *, const double *, const double *, int, int, int, int, int, int, int, double, double)"
213187317949,31552,,,213187348997,1440,32488,124,124,3,cudaLaunchKernel,   1    1    1, 256    1    1,"<unnamed>::step_kernel_boundary_y_faces(const double *, const double *, double *, const double *, const double *, int, int, int, int, int, int, int, double, double)"
213187351310,42248,213187393558,335,213187393893,1408,43991,124,124,3,cudaLaunchKernel,   1    1    1, 256    1    1,"<unnamed>::step_kernel_boundary_z_faces(const double *, const double *, double *, const double *, const double *, int, int, int, int, int, int, int, double, double)"
213187404805,29381,213187434186,250,213187434436,1376,31007,124,124,3,cudaLaunchKernel,   1    2    2,  32    4    4,"<unnamed>::step_kernel_interior(const double *, const double *, double *, const double *, const double *, int, int, int, int, int, int, int, double, double)"
213187435295,5870,213187441165,1239,213187442404,1344,8453,124,124,3,cudaLaunchKernel,   1    1    1, 256    1    1,"<unnamed>::step_kernel_boundary_x_faces(const double *, const double *, double *, const double *, const double *, int, int, int, int, int, int, int, double, double)"
213187441826,3994,213187445820,2440,213187448260,1472,7906,124,124,3,cudaLaunchKernel,   1    1    1, 256    1    1,"<unnamed>::step_kernel_boundary_y_faces(const double *, const double *, double *, const double *, const double *, int, int, int, int, int, int, int, double, double)"
213187446263,4108,213187450371,1601,213187451972,1376,7085,124,124,3,cudaLaunchKernel,   1    1    1, 256    1    1,"<unnamed>::step_kernel_boundary_z_faces(const double *, const double *, double *, const double *, const double *, int, int, int, int, int, int, int, double, double)"
213255516732,246155,,,213255758971,864,246155,133,133,6,cudaLaunchKernel,   1    1    1,   1    1    1,<unnamed>::warmup_kernel(double *)
213256051525,27763,213256079288,447,213256079735,8128,36338,133,133,6,cudaLaunchKernel,6104    1    1, 256    1    1,"<unnamed>::pack_face_x(const double *, double *, int, int, int, int, int)"
213256081391,28568,213256109959,912,213256110871,23552,53032,133,133,6,cudaLaunchKernel,6104    1    1, 256    1    1,"<unnamed>::pack_face_y(const double *, double *, int, int, int, int, int)"
213256112019,26231,213256138250,2284,213256140534,62048,90563,133,133,6,cudaLaunchKernel,6104    1    1, 256    1    1,"<unnamed>::pack_face_z(const double *, double *, int, int, int, int, int)"
213260649803,127163,213260776966,551791,213261328757,8192,687146,134,134,7,cudaLaunchKernel,6104    1    1, 256    1    1,"<unnamed>::unpack_face_x(const double *, double *, int, int, int, int, int)"
213260783183,36179,213260819362,527155,213261346517,10431,573765,134,134,7,cudaLaunchKernel,6104    1    1, 256    1    1,"<unnamed>::unpack_face_y(const double *, double *, int, int, int, int, int)"
213260822569,28327,213260850896,514084,213261364980,122751,665162,134,134,7,cudaLaunchKernel,6104    1    1, 256    1    1,"<unnamed>::unpack_face_z(const double *, double *, int, int, int, int, int)"
213261934157,31910,213261966067,26,213261966093,1472,33408,134,134,7,cudaLaunchKernel,   1    2    2,  32    4    4,"<unnamed>::step_kernel_interior(const double *, const double *, double *, const double *, const double *, int, int, int, int, int, int, int, double, double)"
213261973389,33316,213262006705,1627,213262008332,1408,36351,134,134,7,cudaLaunchKernel,   1    1    1, 256    1    1,"<unnamed>::step_kernel_boundary_x_faces(const double *, const double *, double *, const double *, const double *, int, int, int, int, int, int, int, double, double)"
213262009017,26309,213262035326,270,213262035596,1440,28019,134,134,7,cudaLaunchKernel,   1    1    1, 256    1    1,"<unnamed>::step_kernel_boundary_y_faces(const double *, const double *, double *, const double *, const double *, int, int, int, int, int, int, int, double, double)"
213262037383,33810,213262071193,307,213262071500,1408,35525,134,134,7,cudaLaunchKernel,   1    1    1, 256    1    1,"<unnamed>::step_kernel_boundary_z_faces(const double *, const double *, double *, const double *, const double *, int, int, int, int, int, int, int, double, double)"
213262091371,5751,213262097122,1225,213262098347,1408,8384,134,134,7,cudaLaunchKernel,   1    2    2,  32    4    4,"<unnamed>::step_kernel_interior(const double *, const double *, double *, const double *, const double *, int, int, int, int, int, int, int, double, double)"
213262097806,11172,213262108978,25,213262109003,1376,12573,134,134,7,cudaLaunchKernel,   1    1    1, 256    1    1,"<unnamed>::step_kernel_boundary_x_faces(const double *, const double *, double *, const double *, const double *, int, int, int, int, int, int, int, double, double)"
213262113301,11902,,,213262124491,1376,12566,134,134,7,cudaLaunchKernel,   1    1    1, 256    1    1,"<unnamed>::step_kernel_boundary_y_faces(const double *, const double *, double *, const double *, const double *, int, int, int, int, int, int, int, double, double)"
213262126052,10684,213262136736,267,213262137003,1472,12423,134,134,7,cudaLaunchKernel,   1    1    1, 256    1    1,"<unnamed>::step_kernel_boundary_z_faces(const double *, const double *, double *, const double *, const double *, int, int, int, int, int, int, int, double, double)"
213267715224,82584,213267797808,607320,213268405128,8416,698320,133,133,6,cudaLaunchKernel,6104    1    1, 256    1    1,"<unnamed>::unpack_face_x(const double *, double *, int, int, int, int, int)"
213267801491,29450,213267830941,591691,213268422632,10368,631509,133,133,6,cudaLaunchKernel,6104    1    1, 256    1    1,"<unnamed>::unpack_face_y(const double *, double *, int, int, int, int, int)"
213267833674,32596,213267866270,574762,213268441032,122334,729692,133,133,6,cudaLaunchKernel,6104    1    1, 256    1    1,"<unnamed>::unpack_face_z(const double *, double *, int, int, int, int, int)"
213268996116,29352,213269025468,325,213269025793,1440,31117,133,133,6,cudaLaunchKernel,   1    2    2,  32    4    4,"<unnamed>::step_kernel_interior(const double *, const double *, double *, const double *, const double *, int, int, int, int, int, int, int, double, double)"
213269032221,26353,213269058574,1651,213269060225,1408,29412,133,133,6,cudaLaunchKernel,   1    1    1, 256    1    1,"<unnamed>::step_kernel_boundary_x_faces(const double *, const double *, double *, const double *, const double *, int, int, int, int, int, int, int, double, double)"
213269060368,18374,213269078742,1642,213269080384,1440,21456,133,133,6,cudaLaunchKernel,   1    1    1, 256    1    1,"<unnamed>::step_kernel_boundary_y_faces(const double *, const double *, double *, const double *, const double *, int, int, int, int, int, int, int, double, double)"
213269084824,26685,213269111509,491,213269112000,1408,28584,133,133,6,cudaLaunchKernel,   1    1    1, 256    1    1,"<unnamed>::step_kernel_boundary_z_faces(const double *, const double *, double *, const double *, const double *, int, int, int, int, int, int, int, double, double)"
213269130373,7465,213269137838,1170,213269139008,1376,10011,133,133,6,cudaLaunchKernel,   1    2    2,  32    4    4,"<unnamed>::step_kernel_interior(const double *, const double *, double *, const double *, const double *, int, int, int, int, int, int, int, double, double)"
213269138490,13257,,,213269149120,1376,13257,133,133,6,cudaLaunchKernel,   1    1    1, 256    1    1,"<unnamed>::step_kernel_boundary_x_faces(const double *, const double *, double *, const double *, const double *, int, int, int, int, int, int, int, double, double)"
213269152877,5833,213269158710,1130,213269159840,1376,8339,133,133,6,cudaLaunchKernel,   1    1    1, 256    1    1,"<unnamed>::step_kernel_boundary_y_faces(const double *, const double *, double *, const double *, const double *, int, int, int, int, int, int, int, double, double)"
213269159219,4092,213269163311,2544,213269165855,1376,8012,133,133,6,cudaLaunchKernel,   1    1    1, 256    1    1,"<unnamed>::step_kernel_boundary_z_faces(const double *, const double *, double *, const double *, const double *, int, int, int, int, int, int, int, double, double)"
213504472508,306376,,,213504773707,896,306376,121,121,0,cudaLaunchKernel,   1    1    1,   1    1    1,<unnamed>::warmup_kernel(double *)
213505104403,38065,,,213505139336,8480,43413,121,121,0,cudaLaunchKernel,6104    1    1, 256    1    1,"<unnamed>::pack_face_x(const double *, double *, int, int, int, int, int)"
213505144589,25439,213505170028,188,213505170216,22592,48219,121,121,0,cudaLaunchKernel,6104    1    1, 256    1    1,"<unnamed>::pack_face_y(const double *, double *, int, int, int, int, int)"
213505172254,18566,213505190820,10116,213505200936,63231,91913,121,121,0,cudaLaunchKernel,6104    1    1, 256    1    1,"<unnamed>::pack_face_z(const double *, double *, int, int, int, int, int)"
213510182720,127520,213510310240,545003,213510855243,8608,681131,122,122,1,cudaLaunchKernel,6104    1    1, 256    1    1,"<unnamed>::unpack_face_x(const double *, double *, int, int, int, int, int)"
213510313120,33399,213510346519,525908,213510872427,11232,570539,122,122,1,cudaLaunchKernel,6104    1    1, 256    1    1,"<unnamed>::unpack_face_y(const double *, double *, int, int, int, int, int)"
213510349284,32034,213510381318,510661,213510891979,122143,664838,122,122,1,cudaLaunchKernel,6104    1    1, 256    1    1,"<unnamed>::unpack_face_z(const double *, double *, int, int, int, int, int)"
213511496891,33013,213511529904,855,213511530759,1664,35532,122,122,1,cudaLaunchKernel,   1    2    2,  32    4    4,"<unnamed>::step_kernel_interior(const double *, const double *, double *, const double *, const double *, int, int, int, int, int, int, int, double, double)"
213511532349,28155,,,213511557639,1600,28155,122,122,1,cudaLaunchKernel,   1    1    1, 256    1    1,"<unnamed>::step_kernel_boundary_x_faces(const double *, const double *, double *, const double *, const double *, int, int, int, int, int, int, int, double, double)"
213511562506,27016,213511589522,1045,213511590567,1664,29725,122,122,1,cudaLaunchKernel,   1    1    1, 256    1    1,"<unnamed>::step_kernel_boundary_y_faces(const double *, const double *, double *, const double *, const double *, int, int, int, int, int, int, int, double, double)"
213511591721,17157,213511608878,1529,213511610407,1696,20382,122,122,1,cudaLaunchKernel,   1    1    1, 256    1    1,"<unnamed>::step_kernel_boundary_z_faces(const double *, const double *, double *, const double *, const double *, int, int, int, int, int, int, int, double, double)"
213511631028,6360,213511637388,1275,213511638663,1696,9331,122,122,1,cudaLaunchKernel,   1    2    2,  32    4    4,"<unnamed>::step_kernel_interior(const double *, const double *, double *, const double *, const double *, int, int, int, int, int, int, int, double, double)"
213511638031,8759,,,213511643975,1568,8759,122,122,1,cudaLaunchKernel,   1    1    1, 256    1    1,"<unnamed>::step_kernel_boundary_x_faces(const double *, const double *, double *, const double *, const double *, int, int, int, int, int, int, int, double, double)"
213511647781,5688,213511653469,1354,213511654823,1632,8674,122,122,1,cudaLaunchKernel,   1    1    1, 256    1    1,"<unnamed>::step_kernel_boundary_y_faces(const double *, const double *, double *, const double *, const double *, int, int, int, int, int, int, int, double, double)"
213511654102,4284,213511658386,2805,213511661191,1600,8689,122,122,1,cudaLaunchKernel,   1    1    1, 256    1    1,"<unnamed>::step_kernel_boundary_z_faces(const double *, const double *, double *, const double *, const double *, int, int, int, int, int, int, int, double, double)"
213513551320,105782,213513657102,565841,213514222943,8288,679911,125,125,4,cudaLaunchKernel,6104    1    1, 256    1    1,"<unnamed>::unpack_face_x(const double *, double *, int, int, int, int, int)"
213513660623,28744,213513689367,553192,213514242559,10400,592336,125,125,4,cudaLaunchKernel,6104    1    1, 256    1    1,"<unnamed>::unpack_face_y(const double *, double *, int, int, int, int, int)"
213513692800,56924,213513749724,511970,213514261694,121856,690750,125,125,4,cudaLaunchKernel,6104    1    1, 256    1    1,"<unnamed>::unpack_face_z(const double *, double *, int, int, int, int, int)"
213514865123,39280,,,213514904378,1472,40727,125,125,4,cudaLaunchKernel,   1    2    2,  32    4    4,"<unnamed>::step_kernel_interior(const double *, const double *, double *, const double *, const double *, int, int, int, int, int, int, int, double, double)"
213514907115,25287,213514932402,1768,213514934170,1376,28431,125,125,4,cudaLaunchKernel,   1    1    1, 256    1    1,"<unnamed>::step_kernel_boundary_x_faces(const double *, const double *, double *, const double *, const double *, int, int, int, int, int, int, int, double, double)"
213514935063,24991,213514960054,1124,213514961178,1408,27523,125,125,4,cudaLaunchKernel,   1    1    1, 256    1    1,"<unnamed>::step_kernel_boundary_y_faces(const double *, const double *, double *, const double *, const double *, int, int, int, int, int, int, int, double, double)"
213514962228,27494,,,213514983737,1504,27494,125,125,4,cudaLaunchKernel,   1    1    1, 256    1    1,"<unnamed>::step_kernel_boundary_z_faces(const double *, const double *, double *, const double *, const double *, int, int, int, int, int, int, int, double, double)"
213515006596,6466,213515013062,1203,213515014265,1568,9237,125,125,4,cudaLaunchKernel,   1    2    2,  32    4    4,"<unnamed>::step_kernel_interior(const double *, const double *, double *, const double *, const double *, int, int, int, int, int, int, int, double, double)"
213515013763,6583,213515020346,1183,213515021529,1344,9110,125,125,4,cudaLaunchKernel,   1    1    1, 256    1    1,"<unnamed>::step_kernel_boundary_x_faces(const double *, const double *, double *, const double *, const double *, int, int, int, int, int, int, int, double, double)"
213515021143,5474,213515026617,2464,213515029081,1344,9282,125,125,4,cudaLaunchKernel,   1    1    1, 256    1    1,"<unnamed>::step_kernel_boundary_y_faces(const double *, const double *, double *, const double *, const double *, int, int, int, int, int, int, int, double, double)"
213515027115,4825,213515031940,1749,213515033689,1504,8078,125,125,4,cudaLaunchKernel,   1    1    1, 256    1    1,"<unnamed>::step_kernel_boundary_z_faces(const double *, const double *, double *, const double *, const double *, int, int, int, int, int, int, int, double, double)"
213516893775,89078,213516982853,611420,213517594273,8256,708754,121,121,0,cudaLaunchKernel,6104    1    1, 256    1    1,"<unnamed>::unpack_face_x(const double *, double *, int, int, int, int, int)"
213516900647,95194,213516995841,584520,213517580361,8224,687938,123,123,2,cudaLaunchKernel,6104    1    1, 256    1    1,"<unnamed>::unpack_face_x(const double *, double *, int, int, int, int, int)"
213516985472,23905,213517009377,603072,213517612449,9920,636897,121,121,0,cudaLaunchKernel,6104    1    1, 256    1    1,"<unnamed>::unpack_face_y(const double *, double *, int, int, int, int, int)"
213516999468,23241,213517022709,575507,213517598216,11008,609756,123,123,2,cudaLaunchKernel,6104    1    1, 256    1    1,"<unnamed>::unpack_face_y(const double *, double *, int, int, int, int, int)"
213517011541,24812,213517036353,593664,213517630017,122527,741003,121,121,0,cudaLaunchKernel,6104    1    1, 256    1    1,"<unnamed>::unpack_face_z(const double *, double *, int, int, int, int, int)"
213517025479,38726,213517064205,553147,213517617352,123135,715008,123,123,2,cudaLaunchKernel,6104    1    1, 256    1    1,"<unnamed>::unpack_face_z(const double *, double *, int, int, int, int, int)"
213518251266,26299,213518277565,1535,213518279100,1472,29306,121,121,0,cudaLaunchKernel,   1    2    2,  32    4    4,"<unnamed>::step_kernel_interior(const double *, const double *, double *, const double *, const double *, int, int, int, int, int, int, int, double, double)"
213518280185,17594,213518297779,1833,213518299612,1408,20835,121,121,0,cudaLaunchKernel,   1    1    1, 256    1    1,"<unnamed>::step_kernel_boundary_x_faces(const double *, const double *, double *, const double *, const double *, int, int, int, int, int, int, int, double, double)"
213518285417,25452,213518310869,1386,213518312255,1440,28278,123,123,2,cudaLaunchKernel,   1    2    2,  32    4    4,"<unnamed>::step_kernel_interior(const double *, const double *, double *, const double *, const double *, int, int, int, int, int, int, int, double, double)"
213518299469,23471,,,213518320283,1440,23471,121,121,0,cudaLaunchKernel,   1    1    1, 256    1    1,"<unnamed>::step_kernel_boundary_y_faces(const double *, const double *, double *, const double *, const double *, int, int, int, int, int, int, int, double, double)"
213518318470,32431,,,213518350111,1408,33049,123,123,2,cudaLaunchKernel,   1    1    1, 256    1    1,"<unnamed>::step_kernel_boundary_x_faces(const double *, const double *, double *, const double *, const double *, int, int, int, int, int, int, int, double, double)"
213518325061,25859,213518350920,179,213518351099,1408,27446,121,121,0,cudaLaunchKernel,   1    1    1, 256    1    1,"<unnamed>::step_kernel_boundary_z_faces(const double *, const double *, double *, const double *, const double *, int, int, int, int, int, int, int, double, double)"
213518353041,34251,213518387292,1250,213518388542,1440,36941,123,123,2,cudaLaunchKernel,   1    1    1, 256    1    1,"<unnamed>::step_kernel_boundary_y_faces(const double *, const double *, double *, const double *, const double *, int, int, int, int, int, int, int, double, double)"
213518372877,6288,213518379165,1118,213518380283,1472,8878,121,121,0,cudaLaunchKernel,   1    2    2,  32    4    4,"<unnamed>::step_kernel_interior(const double *, const double *, double *, const double *, const double *, int, int, int, int, int, int, int, double, double)"
213518379837,5118,213518384955,1440,213518386395,1440,7998,121,121,0,cudaLaunchKernel,   1    1    1, 256    1    1,"<unnamed>::step_kernel_boundary_x_faces(const double *, const double *, double *, const double *, const double *, int, int, int, int, int, int, int, double, double)"
213518385603,4205,213518389808,2699,213518392507,1376,8280,121,121,0,cudaLaunchKernel,   1    1    1, 256    1    1,"<unnamed>::step_kernel_boundary_y_faces(const double *, const double *, double *, const double *, const double *, int, int, int, int, int, int, int, double, double)"
213518389422,56674,,,213518422238,1408,56674,123,123,2,cudaLaunchKernel,   1    1    1, 256    1    1,"<unnamed>::step_kernel_boundary_z_faces(const double *, const double *, double *, const double *, const double *, int, int, int, int, int, int, int, double, double)"
213518390175,14949,,,213518404731,1408,15964,121,121,0,cudaLaunchKernel,   1    1    1, 256    1    1,"<unnamed>::step_kernel_boundary_z_faces(const double *, const double *, double *, const double *, const double *, int, int, int, int, int, int, int, double, double)"
213518458296,12714,213518471010,571,213518471581,1408,14693,123,123,2,cudaLaunchKernel,   1    2    2,  32    4    4,"<unnamed>::step_kernel_interior(const double *, const double *, double *, const double *, const double *, int, int, int, int, int, int, int, double, double)"
213518472141,7065,213518479206,1399,213518480605,1376,9840,123,123,2,cudaLaunchKernel,   1    1    1, 256    1    1,"<unnamed>::step_kernel_boundary_x_faces(const double *, const double *, double *, const double *, const double *, int, int, int, int, int, int, int, double, double)"
213518479603,5694,213518485297,2700,213518487997,1344,9738,123,123,2,cudaLaunchKernel,   1    1    1, 256    1    1,"<unnamed>::step_kernel_boundary_y_faces(const double *, const double *, double *, const double *, const double *, int, int, int, int, int, int, int, double, double)"
213518485678,4964,213518490642,1899,213518492541,1376,8239,123,123,2,cudaLaunchKernel,   1    1    1, 256    1    1,"<unnamed>::step_kernel_boundary_z_faces(const double *, const double *, double *, const double *, const double *, int, int, int, int, int, int, int, double, double)"
218782134047,67821,,,218782198157,9696,73806,121,121,0,cudaLaunchKernel,6104    1    1, 256    1    1,"<unnamed>::pack_face_x(const double *, double *, int, int, int, int, int)"
218782142290,59261,,,218782195459,9920,63089,124,124,3,cudaLaunchKernel,6104    1    1, 256    1    1,"<unnamed>::pack_face_x(const double *, double *, int, int, int, int, int)"
218782142955,59250,,,218782196867,9664,63576,134,134,7,cudaLaunchKernel,6104    1    1, 256    1    1,"<unnamed>::pack_face_x(const double *, double *, int, int, int, int, int)"
218782151377,50127,,,218782195479,10208,54310,122,122,1,cudaLaunchKernel,6104    1    1, 256    1    1,"<unnamed>::pack_face_x(const double *, double *, int, int, int, int, int)"
218782151607,50640,,,218782197764,9759,55916,123,123,2,cudaLaunchKernel,6104    1    1, 256    1    1,"<unnamed>::pack_face_x(const double *, double *, int, int, int, int, int)"
218782159904,67993,,,218782221655,9600,71351,133,133,6,cudaLaunchKernel,6104    1    1, 256    1    1,"<unnamed>::pack_face_x(const double *, double *, int, int, int, int, int)"
218782161589,39921,,,218782198294,9632,46337,126,126,5,cudaLaunchKernel,6104    1    1, 256    1    1,"<unnamed>::pack_face_x(const double *, double *, int, int, int, int, int)"
218782178830,54770,,,218782229532,9472,60174,125,125,4,cudaLaunchKernel,6104    1    1, 256    1    1,"<unnamed>::pack_face_x(const double *, double *, int, int, int, int, int)"
218782202757,6367,218782209124,1459,218782210583,12160,19986,122,122,1,cudaLaunchKernel,6104    1    1, 256    1    1,"<unnamed>::pack_face_y(const double *, double *, int, int, int, int, int)"
218782202774,6555,218782209329,1714,218782211043,11904,20173,124,124,3,cudaLaunchKernel,6104    1    1, 256    1    1,"<unnamed>::pack_face_y(const double *, double *, int, int, int, int, int)"
218782203183,9435,218782212618,1689,218782214307,12800,23924,123,123,2,cudaLaunchKernel,6104    1    1, 256    1    1,"<unnamed>::pack_face_y(const double *, double *, int, int, int, int, int)"
218782203241,8071,218782211312,2853,218782214165,11776,22700,126,126,5,cudaLaunchKernel,6104    1    1, 256    1    1,"<unnamed>::pack_face_y(const double *, double *, int, int, int, int, int)"
218782203272,6940,218782210212,2153,218782212365,11616,20709,121,121,0,cudaLaunchKernel,6104    1    1, 256    1    1,"<unnamed>::pack_face_y(const double *, double *, int, int, int, int, int)"
218782203301,7796,218782211097,1001,218782212098,12160,20957,134,134,7,cudaLaunchKernel,6104    1    1, 256    1    1,"<unnamed>::pack_face_y(const double *, double *, int, int, int, int, int)"
218782210113,11641,218782221754,1981,218782223735,66688,80310,122,122,1,cudaLaunchKernel,6104    1    1, 256    1    1,"<unnamed>::pack_face_z(const double *, double *, int, int, int, int, int)"
218782210384,12048,218782222432,2019,218782224451,66239,80306,124,124,3,cudaLaunchKernel,6104    1    1, 256    1    1,"<unnamed>::pack_face_z(const double *, double *, int, int, int, int, int)"
218782211233,13341,218782224574,847,218782225421,62847,77035,121,121,0,cudaLaunchKernel,6104    1    1, 256    1    1,"<unnamed>::pack_face_z(const double *, double *, int, int, int, int, int)"
218782211928,14853,218782226781,837,218782227618,63008,78698,134,134,7,cudaLaunchKernel,6104    1    1, 256    1    1,"<unnamed>::pack_face_z(const double *, double *, int, int, int, int, int)"
218782212263,13065,218782225328,1989,218782227317,63680,78734,126,126,5,cudaLaunchKernel,6104    1    1, 256    1    1,"<unnamed>::pack_face_z(const double *, double *, int, int, int, int, int)"
218782214046,13163,218782227209,1946,218782229155,62751,77860,123,123,2,cudaLaunchKernel,6104    1    1, 256    1    1,"<unnamed>::pack_face_z(const double *, double *, int, int, int, int, int)"
218782229440,11995,,,218782238615,12032,21207,133,133,6,cudaLaunchKernel,6104    1    1, 256    1    1,"<unnamed>::pack_face_y(const double *, double *, int, int, int, int, int)"
218782235294,17319,,,218782252316,12000,29022,125,125,4,cudaLaunchKernel,6104    1    1, 256    1    1,"<unnamed>::pack_face_y(const double *, double *, int, int, int, int, int)"
218782243098,10856,218782253954,2420,218782256374,65920,79196,133,133,6,cudaLaunchKernel,6104    1    1, 256    1    1,"<unnamed>::pack_face_z(const double *, double *, int, int, int, int, int)"
218782253970,8998,218782262968,2660,218782265628,62688,74346,125,125,4,cudaLaunchKernel,6104    1    1, 256    1    1,"<unnamed>::pack_face_z(const double *, double *, int, int, int, int, int)"
218782266977,14219,218782281196,1910,218782283106,28016418,28032547,124,124,3,cudaLaunchKernel,  39  312  312,  32    4    4,"<unnamed>::step_kernel_interior(const double *, const double *, double *, const double *, const double *, int, int, int, int, int, int, int, double, double)"
218782268111,15016,218782283127,480,218782283607,28006532,28022028,122,122,1,cudaLaunchKernel,  39  312  312,  32    4    4,"<unnamed>::step_kernel_interior(const double *, const double *, double *, const double *, const double *, int, int, int, int, int, int, int, double, double)"
218782273144,16894,218782290038,1196,218782291234,28031251,28049341,123,123,2,cudaLaunchKernel,  39  312  312,  32    4    4,"<unnamed>::step_kernel_interior(const double *, const double *, double *, const double *, const double *, int, int, int, int, int, int, int, double, double)"
218782274140,16528,,,218782289772,28022452,28038084,121,121,0,cudaLaunchKernel,  39  312  312,  32    4    4,"<unnamed>::step_kernel_interior(const double *, const double *, double *, const double *, const double *, int, int, int, int, int, int, int, double, double)"
218782289787,16435,218782306222,326,218782306548,28032161,28048922,126,126,5,cudaLaunchKernel,  39  312  312,  32    4    4,"<unnamed>::step_kernel_interior(const double *, const double *, double *, const double *, const double *, int, int, int, int, int, int, int, double, double)"
218782297202,18907,218782316109,393,218782316502,28034718,28054018,133,133,6,cudaLaunchKernel,  39  312  312,  32    4    4,"<unnamed>::step_kernel_interior(const double *, const double *, double *, const double *, const double *, int, int, int, int, int, int, int, double, double)"
218782302330,21954,218782324284,6885,218782331169,28016494,28045333,134,134,7,cudaLaunchKernel,  39  312  312,  32    4    4,"<unnamed>::step_kernel_interior(const double *, const double *, double *, const double *, const double *, int, int, int, int, int, int, int, double, double)"
218782337567,19357,218782356924,4095,218782361019,27962814,27986266,125,125,4,cudaLaunchKernel,  39  312  312,  32    4    4,"<unnamed>::step_kernel_interior(const double *, const double *, double *, const double *, const double *, int, int, int, int, int, int, int, double, double)"
218792635314,40653,218792675967,17655350,218810331317,10528,17706531,126,126,5,cudaLaunchKernel,6104    1    1, 256    1    1,"<unnamed>::unpack_face_x(const double *, double *, int, int, int, int, int)"
218792678020,10652,218792688672,17654677,218810343349,10112,17675441,126,126,5,cudaLaunchKernel,6104    1    1, 256    1    1,"<unnamed>::unpack_face_y(const double *, double *, int, int, int, int, int)"
218792689400,5916,218792695316,17659169,218810354485,123039,17788124,126,126,5,cudaLaunchKernel,6104    1    1, 256    1    1,"<unnamed>::unpack_face_z(const double *, double *, int, int, int, int, int)"
218792697713,19405,218792717118,17761910,218810479028,62335,17843650,126,126,5,cudaLaunchKernel,12208    1    1, 256    1    1,"<unnamed>::step_kernel_boundary_x_faces(const double *, const double *, double *, const double *, const double *, int, int, int, int, int, int, int, double, double)"
218792718258,7401,218792725659,17817176,218810542835,61343,17885920,126,126,5,cudaLaunchKernel,12188    1    1, 256    1    1,"<unnamed>::step_kernel_boundary_y_faces(const double *, const double *, double *, const double *, const double *, int, int, int, int, int, int, int, double, double)"
218792726585,5872,218792732457,17873193,218810605650,728728,18607793,126,126,5,cudaLaunchKernel,12168    1    1, 256    1    1,"<unnamed>::step_kernel_boundary_z_faces(const double *, const double *, double *, const double *, const double *, int, int, int, int, int, int, int, double, double)"
218792794061,10346,218792804407,18531571,218811335978,13824,18555741,126,126,5,cudaLaunchKernel,6104    1    1, 256    1    1,"<unnamed>::pack_face_x(const double *, double *, int, int, int, int, int)"
218792806021,7198,218792813219,46533384,218839346603,10400,46550982,126,126,5,cudaLaunchKernel,6104    1    1, 256    1    1,"<unnamed>::pack_face_y(const double *, double *, int, int, int, int, int)"
218792813715,6564,218792820279,46538068,218839358347,61151,46605783,126,126,5,cudaLaunchKernel,6104    1    1, 256    1    1,"<unnamed>::pack_face_z(const double *, double *, int, int, int, int, int)"
218792832513,7649,218792840162,18503528,218811343690,28010177,46521354,126,126,5,cudaLaunchKernel,  39  312  312,  32    4    4,"<unnamed>::step_kernel_interior(const double *, const double *, double *, const double *, const double *, int, int, int, int, int, int, int, double, double)"
218792947089,20873,218792967962,17315041,218810283003,10560,17346474,122,122,1,cudaLaunchKernel,6104    1    1, 256    1    1,"<unnamed>::unpack_face_x(const double *, double *, int, int, int, int, int)"
218792969155,5982,218792975137,17319994,218810295131,10176,17336152,122,122,1,cudaLaunchKernel,6104    1    1, 256    1    1,"<unnamed>::unpack_face_y(const double *, double *, int, int, int, int, int)"
218792976485,5839,218792982324,17324391,218810306715,123200,17453430,122,122,1,cudaLaunchKernel,6104    1    1, 256    1    1,"<unnamed>::unpack_face_z(const double *, double *, int, int, int, int, int)"
218792984162,5678,218792989840,17441611,218810431451,61727,17509016,122,122,1,cudaLaunchKernel,12208    1    1, 256    1    1,"<unnamed>::step_kernel_boundary_x_faces(const double *, const double *, double *, const double *, const double *, int, int, int, int, int, int, int, double, double)"
218792990658,5309,218792995967,17498779,218810494746,61728,17565816,122,122,1,cudaLaunchKernel,12188    1    1, 256    1    1,"<unnamed>::step_kernel_boundary_y_faces(const double *, const double *, double *, const double *, const double *, int, int, int, int, int, int, int, double, double)"
218792996896,5274,218793002170,17555872,218810558042,713724,18274870,122,122,1,cudaLaunchKernel,12168    1    1, 256    1    1,"<unnamed>::step_kernel_boundary_z_faces(const double *, const double *, double *, const double *, const double *, int, int, int, int, int, int, int, double, double)"
218793054887,5954,218793060841,46182578,218839243419,10368,46198900,122,122,1,cudaLaunchKernel,6104    1    1, 256    1    1,"<unnamed>::pack_face_x(const double *, double *, int, int, int, int, int)"
218793061660,4300,218793065960,46189715,218839255675,10592,46204607,122,122,1,cudaLaunchKernel,6104    1    1, 256    1    1,"<unnamed>::pack_face_y(const double *, double *, int, int, int, int, int)"
218793066501,3753,218793070254,46197133,218839267387,63455,46264341,122,122,1,cudaLaunchKernel,6104    1    1, 256    1    1,"<unnamed>::pack_face_z(const double *, double *, int, int, int, int, int)"
218793083257,5737,218793088994,18184468,218811273462,27977317,46167522,122,122,1,cudaLaunchKernel,  39  312  312,  32    4    4,"<unnamed>::step_kernel_interior(const double *, const double *, double *, const double *, const double *, int, int, int, int, int, int, int, double, double)"
218793152627,20921,218793173548,17119064,218810292612,10080,17150065,124,124,3,cudaLaunchKernel,6104    1    1, 256    1    1,"<unnamed>::unpack_face_x(const double *, double *, int, int, int, int, int)"
218793174869,6782,218793181651,17122449,218810304100,10304,17139535,124,124,3,cudaLaunchKernel,6104    1    1, 256    1    1,"<unnamed>::unpack_face_y(const double *, double *, int, int, int, int, int)"
218793182463,5982,218793188445,17127047,218810315492,122591,17255620,124,124,3,cudaLaunchKernel,6104    1    1, 256    1    1,"<unnamed>::unpack_face_z(const double *, double *, int, int, int, int, int)"
218793190750,6832,218793197582,17241909,218810439491,62015,17310756,124,124,3,cudaLaunchKernel,12208    1    1, 256    1    1,"<unnamed>::step_kernel_boundary_x_faces(const double *, const double *, double *, const double *, const double *, int, int, int, int, int, int, int, double, double)"
218793198407,5800,218793204207,17299187,218810503394,61791,17366778,124,124,3,cudaLaunchKernel,12188    1    1, 256    1    1,"<unnamed>::step_kernel_boundary_y_faces(const double *, const double *, double *, const double *, const double *, int, int, int, int, int, int, int, double, double)"
218793205213,5629,218793210842,17356103,218810566945,725082,18086814,124,124,3,cudaLaunchKernel,12168    1    1, 256    1    1,"<unnamed>::step_kernel_boundary_z_faces(const double *, const double *, double *, const double *, const double *, int, int, int, int, int, int, int, double, double)"
218793268941,12401,218793281342,18012061,218811293403,15392,18039854,124,124,3,cudaLaunchKernel,6104    1    1, 256    1    1,"<unnamed>::pack_face_x(const double *, double *, int, int, int, int, int)"
218793282524,5740,218793288264,45997621,218839285885,10335,46013696,124,124,3,cudaLaunchKernel,6104    1    1, 256    1    1,"<unnamed>::pack_face_y(const double *, double *, int, int, int, int, int)"
218793288886,3388,218793292274,46005290,218839297564,61312,46069990,124,124,3,cudaLaunchKernel,6104    1    1, 256    1    1,"<unnamed>::pack_face_z(const double *, double *, int, int, int, int, int)"
218793305711,6234,218793311945,17989106,218811301051,27990242,45985582,124,124,3,cudaLaunchKernel,  39  312  312,  32    4    4,"<unnamed>::step_kernel_interior(const double *, const double *, double *, const double *, const double *, int, int, int, int, int, int, int, double, double)"
218793533487,37426,218793570913,16769486,218810340399,10336,16817248,134,134,7,cudaLaunchKernel,6104    1    1, 256    1    1,"<unnamed>::unpack_face_x(const double *, double *, int, int, int, int, int)"
218793572744,9718,218793582462,16769873,218810352335,9984,16789575,134,134,7,cudaLaunchKernel,6104    1    1, 256    1    1,"<unnamed>::unpack_face_y(const double *, double *, int, int, int, int, int)"
218793583935,6596,218793590531,16772876,218810363407,121214,16900686,134,134,7,cudaLaunchKernel,6104    1    1, 256    1    1,"<unnamed>::unpack_face_z(const double *, double *, int, int, int, int, int)"
218793595217,9528,218793604745,16881316,218810486061,62463,16953307,134,134,7,cudaLaunchKernel,12208    1    1, 256    1    1,"<unnamed>::step_kernel_boundary_x_faces(const double *, const double *, double *, const double *, const double *, int, int, int, int, int, int, int, double, double)"
218793605798,7967,218793613765,16936135,218810549900,61472,17005574,134,134,7,cudaLaunchKernel,12188    1    1, 256    1    1,"<unnamed>::step_kernel_boundary_y_faces(const double *, const double *, double *, const double *, const double *, int, int, int, int, int, int, int, double, double)"
218793614655,7346,218793622001,16990939,218810612940,719799,17718084,134,134,7,cudaLaunchKernel,12168    1    1, 256    1    1,"<unnamed>::step_kernel_boundary_z_faces(const double *, const double *, double *, const double *, const double *, int, int, int, int, int, int, int, double, double)"
218793690359,7699,218793698058,17636377,218811334435,13152,17657228,134,134,7,cudaLaunchKernel,6104    1    1, 256    1    1,"<unnamed>::pack_face_x(const double *, double *, int, int, int, int, int)"
218793699065,6502,218793705567,45626898,218839332465,10368,45643768,134,134,7,cudaLaunchKernel,6104    1    1, 256    1    1,"<unnamed>::pack_face_y(const double *, double *, int, int, int, int, int)"
218793712801,7061,218793719862,45624379,218839344241,62143,45693583,134,134,7,cudaLaunchKernel,6104    1    1, 256    1    1,"<unnamed>::pack_face_z(const double *, double *, int, int, int, int, int)"
218793735845,10443,218793746288,17595859,218811342147,27996782,45603084,134,134,7,cudaLaunchKernel,  39  312  312,  32    4    4,"<unnamed>::step_kernel_interior(const double *, const double *, double *, const double *, const double *, int, int, int, int, int, int, int, double, double)"
218794099005,27455,218794126460,16217336,218810343796,10176,16254967,133,133,6,cudaLaunchKernel,6104    1    1, 256    1    1,"<unnamed>::unpack_face_x(const double *, double *, int, int, int, int, int)"
218794120482,32613,218794153095,16162290,218810315385,11328,16206231,125,125,4,cudaLaunchKernel,6104    1    1, 256    1    1,"<unnamed>::unpack_face_x(const double *, double *, int, int, int, int, int)"
218794128295,6350,218794134645,16220639,218810355284,9919,16236908,133,133,6,cudaLaunchKernel,6104    1    1, 256    1    1,"<unnamed>::unpack_face_y(const double *, double *, int, int, int, int, int)"
218794136185,11387,218794147572,16218719,218810366291,121663,16351769,133,133,6,cudaLaunchKernel,6104    1    1, 256    1    1,"<unnamed>::unpack_face_z(const double *, double *, int, int, int, int, int)"
218794150694,6684,218794157378,16331984,218810489362,62943,16401611,133,133,6,cudaLaunchKernel,12208    1    1, 256    1    1,"<unnamed>::step_kernel_boundary_x_faces(const double *, const double *, double *, const double *, const double *, int, int, int, int, int, int, int, double, double)"
218794154589,8715,218794163304,16165137,218810328441,10432,16184284,125,125,4,cudaLaunchKernel,6104    1    1, 256    1    1,"<unnamed>::unpack_face_y(const double *, double *, int, int, int, int, int)"
218794158045,5584,218794163629,16390084,218810553713,61312,16456980,133,133,6,cudaLaunchKernel,12188    1    1, 256    1    1,"<unnamed>::step_kernel_boundary_y_faces(const double *, const double *, double *, const double *, const double *, int, int, int, int, int, int, int, double, double)"
218794167981,8555,218794176536,16439961,218810616497,725943,17174459,133,133,6,cudaLaunchKernel,12168    1    1, 256    1    1,"<unnamed>::step_kernel_boundary_z_faces(const double *, const double *, double *, const double *, const double *, int, int, int, int, int, int, int, double, double)"
218794168309,11260,218794179569,16160392,218810339961,122111,16293763,125,125,4,cudaLaunchKernel,6104    1    1, 256    1    1,"<unnamed>::unpack_face_z(const double *, double *, int, int, int, int, int)"
218794181717,7170,218794188887,16274945,218810463832,62303,16344418,125,125,4,cudaLaunchKernel,12208    1    1, 256    1    1,"<unnamed>::step_kernel_boundary_x_faces(const double *, const double *, double *, const double *, const double *, int, int, int, int, int, int, int, double, double)"
218794190189,7012,218794197201,16330886,218810528087,60064,16397962,125,125,4,cudaLaunchKernel,12188    1    1, 256    1    1,"<unnamed>::step_kernel_boundary_y_faces(const double *, const double *, double *, const double *, const double *, int, int, int, int, int, int, int, double, double)"
218794197912,7920,218794205832,16384079,218810589911,718715,17110714,125,125,4,cudaLaunchKernel,12168    1    1, 256    1    1,"<unnamed>::step_kernel_boundary_z_faces(const double *, const double *, double *, const double *, const double *, int, int, int, int, int, int, int, double, double)"
218794238555,5984,218794244539,17099341,218811343880,13728,17119053,133,133,6,cudaLaunchKernel,6104    1    1, 256    1    1,"<unnamed>::pack_face_x(const double *, double *, int, int, int, int, int)"
218794245721,4691,218794250412,45083323,218839333735,11647,45099661,133,133,6,cudaLaunchKernel,6104    1    1, 256    1    1,"<unnamed>::pack_face_y(const double *, double *, int, int, int, int, int)"
218794251236,4835,218794256071,45090655,218839346726,61504,45156994,133,133,6,cudaLaunchKernel,6104    1    1, 256    1    1,"<unnamed>::pack_face_z(const double *, double *, int, int, int, int, int)"
218794267356,8758,218794276114,17034304,218811310418,14624,17057686,125,125,4,cudaLaunchKernel,6104    1    1, 256    1    1,"<unnamed>::pack_face_x(const double *, double *, int, int, int, int, int)"
218794271300,8015,218794279315,17072117,218811351432,27990814,45070946,133,133,6,cudaLaunchKernel,  39  312  312,  32    4    4,"<unnamed>::step_kernel_interior(const double *, const double *, double *, const double *, const double *, int, int, int, int, int, int, int, double, double)"
218794277278,6742,218794284020,44967547,218839251567,11328,44985617,125,125,4,cudaLaunchKernel,6104    1    1, 256    1    1,"<unnamed>::pack_face_y(const double *, double *, int, int, int, int, int)"
218794284567,6129,218794290696,44973927,218839264623,61216,45041272,125,125,4,cudaLaunchKernel,6104    1    1, 256    1    1,"<unnamed>::pack_face_z(const double *, double *, int, int, int, int, int)"
218794306558,8028,218794314586,17003864,218811318450,27938589,44950481,125,125,4,cudaLaunchKernel,  39  312  312,  32    4    4,"<unnamed>::step_kernel_interior(const double *, const double *, double *, const double *, const double *, int, int, int, int, int, int, int, double, double)"
218795263957,28962,218795292919,15021726,218810314645,10432,15061120,123,123,2,cudaLaunchKernel,6104    1    1, 256    1    1,"<unnamed>::unpack_face_x(const double *, double *, int, int, int, int, int)"
218795294281,8003,218795302284,15024201,218810326485,10112,15042316,123,123,2,cudaLaunchKernel,6104    1    1, 256    1    1,"<unnamed>::unpack_face_y(const double *, double *, int, int, int, int, int)"
218795298633,26647,218795325280,14979584,218810304864,10656,15016887,121,121,0,cudaLaunchKernel,6104    1    1, 256    1    1,"<unnamed>::unpack_face_x(const double *, double *, int, int, int, int, int)"
218795304238,6204,218795310442,15027435,218810337877,121950,15155589,123,123,2,cudaLaunchKernel,6104    1    1, 256    1    1,"<unnamed>::unpack_face_z(const double *, double *, int, int, int, int, int)"
218795313217,6899,218795320116,15141247,218810461363,62079,15210225,123,123,2,cudaLaunchKernel,12208    1    1, 256    1    1,"<unnamed>::step_kernel_boundary_x_faces(const double *, const double *, double *, const double *, const double *, int, int, int, int, int, int, int, double, double)"
218795320723,7957,218795328680,15196458,218810525138,61504,15265919,123,123,2,cudaLaunchKernel,12188    1    1, 256    1    1,"<unnamed>::step_kernel_boundary_y_faces(const double *, const double *, double *, const double *, const double *, int, int, int, int, int, int, int, double, double)"
218795326243,8129,218795334372,14982748,218810317120,9824,15000701,121,121,0,cudaLaunchKernel,6104    1    1, 256    1    1,"<unnamed>::unpack_face_y(const double *, double *, int, int, int, int, int)"
218795329520,7359,218795336879,15251267,218810588146,723863,15982489,123,123,2,cudaLaunchKernel,12168    1    1, 256    1    1,"<unnamed>::step_kernel_boundary_z_faces(const double *, const double *, double *, const double *, const double *, int, int, int, int, int, int, int, double, double)"
218795335487,6911,218795342398,14985826,218810328224,124063,15116800,121,121,0,cudaLaunchKernel,6104    1    1, 256    1    1,"<unnamed>::unpack_face_z(const double *, double *, int, int, int, int, int)"
218795344363,8225,218795352588,15101203,218810453791,61663,15171091,121,121,0,cudaLaunchKernel,12208    1    1, 256    1    1,"<unnamed>::step_kernel_boundary_x_faces(const double *, const double *, double *, const double *, const double *, int, int, int, int, int, int, int, double, double)"
218795353467,21672,218795375139,15142043,218810517182,61728,15225443,121,121,0,cudaLaunchKernel,12188    1    1, 256    1    1,"<unnamed>::step_kernel_boundary_y_faces(const double *, const double *, double *, const double *, const double *, int, int, int, int, int, int, int, double, double)"
218795376269,7159,218795383428,15197018,218810580446,723578,15927755,121,121,0,cudaLaunchKernel,12168    1    1, 256    1    1,"<unnamed>::step_kernel_boundary_z_faces(const double *, const double *, double *, const double *, const double *, int, int, int, int, int, int, int, double, double)"
218795407345,10048,218795417393,15896120,218811313513,13376,15919544,123,123,2,cudaLaunchKernel,6104    1    1, 256    1    1,"<unnamed>::pack_face_x(const double *, double *, int, int, int, int, int)"
218795418131,5695,218795423826,43888522,218839312348,10367,43904584,123,123,2,cudaLaunchKernel,6104    1    1, 256    1    1,"<unnamed>::pack_face_y(const double *, double *, int, int, int, int, int)"
218795424660,6594,218795431254,43892805,218839324059,61056,43960455,123,123,2,cudaLaunchKernel,6104    1    1, 256    1    1,"<unnamed>::pack_face_z(const double *, double *, int, int, int, int, int)"
218795443579,6950,218795450529,43846891,218839297420,10623,43864464,121,121,0,cudaLaunchKernel,6104    1    1, 256    1    1,"<unnamed>::pack_face_x(const double *, double *, int, int, int, int, int)"
218795445304,8219,218795453523,15867606,218811321129,27997331,43873156,123,123,2,cudaLaunchKernel,  39  312  312,  32    4    4,"<unnamed>::step_kernel_interior(const double *, const double *, double *, const double *, const double *, int, int, int, int, int, int, int, double, double)"
218795451799,5643,218795457442,43852233,218839309675,10432,43868308,121,121,0,cudaLaunchKernel,6104    1    1, 256    1    1,"<unnamed>::pack_face_y(const double *, double *, int, int, int, int, int)"
218795457986,6129,218795464115,43857144,218839321259,62656,43925929,121,121,0,cudaLaunchKernel,6104    1    1, 256    1    1,"<unnamed>::pack_face_z(const double *, double *, int, int, int, int, int)"
218795477970,6830,218795484800,15820888,218811305688,28000403,43828121,121,121,0,cudaLaunchKernel,  39  312  312,  32    4    4,"<unnamed>::step_kernel_interior(const double *, const double *, double *, const double *, const double *, int, int, int, int, int, int, int, double, double)"
218849717079,21959,218849739038,653551,218850392589,8448,683958,126,126,5,cudaLaunchKernel,6104    1    1, 256    1    1,"<unnamed>::unpack_face_x(const double *, double *, int, int, int, int, int)"
218849740339,10902,218849751241,650916,218850402157,10016,671834,126,126,5,cudaLaunchKernel,6104    1    1, 256    1    1,"<unnamed>::unpack_face_y(const double *, double *, int, int, int, int, int)"
218849752213,12651,218849764864,648365,218850413229,121759,782775,126,126,5,cudaLaunchKernel,6104    1    1, 256    1    1,"<unnamed>::unpack_face_z(const double *, double *, int, int, int, int, int)"
218849767600,7515,218849775115,761409,218850536524,62239,831163,126,126,5,cudaLaunchKernel,12208    1    1, 256    1    1,"<unnamed>::step_kernel_boundary_x_faces(const double *, const double *, double *, const double *, const double *, int, int, int, int, int, int, int, double, double)"
218849776027,5239,218849781266,819001,218850600267,61215,885455,126,126,5,cudaLaunchKernel,12188    1    1, 256    1    1,"<unnamed>::step_kernel_boundary_y_faces(const double *, const double *, double *, const double *, const double *, int, int, int, int, int, int, int, double, double)"
218849781950,7392,218849789342,873740,218850663082,720088,1601220,126,126,5,cudaLaunchKernel,12168    1    1, 256    1    1,"<unnamed>::step_kernel_boundary_z_faces(const double *, const double *, double *, const double *, const double *, int, int, int, int, int, int, int, double, double)"
218849848549,6749,218849855298,29517825,218879373123,10336,29534910,126,126,5,cudaLaunchKernel,6104    1    1, 256    1    1,"<unnamed>::pack_face_x(const double *, double *, int, int, int, int, int)"
218849856127,11132,218849867259,29518440,218879385699,11424,29540996,126,126,5,cudaLaunchKernel,6104    1    1, 256    1    1,"<unnamed>::pack_face_y(const double *, double *, int, int, int, int, int)"
218849862926,21758,218849884684,673456,218850558140,8192,703406,122,122,1,cudaLaunchKernel,6104    1    1, 256    1    1,"<unnamed>::unpack_face_x(const double *, double *, int, int, int, int, int)"
218849868328,6179,218849874507,29523544,218879398051,63423,29593146,126,126,5,cudaLaunchKernel,6104    1    1, 256    1    1,"<unnamed>::pack_face_z(const double *, double *, int, int, int, int, int)"
218849885661,4295,218849889956,677528,218850567484,10432,692255,122,122,1,cudaLaunchKernel,6104    1    1, 256    1    1,"<unnamed>::unpack_face_y(const double *, double *, int, int, int, int, int)"
218849886692,7776,218849894468,1489982,218851384450,27994913,29492671,126,126,5,cudaLaunchKernel,  39  312  312,  32    4    4,"<unnamed>::step_kernel_interior(const double *, const double *, double *, const double *, const double *, int, int, int, int, int, int, int, double, double)"
218849891365,6742,218849898107,681025,218850579132,122271,810038,122,122,1,cudaLaunchKernel,6104    1    1, 256    1    1,"<unnamed>::unpack_face_z(const double *, double *, int, int, int, int, int)"
218849899852,5196,218849905048,797923,218850702971,62368,865487,122,122,1,cudaLaunchKernel,12208    1    1, 256    1    1,"<unnamed>::step_kernel_boundary_x_faces(const double *, const double *, double *, const double *, const double *, int, int, int, int, int, int, int, double, double)"
218849905729,4358,218849910087,857076,218850767163,61632,923066,122,122,1,cudaLaunchKernel,12188    1    1, 256    1    1,"<unnamed>::step_kernel_boundary_y_faces(const double *, const double *, double *, const double *, const double *, int, int, int, int, int, int, int, double, double)"
218849910969,5288,218849916257,914426,218850830683,714108,1633822,122,122,1,cudaLaunchKernel,12168    1    1, 256    1    1,"<unnamed>::step_kernel_boundary_z_faces(const double *, const double *, double *, const double *, const double *, int, int, int, int, int, int, int, double, double)"
218849978534,6830,218849985364,29552616,218879537980,10144,29569590,122,122,1,cudaLaunchKernel,6104    1    1, 256    1    1,"<unnamed>::pack_face_x(const double *, double *, int, int, int, int, int)"
218849986238,9500,218849995738,29554690,218879550428,10879,29575069,122,122,1,cudaLaunchKernel,6104    1    1, 256    1    1,"<unnamed>::pack_face_y(const double *, double *, int, int, int, int, int)"
218849996764,5350,218850002114,29560345,218879562459,62528,29628223,122,122,1,cudaLaunchKernel,6104    1    1, 256    1    1,"<unnamed>::pack_face_z(const double *, double *, int, int, int, int, int)"
218850019624,7217,218850026841,1519646,218851546487,27997605,29524468,122,122,1,cudaLaunchKernel,  39  312  312,  32    4    4,"<unnamed>::step_kernel_interior(const double *, const double *, double *, const double *, const double *, int, int, int, int, int, int, int, double, double)"
218850114149,19977,218850134126,1247905,218851382031,8224,1276106,124,124,3,cudaLaunchKernel,6104    1    1, 256    1    1,"<unnamed>::unpack_face_x(const double *, double *, int, int, int, int, int)"
218850135340,4449,218850139789,1251458,218851391247,10048,1265955,124,124,3,cudaLaunchKernel,6104    1    1, 256    1    1,"<unnamed>::unpack_face_y(const double *, double *, int, int, int, int, int)"
218850141011,6116,218850147127,1255256,218851402383,121822,1383194,124,124,3,cudaLaunchKernel,6104    1    1, 256    1    1,"<unnamed>::unpack_face_z(const double *, double *, int, int, int, int, int)"
218850149002,7675,218850156677,1369288,218851525965,61824,1438787,124,124,3,cudaLaunchKernel,12208    1    1, 256    1    1,"<unnamed>::step_kernel_boundary_x_faces(const double *, const double *, double *, const double *, const double *, int, int, int, int, int, int, int, double, double)"
218850157290,4857,218850162147,1427722,218851589869,60223,1492802,124,124,3,cudaLaunchKernel,12188    1    1, 256    1    1,"<unnamed>::step_kernel_boundary_y_faces(const double *, const double *, double *, const double *, const double *, int, int, int, int, int, int, int, double, double)"
218850162665,10835,218850173500,1478192,218851651692,719962,2208989,124,124,3,cudaLaunchKernel,12168    1    1, 256    1    1,"<unnamed>::step_kernel_boundary_z_faces(const double *, const double *, double *, const double *, const double *, int, int, int, int, int, int, int, double, double)"
218850194564,35594,218850230158,1229405,218851459563,8160,1273159,123,123,2,cudaLaunchKernel,6104    1    1, 256    1    1,"<unnamed>::unpack_face_x(const double *, double *, int, int, int, int, int)"
218850231441,9007,218850240448,1228555,218851469003,10016,1247578,123,123,2,cudaLaunchKernel,6104    1    1, 256    1    1,"<unnamed>::unpack_face_y(const double *, double *, int, int, int, int, int)"
218850241419,12052,218850253471,30113641,218880367112,10047,30135740,124,124,3,cudaLaunchKernel,6104    1    1, 256    1    1,"<unnamed>::pack_face_x(const double *, double *, int, int, int, int, int)"
218850241531,11151,218850252682,1227777,218851480459,121662,1360590,123,123,2,cudaLaunchKernel,6104    1    1, 256    1    1,"<unnamed>::unpack_face_z(const double *, double *, int, int, int, int, int)"
218850254502,5690,218850260192,30119239,218880379431,10304,30135233,124,124,3,cudaLaunchKernel,6104    1    1, 256    1    1,"<unnamed>::pack_face_y(const double *, double *, int, int, int, int, int)"
218850255152,7966,218850263118,1340763,218851603881,62528,1411257,123,123,2,cudaLaunchKernel,12208    1    1, 256    1    1,"<unnamed>::step_kernel_boundary_x_faces(const double *, const double *, double *, const double *, const double *, int, int, int, int, int, int, int, double, double)"
218850260652,3760,218850264412,30126315,218880390727,63392,30193467,124,124,3,cudaLaunchKernel,6104    1    1, 256    1    1,"<unnamed>::pack_face_z(const double *, double *, int, int, int, int, int)"
218850263678,5614,218850269292,1398973,218851668265,61311,1465898,123,123,2,cudaLaunchKernel,12188    1    1, 256    1    1,"<unnamed>::step_kernel_boundary_y_faces(const double *, const double *, double *, const double *, const double *, int, int, int, int, int, int, int, double, double)"
218850269898,11017,218850280915,1450197,218851731112,725527,2186741,123,123,2,cudaLaunchKernel,12168    1    1, 256    1    1,"<unnamed>::step_kernel_boundary_z_faces(const double *, const double *, double *, const double *, const double *, int, int, int, int, int, int, int, double, double)"
218850282648,7365,218850290013,2082921,218852372934,28000993,30091279,124,124,3,cudaLaunchKernel,  39  312  312,  32    4    4,"<unnamed>::step_kernel_interior(const double *, const double *, double *, const double *, const double *, int, int, int, int, int, int, int, double, double)"
218850341482,8060,218850349542,30096332,218880445874,10400,30114792,123,123,2,cudaLaunchKernel,6104    1    1, 256    1    1,"<unnamed>::pack_face_x(const double *, double *, int, int, int, int, int)"
218850350172,19195,218850369367,30088315,218880457682,10368,30117878,123,123,2,cudaLaunchKernel,6104    1    1, 256    1    1,"<unnamed>::pack_face_y(const double *, double *, int, int, int, int, int)"
218850370591,7262,218850377853,30091253,218880469106,62847,30161362,123,123,2,cudaLaunchKernel,6104    1    1, 256    1    1,"<unnamed>::pack_face_z(const double *, double *, int, int, int, int, int)"
218850397142,8464,218850405606,2052473,218852458079,27995347,30056284,123,123,2,cudaLaunchKernel,  39  312  312,  32    4    4,"<unnamed>::step_kernel_interior(const double *, const double *, double *, const double *, const double *, int, int, int, int, int, int, int, double, double)"
218850617852,32950,218850650802,769837,218851420639,8224,811011,134,134,7,cudaLaunchKernel,6104    1    1, 256    1    1,"<unnamed>::unpack_face_x(const double *, double *, int, int, int, int, int)"
218850652238,8997,218850661235,770924,218851432159,10112,790033,134,134,7,cudaLaunchKernel,6104    1    1, 256    1    1,"<unnamed>::unpack_face_y(const double *, double *, int, int, int, int, int)"
218850662589,14303,218850676892,768483,218851445375,122142,904928,134,134,7,cudaLaunchKernel,6104    1    1, 256    1    1,"<unnamed>::unpack_face_z(const double *, double *, int, int, int, int, int)"
218850678895,12252,218850691147,877810,218851568957,61759,951821,134,134,7,cudaLaunchKernel,12208    1    1, 256    1    1,"<unnamed>::step_kernel_boundary_x_faces(const double *, const double *, double *, const double *, const double *, int, int, int, int, int, int, int, double, double)"
218850692399,7404,218850699803,932321,218851632124,61408,1001133,134,134,7,cudaLaunchKernel,12188    1    1, 256    1    1,"<unnamed>::step_kernel_boundary_y_faces(const double *, const double *, double *, const double *, const double *, int, int, int, int, int, int, int, double, double)"
218850700389,13803,218850714192,980876,218851695068,720695,1715374,134,134,7,cudaLaunchKernel,12168    1    1, 256    1    1,"<unnamed>::step_kernel_boundary_z_faces(const double *, const double *, double *, const double *, const double *, int, int, int, int, int, int, int, double, double)"
218850775960,11422,218850787382,1629693,218852417075,13920,1655035,134,134,7,cudaLaunchKernel,6104    1    1, 256    1    1,"<unnamed>::pack_face_x(const double *, double *, int, int, int, int, int)"
218850788408,8270,218850796678,29632603,218880429281,10432,29651305,134,134,7,cudaLaunchKernel,6104    1    1, 256    1    1,"<unnamed>::pack_face_y(const double *, double *, int, int, int, int, int)"
218850797175,5793,218850802968,29638760,218880441728,61344,29705897,134,134,7,cudaLaunchKernel,6104    1    1, 256    1    1,"<unnamed>::pack_face_z(const double *, double *, int, int, int, int, int)"
218850815555,6416,218850821971,1602816,218852424787,28010094,29619326,134,134,7,cudaLaunchKernel,  39  312  312,  32    4    4,"<unnamed>::step_kernel_interior(const double *, const double *, double *, const double *, const double *, int, int, int, int, int, int, int, double, double)"
218851193330,25175,218851218505,769676,218851988181,8512,803363,133,133,6,cudaLaunchKernel,6104    1    1, 256    1    1,"<unnamed>::unpack_face_x(const double *, double *, int, int, int, int, int)"
218851219870,6098,218851225968,771749,218851997717,9984,787831,133,133,6,cudaLaunchKernel,6104    1    1, 256    1    1,"<unnamed>::unpack_face_y(const double *, double *, int, int, int, int, int)"
218851231469,8675,218851240144,768677,218852008821,123806,901158,133,133,6,cudaLaunchKernel,6104    1    1, 256    1    1,"<unnamed>::unpack_face_z(const double *, double *, int, int, int, int, int)"
218851242920,6008,218851248928,885139,218852134067,62624,953771,133,133,6,cudaLaunchKernel,12208    1    1, 256    1    1,"<unnamed>::step_kernel_boundary_x_faces(const double *, const double *, double *, const double *, const double *, int, int, int, int, int, int, int, double, double)"
218851249595,5493,218851255088,943235,218852198323,61439,1010167,133,133,6,cudaLaunchKernel,12188    1    1, 256    1    1,"<unnamed>::step_kernel_boundary_y_faces(const double *, const double *, double *, const double *, const double *, int, int, int, int, int, int, int, double, double)"
218851255813,5927,218851261740,999462,218852261202,721144,1726533,133,133,6,cudaLaunchKernel,12168    1    1, 256    1    1,"<unnamed>::step_kernel_boundary_z_faces(const double *, const double *, double *, const double *, const double *, int, int, int, int, int, int, int, double, double)"
218851325536,7316,218851332852,1650774,218852983626,15647,1673737,133,133,6,cudaLaunchKernel,6104    1    1, 256    1    1,"<unnamed>::pack_face_x(const double *, double *, int, int, int, int, int)"
218851333654,5413,218851339067,29648493,218880987560,10592,29664498,133,133,6,cudaLaunchKernel,6104    1    1, 256    1    1,"<unnamed>::pack_face_y(const double *, double *, int, int, int, int, int)"
218851339560,4729,218851344289,29655239,218880999528,61279,29721247,133,133,6,cudaLaunchKernel,6104    1    1, 256    1    1,"<unnamed>::pack_face_z(const double *, double *, int, int, int, int, int)"
218851372392,14237,218851386629,1604709,218852991338,28002558,29621504,133,133,6,cudaLaunchKernel,  39  312  312,  32    4    4,"<unnamed>::step_kernel_interior(const double *, const double *, double *, const double *, const double *, int, int, int, int, int, int, int, double, double)"
218852436389,22775,218852459164,662195,218853121359,8064,693034,125,125,4,cudaLaunchKernel,6104    1    1, 256    1    1,"<unnamed>::unpack_face_x(const double *, double *, int, int, int, int, int)"
218852459984,6394,218852466378,664325,218853130703,10112,680831,125,125,4,cudaLaunchKernel,6104    1    1, 256    1    1,"<unnamed>::unpack_face_y(const double *, double *, int, int, int, int, int)"
218852462725,30407,218852493132,660843,218853153975,8256,699506,121,121,0,cudaLaunchKernel,6104    1    1, 256    1    1,"<unnamed>::unpack_face_x(const double *, double *, int, int, int, int, int)"
218852467391,7766,218852475157,667098,218853142255,121631,796495,125,125,4,cudaLaunchKernel,6104    1    1, 256    1    1,"<unnamed>::unpack_face_z(const double *, double *, int, int, int, int, int)"
218852477271,11717,218852488988,776658,218853265646,62143,850518,125,125,4,cudaLaunchKernel,12208    1    1, 256    1    1,"<unnamed>::step_kernel_boundary_x_faces(const double *, const double *, double *, const double *, const double *, int, int, int, int, int, int, int, double, double)"
218852490563,7802,218852498365,831184,218853329549,61472,900458,125,125,4,cudaLaunchKernel,12188    1    1, 256    1    1,"<unnamed>::step_kernel_boundary_y_faces(const double *, const double *, double *, const double *, const double *, int, int, int, int, int, int, int, double, double)"
218852494525,7480,218852502005,661346,218853163351,10240,679066,121,121,0,cudaLaunchKernel,6104    1    1, 256    1    1,"<unnamed>::unpack_face_y(const double *, double *, int, int, int, int, int)"
218852498991,10734,218852509725,883056,218853392781,720251,1614041,125,125,4,cudaLaunchKernel,12168    1    1, 256    1    1,"<unnamed>::step_kernel_boundary_z_faces(const double *, const double *, double *, const double *, const double *, int, int, int, int, int, int, int, double, double)"
218852503092,12109,218852515201,659829,218853175030,121599,793537,121,121,0,cudaLaunchKernel,6104    1    1, 256    1    1,"<unnamed>::unpack_face_z(const double *, double *, int, int, int, int, int)"
218852517734,7139,218852524873,773516,218853298389,62592,843247,121,121,0,cudaLaunchKernel,12208    1    1, 256    1    1,"<unnamed>::step_kernel_boundary_x_faces(const double *, const double *, double *, const double *, const double *, int, int, int, int, int, int, int, double, double)"
218852525815,6717,218852532532,829953,218853362485,61311,897981,121,121,0,cudaLaunchKernel,12188    1    1, 256    1    1,"<unnamed>::step_kernel_boundary_y_faces(const double *, const double *, double *, const double *, const double *, int, int, int, int, int, int, int, double, double)"
218852533605,6726,218852540331,885001,218853425332,722938,1614665,121,121,0,cudaLaunchKernel,12168    1    1, 256    1    1,"<unnamed>::step_kernel_boundary_z_faces(const double *, const double *, double *, const double *, const double *, int, int, int, int, int, int, int, double, double)"
218852566348,8901,218852575249,29471765,218882047014,10304,29490970,125,125,4,cudaLaunchKernel,6104    1    1, 256    1    1,"<unnamed>::pack_face_x(const double *, double *, int, int, int, int, int)"
218852576164,11696,218852587860,29471889,218882059749,10528,29494113,125,125,4,cudaLaunchKernel,6104    1    1, 256    1    1,"<unnamed>::pack_face_y(const double *, double *, int, int, int, int, int)"
218852588846,8365,218852597211,29474378,218882071589,63744,29546487,125,125,4,cudaLaunchKernel,6104    1    1, 256    1    1,"<unnamed>::pack_face_z(const double *, double *, int, int, int, int, int)"
218852602113,7456,218852609569,29540929,218882150498,10912,29559297,121,121,0,cudaLaunchKernel,6104    1    1, 256    1    1,"<unnamed>::pack_face_x(const double *, double *, int, int, int, int, int)"
218852609878,14450,218852624328,1490368,218854114696,27938494,29443312,125,125,4,cudaLaunchKernel,  39  312  312,  32    4    4,"<unnamed>::step_kernel_interior(const double *, const double *, double *, const double *, const double *, int, int, int, int, int, int, int, double, double)"
218852610320,11728,218852622048,29541378,218882163426,10432,29563538,121,121,0,cudaLaunchKernel,6104    1    1, 256    1    1,"<unnamed>::pack_face_y(const double *, double *, int, int, int, int, int)"
218852622915,6979,218852629894,29545084,218882174978,62847,29614910,121,121,0,cudaLaunchKernel,6104    1    1, 256    1    1,"<unnamed>::pack_face_z(const double *, double *, int, int, int, int, int)"
218852644299,6790,218852651089,1498845,218854149934,28006580,29512215,121,121,0,cudaLaunchKernel,  39  312  312,  32    4    4,"<unnamed>::step_kernel_interior(const double *, const double *, double *, const double *, const double *, int, int, int, int, int, int, int, double, double)"
218888879455,20180,218888899635,686097,218889585732,8160,714437,122,122,1,cudaLaunchKernel,6104    1    1, 256    1    1,"<unnamed>::unpack_face_x(const double *, double *, int, int, int, int, int)"
218888900407,4743,218888905150,690246,218889595396,10144,705133,122,122,1,cudaLaunchKernel,6104    1    1, 256    1    1,"<unnamed>::unpack_face_y(const double *, double *, int, int, int, int, int)"
218888906137,5092,218888911229,695815,218889607044,121727,822634,122,122,1,cudaLaunchKernel,6104    1    1, 256    1    1,"<unnamed>::unpack_face_z(const double *, double *, int, int, int, int, int)"
218888912839,5885,218888918724,811551,218889730275,63200,880636,122,122,1,cudaLaunchKernel,12208    1    1, 256    1    1,"<unnamed>::step_kernel_boundary_x_faces(const double *, const double *, double *, const double *, const double *, int, int, int, int, int, int, int, double, double)"
218888919385,4337,218888923722,871289,218889795011,61311,936937,122,122,1,cudaLaunchKernel,12188    1    1, 256    1    1,"<unnamed>::step_kernel_boundary_y_faces(const double *, const double *, double *, const double *, const double *, int, int, int, int, int, int, int, double, double)"
218888924351,4540,218888928891,928839,218889857730,713276,1646655,122,122,1,cudaLaunchKernel,12168    1    1, 256    1    1,"<unnamed>::step_kernel_boundary_z_faces(const double *, const double *, double *, const double *, const double *, int, int, int, int, int, int, int, double, double)"
218888978316,5150,218888983466,1589492,218890572958,15328,1609970,122,122,1,cudaLaunchKernel,6104    1    1, 256    1    1,"<unnamed>::pack_face_x(const double *, double *, int, int, int, int, int)"
218888984074,4381,218888988455,29565948,218918554403,11200,29581529,122,122,1,cudaLaunchKernel,6104    1    1, 256    1    1,"<unnamed>::pack_face_y(const double *, double *, int, int, int, int, int)"
218888989029,5094,218888994123,29572952,218918567075,62144,29640190,122,122,1,cudaLaunchKernel,6104    1    1, 256    1    1,"<unnamed>::pack_face_z(const double *, double *, int, int, int, int, int)"
218889009844,25705,218889035549,663761,218889699310,8352,697818,126,126,5,cudaLaunchKernel,6104    1    1, 256    1    1,"<unnamed>::unpack_face_x(const double *, double *, int, int, int, int, int)"
218889013773,11253,218889025026,1556124,218890581150,27978565,29545942,122,122,1,cudaLaunchKernel,  39  312  312,  32    4    4,"<unnamed>::step_kernel_interior(const double *, const double *, double *, const double *, const double *, int, int, int, int, int, int, int, double, double)"
218889036684,7418,218889044102,664616,218889708718,10047,682081,126,126,5,cudaLaunchKernel,6104    1    1, 256    1    1,"<unnamed>::unpack_face_y(const double *, double *, int, int, int, int, int)"
218889044840,4946,218889049786,670195,218889719981,120511,795652,126,126,5,cudaLaunchKernel,6104    1    1, 256    1    1,"<unnamed>::unpack_face_z(const double *, double *, int, int, int, int, int)"
218889051431,7766,218889059197,782767,218889841964,61599,852132,126,126,5,cudaLaunchKernel,12208    1    1, 256    1    1,"<unnamed>::step_kernel_boundary_x_faces(const double *, const double *, double *, const double *, const double *, int, int, int, int, int, int, int, double, double)"
218889059666,6525,218889066191,838876,218889905067,61312,906713,126,126,5,cudaLaunchKernel,12188    1    1, 256    1    1,"<unnamed>::step_kernel_boundary_y_faces(const double *, const double *, double *, const double *, const double *, int, int, int, int, int, int, int, double, double)"
218889066831,5679,218889072510,895245,218889967755,725847,1626771,126,126,5,cudaLaunchKernel,12168    1    1, 256    1    1,"<unnamed>::step_kernel_boundary_z_faces(const double *, const double *, double *, const double *, const double *, int, int, int, int, int, int, int, double, double)"
218889129283,10483,218889139766,1555372,218890695138,14592,1580447,126,126,5,cudaLaunchKernel,6104    1    1, 256    1    1,"<unnamed>::pack_face_x(const double *, double *, int, int, int, int, int)"
218889141025,11413,218889152438,29537102,218918689540,10560,29559075,126,126,5,cudaLaunchKernel,6104    1    1, 256    1    1,"<unnamed>::pack_face_y(const double *, double *, int, int, int, int, int)"
218889153704,7331,218889161035,29540441,218918701476,61759,29609531,126,126,5,cudaLaunchKernel,6104    1    1, 256    1    1,"<unnamed>::pack_face_z(const double *, double *, int, int, int, int, int)"
218889172179,8234,218889180413,1522373,218890702786,27992930,29523537,126,126,5,cudaLaunchKernel,  39  312  312,  32    4    4,"<unnamed>::step_kernel_interior(const double *, const double *, double *, const double *, const double *, int, int, int, int, int, int, int, double, double)"
218890519705,21801,218890541506,653021,218891194527,8320,683142,134,134,7,cudaLaunchKernel,6104    1    1, 256    1    1,"<unnamed>::unpack_face_x(const double *, double *, int, int, int, int, int)"
218890542441,11760,218890554201,649798,218891203999,10015,671573,134,134,7,cudaLaunchKernel,6104    1    1, 256    1    1,"<unnamed>::unpack_face_y(const double *, double *, int, int, int, int, int)"
218890555721,6709,218890562430,653024,218891215454,121567,781300,134,134,7,cudaLaunchKernel,6104    1    1, 256    1    1,"<unnamed>::unpack_face_z(const double *, double *, int, int, int, int, int)"
218890564275,14666,218890578941,759680,218891338621,61439,835785,134,134,7,cudaLaunchKernel,12208    1    1, 256    1    1,"<unnamed>::step_kernel_boundary_x_faces(const double *, const double *, double *, const double *, const double *, int, int, int, int, int, int, int, double, double)"
218890580339,7006,218890587345,814731,218891402076,60959,882696,134,134,7,cudaLaunchKernel,12188    1    1, 256    1    1,"<unnamed>::step_kernel_boundary_y_faces(const double *, const double *, double *, const double *, const double *, int, int, int, int, int, int, int, double, double)"
218890588090,6556,218890594646,869797,218891464443,729432,1605785,134,134,7,cudaLaunchKernel,12168    1    1, 256    1    1,"<unnamed>::step_kernel_boundary_z_faces(const double *, const double *, double *, const double *, const double *, int, int, int, int, int, int, int, double, double)"
218890647002,6330,218890653332,29544844,218920198176,10272,29561446,134,134,7,cudaLaunchKernel,6104    1    1, 256    1    1,"<unnamed>::pack_face_x(const double *, double *, int, int, int, int, int)"
218890653849,5566,218890659415,29551401,218920210816,10496,29567463,134,134,7,cudaLaunchKernel,6104    1    1, 256    1    1,"<unnamed>::pack_face_y(const double *, double *, int, int, int, int, int)"
218890659899,5994,218890665893,29556539,218920222432,62815,29625348,134,134,7,cudaLaunchKernel,6104    1    1, 256    1    1,"<unnamed>::pack_face_z(const double *, double *, int, int, int, int, int)"
218890677788,6578,218890684366,1510949,218892195315,28009261,29526788,134,134,7,cudaLaunchKernel,  39  312  312,  32    4    4,"<unnamed>::step_kernel_interior(const double *, const double *, double *, const double *, const double *, int, int, int, int, int, int, int, double, double)"
218890933246,26873,218890960119,1153488,218892113607,8128,1188489,123,123,2,cudaLaunchKernel,6104    1    1, 256    1    1,"<unnamed>::unpack_face_x(const double *, double *, int, int, int, int, int)"
218890961382,12217,218890973599,1150024,218892123623,10272,1172513,123,123,2,cudaLaunchKernel,6104    1    1, 256    1    1,"<unnamed>::unpack_face_y(const double *, double *, int, int, int, int, int)"
218890974676,6490,218890981166,1154169,218892135335,121182,1281841,123,123,2,cudaLaunchKernel,6104    1    1, 256    1    1,"<unnamed>::unpack_face_z(const double *, double *, int, int, int, int, int)"
218890982913,11845,218890994758,1263519,218892258277,62208,1337572,123,123,2,cudaLaunchKernel,12208    1    1, 256    1    1,"<unnamed>::step_kernel_boundary_x_faces(const double *, const double *, double *, const double *, const double *, int, int, int, int, int, int, int, double, double)"
218890995741,6319,218891002060,1319929,218892321989,59871,1386119,123,123,2,cudaLaunchKernel,12188    1    1, 256    1    1,"<unnamed>::step_kernel_boundary_y_faces(const double *, const double *, double *, const double *, const double *, int, int, int, int, int, int, int, double, double)"
218891002925,5970,218891008895,1374597,218892383492,724439,2105006,123,123,2,cudaLaunchKernel,12168    1    1, 256    1    1,"<unnamed>::step_kernel_boundary_z_faces(const double *, const double *, double *, const double *, const double *, int, int, int, int, int, int, int, double, double)"
218891071314,14733,218891086047,30019663,218921105710,10144,30044540,123,123,2,cudaLaunchKernel,6104    1    1, 256    1    1,"<unnamed>::pack_face_x(const double *, double *, int, int, int, int, int)"
218891085213,21884,218891107097,1166242,218892273339,8128,1196254,124,124,3,cudaLaunchKernel,6104    1    1, 256    1    1,"<unnamed>::unpack_face_x(const double *, double *, int, int, int, int, int)"
218891087215,6388,218891093603,30024619,218921118222,10272,30041279,123,123,2,cudaLaunchKernel,6104    1    1, 256    1    1,"<unnamed>::pack_face_y(const double *, double *, int, int, int, int, int)"
218891094069,6473,218891100542,30029232,218921129774,62719,30098424,123,123,2,cudaLaunchKernel,6104    1    1, 256    1    1,"<unnamed>::pack_face_z(const double *, double *, int, int, int, int, int)"
218891108042,4714,218891112756,1169927,218892282683,9984,1184625,124,124,3,cudaLaunchKernel,6104    1    1, 256    1    1,"<unnamed>::unpack_face_y(const double *, double *, int, int, int, int, int)"
218891112797,7666,218891120463,1988876,218893109339,28002675,29999217,123,123,2,cudaLaunchKernel,  39  312  312,  32    4    4,"<unnamed>::step_kernel_interior(const double *, const double *, double *, const double *, const double *, int, int, int, int, int, int, int, double, double)"
218891113508,5191,218891118699,1175056,218892293755,122719,1302966,124,124,3,cudaLaunchKernel,6104    1    1, 256    1    1,"<unnamed>::unpack_face_z(const double *, double *, int, int, int, int, int)"
218891120264,6292,218891126556,1291486,218892418042,62400,1360178,124,124,3,cudaLaunchKernel,12208    1    1, 256    1    1,"<unnamed>::step_kernel_boundary_x_faces(const double *, const double *, double *, const double *, const double *, int, int, int, int, int, int, int, double, double)"
218891127045,5021,218891132066,1349816,218892481882,59967,1414804,124,124,3,cudaLaunchKernel,12188    1    1, 256    1    1,"<unnamed>::step_kernel_boundary_y_faces(const double *, const double *, double *, const double *, const double *, int, int, int, int, int, int, int, double, double)"
218891132662,5758,218891138420,1405381,218892543801,725337,2136476,124,124,3,cudaLaunchKernel,12168    1    1, 256    1    1,"<unnamed>::step_kernel_boundary_z_faces(const double *, const double *, double *, const double *, const double *, int, int, int, int, int, int, int, double, double)"
218891195899,7383,218891203282,30055682,218921258964,10208,30073273,124,124,3,cudaLaunchKernel,6104    1    1, 256    1    1,"<unnamed>::pack_face_x(const double *, double *, int, int, int, int, int)"
218891204050,4311,218891208361,30063339,218921271700,10368,30078018,124,124,3,cudaLaunchKernel,6104    1    1, 256    1    1,"<unnamed>::pack_face_y(const double *, double *, int, int, int, int, int)"
218891208803,8969,218891217772,30065288,218921283060,63743,30138000,124,124,3,cudaLaunchKernel,6104    1    1, 256    1    1,"<unnamed>::pack_face_z(const double *, double *, int, int, int, int, int)"
218891232849,14674,218891247523,2022895,218893270418,27995170,30032739,124,124,3,cudaLaunchKernel,  39  312  312,  32    4    4,"<unnamed>::step_kernel_interior(const double *, const double *, double *, const double *, const double *, int, int, int, int, int, int, int, double, double)"
218891805487,20768,218891826255,654869,218892481124,8576,684213,133,133,6,cudaLaunchKernel,6104    1    1, 256    1    1,"<unnamed>::unpack_face_x(const double *, double *, int, int, int, int, int)"
218891827120,5178,218891832298,658522,218892490820,10208,673908,133,133,6,cudaLaunchKernel,6104    1    1, 256    1    1,"<unnamed>::unpack_face_y(const double *, double *, int, int, int, int, int)"
218891833459,5902,218891839361,662787,218892502148,122526,791215,133,133,6,cudaLaunchKernel,6104    1    1, 256    1    1,"<unnamed>::unpack_face_z(const double *, double *, int, int, int, int, int)"
218891841499,6242,218891847741,778373,218892626114,62047,846662,133,133,6,cudaLaunchKernel,12208    1    1, 256    1    1,"<unnamed>::step_kernel_boundary_x_faces(const double *, const double *, double *, const double *, const double *, int, int, int, int, int, int, int, double, double)"
218891848425,9543,218891857968,831729,218892689697,61152,902424,133,133,6,cudaLaunchKernel,12188    1    1, 256    1    1,"<unnamed>::step_kernel_boundary_y_faces(const double *, const double *, double *, const double *, const double *, int, int, int, int, int, int, int, double, double)"
218891859256,6660,218891865916,886885,218892752801,727319,1620864,133,133,6,cudaLaunchKernel,12168    1    1, 256    1    1,"<unnamed>::step_kernel_boundary_z_faces(const double *, const double *, double *, const double *, const double *, int, int, int, int, int, int, int, double, double)"
218891943173,7282,218891950455,1531009,218893481464,13632,1551923,133,133,6,cudaLaunchKernel,6104    1    1, 256    1    1,"<unnamed>::pack_face_x(const double *, double *, int, int, int, int, int)"
218891951075,4357,218891955432,29528334,218921483766,10720,29543411,133,133,6,cudaLaunchKernel,6104    1    1, 256    1    1,"<unnamed>::pack_face_y(const double *, double *, int, int, int, int, int)"
218891955917,4719,218891960636,29535098,218921495734,61280,29601097,133,133,6,cudaLaunchKernel,6104    1    1, 256    1    1,"<unnamed>::pack_face_z(const double *, double *, int, int, int, int, int)"
218891974136,8060,218891982196,1506788,218893488984,28000830,29515678,133,133,6,cudaLaunchKernel,  39  312  312,  32    4    4,"<unnamed>::step_kernel_interior(const double *, const double *, double *, const double *, const double *, int, int, int, int, int, int, int, double, double)"
218893153064,21536,218893174600,664811,218893839411,8160,694507,125,125,4,cudaLaunchKernel,6104    1    1, 256    1    1,"<unnamed>::unpack_face_x(const double *, double *, int, int, int, int, int)"
218893175213,6608,218893181821,667222,218893849043,9888,683718,125,125,4,cudaLaunchKernel,6104    1    1, 256    1    1,"<unnamed>::unpack_face_y(const double *, double *, int, int, int, int, int)"
218893180270,28539,218893208809,663414,218893872223,8320,700273,121,121,0,cudaLaunchKernel,6104    1    1, 256    1    1,"<unnamed>::unpack_face_x(const double *, double *, int, int, int, int, int)"
218893182829,11784,218893194613,665758,218893860371,122463,800005,125,125,4,cudaLaunchKernel,6104    1    1, 256    1    1,"<unnamed>::unpack_face_z(const double *, double *, int, int, int, int, int)"
218893196388,8275,218893204663,779835,218893984498,62144,850254,125,125,4,cudaLaunchKernel,12208    1    1, 256    1    1,"<unnamed>::step_kernel_boundary_x_faces(const double *, const double *, double *, const double *, const double *, int, int, int, int, int, int, int, double, double)"
218893205486,6828,218893212314,836728,218894049042,59840,903396,125,125,4,cudaLaunchKernel,12188    1    1, 256    1    1,"<unnamed>::step_kernel_boundary_y_faces(const double *, const double *, double *, const double *, const double *, int, int, int, int, int, int, int, double, double)"
218893209938,7990,218893217928,664055,218893881983,10208,682253,121,121,0,cudaLaunchKernel,6104    1    1, 256    1    1,"<unnamed>::unpack_face_y(const double *, double *, int, int, int, int, int)"
218893213021,6306,218893219327,891411,218894110738,725819,1623536,125,125,4,cudaLaunchKernel,12168    1    1, 256    1    1,"<unnamed>::step_kernel_boundary_z_faces(const double *, const double *, double *, const double *, const double *, int, int, int, int, int, int, int, double, double)"
218893241927,7869,218893249796,643643,218893893439,121407,772919,121,121,0,cudaLaunchKernel,6104    1    1, 256    1    1,"<unnamed>::unpack_face_z(const double *, double *, int, int, int, int, int)"
218893251888,7550,218893259438,757168,218894016606,63007,827725,121,121,0,cudaLaunchKernel,12208    1    1, 256    1    1,"<unnamed>::step_kernel_boundary_x_faces(const double *, const double *, double *, const double *, const double *, int, int, int, int, int, int, int, double, double)"
218893260437,5799,218893266236,814945,218894081181,59840,880584,121,121,0,cudaLaunchKernel,12188    1    1, 256    1    1,"<unnamed>::step_kernel_boundary_y_faces(const double *, const double *, double *, const double *, const double *, int, int, int, int, int, int, int, double, double)"
218893267254,5490,218893272744,869685,218894142429,726458,1601633,121,121,0,cudaLaunchKernel,12168    1    1, 256    1    1,"<unnamed>::step_kernel_boundary_z_faces(const double *, const double *, double *, const double *, const double *, int, int, int, int, int, int, int, double, double)"
218893275941,6563,218893282504,1555685,218894838189,14751,1576999,125,125,4,cudaLaunchKernel,6104    1    1, 256    1    1,"<unnamed>::pack_face_x(const double *, double *, int, int, int, int, int)"
218893283597,6322,218893289919,29502827,218922792746,10432,29519581,125,125,4,cudaLaunchKernel,6104    1    1, 256    1    1,"<unnamed>::pack_face_y(const double *, double *, int, int, int, int, int)"
218893290478,6915,218893297393,29507257,218922804650,61087,29575259,125,125,4,cudaLaunchKernel,6104    1    1, 256    1    1,"<unnamed>::pack_face_z(const double *, double *, int, int, int, int, int)"
218893316893,10467,218893327360,1518796,218894846156,27952030,29481293,125,125,4,cudaLaunchKernel,  39  312  312,  32    4    4,"<unnamed>::step_kernel_interior(const double *, const double *, double *, const double *, const double *, int, int, int, int, int, int, int, double, double)"
218893330751,7317,218893338068,29522647,218922860715,10112,29540076,121,121,0,cudaLaunchKernel,6104    1    1, 256    1    1,"<unnamed>::pack_face_x(const double *, double *, int, int, int, int, int)"
218893338827,6106,218893344933,29528230,218922873163,10336,29544672,121,121,0,cudaLaunchKernel,6104    1    1, 256    1    1,"<unnamed>::pack_face_y(const double *, double *, int, int, int, int, int)"
218893345384,5871,218893351255,29533396,218922884651,63327,29602594,121,121,0,cudaLaunchKernel,6104    1    1, 256    1    1,"<unnamed>::pack_face_z(const double *, double *, int, int, int, int, int)"
218893374289,7537,218893381826,1488693,218894870519,27996820,29493050,121,121,0,cudaLaunchKernel,  39  312  312,  32    4    4,"<unnamed>::step_kernel_interior(const double *, const double *, double *, const double *, const double *, int, int, int, int, int, int, int, double, double)"
218927818315,24772,218927843087,672765,218928515852,8608,706145,122,122,1,cudaLaunchKernel,6104    1    1, 256    1    1,"<unnamed>::unpack_face_x(const double *, double *, int, int, int, int, int)"
218927844371,5564,218927849935,676029,218928525964,10400,691993,122,122,1,cudaLaunchKernel,6104    1    1, 256    1    1,"<unnamed>::unpack_face_y(const double *, double *, int, int, int, int, int)"
218927850764,5483,218927856247,681653,218928537900,122207,809343,122,122,1,cudaLaunchKernel,6104    1    1, 256    1    1,"<unnamed>::unpack_face_z(const double *, double *, int, int, int, int, int)"
218927861380,6511,218927867891,793848,218928661739,62400,862759,122,122,1,cudaLaunchKernel,12208    1    1, 256    1    1,"<unnamed>::step_kernel_boundary_x_faces(const double *, const double *, double *, const double *, const double *, int, int, int, int, int, int, int, double, double)"
218927868556,4193,218927872749,853118,218928725867,60416,917727,122,122,1,cudaLaunchKernel,12188    1    1, 256    1    1,"<unnamed>::step_kernel_boundary_y_faces(const double *, const double *, double *, const double *, const double *, int, int, int, int, int, int, int, double, double)"
218927873551,5656,218927879207,908484,218928787691,721468,1635608,122,122,1,cudaLaunchKernel,12168    1    1, 256    1    1,"<unnamed>::step_kernel_boundary_z_faces(const double *, const double *, double *, const double *, const double *, int, int, int, int, int, int, int, double, double)"
218927936785,7340,218927944125,29540719,218957484844,10208,29558267,122,122,1,cudaLaunchKernel,6104    1    1, 256    1    1,"<unnamed>::pack_face_x(const double *, double *, int, int, int, int, int)"
218927945018,4393,218927949411,29547369,218957496780,10720,29562482,122,122,1,cudaLaunchKernel,6104    1    1, 256    1    1,"<unnamed>::pack_face_y(const double *, double *, int, int, int, int, int)"
218927949947,4580,218927954527,29554188,218957508715,63008,29621776,122,122,1,cudaLaunchKernel,6104    1    1, 256    1    1,"<unnamed>::pack_face_z(const double *, double *, int, int, int, int, int)"
218927966211,11225,218927977436,1533291,218929510727,27980293,29524809,122,122,1,cudaLaunchKernel,  39  312  312,  32    4    4,"<unnamed>::step_kernel_interior(const double *, const double *, double *, const double *, const double *, int, int, int, int, int, int, int, double, double)"
218929793858,18426,218929812284,667816,218930480100,8352,694594,134,134,7,cudaLaunchKernel,6104    1    1, 256    1    1,"<unnamed>::unpack_face_x(const double *, double *, int, int, int, int, int)"
218929813410,6592,218929820002,669890,218930489892,10208,686690,134,134,7,cudaLaunchKernel,6104    1    1, 256    1    1,"<unnamed>::unpack_face_y(const double *, double *, int, int, int, int, int)"
218929820723,6609,218929827332,674016,218930501348,120479,801104,134,134,7,cudaLaunchKernel,6104    1    1, 256    1    1,"<unnamed>::unpack_face_z(const double *, double *, int, int, int, int, int)"
218929833005,13942,218929846947,776416,218930623363,63455,853813,134,134,7,cudaLaunchKernel,12208    1    1, 256    1    1,"<unnamed>::step_kernel_boundary_x_faces(const double *, const double *, double *, const double *, const double *, int, int, int, int, int, int, int, double, double)"
218929848163,7287,218929855450,833224,218930688674,60223,900734,134,134,7,cudaLaunchKernel,12188    1    1, 256    1    1,"<unnamed>::step_kernel_boundary_y_faces(const double *, const double *, double *, const double *, const double *, int, int, int, int, int, int, int, double, double)"
218929856307,5041,218929861348,889725,218930751073,722839,1617605,134,134,7,cudaLaunchKernel,12168    1    1, 256    1    1,"<unnamed>::step_kernel_boundary_z_faces(const double *, const double *, double *, const double *, const double *, int, int, int, int, int, int, int, double, double)"
218929924272,12272,218929936544,1538648,218931475192,15008,1565928,134,134,7,cudaLaunchKernel,6104    1    1, 256    1    1,"<unnamed>::pack_face_x(const double *, double *, int, int, int, int, int)"
218929937461,6310,218929943771,29539627,218959483398,10272,29556209,134,134,7,cudaLaunchKernel,6104    1    1, 256    1    1,"<unnamed>::pack_face_y(const double *, double *, int, int, int, int, int)"
218929944236,9738,218929953974,29541328,218959495302,61919,29612985,134,134,7,cudaLaunchKernel,6104    1    1, 256    1    1,"<unnamed>::pack_face_z(const double *, double *, int, int, int, int, int)"
218930004726,8477,218930013203,1469637,218931482840,28006478,29484592,134,134,7,cudaLaunchKernel,  39  312  312,  32    4    4,"<unnamed>::step_kernel_interior(const double *, const double *, double *, const double *, const double *, int, int, int, int, int, int, int, double, double)"
218930298781,21658,218930320439,652641,218930973080,8128,682427,126,126,5,cudaLaunchKernel,6104    1    1, 256    1    1,"<unnamed>::unpack_face_x(const double *, double *, int, int, int, int, int)"
218930322048,7426,218930329474,652886,218930982360,10176,670488,126,126,5,cudaLaunchKernel,6104    1    1, 256    1    1,"<unnamed>::unpack_face_y(const double *, double *, int, int, int, int, int)"
218930329952,5332,218930335284,658404,218930993688,123294,787030,126,126,5,cudaLaunchKernel,6104    1    1, 256    1    1,"<unnamed>::unpack_face_z(const double *, double *, int, int, int, int, int)"
218930336580,5656,218930342236,776122,218931118358,62015,843793,126,126,5,cudaLaunchKernel,12208    1    1, 256    1    1,"<unnamed>::step_kernel_boundary_x_faces(const double *, const double *, double *, const double *, const double *, int, int, int, int, int, int, int, double, double)"
218930342910,11629,218930354539,827178,218931181717,60096,898903,126,126,5,cudaLaunchKernel,12188    1    1, 256    1    1,"<unnamed>::step_kernel_boundary_y_faces(const double *, const double *, double *, const double *, const double *, int, int, int, int, int, int, int, double, double)"
218930355619,12158,218930367777,875412,218931243189,725111,1612681,126,126,5,cudaLaunchKernel,12168    1    1, 256    1    1,"<unnamed>::step_kernel_boundary_z_faces(const double *, const double *, double *, const double *, const double *, int, int, int, int, int, int, int, double, double)"
218930418989,7507,218930426496,29543790,218959970286,10208,29561505,126,126,5,cudaLaunchKernel,6104    1    1, 256    1    1,"<unnamed>::pack_face_x(const double *, double *, int, int, int, int, int)"
218930427354,11950,218930439304,29542502,218959981806,10303,29564755,126,126,5,cudaLaunchKernel,6104    1    1, 256    1    1,"<unnamed>::pack_face_y(const double *, double *, int, int, int, int, int)"
218930440369,11075,218930451444,29541849,218959993293,63488,29616412,126,126,5,cudaLaunchKernel,6104    1    1, 256    1    1,"<unnamed>::pack_face_z(const double *, double *, int, int, int, int, int)"
218930469276,8426,218930477702,1492774,218931970476,28007394,29508594,126,126,5,cudaLaunchKernel,  39  312  312,  32    4    4,"<unnamed>::step_kernel_interior(const double *, const double *, double *, const double *, const double *, int, int, int, int, int, int, int, double, double)"
218931640036,29393,218931669429,1305772,218932975201,7935,1343100,123,123,2,cudaLaunchKernel,6104    1    1, 256    1    1,"<unnamed>::unpack_face_x(const double *, double *, int, int, int, int, int)"
218931658508,18840,218931677348,1312006,218932989354,8032,1338878,124,124,3,cudaLaunchKernel,6104    1    1, 256    1    1,"<unnamed>::unpack_face_x(const double *, double *, int, int, int, int, int)"
218931670819,6885,218931677704,1306584,218932984288,9856,1323325,123,123,2,cudaLaunchKernel,6104    1    1, 256    1    1,"<unnamed>::unpack_face_y(const double *, double *, int, int, int, int, int)"
218931678413,10614,218931689027,1306557,218932995584,122431,1439602,123,123,2,cudaLaunchKernel,6104    1    1, 256    1    1,"<unnamed>::unpack_face_z(const double *, double *, int, int, int, int, int)"
218931678582,9679,218931688261,1310341,218932998602,9920,1329940,124,124,3,cudaLaunchKernel,6104    1    1, 256    1    1,"<unnamed>::unpack_face_y(const double *, double *, int, int, int, int, int)"
218931689444,6150,218931695594,1314112,218933009706,121118,1441380,124,124,3,cudaLaunchKernel,6104    1    1, 256    1    1,"<unnamed>::unpack_face_z(const double *, double *, int, int, int, int, int)"
218931691305,5779,218931697084,1422979,218933120063,62847,1491605,123,123,2,cudaLaunchKernel,12208    1    1, 256    1    1,"<unnamed>::step_kernel_boundary_x_faces(const double *, const double *, double *, const double *, const double *, int, int, int, int, int, int, int, double, double)"
218931697026,4701,218931701727,1430825,218933132552,61376,1496902,124,124,3,cudaLaunchKernel,12208    1    1, 256    1    1,"<unnamed>::step_kernel_boundary_x_faces(const double *, const double *, double *, const double *, const double *, int, int, int, int, int, int, int, double, double)"
218931697616,7567,218931705183,1479135,218933184318,60479,1547181,123,123,2,cudaLaunchKernel,12188    1    1, 256    1    1,"<unnamed>::step_kernel_boundary_y_faces(const double *, const double *, double *, const double *, const double *, int, int, int, int, int, int, int, double, double)"
218931702197,12675,218931714872,1481264,218933196136,61375,1555314,124,124,3,cudaLaunchKernel,12188    1    1, 256    1    1,"<unnamed>::step_kernel_boundary_y_faces(const double *, const double *, double *, const double *, const double *, int, int, int, int, int, int, int, double, double)"
218931712390,11498,218931723888,1522637,218933246525,720696,2254831,123,123,2,cudaLaunchKernel,12168    1    1, 256    1    1,"<unnamed>::step_kernel_boundary_z_faces(const double *, const double *, double *, const double *, const double *, int, int, int, int, int, int, int, double, double)"
218931715956,11571,218931727527,1531392,218933258919,725754,2268717,124,124,3,cudaLaunchKernel,12168    1    1, 256    1    1,"<unnamed>::step_kernel_boundary_z_faces(const double *, const double *, double *, const double *, const double *, int, int, int, int, int, int, int, double, double)"
218931779984,8771,218931788755,2180034,218933968789,14560,2203365,123,123,2,cudaLaunchKernel,6104    1    1, 256    1    1,"<unnamed>::pack_face_x(const double *, double *, int, int, int, int, int)"
218931783640,8054,218931791694,30183380,218961975074,9888,30201322,124,124,3,cudaLaunchKernel,6104    1    1, 256    1    1,"<unnamed>::pack_face_x(const double *, double *, int, int, int, int, int)"
218931789330,4348,218931793678,30176985,218961970663,10400,30191733,123,123,2,cudaLaunchKernel,6104    1    1, 256    1    1,"<unnamed>::pack_face_y(const double *, double *, int, int, int, int, int)"
218931792500,4547,218931797047,30189227,218961986274,10176,30203950,124,124,3,cudaLaunchKernel,6104    1    1, 256    1    1,"<unnamed>::pack_face_y(const double *, double *, int, int, int, int, int)"
218931794146,4306,218931798452,30184371,218961982823,61920,30250597,123,123,2,cudaLaunchKernel,6104    1    1, 256    1    1,"<unnamed>::pack_face_z(const double *, double *, int, int, int, int, int)"
218931797537,4642,218931802179,30195423,218961997602,63456,30263521,124,124,3,cudaLaunchKernel,6104    1    1, 256    1    1,"<unnamed>::pack_face_z(const double *, double *, int, int, int, int, int)"
218931811587,13843,218931825430,2151071,218933976501,27999666,30164580,123,123,2,cudaLaunchKernel,  39  312  312,  32    4    4,"<unnamed>::step_kernel_interior(const double *, const double *, double *, const double *, const double *, int, int, int, int, int, int, int, double, double)"
218931820958,10929,218931831887,2154482,218933986369,27994369,30159780,124,124,3,cudaLaunchKernel,  39  312  312,  32    4    4,"<unnamed>::step_kernel_interior(const double *, const double *, double *, const double *, const double *, int, int, int, int, int, int, int, double, double)"
218933577034,29444,218933606478,652022,218934258500,8064,689530,133,133,6,cudaLaunchKernel,6104    1    1, 256    1    1,"<unnamed>::unpack_face_x(const double *, double *, int, int, int, int, int)"
218933608189,24638,218933632827,634761,218934267588,10783,670182,133,133,6,cudaLaunchKernel,6104    1    1, 256    1    1,"<unnamed>::unpack_face_y(const double *, double *, int, int, int, int, int)"
218933634281,7505,218933641786,637737,218934279523,122399,767641,133,133,6,cudaLaunchKernel,6104    1    1, 256    1    1,"<unnamed>::unpack_face_z(const double *, double *, int, int, int, int, int)"
218933638754,26855,218933665609,657201,218934322810,8064,692120,125,125,4,cudaLaunchKernel,6104    1    1, 256    1    1,"<unnamed>::unpack_face_x(const double *, double *, int, int, int, int, int)"
218933643636,5354,218933648990,754340,218934403330,61599,821293,133,133,6,cudaLaunchKernel,12208    1    1, 256    1    1,"<unnamed>::step_kernel_boundary_x_faces(const double *, const double *, double *, const double *, const double *, int, int, int, int, int, int, int, double, double)"
218933649874,5301,218933655175,811098,218934466273,61280,877679,133,133,6,cudaLaunchKernel,12188    1    1, 256    1    1,"<unnamed>::step_kernel_boundary_y_faces(const double *, const double *, double *, const double *, const double *, int, int, int, int, int, int, int, double, double)"
218933655799,9762,218933665561,863368,218934528929,720343,1593473,133,133,6,cudaLaunchKernel,12168    1    1, 256    1    1,"<unnamed>::step_kernel_boundary_z_faces(const double *, const double *, double *, const double *, const double *, int, int, int, int, int, int, int, double, double)"
218933666816,12664,218933679480,652834,218934332314,10208,675706,125,125,4,cudaLaunchKernel,6104    1    1, 256    1    1,"<unnamed>::unpack_face_y(const double *, double *, int, int, int, int, int)"
218933678250,21507,218933699757,700988,218934400745,8384,730879,121,121,0,cudaLaunchKernel,6104    1    1, 256    1    1,"<unnamed>::unpack_face_x(const double *, double *, int, int, int, int, int)"
218933681119,7565,218933688684,655310,218934343994,122111,784986,125,125,4,cudaLaunchKernel,6104    1    1, 256    1    1,"<unnamed>::unpack_face_z(const double *, double *, int, int, int, int, int)"
218933690273,6928,218933697201,771432,218934468633,62207,840567,125,125,4,cudaLaunchKernel,12208    1    1, 256    1    1,"<unnamed>::step_kernel_boundary_x_faces(const double *, const double *, double *, const double *, const double *, int, int, int, int, int, int, int, double, double)"
218933698009,5633,218933703642,828830,218934532472,60576,895039,125,125,4,cudaLaunchKernel,12188    1    1, 256    1    1,"<unnamed>::step_kernel_boundary_y_faces(const double *, const double *, double *, const double *, const double *, int, int, int, int, int, int, int, double, double)"
218933700603,16327,218933716930,693639,218934410569,9984,719950,121,121,0,cudaLaunchKernel,6104    1    1, 256    1    1,"<unnamed>::unpack_face_y(const double *, double *, int, int, int, int, int)"
218933704298,17470,218933721768,872912,218934594680,721307,1611689,125,125,4,cudaLaunchKernel,12168    1    1, 256    1    1,"<unnamed>::step_kernel_boundary_z_faces(const double *, const double *, double *, const double *, const double *, int, int, int, int, int, int, int, double, double)"
218933718459,7789,218933726248,695553,218934421801,123007,826349,121,121,0,cudaLaunchKernel,6104    1    1, 256    1    1,"<unnamed>::unpack_face_z(const double *, double *, int, int, int, int, int)"
218933728191,14331,218933742522,804078,218934546600,61504,879913,121,121,0,cudaLaunchKernel,12208    1    1, 256    1    1,"<unnamed>::step_kernel_boundary_x_faces(const double *, const double *, double *, const double *, const double *, int, int, int, int, int, int, int, double, double)"
218933737056,7428,218933744484,1506068,218935250552,14016,1527512,133,133,6,cudaLaunchKernel,6104    1    1, 256    1    1,"<unnamed>::pack_face_x(const double *, double *, int, int, int, int, int)"
218933743846,7201,218933751047,858561,218934609608,61439,927201,121,121,0,cudaLaunchKernel,12188    1    1, 256    1    1,"<unnamed>::step_kernel_boundary_y_faces(const double *, const double *, double *, const double *, const double *, int, int, int, int, int, int, int, double, double)"
218933745165,4341,218933749506,29496661,218963246167,10495,29511497,133,133,6,cudaLaunchKernel,6104    1    1, 256    1    1,"<unnamed>::pack_face_y(const double *, double *, int, int, int, int, int)"
218933750243,4584,218933754827,29503243,218963258070,61088,29568915,133,133,6,cudaLaunchKernel,6104    1    1, 256    1    1,"<unnamed>::pack_face_z(const double *, double *, int, int, int, int, int)"
218933751870,5852,218933757722,914765,218934672487,721402,1642019,121,121,0,cudaLaunchKernel,12168    1    1, 256    1    1,"<unnamed>::step_kernel_boundary_z_faces(const double *, const double *, double *, const double *, const double *, int, int, int, int, int, int, int, double, double)"
218933766881,7715,218933774596,1483540,218935258136,27993694,29484949,133,133,6,cudaLaunchKernel,  39  312  312,  32    4    4,"<unnamed>::step_kernel_interior(const double *, const double *, double *, const double *, const double *, int, int, int, int, int, int, int, double, double)"
218933779725,14838,218933794563,1522992,218935317555,14432,1552262,125,125,4,cudaLaunchKernel,6104    1    1, 256    1    1,"<unnamed>::pack_face_x(const double *, double *, int, int, int, int, int)"
218933795710,7409,218933803119,29449601,218963252720,10496,29467506,125,125,4,cudaLaunchKernel,6104    1    1, 256    1    1,"<unnamed>::pack_face_y(const double *, double *, int, int, int, int, int)"
218933803695,5685,218933809380,29455372,218963264752,61280,29522337,125,125,4,cudaLaunchKernel,6104    1    1, 256    1    1,"<unnamed>::pack_face_z(const double *, double *, int, int, int, int, int)"
218933815418,8057,218933823475,1572654,218935396129,14336,1595047,121,121,0,cudaLaunchKernel,6104    1    1, 256    1    1,"<unnamed>::pack_face_x(const double *, double *, int, int, int, int, int)"
218933824282,12184,218933836466,29557027,218963393493,10400,29579611,121,121,0,cudaLaunchKernel,6104    1    1, 256    1    1,"<unnamed>::pack_face_y(const double *, double *, int, int, int, int, int)"
218933828784,10749,218933839533,1485510,218935325043,27933565,29429824,125,125,4,cudaLaunchKernel,  39  312  312,  32    4    4,"<unnamed>::step_kernel_interior(const double *, const double *, double *, const double *, const double *, int, int, int, int, int, int, int, double, double)"
218933837383,5922,218933843305,29562284,218963405589,60831,29629037,121,121,0,cudaLaunchKernel,6104    1    1, 256    1    1,"<unnamed>::pack_face_z(const double *, double *, int, int, int, int, int)"
218933857285,6468,218933863753,1540088,218935403841,27995668,29542224,121,121,0,cudaLaunchKernel,  39  312  312,  32    4    4,"<unnamed>::step_kernel_interior(const double *, const double *, double *, const double *, const double *, int, int, int, int, int, int, int, double, double)"
218968783579,20080,218968803659,671326,218969474985,8160,699566,122,122,1,cudaLaunchKernel,6104    1    1, 256    1    1,"<unnamed>::unpack_face_x(const double *, double *, int, int, int, int, int)"
218968804945,5915,218968810860,673757,218969484617,10048,689720,122,122,1,cudaLaunchKernel,6104    1    1, 256    1    1,"<unnamed>::unpack_face_y(const double *, double *, int, int, int, int, int)"
218968811604,4844,218968816448,679721,218969496169,121951,806516,122,122,1,cudaLaunchKernel,6104    1    1, 256    1    1,"<unnamed>::unpack_face_z(const double *, double *, int, int, int, int, int)"
218968818016,4743,218968822759,797057,218969619816,62464,864264,122,122,1,cudaLaunchKernel,12208    1    1, 256    1    1,"<unnamed>::step_kernel_boundary_x_faces(const double *, const double *, double *, const double *, const double *, int, int, int, int, int, int, int, double, double)"
218968826714,6470,218968833184,850504,218969683688,60544,917518,122,122,1,cudaLaunchKernel,12188    1    1, 256    1    1,"<unnamed>::step_kernel_boundary_y_faces(const double *, const double *, double *, const double *, const double *, int, int, int, int, int, int, int, double, double)"
218968833983,5258,218968839241,906751,218969745992,710716,1622725,122,122,1,cudaLaunchKernel,12168    1    1, 256    1    1,"<unnamed>::step_kernel_boundary_z_faces(const double *, const double *, double *, const double *, const double *, int, int, int, int, int, int, int, double, double)"
218968921107,6006,218968927113,1531291,218970458404,14560,1551857,122,122,1,cudaLaunchKernel,6104    1    1, 256    1    1,"<unnamed>::pack_face_x(const double *, double *, int, int, int, int, int)"
218968927681,10548,218968938229,29502516,218998440745,10848,29523912,122,122,1,cudaLaunchKernel,6104    1    1, 256    1    1,"<unnamed>::pack_face_y(const double *, double *, int, int, int, int, int)"
218968939027,9396,218968948423,29504994,218998453417,62111,29576501,122,122,1,cudaLaunchKernel,6104    1    1, 256    1    1,"<unnamed>::pack_face_z(const double *, double *, int, int, int, int, int)"
218968960522,11088,218968971610,1495338,218970466948,27979397,29485823,122,122,1,cudaLaunchKernel,  39  312  312,  32    4    4,"<unnamed>::step_kernel_interior(const double *, const double *, double *, const double *, const double *, int, int, int, int, int, int, int, double, double)"
218970285471,22794,218970308265,657778,218970966043,8160,688732,134,134,7,cudaLaunchKernel,6104    1    1, 256    1    1,"<unnamed>::unpack_face_x(const double *, double *, int, int, int, int, int)"
218970309661,7056,218970316717,658926,218970975643,9824,675806,134,134,7,cudaLaunchKernel,6104    1    1, 256    1    1,"<unnamed>::unpack_face_y(const double *, double *, int, int, int, int, int)"
218970317420,10903,218970328323,658264,218970986587,122975,792142,134,134,7,cudaLaunchKernel,6104    1    1, 256    1    1,"<unnamed>::unpack_face_z(const double *, double *, int, int, int, int, int)"
218970329860,12758,218970342618,768352,218971110970,62303,843413,134,134,7,cudaLaunchKernel,12208    1    1, 256    1    1,"<unnamed>::step_kernel_boundary_x_faces(const double *, const double *, double *, const double *, const double *, int, int, int, int, int, int, int, double, double)"
218970343616,8954,218970352570,821951,218971174521,60287,891192,134,134,7,cudaLaunchKernel,12188    1    1, 256    1    1,"<unnamed>::step_kernel_boundary_y_faces(const double *, const double *, double *, const double *, const double *, int, int, int, int, int, int, int, double, double)"
218970353208,19736,218970372944,863208,218971236152,726103,1609047,134,134,7,cudaLaunchKernel,12168    1    1, 256    1    1,"<unnamed>::step_kernel_boundary_z_faces(const double *, const double *, double *, const double *, const double *, int, int, int, int, int, int, int, double, double)"
218970433862,8986,218970442848,29514557,218999957405,10240,29533783,134,134,7,cudaLaunchKernel,6104    1    1, 256    1    1,"<unnamed>::pack_face_x(const double *, double *, int, int, int, int, int)"
218970443322,5532,218970448854,29520551,218999969405,10496,29536579,134,134,7,cudaLaunchKernel,6104    1    1, 256    1    1,"<unnamed>::pack_face_y(const double *, double *, int, int, int, int, int)"
218970449351,5437,218970454788,29526329,218999981117,64095,29595861,134,134,7,cudaLaunchKernel,6104    1    1, 256    1    1,"<unnamed>::pack_face_z(const double *, double *, int, int, int, int, int)"
218970471746,6488,218970478234,1485429,218971963663,27999822,29491739,134,134,7,cudaLaunchKernel,  39  312  312,  32    4    4,"<unnamed>::step_kernel_interior(const double *, const double *, double *, const double *, const double *, int, int, int, int, int, int, int, double, double)"
218970661428,15037,218970676465,666267,218971342732,8192,689496,126,126,5,cudaLaunchKernel,6104    1    1, 256    1    1,"<unnamed>::unpack_face_x(const double *, double *, int, int, int, int, int)"
218970680476,8104,218970688580,663400,218971351980,10016,681520,126,126,5,cudaLaunchKernel,6104    1    1, 256    1    1,"<unnamed>::unpack_face_y(const double *, double *, int, int, int, int, int)"
218970689260,5505,218970694765,668351,218971363116,124159,798015,126,126,5,cudaLaunchKernel,6104    1    1, 256    1    1,"<unnamed>::unpack_face_z(const double *, double *, int, int, int, int, int)"
218970696050,16441,218970712491,776096,218971488587,63103,855640,126,126,5,cudaLaunchKernel,12208    1    1, 256    1    1,"<unnamed>::step_kernel_boundary_x_faces(const double *, const double *, double *, const double *, const double *, int, int, int, int, int, int, int, double, double)"
218970713426,5497,218970718923,834047,218971552970,60351,899895,126,126,5,cudaLaunchKernel,12188    1    1, 256    1    1,"<unnamed>::step_kernel_boundary_y_faces(const double *, const double *, double *, const double *, const double *, int, int, int, int, int, int, int, double, double)"
218970719459,5988,218970725447,889186,218971614633,727320,1622494,126,126,5,cudaLaunchKernel,12168    1    1, 256    1    1,"<unnamed>::step_kernel_boundary_z_faces(const double *, const double *, double *, const double *, const double *, int, int, int, int, int, int, int, double, double)"
218970790911,7658,218970798569,1544664,218972343233,13952,1566274,126,126,5,cudaLaunchKernel,6104    1    1, 256    1    1,"<unnamed>::pack_face_x(const double *, double *, int, int, int, int, int)"
218970799417,5687,218970805104,29532466,219000337570,10560,29548713,126,126,5,cudaLaunchKernel,6104    1    1, 256    1    1,"<unnamed>::pack_face_y(const double *, double *, int, int, int, int, int)"
218970805738,4894,218970810632,29538874,219000349506,62431,29606199,126,126,5,cudaLaunchKernel,6104    1    1, 256    1    1,"<unnamed>::pack_face_z(const double *, double *, int, int, int, int, int)"
218970820777,13982,218970834759,1516026,218972350785,27993793,29523801,126,126,5,cudaLaunchKernel,  39  312  312,  32    4    4,"<unnamed>::step_kernel_interior(const double *, const double *, double *, const double *, const double *, int, int, int, int, int, int, int, double, double)"
218972384593,23935,218972408528,1310376,218973718904,8480,1342791,124,124,3,cudaLaunchKernel,6104    1    1, 256    1    1,"<unnamed>::unpack_face_x(const double *, double *, int, int, int, int, int)"
218972389404,29485,218972418889,1309298,218973728187,8064,1346847,123,123,2,cudaLaunchKernel,6104    1    1, 256    1    1,"<unnamed>::unpack_face_x(const double *, double *, int, int, int, int, int)"
218972409961,5989,218972415950,1312650,218973728600,9920,1328559,124,124,3,cudaLaunchKernel,6104    1    1, 256    1    1,"<unnamed>::unpack_face_y(const double *, double *, int, int, int, int, int)"
218972416723,5142,218972421865,1317775,218973739640,122495,1445412,124,124,3,cudaLaunchKernel,6104    1    1, 256    1    1,"<unnamed>::unpack_face_z(const double *, double *, int, int, int, int, int)"
218972420612,6812,218972427424,1310267,218973737691,10016,1327095,123,123,2,cudaLaunchKernel,6104    1    1, 256    1    1,"<unnamed>::unpack_face_y(const double *, double *, int, int, int, int, int)"
218972423181,5177,218972428358,1435089,218973863447,62303,1502569,124,124,3,cudaLaunchKernel,12208    1    1, 256    1    1,"<unnamed>::step_kernel_boundary_x_faces(const double *, const double *, double *, const double *, const double *, int, int, int, int, int, int, int, double, double)"
218972428280,6677,218972434957,1314190,218973749147,121983,1442850,123,123,2,cudaLaunchKernel,6104    1    1, 256    1    1,"<unnamed>::unpack_face_z(const double *, double *, int, int, int, int, int)"
218972428856,4123,218972432979,1494083,218973927062,61631,1559837,124,124,3,cudaLaunchKernel,12188    1    1, 256    1    1,"<unnamed>::step_kernel_boundary_y_faces(const double *, const double *, double *, const double *, const double *, int, int, int, int, int, int, int, double, double)"
218972433499,5720,218972439219,1550914,218973990133,720634,2277268,124,124,3,cudaLaunchKernel,12168    1    1, 256    1    1,"<unnamed>::step_kernel_boundary_z_faces(const double *, const double *, double *, const double *, const double *, int, int, int, int, int, int, int, double, double)"
218972436831,5526,218972442357,1430373,218973872730,62623,1498522,123,123,2,cudaLaunchKernel,12208    1    1, 256    1    1,"<unnamed>::step_kernel_boundary_x_faces(const double *, const double *, double *, const double *, const double *, int, int, int, int, int, int, int, double, double)"
218972442839,5481,218972448320,1488825,218973937145,61087,1555393,123,123,2,cudaLaunchKernel,12188    1    1, 256    1    1,"<unnamed>::step_kernel_boundary_y_faces(const double *, const double *, double *, const double *, const double *, int, int, int, int, int, int, int, double, double)"
218972449063,6129,218972455192,1544416,218973999608,724248,2274793,123,123,2,cudaLaunchKernel,12168    1    1, 256    1    1,"<unnamed>::step_kernel_boundary_z_faces(const double *, const double *, double *, const double *, const double *, int, int, int, int, int, int, int, double, double)"
218972509016,7468,218972516484,30186477,219002702961,11104,30205049,124,124,3,cudaLaunchKernel,6104    1    1, 256    1    1,"<unnamed>::pack_face_x(const double *, double *, int, int, int, int, int)"
218972517253,9949,218972527202,30188399,219002715601,10431,30208779,124,124,3,cudaLaunchKernel,6104    1    1, 256    1    1,"<unnamed>::pack_face_y(const double *, double *, int, int, int, int, int)"
218972517582,11549,218972529131,30175287,219002704418,10208,30197044,123,123,2,cudaLaunchKernel,6104    1    1, 256    1    1,"<unnamed>::pack_face_x(const double *, double *, int, int, int, int, int)"
218972528083,9631,218972537714,30189534,219002727248,62432,30261597,124,124,3,cudaLaunchKernel,6104    1    1, 256    1    1,"<unnamed>::pack_face_z(const double *, double *, int, int, int, int, int)"
218972530181,14683,218972544864,30171650,219002716514,10336,30196669,123,123,2,cudaLaunchKernel,6104    1    1, 256    1    1,"<unnamed>::pack_face_y(const double *, double *, int, int, int, int, int)"
218972546510,6844,218972553354,30174712,219002728066,64223,30245779,123,123,2,cudaLaunchKernel,6104    1    1, 256    1    1,"<unnamed>::pack_face_z(const double *, double *, int, int, int, int, int)"
218972558975,7647,218972566622,2145745,218974712367,27998210,30151602,124,124,3,cudaLaunchKernel,  39  312  312,  32    4    4,"<unnamed>::step_kernel_interior(const double *, const double *, double *, const double *, const double *, int, int, int, int, int, int, int, double, double)"
218972568715,14145,218972582860,2142564,218974725424,27985778,30142487,123,123,2,cudaLaunchKernel,  39  312  312,  32    4    4,"<unnamed>::step_kernel_interior(const double *, const double *, double *, const double *, const double *, int, int, int, int, int, int, int, double, double)"
218973762019,17976,218973779995,661211,218974441206,8352,687539,133,133,6,cudaLaunchKernel,6104    1    1, 256    1    1,"<unnamed>::unpack_face_x(const double *, double *, int, int, int, int, int)"
218973781231,4873,218973786104,664574,218974450678,9856,679303,133,133,6,cudaLaunchKernel,6104    1    1, 256    1    1,"<unnamed>::unpack_face_y(const double *, double *, int, int, int, int, int)"
218973787239,9697,218973796936,664846,218974461782,122078,796621,133,133,6,cudaLaunchKernel,6104    1    1, 256    1    1,"<unnamed>::unpack_face_z(const double *, double *, int, int, int, int, int)"
218973798792,6591,218973805383,780173,218974585556,62495,849259,133,133,6,cudaLaunchKernel,12208    1    1, 256    1    1,"<unnamed>::step_kernel_boundary_x_faces(const double *, const double *, double *, const double *, const double *, int, int, int, int, int, int, int, double, double)"
218973806001,4934,218973810935,838428,218974649363,60352,903714,133,133,6,cudaLaunchKernel,12188    1    1, 256    1    1,"<unnamed>::step_kernel_boundary_y_faces(const double *, const double *, double *, const double *, const double *, int, int, int, int, int, int, int, double, double)"
218973811645,5774,218973817419,893736,218974711155,720183,1619693,133,133,6,cudaLaunchKernel,12168    1    1, 256    1    1,"<unnamed>::step_kernel_boundary_z_faces(const double *, const double *, double *, const double *, const double *, int, int, int, int, int, int, int, double, double)"
218973872299,9865,218973882164,1550550,218975432714,13760,1574175,133,133,6,cudaLaunchKernel,6104    1    1, 256    1    1,"<unnamed>::pack_face_x(const double *, double *, int, int, int, int, int)"
218973883280,6015,218973889295,29553946,219003443241,10719,29570680,133,133,6,cudaLaunchKernel,6104    1    1, 256    1    1,"<unnamed>::pack_face_y(const double *, double *, int, int, int, int, int)"
218973889772,4474,218973894246,29561186,219003455432,62080,29627740,133,133,6,cudaLaunchKernel,6104    1    1, 256    1    1,"<unnamed>::pack_face_z(const double *, double *, int, int, int, int, int)"
218973906884,9036,218973915920,1524634,218975440554,28008958,29542628,133,133,6,cudaLaunchKernel,  39  312  312,  32    4    4,"<unnamed>::step_kernel_interior(const double *, const double *, double *, const double *, const double *, int, int, int, int, int, int, int, double, double)"
218974056564,25795,218974082359,660329,218974742688,8352,694476,125,125,4,cudaLaunchKernel,6104    1    1, 256    1    1,"<unnamed>::unpack_face_x(const double *, double *, int, int, int, int, int)"
218974083754,7852,218974091606,660618,218974752224,10784,679254,125,125,4,cudaLaunchKernel,6104    1    1, 256    1    1,"<unnamed>::unpack_face_y(const double *, double *, int, int, int, int, int)"
218974092454,11694,218974104148,660300,218974764448,121695,793689,125,125,4,cudaLaunchKernel,6104    1    1, 256    1    1,"<unnamed>::unpack_face_z(const double *, double *, int, int, int, int, int)"
218974105103,24635,218974129738,666763,218974796501,8192,699590,121,121,0,cudaLaunchKernel,6104    1    1, 256    1    1,"<unnamed>::unpack_face_x(const double *, double *, int, int, int, int, int)"
218974106176,13442,218974119618,767901,218974887519,61888,843231,125,125,4,cudaLaunchKernel,12208    1    1, 256    1    1,"<unnamed>::step_kernel_boundary_x_faces(const double *, const double *, double *, const double *, const double *, int, int, int, int, int, int, int, double, double)"
218974120611,6470,218974127081,824022,218974951103,61503,891995,125,125,4,cudaLaunchKernel,12188    1    1, 256    1    1,"<unnamed>::step_kernel_boundary_y_faces(const double *, const double *, double *, const double *, const double *, int, int, int, int, int, int, int, double, double)"
218974127830,8533,218974136363,877651,218975014014,720379,1606563,125,125,4,cudaLaunchKernel,12168    1    1, 256    1    1,"<unnamed>::step_kernel_boundary_z_faces(const double *, const double *, double *, const double *, const double *, int, int, int, int, int, int, int, double, double)"
218974130945,6847,218974137792,668373,218974806165,10304,685524,121,121,0,cudaLaunchKernel,6104    1    1, 256    1    1,"<unnamed>::unpack_face_y(const double *, double *, int, int, int, int, int)"
218974138693,6428,218974145121,672596,218974817717,122495,801519,121,121,0,cudaLaunchKernel,6104    1    1, 256    1    1,"<unnamed>::unpack_face_z(const double *, double *, int, int, int, int, int)"
218974146464,6539,218974153003,788840,218974941843,62272,857651,121,121,0,cudaLaunchKernel,12208    1    1, 256    1    1,"<unnamed>::step_kernel_boundary_x_faces(const double *, const double *, double *, const double *, const double *, int, int, int, int, int, int, int, double, double)"
218974153729,5550,218974159279,846628,218975005907,60447,912625,121,121,0,cudaLaunchKernel,12188    1    1, 256    1    1,"<unnamed>::step_kernel_boundary_y_faces(const double *, const double *, double *, const double *, const double *, int, int, int, int, int, int, int, double, double)"
218974160062,5658,218974165720,902362,218975068082,721178,1629198,121,121,0,cudaLaunchKernel,12168    1    1, 256    1    1,"<unnamed>::step_kernel_boundary_z_faces(const double *, const double *, double *, const double *, const double *, int, int, int, int, int, int, int, double, double)"
218974187303,5167,218974192470,29472257,219003664727,10176,29487600,125,125,4,cudaLaunchKernel,6104    1    1, 256    1    1,"<unnamed>::pack_face_x(const double *, double *, int, int, int, int, int)"
218974193100,7542,218974200642,29475989,219003676631,10464,29493995,125,125,4,cudaLaunchKernel,6104    1    1, 256    1    1,"<unnamed>::pack_face_y(const double *, double *, int, int, int, int, int)"
218974201075,10480,218974211555,29476724,219003688279,63679,29550883,125,125,4,cudaLaunchKernel,6104    1    1, 256    1    1,"<unnamed>::pack_face_z(const double *, double *, int, int, int, int, int)"
218974223219,11702,218974234921,29547959,219003782880,10144,29569805,121,121,0,cudaLaunchKernel,6104    1    1, 256    1    1,"<unnamed>::pack_face_x(const double *, double *, int, int, int, int, int)"
218974223943,13039,218974236982,1499299,218975736281,27935166,29447504,125,125,4,cudaLaunchKernel,  39  312  312,  32    4    4,"<unnamed>::step_kernel_interior(const double *, const double *, double *, const double *, const double *, int, int, int, int, int, int, int, double, double)"
218974235943,7387,218974243330,29551454,219003794784,10304,29569145,121,121,0,cudaLaunchKernel,6104    1    1, 256    1    1,"<unnamed>::pack_face_y(const double *, double *, int, int, int, int, int)"
218974243745,6654,218974250399,29556097,219003806496,63168,29625919,121,121,0,cudaLaunchKernel,6104    1    1, 256    1    1,"<unnamed>::pack_face_z(const double *, double *, int, int, int, int, int)"
218974266667,6076,218974272743,1518053,218975790796,27998612,29522741,121,121,0,cudaLaunchKernel,  39  312  312,  32    4    4,"<unnamed>::step_kernel_interior(const double *, const double *, double *, const double *, const double *, int, int, int, int, int, int, int, double, double)"
219008990538,20943,219009011481,665919,219009677400,8032,694894,126,126,5,cudaLaunchKernel,6104    1    1, 256    1    1,"<unnamed>::unpack_face_x(const double *, double *, int, int, int, int, int)"
219009012601,32139,219009044740,641908,219009686648,10175,684222,126,126,5,cudaLaunchKernel,6104    1    1, 256    1    1,"<unnamed>::unpack_face_y(const double *, double *, int, int, int, int, int)"
219009046316,8116,219009054432,643447,219009697879,120863,772426,126,126,5,cudaLaunchKernel,6104    1    1, 256    1    1,"<unnamed>::unpack_face_z(const double *, double *, int, int, int, int, int)"
219009055805,6342,219009062147,758163,219009820310,61887,826392,126,126,5,cudaLaunchKernel,12208    1    1, 256    1    1,"<unnamed>::step_kernel_boundary_x_faces(const double *, const double *, double *, const double *, const double *, int, int, int, int, int, int, int, double, double)"
219009062597,10354,219009072951,811038,219009883989,59776,881168,126,126,5,cudaLaunchKernel,12188    1    1, 256    1    1,"<unnamed>::step_kernel_boundary_y_faces(const double *, const double *, double *, const double *, const double *, int, int, int, int, int, int, int, double, double)"
219009073964,5765,219009079729,865316,219009945045,720119,1591200,126,126,5,cudaLaunchKernel,12168    1    1, 256    1    1,"<unnamed>::step_kernel_boundary_z_faces(const double *, const double *, double *, const double *, const double *, int, int, int, int, int, int, int, double, double)"
219009124410,5819,219009130229,29532505,219038662734,10272,29548596,126,126,5,cudaLaunchKernel,6104    1    1, 256    1    1,"<unnamed>::pack_face_x(const double *, double *, int, int, int, int, int)"
219009134659,7310,219009141969,29533373,219038675342,10335,29551018,126,126,5,cudaLaunchKernel,6104    1    1, 256    1    1,"<unnamed>::pack_face_y(const double *, double *, int, int, int, int, int)"
219009142462,4805,219009147267,29539498,219038686765,62944,29607247,126,126,5,cudaLaunchKernel,6104    1    1, 256    1    1,"<unnamed>::pack_face_z(const double *, double *, int, int, int, int, int)"
219009161795,12324,219009174119,1492517,219010666636,28003042,29507883,126,126,5,cudaLaunchKernel,  39  312  312,  32    4    4,"<unnamed>::step_kernel_interior(const double *, const double *, double *, const double *, const double *, int, int, int, int, int, int, int, double, double)"
219009466689,12943,219009479632,684504,219010164136,8256,705703,122,122,1,cudaLaunchKernel,6104    1    1, 256    1    1,"<unnamed>::unpack_face_x(const double *, double *, int, int, int, int, int)"
219009480459,5838,219009486297,687599,219010173896,10400,703837,122,122,1,cudaLaunchKernel,6104    1    1, 256    1    1,"<unnamed>::unpack_face_y(const double *, double *, int, int, int, int, int)"
219009487145,4180,219009491325,694155,219010185480,122335,820670,122,122,1,cudaLaunchKernel,6104    1    1, 256    1    1,"<unnamed>::unpack_face_z(const double *, double *, int, int, int, int, int)"
219009492376,5113,219009497489,811862,219010309351,62592,879567,122,122,1,cudaLaunchKernel,12208    1    1, 256    1    1,"<unnamed>::step_kernel_boundary_x_faces(const double *, const double *, double *, const double *, const double *, int, int, int, int, int, int, int, double, double)"
219009498044,3787,219009501831,871968,219010373799,61567,937322,122,122,1,cudaLaunchKernel,12188    1    1, 256    1    1,"<unnamed>::step_kernel_boundary_y_faces(const double *, const double *, double *, const double *, const double *, int, int, int, int, int, int, int, double, double)"
219009502376,4086,219009506462,930472,219010436934,717756,1652314,122,122,1,cudaLaunchKernel,12168    1    1, 256    1    1,"<unnamed>::step_kernel_boundary_z_faces(const double *, const double *, double *, const double *, const double *, int, int, int, int, int, int, int, double, double)"
219009565746,6979,219009572725,1583693,219011156418,15680,1606352,122,122,1,cudaLaunchKernel,6104    1    1, 256    1    1,"<unnamed>::pack_face_x(const double *, double *, int, int, int, int, int)"
219009573546,4224,219009577770,29574173,219039151943,10944,29589341,122,122,1,cudaLaunchKernel,6104    1    1, 256    1    1,"<unnamed>::pack_face_y(const double *, double *, int, int, int, int, int)"
219009578253,4164,219009582417,29582038,219039164455,61760,29647962,122,122,1,cudaLaunchKernel,6104    1    1, 256    1    1,"<unnamed>::pack_face_z(const double *, double *, int, int, int, int, int)"
219009593751,10005,219009603756,1560886,219011164642,27993477,29564368,122,122,1,cudaLaunchKernel,  39  312  312,  32    4    4,"<unnamed>::step_kernel_interior(const double *, const double *, double *, const double *, const double *, int, int, int, int, int, int, int, double, double)"
219012595229,18996,219012614225,1003472,219013617697,7967,1030435,123,123,2,cudaLaunchKernel,6104    1    1, 256    1    1,"<unnamed>::unpack_face_x(const double *, double *, int, int, int, int, int)"
219012615107,5705,219012620812,1006708,219013627520,9824,1022237,123,123,2,cudaLaunchKernel,6104    1    1, 256    1    1,"<unnamed>::unpack_face_y(const double *, double *, int, int, int, int, int)"
219012621459,5254,219012626713,1011751,219013638464,122175,1139180,123,123,2,cudaLaunchKernel,6104    1    1, 256    1    1,"<unnamed>::unpack_face_z(const double *, double *, int, int, int, int, int)"
219012628308,6798,219012635106,1127325,219013762431,63071,1197194,123,123,2,cudaLaunchKernel,12208    1    1, 256    1    1,"<unnamed>::step_kernel_boundary_x_faces(const double *, const double *, double *, const double *, const double *, int, int, int, int, int, int, int, double, double)"
219012635666,6125,219012641791,1185439,219013827230,61183,1252747,123,123,2,cudaLaunchKernel,12188    1    1, 256    1    1,"<unnamed>::step_kernel_boundary_y_faces(const double *, const double *, double *, const double *, const double *, int, int, int, int, int, int, int, double, double)"
219012642523,5751,219012648274,1241739,219013890013,728088,1975578,123,123,2,cudaLaunchKernel,12168    1    1, 256    1    1,"<unnamed>::step_kernel_boundary_z_faces(const double *, const double *, double *, const double *, const double *, int, int, int, int, int, int, int, double, double)"
219012704110,22534,219012726644,1892961,219014619605,14111,1929606,123,123,2,cudaLaunchKernel,6104    1    1, 256    1    1,"<unnamed>::pack_face_x(const double *, double *, int, int, int, int, int)"
219012727599,5008,219012732607,29892776,219042625383,10560,29908344,123,123,2,cudaLaunchKernel,6104    1    1, 256    1    1,"<unnamed>::pack_face_y(const double *, double *, int, int, int, int, int)"
219012733341,5852,219012739193,29898510,219042637703,61055,29965417,123,123,2,cudaLaunchKernel,6104    1    1, 256    1    1,"<unnamed>::pack_face_z(const double *, double *, int, int, int, int, int)"
219012750882,5341,219012756223,1870934,219014627157,28004178,29880453,123,123,2,cudaLaunchKernel,  39  312  312,  32    4    4,"<unnamed>::step_kernel_interior(const double *, const double *, double *, const double *, const double *, int, int, int, int, int, int, int, double, double)"
219012914908,20622,219012935530,908332,219013843862,8128,937082,134,134,7,cudaLaunchKernel,6104    1    1, 256    1    1,"<unnamed>::unpack_face_x(const double *, double *, int, int, int, int, int)"
219012936056,16068,219012952124,1003630,219013955754,8288,1027986,124,124,3,cudaLaunchKernel,6104    1    1, 256    1    1,"<unnamed>::unpack_face_x(const double *, double *, int, int, int, int, int)"
219012936848,12755,219012949603,903507,219013853110,10304,926566,134,134,7,cudaLaunchKernel,6104    1    1, 256    1    1,"<unnamed>::unpack_face_y(const double *, double *, int, int, int, int, int)"
219012950312,5701,219012956013,908745,219013864758,121726,1036172,134,134,7,cudaLaunchKernel,6104    1    1, 256    1    1,"<unnamed>::unpack_face_z(const double *, double *, int, int, int, int, int)"
219012953292,4773,219012958065,1007161,219013965226,10464,1022398,124,124,3,cudaLaunchKernel,6104    1    1, 256    1    1,"<unnamed>::unpack_face_y(const double *, double *, int, int, int, int, int)"
219012957440,6648,219012964088,1023996,219013988084,63007,1093651,134,134,7,cudaLaunchKernel,12208    1    1, 256    1    1,"<unnamed>::step_kernel_boundary_x_faces(const double *, const double *, double *, const double *, const double *, int, int, int, int, int, int, int, double, double)"
219012958836,4281,219012963117,1013661,219013976778,121759,1139701,124,124,3,cudaLaunchKernel,6104    1    1, 256    1    1,"<unnamed>::unpack_face_z(const double *, double *, int, int, int, int, int)"
219012964478,5748,219012970226,1129847,219014100073,62880,1198475,124,124,3,cudaLaunchKernel,12208    1    1, 256    1    1,"<unnamed>::step_kernel_boundary_x_faces(const double *, const double *, double *, const double *, const double *, int, int, int, int, int, int, int, double, double)"
219012964729,6862,219012971591,1080812,219014052403,61504,1149178,134,134,7,cudaLaunchKernel,12188    1    1, 256    1    1,"<unnamed>::step_kernel_boundary_y_faces(const double *, const double *, double *, const double *, const double *, int, int, int, int, int, int, int, double, double)"
219012970703,5146,219012975849,1188544,219014164393,60383,1254073,124,124,3,cudaLaunchKernel,12188    1    1, 256    1    1,"<unnamed>::step_kernel_boundary_y_faces(const double *, const double *, double *, const double *, const double *, int, int, int, int, int, int, int, double, double)"
219012972085,6998,219012979083,1139047,219014118130,727704,1873749,134,134,7,cudaLaunchKernel,12168    1    1, 256    1    1,"<unnamed>::step_kernel_boundary_z_faces(const double *, const double *, double *, const double *, const double *, int, int, int, int, int, int, int, double, double)"
219012976425,4763,219012981188,1245668,219014226856,729113,1979544,124,124,3,cudaLaunchKernel,12168    1    1, 256    1    1,"<unnamed>::step_kernel_boundary_z_faces(const double *, const double *, double *, const double *, const double *, int, int, int, int, int, int, int, double, double)"
219013025932,7300,219013033232,1814810,219014848042,14623,1836733,134,134,7,cudaLaunchKernel,6104    1    1, 256    1    1,"<unnamed>::pack_face_x(const double *, double *, int, int, int, int, int)"
219013028696,6125,219013034821,29908126,219042942947,10048,29924299,124,124,3,cudaLaunchKernel,6104    1    1, 256    1    1,"<unnamed>::pack_face_x(const double *, double *, int, int, int, int, int)"
219013034004,5228,219013039232,29799320,219042838552,11808,29816356,134,134,7,cudaLaunchKernel,6104    1    1, 256    1    1,"<unnamed>::pack_face_y(const double *, double *, int, int, int, int, int)"
219013035769,4312,219013040081,29915570,219042955651,10464,29930346,124,124,3,cudaLaunchKernel,6104    1    1, 256    1    1,"<unnamed>::pack_face_y(const double *, double *, int, int, int, int, int)"
219013039912,5518,219013045430,29806434,219042851864,60799,29872751,134,134,7,cudaLaunchKernel,6104    1    1, 256    1    1,"<unnamed>::pack_face_z(const double *, double *, int, int, int, int, int)"
219013040552,4602,219013045154,29922049,219042967203,64095,29990746,124,124,3,cudaLaunchKernel,6104    1    1, 256    1    1,"<unnamed>::pack_face_z(const double *, double *, int, int, int, int, int)"
219013056869,11780,219013068649,1888824,219014957473,27991970,29892574,124,124,3,cudaLaunchKernel,  39  312  312,  32    4    4,"<unnamed>::step_kernel_interior(const double *, const double *, double *, const double *, const double *, int, int, int, int, int, int, int, double, double)"
219013058097,11729,219013069826,1785832,219014855658,27988302,29785863,134,134,7,cudaLaunchKernel,  39  312  312,  32    4    4,"<unnamed>::step_kernel_interior(const double *, const double *, double *, const double *, const double *, int, int, int, int, int, int, int, double, double)"
219013336330,30848,219013367178,903842,219014271020,8160,942850,133,133,6,cudaLaunchKernel,6104    1    1, 256    1    1,"<unnamed>::unpack_face_x(const double *, double *, int, int, int, int, int)"
219013368726,6828,219013375554,904810,219014280364,10144,921782,133,133,6,cudaLaunchKernel,6104    1    1, 256    1    1,"<unnamed>::unpack_face_y(const double *, double *, int, int, int, int, int)"
219013376746,5275,219013382021,909543,219014291564,120991,1035809,133,133,6,cudaLaunchKernel,6104    1    1, 256    1    1,"<unnamed>::unpack_face_z(const double *, double *, int, int, int, int, int)"
219013387410,7899,219013395309,1018845,219014414154,62144,1088888,133,133,6,cudaLaunchKernel,12208    1    1, 256    1    1,"<unnamed>::step_kernel_boundary_x_faces(const double *, const double *, double *, const double *, const double *, int, int, int, int, int, int, int, double, double)"
219013396130,4766,219013400896,1076682,219014477578,61055,1142503,133,133,6,cudaLaunchKernel,12188    1    1, 256    1    1,"<unnamed>::step_kernel_boundary_y_faces(const double *, const double *, double *, const double *, const double *, int, int, int, int, int, int, int, double, double)"
219013401595,4926,219013406521,1133584,219014540105,725368,1863878,133,133,6,cudaLaunchKernel,12168    1    1, 256    1    1,"<unnamed>::step_kernel_boundary_z_faces(const double *, const double *, double *, const double *, const double *, int, int, int, int, int, int, int, double, double)"
219013463866,6999,219013470865,1796080,219015266945,13376,1816455,133,133,6,cudaLaunchKernel,6104    1    1, 256    1    1,"<unnamed>::pack_face_x(const double *, double *, int, int, int, int, int)"
219013471905,4956,219013476861,29796098,219043272959,10560,29811614,133,133,6,cudaLaunchKernel,6104    1    1, 256    1    1,"<unnamed>::pack_face_y(const double *, double *, int, int, int, int, int)"
219013477507,5404,219013482911,29801952,219043284863,61663,29869019,133,133,6,cudaLaunchKernel,6104    1    1, 256    1    1,"<unnamed>::pack_face_z(const double *, double *, int, int, int, int, int)"
219013494290,10198,219013504488,1770201,219015274689,28004030,29784429,133,133,6,cudaLaunchKernel,  39  312  312,  32    4    4,"<unnamed>::step_kernel_interior(const double *, const double *, double *, const double *, const double *, int, int, int, int, int, int, int, double, double)"
219014317738,23890,219014341628,663180,219015004808,8128,695198,125,125,4,cudaLaunchKernel,6104    1    1, 256    1    1,"<unnamed>::unpack_face_x(const double *, double *, int, int, int, int, int)"
219014342806,8182,219014350988,663196,219015014184,10560,681938,125,125,4,cudaLaunchKernel,6104    1    1, 256    1    1,"<unnamed>::unpack_face_y(const double *, double *, int, int, int, int, int)"
219014350349,29666,219014380015,662130,219015042145,8160,699956,121,121,0,cudaLaunchKernel,6104    1    1, 256    1    1,"<unnamed>::unpack_face_x(const double *, double *, int, int, int, int, int)"
219014351857,14957,219014366814,659274,219015026088,122015,796246,125,125,4,cudaLaunchKernel,6104    1    1, 256    1    1,"<unnamed>::unpack_face_z(const double *, double *, int, int, int, int, int)"
219014368691,8408,219014377099,772572,219015149671,61504,842484,125,125,4,cudaLaunchKernel,12208    1    1, 256    1    1,"<unnamed>::step_kernel_boundary_x_faces(const double *, const double *, double *, const double *, const double *, int, int, int, int, int, int, int, double, double)"
219014378013,6068,219014384081,828694,219015212775,60735,895497,125,125,4,cudaLaunchKernel,12188    1    1, 256    1    1,"<unnamed>::step_kernel_boundary_y_faces(const double *, const double *, double *, const double *, const double *, int, int, int, int, int, int, int, double, double)"
219014380993,6455,219014387448,664073,219015051521,10144,680672,121,121,0,cudaLaunchKernel,6104    1    1, 256    1    1,"<unnamed>::unpack_face_y(const double *, double *, int, int, int, int, int)"
219014384846,33927,219014418773,856401,219015275174,719131,1609459,125,125,4,cudaLaunchKernel,12168    1    1, 256    1    1,"<unnamed>::step_kernel_boundary_z_faces(const double *, const double *, double *, const double *, const double *, int, int, int, int, int, int, int, double, double)"
219014388334,12515,219014400849,662128,219015062977,123199,797842,121,121,0,cudaLaunchKernel,6104    1    1, 256    1    1,"<unnamed>::unpack_face_z(const double *, double *, int, int, int, int, int)"
219014402669,7179,219014409848,777960,219015187808,61760,846899,121,121,0,cudaLaunchKernel,12208    1    1, 256    1    1,"<unnamed>::step_kernel_boundary_x_faces(const double *, const double *, double *, const double *, const double *, int, int, int, int, int, int, int, double, double)"
219014410372,6004,219014416376,834792,219015251168,60959,901755,121,121,0,cudaLaunchKernel,12188    1    1, 256    1    1,"<unnamed>::step_kernel_boundary_y_faces(const double *, const double *, double *, const double *, const double *, int, int, int, int, int, int, int, double, double)"
219014417098,4492,219014421590,891977,219015313567,724186,1620655,121,121,0,cudaLaunchKernel,12168    1    1, 256    1    1,"<unnamed>::step_kernel_boundary_z_faces(const double *, const double *, double *, const double *, const double *, int, int, int, int, int, int, int, double, double)"
219014468740,14328,219014483068,29445027,219043928095,10336,29469691,125,125,4,cudaLaunchKernel,6104    1    1, 256    1    1,"<unnamed>::pack_face_x(const double *, double *, int, int, int, int, int)"
219014471041,6742,219014477783,29559382,219044037165,10240,29576364,121,121,0,cudaLaunchKernel,6104    1    1, 256    1    1,"<unnamed>::pack_face_x(const double *, double *, int, int, int, int, int)"
219014478549,4819,219014483368,29565989,219044049357,10336,29581144,121,121,0,cudaLaunchKernel,6104    1    1, 256    1    1,"<unnamed>::pack_face_y(const double *, double *, int, int, int, int, int)"
219014483830,5374,219014489204,29571929,219044061133,63391,29640694,121,121,0,cudaLaunchKernel,6104    1    1, 256    1    1,"<unnamed>::pack_face_z(const double *, double *, int, int, int, int, int)"
219014484032,5980,219014490012,29451043,219043941055,10176,29467199,125,125,4,cudaLaunchKernel,6104    1    1, 256    1    1,"<unnamed>::pack_face_y(const double *, double *, int, int, int, int, int)"
219014490594,5919,219014496513,29456158,219043952671,63199,29525276,125,125,4,cudaLaunchKernel,6104    1    1, 256    1    1,"<unnamed>::pack_face_z(const double *, double *, int, int, int, int, int)"
219014500878,5427,219014506305,1533112,219016039417,28003476,29542015,121,121,0,cudaLaunchKernel,  39  312  312,  32    4    4,"<unnamed>::step_kernel_interior(const double *, const double *, double *, const double *, const double *, int, int, int, int, int, int, int, double, double)"
219014508350,7446,219014515796,1480077,219015995873,27938558,29426081,125,125,4,cudaLaunchKernel,  39  312  312,  32    4    4,"<unnamed>::step_kernel_interior(const double *, const double *, double *, const double *, const double *, int, int, int, int, int, int, int, double, double)"
219048992670,23581,219049016251,664245,219049680496,8032,695858,126,126,5,cudaLaunchKernel,6104    1    1, 256    1    1,"<unnamed>::unpack_face_x(const double *, double *, int, int, int, int, int)"
219049017507,10709,219049028216,661368,219049689584,9984,682061,126,126,5,cudaLaunchKernel,6104    1    1, 256    1    1,"<unnamed>::unpack_face_y(const double *, double *, int, int, int, int, int)"
219049029308,8009,219049037317,663339,219049700656,120991,792339,126,126,5,cudaLaunchKernel,6104    1    1, 256    1    1,"<unnamed>::unpack_face_z(const double *, double *, int, int, int, int, int)"
219049038485,4565,219049043050,780901,219049823951,62367,847833,126,126,5,cudaLaunchKernel,12208    1    1, 256    1    1,"<unnamed>::step_kernel_boundary_x_faces(const double *, const double *, double *, const double *, const double *, int, int, int, int, int, int, int, double, double)"
219049043512,6587,219049050099,837723,219049887822,61535,905845,126,126,5,cudaLaunchKernel,12188    1    1, 256    1    1,"<unnamed>::step_kernel_boundary_y_faces(const double *, const double *, double *, const double *, const double *, int, int, int, int, int, int, int, double, double)"
219049050710,4843,219049055553,895244,219049950797,726520,1626607,126,126,5,cudaLaunchKernel,12168    1    1, 256    1    1,"<unnamed>::step_kernel_boundary_z_faces(const double *, const double *, double *, const double *, const double *, int, int, int, int, int, int, int, double, double)"
219049123146,5635,219049128781,1550008,219050678789,14112,1569755,126,126,5,cudaLaunchKernel,6104    1    1, 256    1    1,"<unnamed>::pack_face_x(const double *, double *, int, int, int, int, int)"
219049129599,5371,219049134970,29550828,219078685798,10432,29566631,126,126,5,cudaLaunchKernel,6104    1    1, 256    1    1,"<unnamed>::pack_face_y(const double *, double *, int, int, int, int, int)"
219049135477,4732,219049140209,29557461,219078697670,61183,29623376,126,126,5,cudaLaunchKernel,6104    1    1, 256    1    1,"<unnamed>::pack_face_z(const double *, double *, int, int, int, int, int)"
219049149615,6206,219049155821,1530616,219050686437,28004929,29541751,126,126,5,cudaLaunchKernel,  39  312  312,  32    4    4,"<unnamed>::step_kernel_interior(const double *, const double *, double *, const double *, const double *, int, int, int, int, int, int, int, double, double)"
219049313473,18143,219049331616,682155,219050013771,8128,708426,122,122,1,cudaLaunchKernel,6104    1    1, 256    1    1,"<unnamed>::unpack_face_x(const double *, double *, int, int, int, int, int)"
219049332710,6233,219049338943,684140,219050023083,10112,700485,122,122,1,cudaLaunchKernel,6104    1    1, 256    1    1,"<unnamed>::unpack_face_y(const double *, double *, int, int, int, int, int)"
219049339971,5003,219049344974,689629,219050034603,122399,817031,122,122,1,cudaLaunchKernel,6104    1    1, 256    1    1,"<unnamed>::unpack_face_z(const double *, double *, int, int, int, int, int)"
219049346221,4439,219049350660,807910,219050158570,62624,874973,122,122,1,cudaLaunchKernel,12208    1    1, 256    1    1,"<unnamed>::step_kernel_boundary_x_faces(const double *, const double *, double *, const double *, const double *, int, int, int, int, int, int, int, double, double)"
219049351343,4705,219049356048,866522,219050222570,60255,931482,122,122,1,cudaLaunchKernel,12188    1    1, 256    1    1,"<unnamed>::step_kernel_boundary_y_faces(const double *, const double *, double *, const double *, const double *, int, int, int, int, int, int, int, double, double)"
219049356605,14812,219049371417,913232,219050284649,710140,1638184,122,122,1,cudaLaunchKernel,12168    1    1, 256    1    1,"<unnamed>::step_kernel_boundary_z_faces(const double *, const double *, double *, const double *, const double *, int, int, int, int, int, int, int, double, double)"
219049421989,6000,219049427989,29539861,219078967850,10496,29556357,122,122,1,cudaLaunchKernel,6104    1    1, 256    1    1,"<unnamed>::pack_face_x(const double *, double *, int, int, int, int, int)"
219049428544,4514,219049433058,29546856,219078979914,10528,29561898,122,122,1,cudaLaunchKernel,6104    1    1, 256    1    1,"<unnamed>::pack_face_y(const double *, double *, int, int, int, int, int)"
219049433536,4088,219049437624,29554130,219078991754,63104,29621322,122,122,1,cudaLaunchKernel,6104    1    1, 256    1    1,"<unnamed>::pack_face_z(const double *, double *, int, int, int, int, int)"
219049455126,5653,219049460779,1535546,219050996325,27977925,29519124,122,122,1,cudaLaunchKernel,  39  312  312,  32    4    4,"<unnamed>::step_kernel_interior(const double *, const double *, double *, const double *, const double *, int, int, int, int, int, int, int, double, double)"
219052377560,19074,219052396634,959181,219053355815,8320,986575,123,123,2,cudaLaunchKernel,6104    1    1, 256    1    1,"<unnamed>::unpack_face_x(const double *, double *, int, int, int, int, int)"
219052397251,5803,219052403054,962617,219053365671,9856,978276,123,123,2,cudaLaunchKernel,6104    1    1, 256    1    1,"<unnamed>::unpack_face_y(const double *, double *, int, int, int, int, int)"
219052404356,5860,219052410216,966399,219053376615,121119,1093378,123,123,2,cudaLaunchKernel,6104    1    1, 256    1    1,"<unnamed>::unpack_face_z(const double *, double *, int, int, int, int, int)"
219052411894,4635,219052416529,1082901,219053499430,62495,1150031,123,123,2,cudaLaunchKernel,12208    1    1, 256    1    1,"<unnamed>::step_kernel_boundary_x_faces(const double *, const double *, double *, const double *, const double *, int, int, int, int, int, int, int, double, double)"
219052417098,4996,219052422094,1141239,219053563333,60095,1206330,123,123,2,cudaLaunchKernel,12188    1    1, 256    1    1,"<unnamed>::step_kernel_boundary_y_faces(const double *, const double *, double *, const double *, const double *, int, int, int, int, int, int, int, double, double)"
219052422699,6179,219052428878,1196502,219053625380,720216,1922897,123,123,2,cudaLaunchKernel,12168    1    1, 256    1    1,"<unnamed>::step_kernel_boundary_z_faces(const double *, const double *, double *, const double *, const double *, int, int, int, int, int, int, int, double, double)"
219052481901,8530,219052490431,29826160,219082316591,10080,29844770,123,123,2,cudaLaunchKernel,6104    1    1, 256    1    1,"<unnamed>::pack_face_x(const double *, double *, int, int, int, int, int)"
219052490966,5885,219052496851,29832604,219082329455,10367,29848856,123,123,2,cudaLaunchKernel,6104    1    1, 256    1    1,"<unnamed>::pack_face_y(const double *, double *, int, int, int, int, int)"
219052497398,5045,219052502443,29838819,219082341262,63456,29907320,123,123,2,cudaLaunchKernel,6104    1    1, 256    1    1,"<unnamed>::pack_face_z(const double *, double *, int, int, int, int, int)"
219052513423,4893,219052518316,1829200,219054347516,27975411,29809504,123,123,2,cudaLaunchKernel,  39  312  312,  32    4    4,"<unnamed>::step_kernel_interior(const double *, const double *, double *, const double *, const double *, int, int, int, int, int, int, int, double, double)"
219052747525,17914,219052765439,982421,219053747860,8480,1008815,134,134,7,cudaLaunchKernel,6104    1    1, 256    1    1,"<unnamed>::unpack_face_x(const double *, double *, int, int, int, int, int)"
219052759665,16069,219052775734,965163,219053740897,8288,989520,124,124,3,cudaLaunchKernel,6104    1    1, 256    1    1,"<unnamed>::unpack_face_x(const double *, double *, int, int, int, int, int)"
219052766496,5874,219052772370,986562,219053758932,10656,1003092,134,134,7,cudaLaunchKernel,6104    1    1, 256    1    1,"<unnamed>::unpack_face_y(const double *, double *, int, int, int, int, int)"
219052773275,6898,219052780173,991591,219053771764,120766,1119255,134,134,7,cudaLaunchKernel,6104    1    1, 256    1    1,"<unnamed>::unpack_face_z(const double *, double *, int, int, int, int, int)"
219052776567,5001,219052781568,968737,219053750305,9920,983658,124,124,3,cudaLaunchKernel,6104    1    1, 256    1    1,"<unnamed>::unpack_face_y(const double *, double *, int, int, int, int, int)"
219052781764,5535,219052787299,1106767,219053894066,61599,1173901,134,134,7,cudaLaunchKernel,12208    1    1, 256    1    1,"<unnamed>::step_kernel_boundary_x_faces(const double *, const double *, double *, const double *, const double *, int, int, int, int, int, int, int, double, double)"
219052782405,5047,219052787452,973861,219053761313,121087,1099995,124,124,3,cudaLaunchKernel,6104    1    1, 256    1    1,"<unnamed>::unpack_face_z(const double *, double *, int, int, int, int, int)"
219052787967,13132,219052801099,1157638,219053958737,61312,1232082,134,134,7,cudaLaunchKernel,12188    1    1, 256    1    1,"<unnamed>::step_kernel_boundary_y_faces(const double *, const double *, double *, const double *, const double *, int, int, int, int, int, int, int, double, double)"
219052788757,10244,219052799001,1084807,219053883808,62335,1157386,124,124,3,cudaLaunchKernel,12208    1    1, 256    1    1,"<unnamed>::step_kernel_boundary_x_faces(const double *, const double *, double *, const double *, const double *, int, int, int, int, int, int, int, double, double)"
219052799928,4664,219052804592,1143055,219053947647,61216,1208935,124,124,3,cudaLaunchKernel,12188    1    1, 256    1    1,"<unnamed>::step_kernel_boundary_y_faces(const double *, const double *, double *, const double *, const double *, int, int, int, int, int, int, int, double, double)"
219052802040,6940,219052808980,1212605,219054021585,723575,1943120,134,134,7,cudaLaunchKernel,12168    1    1, 256    1    1,"<unnamed>::step_kernel_boundary_z_faces(const double *, const double *, double *, const double *, const double *, int, int, int, int, int, int, int, double, double)"
219052805121,3849,219052808970,1201461,219054010431,721081,1926391,124,124,3,cudaLaunchKernel,12168    1    1, 256    1    1,"<unnamed>::step_kernel_boundary_z_faces(const double *, const double *, double *, const double *, const double *, int, int, int, int, int, int, int, double, double)"
219052860896,5650,219052866546,1866630,219054733176,13536,1885816,124,124,3,cudaLaunchKernel,6104    1    1, 256    1    1,"<unnamed>::pack_face_x(const double *, double *, int, int, int, int, int)"
219052865182,6039,219052871221,1875667,219054746888,14176,1895882,134,134,7,cudaLaunchKernel,6104    1    1, 256    1    1,"<unnamed>::pack_face_x(const double *, double *, int, int, int, int, int)"
219052867332,5223,219052872555,29856015,219082728570,11456,29872694,124,124,3,cudaLaunchKernel,6104    1    1, 256    1    1,"<unnamed>::pack_face_y(const double *, double *, int, int, int, int, int)"
219052871757,5476,219052877233,29874405,219082751638,10592,29890473,134,134,7,cudaLaunchKernel,6104    1    1, 256    1    1,"<unnamed>::pack_face_y(const double *, double *, int, int, int, int, int)"
219052873034,4023,219052877057,29864473,219082741530,61055,29929551,124,124,3,cudaLaunchKernel,6104    1    1, 256    1    1,"<unnamed>::pack_face_z(const double *, double *, int, int, int, int, int)"
219052877745,5381,219052883126,29880640,219082763766,61919,29947940,134,134,7,cudaLaunchKernel,6104    1    1, 256    1    1,"<unnamed>::pack_face_z(const double *, double *, int, int, int, int, int)"
219052887926,4952,219052892878,1848010,219054740888,27993730,29846692,124,124,3,cudaLaunchKernel,  39  312  312,  32    4    4,"<unnamed>::step_kernel_interior(const double *, const double *, double *, const double *, const double *, int, int, int, int, int, int, int, double, double)"
219052896551,4614,219052901165,1853403,219054754568,28002958,29860975,134,134,7,cudaLaunchKernel,  39  312  312,  32    4    4,"<unnamed>::step_kernel_interior(const double *, const double *, double *, const double *, const double *, int, int, int, int, int, int, int, double, double)"
219053112716,15602,219053128318,982180,219054110498,8320,1006102,133,133,6,cudaLaunchKernel,6104    1    1, 256    1    1,"<unnamed>::unpack_face_x(const double *, double *, int, int, int, int, int)"
219053129071,10283,219053139354,980488,219054119842,9824,1000595,133,133,6,cudaLaunchKernel,6104    1    1, 256    1    1,"<unnamed>::unpack_face_y(const double *, double *, int, int, int, int, int)"
219053140646,7429,219053148075,982647,219054130722,123103,1113179,133,133,6,cudaLaunchKernel,6104    1    1, 256    1    1,"<unnamed>::unpack_face_z(const double *, double *, int, int, int, int, int)"
219053149549,4882,219053154431,1100834,219054255265,61567,1167283,133,133,6,cudaLaunchKernel,12208    1    1, 256    1    1,"<unnamed>::step_kernel_boundary_x_faces(const double *, const double *, double *, const double *, const double *, int, int, int, int, int, int, int, double, double)"
219053155329,9732,219053165061,1153627,219054318688,61375,1224734,133,133,6,cudaLaunchKernel,12188    1    1, 256    1    1,"<unnamed>::step_kernel_boundary_y_faces(const double *, const double *, double *, const double *, const double *, int, int, int, int, int, int, int, double, double)"
219053166037,4833,219053170870,1210665,219054381535,717048,1932546,133,133,6,cudaLaunchKernel,12168    1    1, 256    1    1,"<unnamed>::step_kernel_boundary_z_faces(const double *, const double *, double *, const double *, const double *, int, int, int, int, int, int, int, double, double)"
219053248114,6962,219053255076,1844947,219055100023,13696,1865605,133,133,6,cudaLaunchKernel,6104    1    1, 256    1    1,"<unnamed>::pack_face_x(const double *, double *, int, int, int, int, int)"
219053255525,10546,219053266071,29831774,219083097845,10560,29852880,133,133,6,cudaLaunchKernel,6104    1    1, 256    1    1,"<unnamed>::pack_face_y(const double *, double *, int, int, int, int, int)"
219053267053,10767,219053277820,29831993,219083109813,61151,29903911,133,133,6,cudaLaunchKernel,6104    1    1, 256    1    1,"<unnamed>::pack_face_z(const double *, double *, int, int, int, int, int)"
219053290863,7189,219053298052,1809555,219055107607,27996926,29813670,133,133,6,cudaLaunchKernel,  39  312  312,  32    4    4,"<unnamed>::step_kernel_interior(const double *, const double *, double *, const double *, const double *, int, int, int, int, int, int, int, double, double)"
219054212747,17560,219054230307,664655,219054894962,8320,690535,125,125,4,cudaLaunchKernel,6104    1    1, 256    1    1,"<unnamed>::unpack_face_x(const double *, double *, int, int, int, int, int)"
219054227124,23833,219054250957,671076,219054922033,8224,703133,121,121,0,cudaLaunchKernel,6104    1    1, 256    1    1,"<unnamed>::unpack_face_x(const double *, double *, int, int, int, int, int)"
219054230902,11447,219054242349,662309,219054904658,10048,683804,125,125,4,cudaLaunchKernel,6104    1    1, 256    1    1,"<unnamed>::unpack_face_y(const double *, double *, int, int, int, int, int)"
219054243509,7107,219054250616,665210,219054915826,120607,792924,125,125,4,cudaLaunchKernel,6104    1    1, 256    1    1,"<unnamed>::unpack_face_z(const double *, double *, int, int, int, int, int)"
219054252075,37800,219054289875,641694,219054931569,9920,689414,121,121,0,cudaLaunchKernel,6104    1    1, 256    1    1,"<unnamed>::unpack_face_y(const double *, double *, int, int, int, int, int)"
219054252263,5993,219054258256,781185,219055039441,62720,849898,125,125,4,cudaLaunchKernel,12208    1    1, 256    1    1,"<unnamed>::step_kernel_boundary_x_faces(const double *, const double *, double *, const double *, const double *, int, int, int, int, int, int, int, double, double)"
219054262954,7500,219054270454,833307,219055103761,60288,901095,125,125,4,cudaLaunchKernel,12188    1    1, 256    1    1,"<unnamed>::step_kernel_boundary_y_faces(const double *, const double *, double *, const double *, const double *, int, int, int, int, int, int, int, double, double)"
219054271072,9415,219054280487,885290,219055165777,716219,1610924,125,125,4,cudaLaunchKernel,12168    1    1, 256    1    1,"<unnamed>::step_kernel_boundary_z_faces(const double *, const double *, double *, const double *, const double *, int, int, int, int, int, int, int, double, double)"
219054291189,6804,219054297993,644616,219054942609,122175,773595,121,121,0,cudaLaunchKernel,6104    1    1, 256    1    1,"<unnamed>::unpack_face_z(const double *, double *, int, int, int, int, int)"
219054299304,5208,219054304512,761872,219055066384,62207,829287,121,121,0,cudaLaunchKernel,12208    1    1, 256    1    1,"<unnamed>::step_kernel_boundary_x_faces(const double *, const double *, double *, const double *, const double *, int, int, int, int, int, int, int, double, double)"
219054305022,6672,219054311694,818689,219055130383,60064,885425,121,121,0,cudaLaunchKernel,12188    1    1, 256    1    1,"<unnamed>::step_kernel_boundary_y_faces(const double *, const double *, double *, const double *, const double *, int, int, int, int, int, int, int, double, double)"
219054312454,5139,219054317593,874358,219055191951,723162,1602659,121,121,0,cudaLaunchKernel,12168    1    1, 256    1    1,"<unnamed>::step_kernel_boundary_z_faces(const double *, const double *, double *, const double *, const double *, int, int, int, int, int, int, int, double, double)"
219054339074,7398,219054346472,29466881,219083813353,10880,29485159,125,125,4,cudaLaunchKernel,6104    1    1, 256    1    1,"<unnamed>::pack_face_x(const double *, double *, int, int, int, int, int)"
219054347034,21499,219054368533,29457492,219083826025,10176,29489167,125,125,4,cudaLaunchKernel,6104    1    1, 256    1    1,"<unnamed>::pack_face_y(const double *, double *, int, int, int, int, int)"
219054369475,8662,219054378137,29459504,219083837641,62944,29531110,125,125,4,cudaLaunchKernel,6104    1    1, 256    1    1,"<unnamed>::pack_face_z(const double *, double *, int, int, int, int, int)"
219054390034,8712,219054398746,1518351,219055917097,14527,1541590,121,121,0,cudaLaunchKernel,6104    1    1, 256    1    1,"<unnamed>::pack_face_x(const double *, double *, int, int, int, int, int)"
219054391219,7904,219054399123,1484377,219055883500,27936733,29429014,125,125,4,cudaLaunchKernel,  39  312  312,  32    4    4,"<unnamed>::step_kernel_interior(const double *, const double *, double *, const double *, const double *, int, int, int, int, int, int, int, double, double)"
219054399366,4955,219054404321,29498875,219083903196,10624,29514454,121,121,0,cudaLaunchKernel,6104    1    1, 256    1    1,"<unnamed>::pack_face_y(const double *, double *, int, int, int, int, int)"
219054404778,3925,219054408703,29506749,219083915452,61824,29572498,121,121,0,cudaLaunchKernel,6104    1    1, 256    1    1,"<unnamed>::pack_face_z(const double *, double *, int, int, int, int, int)"
219054420386,5121,219054425507,1499365,219055924872,27984404,29488890,121,121,0,cudaLaunchKernel,  39  312  312,  32    4    4,"<unnamed>::step_kernel_interior(const double *, const double *, double *, const double *, const double *, int, int, int, int, int, int, int, double, double)"
219088857460,15650,219088873110,680634,219089553744,8256,704540,122,122,1,cudaLaunchKernel,6104    1    1, 256    1    1,"<unnamed>::unpack_face_x(const double *, double *, int, int, int, int, int)"
219088873964,5215,219088879179,684197,219089563376,10272,699684,122,122,1,cudaLaunchKernel,6104    1    1, 256    1    1,"<unnamed>::unpack_face_y(const double *, double *, int, int, int, int, int)"
219088880474,4667,219088885141,689595,219089574736,121695,815957,122,122,1,cudaLaunchKernel,6104    1    1, 256    1    1,"<unnamed>::unpack_face_z(const double *, double *, int, int, int, int, int)"
219088886123,5760,219088891883,806244,219089698127,62784,874788,122,122,1,cudaLaunchKernel,12208    1    1, 256    1    1,"<unnamed>::step_kernel_boundary_x_faces(const double *, const double *, double *, const double *, const double *, int, int, int, int, int, int, int, double, double)"
219088892400,4234,219088896634,866101,219089762735,60767,931102,122,122,1,cudaLaunchKernel,12188    1    1, 256    1    1,"<unnamed>::step_kernel_boundary_y_faces(const double *, const double *, double *, const double *, const double *, int, int, int, int, int, int, int, double, double)"
219088897495,9345,219088906840,918262,219089825102,714236,1641843,122,122,1,cudaLaunchKernel,12168    1    1, 256    1    1,"<unnamed>::step_kernel_boundary_z_faces(const double *, const double *, double *, const double *, const double *, int, int, int, int, int, int, int, double, double)"
219088958868,6583,219088965451,29555428,219118520879,10304,29572315,122,122,1,cudaLaunchKernel,6104    1    1, 256    1    1,"<unnamed>::pack_face_x(const double *, double *, int, int, int, int, int)"
219088966001,3282,219088969283,29563948,219118533231,10656,29577886,122,122,1,cudaLaunchKernel,6104    1    1, 256    1    1,"<unnamed>::pack_face_y(const double *, double *, int, int, int, int, int)"
219088969715,5167,219088974882,29570381,219118545263,63232,29638780,122,122,1,cudaLaunchKernel,6104    1    1, 256    1    1,"<unnamed>::pack_face_z(const double *, double *, int, int, int, int, int)"
219088985462,5904,219088991366,1549604,219090540970,27986373,29541881,122,122,1,cudaLaunchKernel,  39  312  312,  32    4    4,"<unnamed>::step_kernel_interior(const double *, const double *, double *, const double *, const double *, int, int, int, int, int, int, int, double, double)"
219090819390,19390,219090838780,661592,219091500372,8416,689398,126,126,5,cudaLaunchKernel,6104    1    1, 256    1    1,"<unnamed>::unpack_face_x(const double *, double *, int, int, int, int, int)"
219090840012,5542,219090845554,664226,219091509780,10592,680360,126,126,5,cudaLaunchKernel,6104    1    1, 256    1    1,"<unnamed>::unpack_face_y(const double *, double *, int, int, int, int, int)"
219090846275,5474,219090851749,669647,219091521396,122047,797168,126,126,5,cudaLaunchKernel,6104    1    1, 256    1    1,"<unnamed>::unpack_face_z(const double *, double *, int, int, int, int, int)"
219090852740,5626,219090858366,786388,219091644754,62816,854830,126,126,5,cudaLaunchKernel,12208    1    1, 256    1    1,"<unnamed>::step_kernel_boundary_x_faces(const double *, const double *, double *, const double *, const double *, int, int, int, int, int, int, int, double, double)"
219090858838,4854,219090863692,845926,219091709618,60287,911067,126,126,5,cudaLaunchKernel,12188    1    1, 256    1    1,"<unnamed>::step_kernel_boundary_y_faces(const double *, const double *, double *, const double *, const double *, int, int, int, int, int, int, int, double, double)"
219090864385,6440,219090870825,900616,219091771441,719000,1626056,126,126,5,cudaLaunchKernel,12168    1    1, 256    1    1,"<unnamed>::step_kernel_boundary_z_faces(const double *, const double *, double *, const double *, const double *, int, int, int, int, int, int, int, double, double)"
219090916051,4882,219090920933,29572421,219120493354,10112,29587415,126,126,5,cudaLaunchKernel,6104    1    1, 256    1    1,"<unnamed>::pack_face_x(const double *, double *, int, int, int, int, int)"
219090921936,5188,219090927124,29578006,219120505130,10496,29593690,126,126,5,cudaLaunchKernel,6104    1    1, 256    1    1,"<unnamed>::pack_face_y(const double *, double *, int, int, int, int, int)"
219090927605,5681,219090933286,29583396,219120516682,63295,29652372,126,126,5,cudaLaunchKernel,6104    1    1, 256    1    1,"<unnamed>::pack_face_z(const double *, double *, int, int, int, int, int)"
219090942436,5760,219090948196,1543493,219092491689,28008577,29557830,126,126,5,cudaLaunchKernel,  39  312  312,  32    4    4,"<unnamed>::step_kernel_interior(const double *, const double *, double *, const double *, const double *, int, int, int, int, int, int, int, double, double)"
219092027800,25200,219092053000,941928,219092994928,8063,975191,123,123,2,cudaLaunchKernel,6104    1    1, 256    1    1,"<unnamed>::unpack_face_x(const double *, double *, int, int, int, int, int)"
219092054078,6646,219092060724,943611,219093004335,10080,960337,123,123,2,cudaLaunchKernel,6104    1    1, 256    1    1,"<unnamed>::unpack_face_y(const double *, double *, int, int, int, int, int)"
219092061635,5105,219092066740,948923,219093015663,123231,1077259,123,123,2,cudaLaunchKernel,6104    1    1, 256    1    1,"<unnamed>::unpack_face_z(const double *, double *, int, int, int, int, int)"
219092068176,30064,219092098240,1042254,219093140494,62207,1134525,123,123,2,cudaLaunchKernel,12208    1    1, 256    1    1,"<unnamed>::step_kernel_boundary_x_faces(const double *, const double *, double *, const double *, const double *, int, int, int, int, int, int, int, double, double)"
219092098962,5264,219092104226,1101643,219093205869,60639,1167546,123,123,2,cudaLaunchKernel,12188    1    1, 256    1    1,"<unnamed>::step_kernel_boundary_y_faces(const double *, const double *, double *, const double *, const double *, int, int, int, int, int, int, int, double, double)"
219092105316,11641,219092116957,1151215,219093268172,721016,1883872,123,123,2,cudaLaunchKernel,12168    1    1, 256    1    1,"<unnamed>::step_kernel_boundary_z_faces(const double *, const double *, double *, const double *, const double *, int, int, int, int, int, int, int, double, double)"
219092170861,6871,219092177732,1812960,219093990692,13984,1833815,123,123,2,cudaLaunchKernel,6104    1    1, 256    1    1,"<unnamed>::pack_face_x(const double *, double *, int, int, int, int, int)"
219092178316,5170,219092183486,29801624,219121985110,10304,29817098,123,123,2,cudaLaunchKernel,6104    1    1, 256    1    1,"<unnamed>::pack_face_y(const double *, double *, int, int, int, int, int)"
219092184120,10482,219092194602,29802444,219121997046,62144,29875070,123,123,2,cudaLaunchKernel,6104    1    1, 256    1    1,"<unnamed>::pack_face_z(const double *, double *, int, int, int, int, int)"
219092215398,12481,219092227879,1770493,219093998372,27992626,29775600,123,123,2,cudaLaunchKernel,  39  312  312,  32    4    4,"<unnamed>::step_kernel_interior(const double *, const double *, double *, const double *, const double *, int, int, int, int, int, int, int, double, double)"
219092403703,24620,219092428323,661942,219093090265,8192,694754,134,134,7,cudaLaunchKernel,6104    1    1, 256    1    1,"<unnamed>::unpack_face_x(const double *, double *, int, int, int, int, int)"
219092427325,21409,219092448734,936731,219093385465,8256,966396,124,124,3,cudaLaunchKernel,6104    1    1, 256    1    1,"<unnamed>::unpack_face_x(const double *, double *, int, int, int, int, int)"
219092429669,11557,219092441226,658543,219093099769,10016,680116,134,134,7,cudaLaunchKernel,6104    1    1, 256    1    1,"<unnamed>::unpack_face_y(const double *, double *, int, int, int, int, int)"
219092442603,11599,219092454202,656863,219093111065,122430,790892,134,134,7,cudaLaunchKernel,6104    1    1, 256    1    1,"<unnamed>::unpack_face_z(const double *, double *, int, int, int, int, int)"
219092450076,6206,219092456282,938399,219093394681,10048,954653,124,124,3,cudaLaunchKernel,6104    1    1, 256    1    1,"<unnamed>::unpack_face_y(const double *, double *, int, int, int, int, int)"
219092455677,7319,219092462996,771939,219093234935,61951,841209,134,134,7,cudaLaunchKernel,12208    1    1, 256    1    1,"<unnamed>::step_kernel_boundary_x_faces(const double *, const double *, double *, const double *, const double *, int, int, int, int, int, int, int, double, double)"
219092457219,4526,219092461745,944296,219093406041,121951,1070773,124,124,3,cudaLaunchKernel,6104    1    1, 256    1    1,"<unnamed>::unpack_face_z(const double *, double *, int, int, int, int, int)"
219092462839,5270,219092468109,1061195,219093529304,63295,1129760,124,124,3,cudaLaunchKernel,12208    1    1, 256    1    1,"<unnamed>::step_kernel_boundary_x_faces(const double *, const double *, double *, const double *, const double *, int, int, int, int, int, int, int, double, double)"
219092463527,6796,219092470323,828067,219093298390,61152,896015,134,134,7,cudaLaunchKernel,12188    1    1, 256    1    1,"<unnamed>::step_kernel_boundary_y_faces(const double *, const double *, double *, const double *, const double *, int, int, int, int, int, int, int, double, double)"
219092468586,4272,219092472858,1121213,219093594071,61728,1187213,124,124,3,cudaLaunchKernel,12188    1    1, 256    1    1,"<unnamed>::step_kernel_boundary_y_faces(const double *, const double *, double *, const double *, const double *, int, int, int, int, int, int, int, double, double)"
219092470823,11808,219092482631,878287,219093360918,721975,1612070,134,134,7,cudaLaunchKernel,12168    1    1, 256    1    1,"<unnamed>::step_kernel_boundary_z_faces(const double *, const double *, double *, const double *, const double *, int, int, int, int, int, int, int, double, double)"
219092473388,8957,219092482345,1174958,219093657303,725113,1909028,124,124,3,cudaLaunchKernel,12168    1    1, 256    1    1,"<unnamed>::step_kernel_boundary_z_faces(const double *, const double *, double *, const double *, const double *, int, int, int, int, int, int, int, double, double)"
219092550273,7982,219092558255,29523020,219122081275,10112,29541114,134,134,7,cudaLaunchKernel,6104    1    1, 256    1    1,"<unnamed>::pack_face_x(const double *, double *, int, int, int, int, int)"
219092550833,8087,219092558920,29806154,219122365074,10400,29824641,124,124,3,cudaLaunchKernel,6104    1    1, 256    1    1,"<unnamed>::pack_face_x(const double *, double *, int, int, int, int, int)"
219092558763,5207,219092563970,29529145,219122093115,10304,29544656,134,134,7,cudaLaunchKernel,6104    1    1, 256    1    1,"<unnamed>::pack_face_y(const double *, double *, int, int, int, int, int)"
219092559652,3753,219092563405,29813573,219122376978,10592,29827918,124,124,3,cudaLaunchKernel,6104    1    1, 256    1    1,"<unnamed>::pack_face_y(const double *, double *, int, int, int, int, int)"
219092563866,4040,219092567906,29825840,219122393746,62687,29892567,124,124,3,cudaLaunchKernel,6104    1    1, 256    1    1,"<unnamed>::pack_face_z(const double *, double *, int, int, int, int, int)"
219092564448,6306,219092570754,29534009,219122104763,63583,29603898,134,134,7,cudaLaunchKernel,6104    1    1, 256    1    1,"<unnamed>::pack_face_z(const double *, double *, int, int, int, int, int)"
219092578555,6337,219092584892,1798804,219094383696,27988130,29793271,124,124,3,cudaLaunchKernel,  39  312  312,  32    4    4,"<unnamed>::step_kernel_interior(const double *, const double *, double *, const double *, const double *, int, int, int, int, int, int, int, double, double)"
219092588084,11081,219092599165,1485456,219094084621,28002478,29499015,134,134,7,cudaLaunchKernel,  39  312  312,  32    4    4,"<unnamed>::step_kernel_interior(const double *, const double *, double *, const double *, const double *, int, int, int, int, int, int, int, double, double)"
219094016231,17866,219094034097,668639,219094702736,8224,694729,133,133,6,cudaLaunchKernel,6104    1    1, 256    1    1,"<unnamed>::unpack_face_x(const double *, double *, int, int, int, int, int)"
219094034896,6779,219094041675,670341,219094712016,10112,687232,133,133,6,cudaLaunchKernel,6104    1    1, 256    1    1,"<unnamed>::unpack_face_y(const double *, double *, int, int, int, int, int)"
219094042843,5867,219094048710,674506,219094723216,122750,803123,133,133,6,cudaLaunchKernel,6104    1    1, 256    1    1,"<unnamed>::unpack_face_z(const double *, double *, int, int, int, int, int)"
219094050080,6846,219094056926,790448,219094847374,61919,859213,133,133,6,cudaLaunchKernel,12208    1    1, 256    1    1,"<unnamed>::step_kernel_boundary_x_faces(const double *, const double *, double *, const double *, const double *, int, int, int, int, int, int, int, double, double)"
219094057550,11559,219094069109,841624,219094910733,61440,914623,133,133,6,cudaLaunchKernel,12188    1    1, 256    1    1,"<unnamed>::step_kernel_boundary_y_faces(const double *, const double *, double *, const double *, const double *, int, int, int, int, int, int, int, double, double)"
219094070049,6763,219094076812,897377,219094974189,727255,1631395,133,133,6,cudaLaunchKernel,12168    1    1, 256    1    1,"<unnamed>::step_kernel_boundary_z_faces(const double *, const double *, double *, const double *, const double *, int, int, int, int, int, int, int, double, double)"
219094131303,18155,219094149458,666251,219094815709,7935,692341,125,125,4,cudaLaunchKernel,6104    1    1, 256    1    1,"<unnamed>::unpack_face_x(const double *, double *, int, int, int, int, int)"
219094131423,8273,219094139696,1563220,219095702916,14592,1586085,133,133,6,cudaLaunchKernel,6104    1    1, 256    1    1,"<unnamed>::pack_face_x(const double *, double *, int, int, int, int, int)"
219094140159,5470,219094145629,29552614,219123698243,10239,29568323,133,133,6,cudaLaunchKernel,6104    1    1, 256    1    1,"<unnamed>::pack_face_y(const double *, double *, int, int, int, int, int)"
219094146173,5719,219094151892,29557934,219123709826,62240,29625893,133,133,6,cudaLaunchKernel,6104    1    1, 256    1    1,"<unnamed>::pack_face_z(const double *, double *, int, int, int, int, int)"
219094147901,24153,219094172054,673546,219094845600,8128,705827,121,121,0,cudaLaunchKernel,6104    1    1, 256    1    1,"<unnamed>::unpack_face_x(const double *, double *, int, int, int, int, int)"
219094150205,9497,219094159702,665062,219094824764,10176,684735,125,125,4,cudaLaunchKernel,6104    1    1, 256    1    1,"<unnamed>::unpack_face_y(const double *, double *, int, int, int, int, int)"
219094161459,7834,219094169293,666735,219094836028,122304,796873,125,125,4,cudaLaunchKernel,6104    1    1, 256    1    1,"<unnamed>::unpack_face_z(const double *, double *, int, int, int, int, int)"
219094169734,8367,219094178101,1532463,219095710564,27993407,29534237,133,133,6,cudaLaunchKernel,  39  312  312,  32    4    4,"<unnamed>::step_kernel_interior(const double *, const double *, double *, const double *, const double *, int, int, int, int, int, int, int, double, double)"
219094170859,7280,219094178139,781601,219094959740,61823,850704,125,125,4,cudaLaunchKernel,12208    1    1, 256    1    1,"<unnamed>::step_kernel_boundary_x_faces(const double *, const double *, double *, const double *, const double *, int, int, int, int, int, int, int, double, double)"
219094173445,6234,219094179679,675329,219094855008,9728,691291,121,121,0,cudaLaunchKernel,6104    1    1, 256    1    1,"<unnamed>::unpack_face_y(const double *, double *, int, int, int, int, int)"
219094178619,5703,219094184322,839001,219095023323,61952,906656,125,125,4,cudaLaunchKernel,12188    1    1, 256    1    1,"<unnamed>::step_kernel_boundary_y_faces(const double *, const double *, double *, const double *, const double *, int, int, int, int, int, int, int, double, double)"
219094181134,6068,219094187202,678622,219094865824,122623,807313,121,121,0,cudaLaunchKernel,6104    1    1, 256    1    1,"<unnamed>::unpack_face_z(const double *, double *, int, int, int, int, int)"
219094185024,5037,219094190061,896974,219095087035,724347,1626358,125,125,4,cudaLaunchKernel,12168    1    1, 256    1    1,"<unnamed>::step_kernel_boundary_z_faces(const double *, const double *, double *, const double *, const double *, int, int, int, int, int, int, int, double, double)"
219094188685,5455,219094194140,795907,219094990047,61951,863313,121,121,0,cudaLaunchKernel,12208    1    1, 256    1    1,"<unnamed>::step_kernel_boundary_x_faces(const double *, const double *, double *, const double *, const double *, int, int, int, int, int, int, int, double, double)"
219094194656,11239,219094205895,847863,219095053758,61120,920222,121,121,0,cudaLaunchKernel,12188    1    1, 256    1    1,"<unnamed>::step_kernel_boundary_y_faces(const double *, const double *, double *, const double *, const double *, int, int, int, int, int, int, int, double, double)"
219094206937,11534,219094218471,899063,219095117534,725850,1636447,121,121,0,cudaLaunchKernel,12168    1    1, 256    1    1,"<unnamed>::step_kernel_boundary_z_faces(const double *, const double *, double *, const double *, const double *, int, int, int, int, int, int, int, double, double)"
219094249435,9464,219094258899,29494208,219123753107,10016,29513688,125,125,4,cudaLaunchKernel,6104    1    1, 256    1    1,"<unnamed>::pack_face_x(const double *, double *, int, int, int, int, int)"
219094259389,4764,219094264153,29500762,219123764915,10688,29516214,125,125,4,cudaLaunchKernel,6104    1    1, 256    1    1,"<unnamed>::pack_face_y(const double *, double *, int, int, int, int, int)"
219094264642,5666,219094270308,29506607,219123776915,62783,29575056,125,125,4,cudaLaunchKernel,6104    1    1, 256    1    1,"<unnamed>::pack_face_z(const double *, double *, int, int, int, int, int)"
219094266652,6465,219094273117,1572187,219095845304,13856,1592508,121,121,0,cudaLaunchKernel,6104    1    1, 256    1    1,"<unnamed>::pack_face_x(const double *, double *, int, int, int, int, int)"
219094273790,4941,219094278731,29581792,219123860523,10720,29597453,121,121,0,cudaLaunchKernel,6104    1    1, 256    1    1,"<unnamed>::pack_face_y(const double *, double *, int, int, int, int, int)"
219094279221,5528,219094284749,29588126,219123872875,62464,29656118,121,121,0,cudaLaunchKernel,6104    1    1, 256    1    1,"<unnamed>::pack_face_z(const double *, double *, int, int, int, int, int)"
219094281442,6582,219094288024,1525054,219095813078,27946077,29477713,125,125,4,cudaLaunchKernel,  39  312  312,  32    4    4,"<unnamed>::step_kernel_interior(const double *, const double *, double *, const double *, const double *, int, int, int, int, int, int, int, double, double)"
219094297443,5717,219094303160,1549728,219095852888,28014483,29569928,121,121,0,cudaLaunchKernel,  39  312  312,  32    4    4,"<unnamed>::step_kernel_interior(const double *, const double *, double *, const double *, const double *, int, int, int, int, int, int, int, double, double)"
219129071629,16860,219129088489,684631,219129773120,8192,709683,126,126,5,cudaLaunchKernel,6104    1    1, 256    1    1,"<unnamed>::unpack_face_x(const double *, double *, int, int, int, int, int)"
219129089439,6501,219129095940,686428,219129782368,10240,703169,126,126,5,cudaLaunchKernel,6104    1    1, 256    1    1,"<unnamed>::unpack_face_y(const double *, double *, int, int, int, int, int)"
219129096466,6999,219129103465,690199,219129793664,121663,818861,126,126,5,cudaLaunchKernel,6104    1    1, 256    1    1,"<unnamed>::unpack_face_z(const double *, double *, int, int, int, int, int)"
219129104819,9214,219129114033,802702,219129916735,62623,874539,126,126,5,cudaLaunchKernel,12208    1    1, 256    1    1,"<unnamed>::step_kernel_boundary_x_faces(const double *, const double *, double *, const double *, const double *, int, int, int, int, int, int, int, double, double)"
219129114534,6787,219129121321,859541,219129980862,60447,926775,126,126,5,cudaLaunchKernel,12188    1    1, 256    1    1,"<unnamed>::step_kernel_boundary_y_faces(const double *, const double *, double *, const double *, const double *, int, int, int, int, int, int, int, double, double)"
219129115432,19282,219129134714,677623,219129812337,8384,705289,122,122,1,cudaLaunchKernel,6104    1    1, 256    1    1,"<unnamed>::unpack_face_x(const double *, double *, int, int, int, int, int)"
219129121987,5296,219129127283,915498,219130042781,725848,1646642,126,126,5,cudaLaunchKernel,12168    1    1, 256    1    1,"<unnamed>::step_kernel_boundary_z_faces(const double *, const double *, double *, const double *, const double *, int, int, int, int, int, int, int, double, double)"
219129135529,5122,219129140651,681190,219129821841,10432,696744,122,122,1,cudaLaunchKernel,6104    1    1, 256    1    1,"<unnamed>::unpack_face_y(const double *, double *, int, int, int, int, int)"
219129141497,4259,219129145756,687605,219129833361,123135,814999,122,122,1,cudaLaunchKernel,6104    1    1, 256    1    1,"<unnamed>::unpack_face_z(const double *, double *, int, int, int, int, int)"
219129146968,10196,219129157164,801252,219129958416,62719,874167,122,122,1,cudaLaunchKernel,12208    1    1, 256    1    1,"<unnamed>::step_kernel_boundary_x_faces(const double *, const double *, double *, const double *, const double *, int, int, int, int, int, int, int, double, double)"
219129158107,5542,219129163649,859214,219130022863,60288,925044,122,122,1,cudaLaunchKernel,12188    1    1, 256    1    1,"<unnamed>::step_kernel_boundary_y_faces(const double *, const double *, double *, const double *, const double *, int, int, int, int, int, int, int, double, double)"
219129164158,4736,219129168894,915921,219130084815,719196,1639853,122,122,1,cudaLaunchKernel,12168    1    1, 256    1    1,"<unnamed>::step_kernel_boundary_z_faces(const double *, const double *, double *, const double *, const double *, int, int, int, int, int, int, int, double, double)"
219129176112,7833,219129183945,1586348,219130770293,13152,1607333,126,126,5,cudaLaunchKernel,6104    1    1, 256    1    1,"<unnamed>::pack_face_x(const double *, double *, int, int, int, int, int)"
219129184843,10891,219129195734,29574176,219158769910,10560,29595627,126,126,5,cudaLaunchKernel,6104    1    1, 256    1    1,"<unnamed>::pack_face_y(const double *, double *, int, int, int, int, int)"
219129197016,6543,219129203559,29578287,219158781846,61759,29646589,126,126,5,cudaLaunchKernel,6104    1    1, 256    1    1,"<unnamed>::pack_face_z(const double *, double *, int, int, int, int, int)"
219129213638,8134,219129221772,1556201,219130777973,27997601,29561936,126,126,5,cudaLaunchKernel,  39  312  312,  32    4    4,"<unnamed>::step_kernel_interior(const double *, const double *, double *, const double *, const double *, int, int, int, int, int, int, int, double, double)"
219129218384,6624,219129225008,1580795,219130805803,14656,1602075,122,122,1,cudaLaunchKernel,6104    1    1, 256    1    1,"<unnamed>::pack_face_x(const double *, double *, int, int, int, int, int)"
219129225620,4102,219129229722,29561782,219158791504,11104,29576988,122,122,1,cudaLaunchKernel,6104    1    1, 256    1    1,"<unnamed>::pack_face_y(const double *, double *, int, int, int, int, int)"
219129230174,8623,219129238797,29565539,219158804336,61568,29635730,122,122,1,cudaLaunchKernel,6104    1    1, 256    1    1,"<unnamed>::pack_face_z(const double *, double *, int, int, int, int, int)"
219129250256,6338,219129256594,1557209,219130813803,27983397,29546944,122,122,1,cudaLaunchKernel,  39  312  312,  32    4    4,"<unnamed>::step_kernel_interior(const double *, const double *, double *, const double *, const double *, int, int, int, int, int, int, int, double, double)"
219131851468,21626,219131873094,934672,219132807766,8192,964490,123,123,2,cudaLaunchKernel,6104    1    1, 256    1    1,"<unnamed>::unpack_face_x(const double *, double *, int, int, int, int, int)"
219131874012,7247,219131881259,936554,219132817813,10016,953817,123,123,2,cudaLaunchKernel,6104    1    1, 256    1    1,"<unnamed>::unpack_face_y(const double *, double *, int, int, int, int, int)"
219131882014,10767,219131892781,936328,219132829109,123167,1070262,123,123,2,cudaLaunchKernel,6104    1    1, 256    1    1,"<unnamed>::unpack_face_z(const double *, double *, int, int, int, int, int)"
219131894708,11347,219131906055,1047981,219132954036,61791,1121119,123,123,2,cudaLaunchKernel,12208    1    1, 256    1    1,"<unnamed>::step_kernel_boundary_x_faces(const double *, const double *, double *, const double *, const double *, int, int, int, int, int, int, int, double, double)"
219131907068,6422,219131913490,1104097,219133017587,61087,1171606,123,123,2,cudaLaunchKernel,12188    1    1, 256    1    1,"<unnamed>::step_kernel_boundary_y_faces(const double *, const double *, double *, const double *, const double *, int, int, int, int, int, int, int, double, double)"
219131914176,5434,219131919610,1160856,219133080466,724312,1890602,123,123,2,cudaLaunchKernel,12168    1    1, 256    1    1,"<unnamed>::step_kernel_boundary_z_faces(const double *, const double *, double *, const double *, const double *, int, int, int, int, int, int, int, double, double)"
219131972069,7511,219131979580,29810209,219161789789,10175,29827895,123,123,2,cudaLaunchKernel,6104    1    1, 256    1    1,"<unnamed>::pack_face_x(const double *, double *, int, int, int, int, int)"
219131980066,5896,219131985962,29815666,219161801628,10240,29831802,123,123,2,cudaLaunchKernel,6104    1    1, 256    1    1,"<unnamed>::pack_face_y(const double *, double *, int, int, int, int, int)"
219131986528,5477,219131992005,29821143,219161813148,62432,29889052,123,123,2,cudaLaunchKernel,6104    1    1, 256    1    1,"<unnamed>::pack_face_z(const double *, double *, int, int, int, int, int)"
219132009325,11916,219132021241,1784913,219133806154,27989810,29786639,123,123,2,cudaLaunchKernel,  39  312  312,  32    4    4,"<unnamed>::step_kernel_interior(const double *, const double *, double *, const double *, const double *, int, int, int, int, int, int, int, double, double)"
219132235892,23517,219132259409,651687,219132911096,8000,683204,134,134,7,cudaLaunchKernel,6104    1    1, 256    1    1,"<unnamed>::unpack_face_x(const double *, double *, int, int, int, int, int)"
219132243290,19940,219132263230,938322,219133201552,7872,966134,124,124,3,cudaLaunchKernel,6104    1    1, 256    1    1,"<unnamed>::unpack_face_x(const double *, double *, int, int, int, int, int)"
219132260564,7586,219132268150,652066,219132920216,10272,669924,134,134,7,cudaLaunchKernel,6104    1    1, 256    1    1,"<unnamed>::unpack_face_y(const double *, double *, int, int, int, int, int)"
219132264505,9728,219132274233,936151,219133210384,10271,956150,124,124,3,cudaLaunchKernel,6104    1    1, 256    1    1,"<unnamed>::unpack_face_y(const double *, double *, int, int, int, int, int)"
219132272156,8224,219132280380,651388,219132931768,121982,781594,134,134,7,cudaLaunchKernel,6104    1    1, 256    1    1,"<unnamed>::unpack_face_z(const double *, double *, int, int, int, int, int)"
219132275208,5121,219132280329,941318,219133221647,120799,1067238,124,124,3,cudaLaunchKernel,6104    1    1, 256    1    1,"<unnamed>::unpack_face_z(const double *, double *, int, int, int, int, int)"
219132281450,4430,219132285880,1058454,219133344334,62880,1125764,124,124,3,cudaLaunchKernel,12208    1    1, 256    1    1,"<unnamed>::step_kernel_boundary_x_faces(const double *, const double *, double *, const double *, const double *, int, int, int, int, int, int, int, double, double)"
219132281866,4991,219132286857,768429,219133055286,62912,836332,134,134,7,cudaLaunchKernel,12208    1    1, 256    1    1,"<unnamed>::step_kernel_boundary_x_faces(const double *, const double *, double *, const double *, const double *, int, int, int, int, int, int, int, double, double)"
219132286350,9704,219132296054,1112632,219133408686,59999,1182335,124,124,3,cudaLaunchKernel,12188    1    1, 256    1    1,"<unnamed>::step_kernel_boundary_y_faces(const double *, const double *, double *, const double *, const double *, int, int, int, int, int, int, int, double, double)"
219132287758,10392,219132298150,821584,219133119734,60767,892743,134,134,7,cudaLaunchKernel,12188    1    1, 256    1    1,"<unnamed>::step_kernel_boundary_y_faces(const double *, const double *, double *, const double *, const double *, int, int, int, int, int, int, int, double, double)"
219132297009,9608,219132306617,1163764,219133470381,728218,1901590,124,124,3,cudaLaunchKernel,12168    1    1, 256    1    1,"<unnamed>::step_kernel_boundary_z_faces(const double *, const double *, double *, const double *, const double *, int, int, int, int, int, int, int, double, double)"
219132299066,11953,219132311019,870954,219133181973,721975,1604882,134,134,7,cudaLaunchKernel,12168    1    1, 256    1    1,"<unnamed>::step_kernel_boundary_z_faces(const double *, const double *, double *, const double *, const double *, int, int, int, int, int, int, int, double, double)"
219132381372,8173,219132389545,29509969,219161899514,10496,29528638,134,134,7,cudaLaunchKernel,6104    1    1, 256    1    1,"<unnamed>::pack_face_x(const double *, double *, int, int, int, int, int)"
219132381997,7390,219132389387,1810716,219134200103,15711,1833817,124,124,3,cudaLaunchKernel,6104    1    1, 256    1    1,"<unnamed>::pack_face_x(const double *, double *, int, int, int, int, int)"
219132390026,5531,219132395557,29515765,219161911322,11520,29532816,134,134,7,cudaLaunchKernel,6104    1    1, 256    1    1,"<unnamed>::pack_face_y(const double *, double *, int, int, int, int, int)"
219132390170,4138,219132394308,29813348,219162207656,10752,29828238,124,124,3,cudaLaunchKernel,6104    1    1, 256    1    1,"<unnamed>::pack_face_y(const double *, double *, int, int, int, int, int)"
219132394899,8287,219132403186,29816886,219162220072,61696,29886869,124,124,3,cudaLaunchKernel,6104    1    1, 256    1    1,"<unnamed>::pack_face_z(const double *, double *, int, int, int, int, int)"
219132396018,12532,219132408550,29515380,219161923930,62431,29590343,134,134,7,cudaLaunchKernel,6104    1    1, 256    1    1,"<unnamed>::pack_face_z(const double *, double *, int, int, int, int, int)"
219132417110,11492,219132428602,1779660,219134208262,28004994,29796146,124,124,3,cudaLaunchKernel,  39  312  312,  32    4    4,"<unnamed>::step_kernel_interior(const double *, const double *, double *, const double *, const double *, int, int, int, int, int, int, int, double, double)"
219132425834,7141,219132432975,1472413,219133905388,28001486,29481040,134,134,7,cudaLaunchKernel,  39  312  312,  32    4    4,"<unnamed>::step_kernel_interior(const double *, const double *, double *, const double *, const double *, int, int, int, int, int, int, int, double, double)"
219133572791,18805,219133591596,677565,219134269161,8608,704978,133,133,6,cudaLaunchKernel,6104    1    1, 256    1    1,"<unnamed>::unpack_face_x(const double *, double *, int, int, int, int, int)"
219133592610,18470,219133611080,667713,219134278793,10336,696519,133,133,6,cudaLaunchKernel,6104    1    1, 256    1    1,"<unnamed>::unpack_face_y(const double *, double *, int, int, int, int, int)"
219133611906,6421,219133618327,671826,219134290153,122110,800357,133,133,6,cudaLaunchKernel,6104    1    1, 256    1    1,"<unnamed>::unpack_face_z(const double *, double *, int, int, int, int, int)"
219133619803,5006,219133624809,788894,219134413703,62496,856396,133,133,6,cudaLaunchKernel,12208    1    1, 256    1    1,"<unnamed>::step_kernel_boundary_x_faces(const double *, const double *, double *, const double *, const double *, int, int, int, int, int, int, int, double, double)"
219133625414,7181,219133632595,845044,219134477639,59967,912192,133,133,6,cudaLaunchKernel,12188    1    1, 256    1    1,"<unnamed>::step_kernel_boundary_y_faces(const double *, const double *, double *, const double *, const double *, int, int, int, int, int, int, int, double, double)"
219133633163,5387,219133638550,900528,219134539078,725368,1631283,133,133,6,cudaLaunchKernel,12168    1    1, 256    1    1,"<unnamed>::step_kernel_boundary_z_faces(const double *, const double *, double *, const double *, const double *, int, int, int, int, int, int, int, double, double)"
219133686499,7367,219133693866,29563250,219163257116,10304,29580921,133,133,6,cudaLaunchKernel,6104    1    1, 256    1    1,"<unnamed>::pack_face_x(const double *, double *, int, int, int, int, int)"
219133694318,5692,219133700010,29568818,219163268828,10272,29584782,133,133,6,cudaLaunchKernel,6104    1    1, 256    1    1,"<unnamed>::pack_face_y(const double *, double *, int, int, int, int, int)"
219133700543,15255,219133715798,29564358,219163280156,63423,29643036,133,133,6,cudaLaunchKernel,6104    1    1, 256    1    1,"<unnamed>::pack_face_z(const double *, double *, int, int, int, int, int)"
219133731284,11084,219133742368,1523486,219135265854,27996830,29531400,133,133,6,cudaLaunchKernel,  39  312  312,  32    4    4,"<unnamed>::step_kernel_interior(const double *, const double *, double *, const double *, const double *, int, int, int, int, int, int, int, double, double)"
219134517054,17174,219134534228,670287,219135204515,8384,695845,125,125,4,cudaLaunchKernel,6104    1    1, 256    1    1,"<unnamed>::unpack_face_x(const double *, double *, int, int, int, int, int)"
219134535139,7519,219134542658,671489,219135214147,10080,689088,125,125,4,cudaLaunchKernel,6104    1    1, 256    1    1,"<unnamed>::unpack_face_y(const double *, double *, int, int, int, int, int)"
219134537535,28508,219134566043,676048,219135242091,8352,712908,121,121,0,cudaLaunchKernel,6104    1    1, 256    1    1,"<unnamed>::unpack_face_x(const double *, double *, int, int, int, int, int)"
219134543351,13926,219134557277,668262,219135225539,121343,803531,125,125,4,cudaLaunchKernel,6104    1    1, 256    1    1,"<unnamed>::unpack_face_z(const double *, double *, int, int, int, int, int)"
219134558867,6949,219134565816,783018,219135348834,63040,853007,125,125,4,cudaLaunchKernel,12208    1    1, 256    1    1,"<unnamed>::step_kernel_boundary_x_faces(const double *, const double *, double *, const double *, const double *, int, int, int, int, int, int, int, double, double)"
219134566408,6130,219134572538,841096,219135413634,59744,906970,125,125,4,cudaLaunchKernel,12188    1    1, 256    1    1,"<unnamed>::step_kernel_boundary_y_faces(const double *, const double *, double *, const double *, const double *, int, int, int, int, int, int, int, double, double)"
219134567340,11009,219134578349,673374,219135251723,10016,694399,121,121,0,cudaLaunchKernel,6104    1    1, 256    1    1,"<unnamed>::unpack_face_y(const double *, double *, int, int, int, int, int)"
219134573175,10553,219134583728,891730,219135475458,726202,1628485,125,125,4,cudaLaunchKernel,12168    1    1, 256    1    1,"<unnamed>::step_kernel_boundary_z_faces(const double *, const double *, double *, const double *, const double *, int, int, int, int, int, int, int, double, double)"
219134579696,8252,219134587948,674879,219135262827,121215,804346,121,121,0,cudaLaunchKernel,6104    1    1, 256    1    1,"<unnamed>::unpack_face_z(const double *, double *, int, int, int, int, int)"
219134589345,6534,219134595879,790115,219135385994,62656,859305,121,121,0,cudaLaunchKernel,12208    1    1, 256    1    1,"<unnamed>::step_kernel_boundary_x_faces(const double *, const double *, double *, const double *, const double *, int, int, int, int, int, int, int, double, double)"
219134596489,6247,219134602736,847642,219135450378,60287,914176,121,121,0,cudaLaunchKernel,12188    1    1, 256    1    1,"<unnamed>::step_kernel_boundary_y_faces(const double *, const double *, double *, const double *, const double *, int, int, int, int, int, int, int, double, double)"
219134603518,5273,219134608791,903506,219135512297,725466,1634245,121,121,0,cudaLaunchKernel,12168    1    1, 256    1    1,"<unnamed>::step_kernel_boundary_z_faces(const double *, const double *, double *, const double *, const double *, int, int, int, int, int, int, int, double, double)"
219134634995,8638,219134643633,29501897,219164145530,10112,29520647,125,125,4,cudaLaunchKernel,6104    1    1, 256    1    1,"<unnamed>::pack_face_x(const double *, double *, int, int, int, int, int)"
219134644187,10803,219134654990,29502380,219164157370,10176,29523359,125,125,4,cudaLaunchKernel,6104    1    1, 256    1    1,"<unnamed>::pack_face_y(const double *, double *, int, int, int, int, int)"
219134655922,35020,219134690942,29477724,219164168666,62431,29575175,125,125,4,cudaLaunchKernel,6104    1    1, 256    1    1,"<unnamed>::pack_face_z(const double *, double *, int, int, int, int, int)"
219134672516,11687,219134684203,1555320,219136239523,14112,1581119,121,121,0,cudaLaunchKernel,6104    1    1, 256    1    1,"<unnamed>::pack_face_x(const double *, double *, int, int, int, int, int)"
219134685168,5805,219134690973,29551738,219164242711,10656,29568199,121,121,0,cudaLaunchKernel,6104    1    1, 256    1    1,"<unnamed>::pack_face_y(const double *, double *, int, int, int, int, int)"
219134691445,6049,219134697494,29557505,219164254999,61919,29625473,121,121,0,cudaLaunchKernel,6104    1    1, 256    1    1,"<unnamed>::pack_face_z(const double *, double *, int, int, int, int, int)"
219134713244,8240,219134721484,1481680,219136203164,27948094,29438014,125,125,4,cudaLaunchKernel,  39  312  312,  32    4    4,"<unnamed>::step_kernel_interior(const double *, const double *, double *, const double *, const double *, int, int, int, int, int, int, int, double, double)"
219134731403,11008,219134742411,1504952,219136247363,28001524,29517484,121,121,0,cudaLaunchKernel,  39  312  312,  32    4    4,"<unnamed>::step_kernel_interior(const double *, const double *, double *, const double *, const double *, int, int, int, int, int, int, int, double, double)"
219168267079,14028,219168281107,671759,219168952866,8512,694299,126,126,5,cudaLaunchKernel,6104    1    1, 256    1    1,"<unnamed>::unpack_face_x(const double *, double *, int, int, int, int, int)"
219168282058,6051,219168288109,674357,219168962466,10240,690648,126,126,5,cudaLaunchKernel,6104    1    1, 256    1    1,"<unnamed>::unpack_face_y(const double *, double *, int, int, int, int, int)"
219168288613,5688,219168294301,679461,219168973762,122239,807388,126,126,5,cudaLaunchKernel,6104    1    1, 256    1    1,"<unnamed>::unpack_face_z(const double *, double *, int, int, int, int, int)"
219168295362,5317,219168300679,796794,219169097473,62879,864990,126,126,5,cudaLaunchKernel,12208    1    1, 256    1    1,"<unnamed>::step_kernel_boundary_x_faces(const double *, const double *, double *, const double *, const double *, int, int, int, int, int, int, int, double, double)"
219168301150,4732,219168305882,855942,219169161824,61151,921825,126,126,5,cudaLaunchKernel,12188    1    1, 256    1    1,"<unnamed>::step_kernel_boundary_y_faces(const double *, const double *, double *, const double *, const double *, int, int, int, int, int, int, int, double, double)"
219168306467,5997,219168312464,911887,219169224351,726392,1644276,126,126,5,cudaLaunchKernel,12168    1    1, 256    1    1,"<unnamed>::step_kernel_boundary_z_faces(const double *, const double *, double *, const double *, const double *, int, int, int, int, int, int, int, double, double)"
219168448359,14481,219168462840,686335,219169149175,8608,709424,122,122,1,cudaLaunchKernel,6104    1    1, 256    1    1,"<unnamed>::unpack_face_x(const double *, double *, int, int, int, int, int)"
219168463706,4407,219168468113,690822,219169158935,10144,705373,122,122,1,cudaLaunchKernel,6104    1    1, 256    1    1,"<unnamed>::unpack_face_y(const double *, double *, int, int, int, int, int)"
219168468833,5902,219168474735,695848,219169170583,120863,822613,122,122,1,cudaLaunchKernel,6104    1    1, 256    1    1,"<unnamed>::unpack_face_z(const double *, double *, int, int, int, int, int)"
219168475947,4142,219168480089,813245,219169293334,61759,879146,122,122,1,cudaLaunchKernel,12208    1    1, 256    1    1,"<unnamed>::step_kernel_boundary_x_faces(const double *, const double *, double *, const double *, const double *, int, int, int, int, int, int, int, double, double)"
219168480563,4895,219168485458,871587,219169357045,61216,937698,122,122,1,cudaLaunchKernel,12188    1    1, 256    1    1,"<unnamed>::step_kernel_boundary_y_faces(const double *, const double *, double *, const double *, const double *, int, int, int, int, int, int, int, double, double)"
219168486097,4302,219168490399,929462,219169419861,712668,1646432,122,122,1,cudaLaunchKernel,12168    1    1, 256    1    1,"<unnamed>::step_kernel_boundary_z_faces(const double *, const double *, double *, const double *, const double *, int, int, int, int, int, int, int, double, double)"
219171545383,20653,219171566036,961353,219172527389,8544,990550,123,123,2,cudaLaunchKernel,6104    1    1, 256    1    1,"<unnamed>::unpack_face_x(const double *, double *, int, int, int, int, int)"
219171566883,6042,219171572925,964128,219172537053,9824,979994,123,123,2,cudaLaunchKernel,6104    1    1, 256    1    1,"<unnamed>::unpack_face_y(const double *, double *, int, int, int, int, int)"
219171573587,6205,219171579792,968556,219172548348,121215,1095976,123,123,2,cudaLaunchKernel,6104    1    1, 256    1    1,"<unnamed>::unpack_face_z(const double *, double *, int, int, int, int, int)"
219171581551,6610,219171588161,1083130,219172671291,62111,1151851,123,123,2,cudaLaunchKernel,12208    1    1, 256    1    1,"<unnamed>::step_kernel_boundary_x_faces(const double *, const double *, double *, const double *, const double *, int, int, int, int, int, int, int, double, double)"
219171588719,5237,219171593956,1141590,219172735546,60224,1207051,123,123,2,cudaLaunchKernel,12188    1    1, 256    1    1,"<unnamed>::step_kernel_boundary_y_faces(const double *, const double *, double *, const double *, const double *, int, int, int, int, int, int, int, double, double)"
219171594620,5695,219171600315,1197087,219172797402,723479,1926261,123,123,2,cudaLaunchKernel,12168    1    1, 256    1    1,"<unnamed>::step_kernel_boundary_z_faces(const double *, const double *, double *, const double *, const double *, int, int, int, int, int, int, int, double, double)"
219171916463,15951,219171932414,671739,219172604153,8032,695722,134,134,7,cudaLaunchKernel,6104    1    1, 256    1    1,"<unnamed>::unpack_face_x(const double *, double *, int, int, int, int, int)"
219171929019,16377,219171945396,964691,219172910087,8256,989324,124,124,3,cudaLaunchKernel,6104    1    1, 256    1    1,"<unnamed>::unpack_face_x(const double *, double *, int, int, int, int, int)"
219171933282,6480,219171939762,673543,219172613305,10048,690071,134,134,7,cudaLaunchKernel,6104    1    1, 256    1    1,"<unnamed>::unpack_face_y(const double *, double *, int, int, int, int, int)"
219171940457,8602,219171949059,675734,219172624793,121726,806062,134,134,7,cudaLaunchKernel,6104    1    1, 256    1    1,"<unnamed>::unpack_face_z(const double *, double *, int, int, int, int, int)"
219171946451,4528,219171950979,968356,219172919335,9888,982772,124,124,3,cudaLaunchKernel,6104    1    1, 256    1    1,"<unnamed>::unpack_face_y(const double *, double *, int, int, int, int, int)"
219171950225,8204,219171958429,789594,219172748023,61631,859429,134,134,7,cudaLaunchKernel,12208    1    1, 256    1    1,"<unnamed>::step_kernel_boundary_x_faces(const double *, const double *, double *, const double *, const double *, int, int, int, int, int, int, int, double, double)"
219171951519,5449,219171956968,973407,219172930375,121951,1100807,124,124,3,cudaLaunchKernel,6104    1    1, 256    1    1,"<unnamed>::unpack_face_z(const double *, double *, int, int, int, int, int)"
219171958199,9979,219171968178,1085524,219173053702,62495,1157998,124,124,3,cudaLaunchKernel,12208    1    1, 256    1    1,"<unnamed>::step_kernel_boundary_x_faces(const double *, const double *, double *, const double *, const double *, int, int, int, int, int, int, int, double, double)"
219171959059,11855,219171970914,840276,219172811190,61344,913475,134,134,7,cudaLaunchKernel,12188    1    1, 256    1    1,"<unnamed>::step_kernel_boundary_y_faces(const double *, const double *, double *, const double *, const double *, int, int, int, int, int, int, int, double, double)"
219171969126,10680,219171979806,1137895,219173117701,61472,1210047,124,124,3,cudaLaunchKernel,12188    1    1, 256    1    1,"<unnamed>::step_kernel_boundary_y_faces(const double *, const double *, double *, const double *, const double *, int, int, int, int, int, int, int, double, double)"
219171975188,9327,219171984515,889523,219172874038,721655,1620505,134,134,7,cudaLaunchKernel,12168    1    1, 256    1    1,"<unnamed>::step_kernel_boundary_z_faces(const double *, const double *, double *, const double *, const double *, int, int, int, int, int, int, int, double, double)"
219171981037,4942,219171985979,1194602,219173180581,720569,1920113,124,124,3,cudaLaunchKernel,12168    1    1, 256    1    1,"<unnamed>::step_kernel_boundary_z_faces(const double *, const double *, double *, const double *, const double *, int, int, int, int, int, int, int, double, double)"
219172969048,22943,219172991991,669261,219173661252,8352,700556,133,133,6,cudaLaunchKernel,6104    1    1, 256    1    1,"<unnamed>::unpack_face_x(const double *, double *, int, int, int, int, int)"
219172996432,7720,219173004152,666380,219173670532,9984,684084,133,133,6,cudaLaunchKernel,6104    1    1, 256    1    1,"<unnamed>::unpack_face_y(const double *, double *, int, int, int, int, int)"
219173005038,7341,219173012379,669257,219173681636,121183,797781,133,133,6,cudaLaunchKernel,6104    1    1, 256    1    1,"<unnamed>::unpack_face_z(const double *, double *, int, int, int, int, int)"
219173013923,5424,219173019347,785008,219173804355,63039,853471,133,133,6,cudaLaunchKernel,12208    1    1, 256    1    1,"<unnamed>::step_kernel_boundary_x_faces(const double *, const double *, double *, const double *, const double *, int, int, int, int, int, int, int, double, double)"
219173019987,12682,219173032669,836229,219173868898,61343,910254,133,133,6,cudaLaunchKernel,12188    1    1, 256    1    1,"<unnamed>::step_kernel_boundary_y_faces(const double *, const double *, double *, const double *, const double *, int, int, int, int, int, int, int, double, double)"
219173033633,6772,219173040405,891276,219173931681,723832,1621880,133,133,6,cudaLaunchKernel,12168    1    1, 256    1    1,"<unnamed>::step_kernel_boundary_z_faces(const double *, const double *, double *, const double *, const double *, int, int, int, int, int, int, int, double, double)"
219174538133,17188,219174555321,669140,219175224461,8224,694552,125,125,4,cudaLaunchKernel,6104    1    1, 256    1    1,"<unnamed>::unpack_face_x(const double *, double *, int, int, int, int, int)"
219174556076,6302,219174562378,671395,219175233773,10048,687745,125,125,4,cudaLaunchKernel,6104    1    1, 256    1    1,"<unnamed>::unpack_face_y(const double *, double *, int, int, int, int, int)"
219174562013,17976,219174579989,684037,219175264026,8096,710109,121,121,0,cudaLaunchKernel,6104    1    1, 256    1    1,"<unnamed>::unpack_face_x(const double *, double *, int, int, int, int, int)"
219174563092,7341,219174570433,674604,219175245037,122975,804920,125,125,4,cudaLaunchKernel,6104    1    1, 256    1    1,"<unnamed>::unpack_face_z(const double *, double *, int, int, int, int, int)"
219174571739,5964,219174577703,792069,219175369772,61695,859728,125,125,4,cudaLaunchKernel,12208    1    1, 256    1    1,"<unnamed>::step_kernel_boundary_x_faces(const double *, const double *, double *, const double *, const double *, int, int, int, int, int, int, int, double, double)"
219174578224,12375,219174590599,842628,219175433227,61216,916219,125,125,4,cudaLaunchKernel,12188    1    1, 256    1    1,"<unnamed>::step_kernel_boundary_y_faces(const double *, const double *, double *, const double *, const double *, int, int, int, int, int, int, int, double, double)"
219174584521,7776,219174592297,681105,219175273402,9920,698801,121,121,0,cudaLaunchKernel,6104    1    1, 256    1    1,"<unnamed>::unpack_face_y(const double *, double *, int, int, int, int, int)"
219174591691,11032,219174602723,893512,219175496235,719163,1623707,125,125,4,cudaLaunchKernel,12168    1    1, 256    1    1,"<unnamed>::step_kernel_boundary_z_faces(const double *, const double *, double *, const double *, const double *, int, int, int, int, int, int, int, double, double)"
219174596925,10085,219174607010,677528,219175284538,122111,809724,121,121,0,cudaLaunchKernel,6104    1    1, 256    1    1,"<unnamed>::unpack_face_z(const double *, double *, int, int, int, int, int)"
219174608666,5452,219174614118,794195,219175408313,61279,860926,121,121,0,cudaLaunchKernel,12208    1    1, 256    1    1,"<unnamed>::step_kernel_boundary_x_faces(const double *, const double *, double *, const double *, const double *, int, int, int, int, int, int, int, double, double)"
219174614667,9110,219174623777,847383,219175471160,61408,917901,121,121,0,cudaLaunchKernel,12188    1    1, 256    1    1,"<unnamed>::step_kernel_boundary_y_faces(const double *, const double *, double *, const double *, const double *, int, int, int, int, int, int, int, double, double)"
219174625016,8205,219174633221,901139,219175534360,721466,1630810,121,121,0,cudaLaunchKernel,12168    1    1, 256    1    1,"<unnamed>::step_kernel_boundary_z_faces(const double *, const double *, double *, const double *, const double *, int, int, int, int, int, int, int, double, double)"
