API Start (ns),API Dur (ns),Queue Start (ns),Queue Dur (ns),Kernel Start (ns),Kernel Dur (ns),Total Dur (ns),PID,TID,DevId,API Function,GridXYZ,BlockXYZ,Kernel Name
209913062697,313468,,,209913366135,896,313468,126,126,5,cudaLaunchKernel,   1    1    1,   1    1    1,<unnamed>::warmup_kernel(double *)
209913713512,35525,,,209913748722,8096,43306,126,126,5,cudaLaunchKernel,6104    1    1, 256    1    1,"<unnamed>::pack_face_x(const double *, double *, int, int, int, int, int)"
209913751253,25674,209913776927,147,209913777074,22464,48285,126,126,5,cudaLaunchKernel,6104    1    1, 256    1    1,"<unnamed>::pack_face_y(const double *, double *, int, int, int, int, int)"
209913778774,24794,209913803568,5345,209913808913,62112,92251,126,126,5,cudaLaunchKernel,6104    1    1, 256    1    1,"<unnamed>::pack_face_z(const double *, double *, int, int, int, int, int)"
210097021365,247671,,,210097260138,896,247671,124,124,3,cudaLaunchKernel,   1    1    1,   1    1    1,<unnamed>::warmup_kernel(double *)
210097570299,31705,,,210097601031,8192,38924,124,124,3,cudaLaunchKernel,6104    1    1, 256    1    1,"<unnamed>::pack_face_x(const double *, double *, int, int, int, int, int)"
210097604146,24588,210097628734,713,210097629447,23263,48564,124,124,3,cudaLaunchKernel,6104    1    1, 256    1    1,"<unnamed>::pack_face_y(const double *, double *, int, int, int, int, int)"
210097630685,18559,210097649244,13226,210097662470,62784,94569,124,124,3,cudaLaunchKernel,6104    1    1, 256    1    1,"<unnamed>::pack_face_z(const double *, double *, int, int, int, int, int)"
210247200434,232413,,,210247427640,992,232413,122,122,1,cudaLaunchKernel,   1    1    1,   1    1    1,<unnamed>::warmup_kernel(double *)
210247708405,37060,,,210247742102,8704,42401,122,122,1,cudaLaunchKernel,6104    1    1, 256    1    1,"<unnamed>::pack_face_x(const double *, double *, int, int, int, int, int)"
210247747558,24478,210247772036,178,210247772214,23264,47920,122,122,1,cudaLaunchKernel,6104    1    1, 256    1    1,"<unnamed>::pack_face_y(const double *, double *, int, int, int, int, int)"
210247773656,20652,210247794308,8306,210247802614,62815,91773,122,122,1,cudaLaunchKernel,6104    1    1, 256    1    1,"<unnamed>::pack_face_z(const double *, double *, int, int, int, int, int)"
211338062385,275623,,,211338331483,896,275623,121,121,0,cudaLaunchKernel,   1    1    1,   1    1    1,<unnamed>::warmup_kernel(double *)
211338653606,41256,211338694862,298,211338695160,8288,49842,121,121,0,cudaLaunchKernel,6104    1    1, 256    1    1,"<unnamed>::pack_face_x(const double *, double *, int, int, int, int, int)"
211338696639,20908,211338717547,1037,211338718584,22688,44633,121,121,0,cudaLaunchKernel,6104    1    1, 256    1    1,"<unnamed>::pack_face_y(const double *, double *, int, int, int, int, int)"
211338719727,19760,211338739487,10201,211338749688,63231,93192,121,121,0,cudaLaunchKernel,6104    1    1, 256    1    1,"<unnamed>::pack_face_z(const double *, double *, int, int, int, int, int)"
211343477303,74536,211343551839,618073,211344169912,8288,700897,122,122,1,cudaLaunchKernel,6104    1    1, 256    1    1,"<unnamed>::unpack_face_x(const double *, double *, int, int, int, int, int)"
211343555328,26893,211343582221,606219,211344188440,10848,643960,122,122,1,cudaLaunchKernel,6104    1    1, 256    1    1,"<unnamed>::unpack_face_y(const double *, double *, int, int, int, int, int)"
211343587651,32079,211343619730,588806,211344208536,121919,742804,122,122,1,cudaLaunchKernel,6104    1    1, 256    1    1,"<unnamed>::unpack_face_z(const double *, double *, int, int, int, int, int)"
211344891089,38292,,,211344926036,1664,38292,122,122,1,cudaLaunchKernel,   1    2    2,  32    4    4,"<unnamed>::step_kernel_interior(const double *, const double *, double *, const double *, const double *, int, int, int, int, int, int, int, double, double)"
211344933071,29828,,,211344962164,1600,30693,122,122,1,cudaLaunchKernel,   1    1    1, 256    1    1,"<unnamed>::step_kernel_boundary_x_faces(const double *, const double *, double *, const double *, const double *, int, int, int, int, int, int, int, double, double)"
211344968212,25147,211344993359,389,211344993748,1632,27168,122,122,1,cudaLaunchKernel,   1    1    1, 256    1    1,"<unnamed>::step_kernel_boundary_y_faces(const double *, const double *, double *, const double *, const double *, int, int, int, int, int, int, int, double, double)"
211344997314,25453,211345022767,133,211345022900,1696,27282,122,122,1,cudaLaunchKernel,   1    1    1, 256    1    1,"<unnamed>::step_kernel_boundary_z_faces(const double *, const double *, double *, const double *, const double *, int, int, int, int, int, int, int, double, double)"
211345041202,10534,,,211345051508,1696,12002,122,122,1,cudaLaunchKernel,   1    2    2,  32    4    4,"<unnamed>::step_kernel_interior(const double *, const double *, double *, const double *, const double *, int, int, int, int, int, int, int, double, double)"
211345052762,6032,211345058794,810,211345059604,1600,8442,122,122,1,cudaLaunchKernel,   1    1    1, 256    1    1,"<unnamed>::step_kernel_boundary_x_faces(const double *, const double *, double *, const double *, const double *, int, int, int, int, int, int, int, double, double)"
211345059235,9308,,,211345068083,1600,10448,122,122,1,cudaLaunchKernel,   1    1    1, 256    1    1,"<unnamed>::step_kernel_boundary_y_faces(const double *, const double *, double *, const double *, const double *, int, int, int, int, int, int, int, double, double)"
211345069395,5364,211345074759,1004,211345075763,1632,8000,122,122,1,cudaLaunchKernel,   1    1    1, 256    1    1,"<unnamed>::step_kernel_boundary_z_faces(const double *, const double *, double *, const double *, const double *, int, int, int, int, int, int, int, double, double)"
211368918831,242574,,,211369158268,896,242574,138,138,7,cudaLaunchKernel,   1    1    1,   1    1    1,<unnamed>::warmup_kernel(double *)
211369474200,37655,,,211369510712,8096,44608,138,138,7,cudaLaunchKernel,6104    1    1, 256    1    1,"<unnamed>::pack_face_x(const double *, double *, int, int, int, int, int)"
211369514370,28536,211369542906,606,211369543512,23135,52277,138,138,7,cudaLaunchKernel,6104    1    1, 256    1    1,"<unnamed>::pack_face_y(const double *, double *, int, int, int, int, int)"
211369544689,32363,211369577052,155,211369577207,62400,94918,138,138,7,cudaLaunchKernel,6104    1    1, 256    1    1,"<unnamed>::pack_face_z(const double *, double *, int, int, int, int, int)"
211405025019,269061,,,211405291045,896,269061,125,125,4,cudaLaunchKernel,   1    1    1,   1    1    1,<unnamed>::warmup_kernel(double *)
211405596006,39597,,,211405632610,8384,44988,125,125,4,cudaLaunchKernel,6104    1    1, 256    1    1,"<unnamed>::pack_face_x(const double *, double *, int, int, int, int, int)"
211405639990,15584,211405655574,1900,211405657474,22336,39820,125,125,4,cudaLaunchKernel,6104    1    1, 256    1    1,"<unnamed>::pack_face_y(const double *, double *, int, int, int, int, int)"
211405657478,39670,,,211405696482,62400,101404,125,125,4,cudaLaunchKernel,6104    1    1, 256    1    1,"<unnamed>::pack_face_z(const double *, double *, int, int, int, int, int)"
211410163003,101191,211410264194,583363,211410847557,8576,693130,126,126,5,cudaLaunchKernel,6104    1    1, 256    1    1,"<unnamed>::unpack_face_x(const double *, double *, int, int, int, int, int)"
211410266603,24312,211410290915,572769,211410863684,10944,608025,126,126,5,cudaLaunchKernel,6104    1    1, 256    1    1,"<unnamed>::unpack_face_y(const double *, double *, int, int, int, int, int)"
211410296544,20798,211410317342,564838,211410882180,122271,707907,126,126,5,cudaLaunchKernel,6104    1    1, 256    1    1,"<unnamed>::unpack_face_z(const double *, double *, int, int, int, int, int)"
211411395628,26249,,,211411420862,1472,26706,126,126,5,cudaLaunchKernel,   1    2    2,  32    4    4,"<unnamed>::step_kernel_interior(const double *, const double *, double *, const double *, const double *, int, int, int, int, int, int, int, double, double)"
211411427348,20499,211411447847,919,211411448766,1408,22826,126,126,5,cudaLaunchKernel,   1    1    1, 256    1    1,"<unnamed>::step_kernel_boundary_x_faces(const double *, const double *, double *, const double *, const double *, int, int, int, int, int, int, int, double, double)"
211411449269,25734,211411475003,194,211411475197,1472,27400,126,126,5,cudaLaunchKernel,   1    1    1, 256    1    1,"<unnamed>::step_kernel_boundary_y_faces(const double *, const double *, double *, const double *, const double *, int, int, int, int, int, int, int, double, double)"
211411477372,21907,,,211411498909,1408,22945,126,126,5,cudaLaunchKernel,   1    1    1, 256    1    1,"<unnamed>::step_kernel_boundary_z_faces(const double *, const double *, double *, const double *, const double *, int, int, int, int, int, int, int, double, double)"
211411517519,5667,211411523186,587,211411523773,1408,7662,126,126,5,cudaLaunchKernel,   1    2    2,  32    4    4,"<unnamed>::step_kernel_interior(const double *, const double *, double *, const double *, const double *, int, int, int, int, int, int, int, double, double)"
211411523837,3840,211411527677,640,211411528317,1344,5824,126,126,5,cudaLaunchKernel,   1    1    1, 256    1    1,"<unnamed>::step_kernel_boundary_x_faces(const double *, const double *, double *, const double *, const double *, int, int, int, int, int, int, int, double, double)"
211411528094,3177,211411531271,1846,211411533117,1376,6399,126,126,5,cudaLaunchKernel,   1    1    1, 256    1    1,"<unnamed>::step_kernel_boundary_y_faces(const double *, const double *, double *, const double *, const double *, int, int, int, int, int, int, int, double, double)"
211411531684,3448,211411535132,961,211411536093,1408,5817,126,126,5,cudaLaunchKernel,   1    1    1, 256    1    1,"<unnamed>::step_kernel_boundary_z_faces(const double *, const double *, double *, const double *, const double *, int, int, int, int, int, int, int, double, double)"
211525743788,290259,,,211526030373,896,290259,123,123,2,cudaLaunchKernel,   1    1    1,   1    1    1,<unnamed>::warmup_kernel(double *)
211526363802,33592,,,211526396897,8128,41223,123,123,2,cudaLaunchKernel,6104    1    1, 256    1    1,"<unnamed>::pack_face_x(const double *, double *, int, int, int, int, int)"
211526399578,23218,211526422796,1076,211526423872,23520,47814,123,123,2,cudaLaunchKernel,6104    1    1, 256    1    1,"<unnamed>::pack_face_y(const double *, double *, int, int, int, int, int)"
211526424595,28307,211526452902,1178,211526454080,62175,91660,123,123,2,cudaLaunchKernel,6104    1    1, 256    1    1,"<unnamed>::pack_face_z(const double *, double *, int, int, int, int, int)"
211530701598,115103,211530816701,545055,211531361756,8288,668446,124,124,3,cudaLaunchKernel,6104    1    1, 256    1    1,"<unnamed>::unpack_face_x(const double *, double *, int, int, int, int, int)"
211530819932,30276,211530850208,530971,211531381179,10432,571679,124,124,3,cudaLaunchKernel,6104    1    1, 256    1    1,"<unnamed>::unpack_face_y(const double *, double *, int, int, int, int, int)"
211530852928,21072,211530874000,527211,211531401211,121055,669338,124,124,3,cudaLaunchKernel,6104    1    1, 256    1    1,"<unnamed>::unpack_face_z(const double *, double *, int, int, int, int, int)"
211531970374,35555,,,211532002710,1440,35555,124,124,3,cudaLaunchKernel,   1    2    2,  32    4    4,"<unnamed>::step_kernel_interior(const double *, const double *, double *, const double *, const double *, int, int, int, int, int, int, int, double, double)"
211532008743,28765,211532037508,113,211532037621,1408,30286,124,124,3,cudaLaunchKernel,   1    1    1, 256    1    1,"<unnamed>::step_kernel_boundary_x_faces(const double *, const double *, double *, const double *, const double *, int, int, int, int, int, int, int, double, double)"
211532039673,26819,,,211532063701,1440,26819,124,124,3,cudaLaunchKernel,   1    1    1, 256    1    1,"<unnamed>::step_kernel_boundary_y_faces(const double *, const double *, double *, const double *, const double *, int, int, int, int, int, int, int, double, double)"
211532068997,24290,211532093287,110,211532093397,1408,25808,124,124,3,cudaLaunchKernel,   1    1    1, 256    1    1,"<unnamed>::step_kernel_boundary_z_faces(const double *, const double *, double *, const double *, const double *, int, int, int, int, int, int, int, double, double)"
211532109050,10558,,,211532116309,1408,10558,124,124,3,cudaLaunchKernel,   1    2    2,  32    4    4,"<unnamed>::step_kernel_interior(const double *, const double *, double *, const double *, const double *, int, int, int, int, int, int, int, double, double)"
211532120735,5531,211532126266,603,211532126869,1376,7510,124,124,3,cudaLaunchKernel,   1    1    1, 256    1    1,"<unnamed>::step_kernel_boundary_x_faces(const double *, const double *, double *, const double *, const double *, int, int, int, int, int, int, int, double, double)"
211532126736,3329,211532130065,1987,211532132052,1376,6692,124,124,3,cudaLaunchKernel,   1    1    1, 256    1    1,"<unnamed>::step_kernel_boundary_y_faces(const double *, const double *, double *, const double *, const double *, int, int, int, int, int, int, int, double, double)"
211532130634,10320,,,211532140692,1376,11434,124,124,3,cudaLaunchKernel,   1    1    1, 256    1    1,"<unnamed>::step_kernel_boundary_z_faces(const double *, const double *, double *, const double *, const double *, int, int, int, int, int, int, int, double, double)"
211533923078,104445,211534027523,587640,211534615163,8128,700213,121,121,0,cudaLaunchKernel,6104    1    1, 256    1    1,"<unnamed>::unpack_face_x(const double *, double *, int, int, int, int, int)"
211534034361,25922,211534060283,571584,211534631867,10176,607682,121,121,0,cudaLaunchKernel,6104    1    1, 256    1    1,"<unnamed>::unpack_face_y(const double *, double *, int, int, int, int, int)"
211534066853,46699,211534113552,537067,211534650619,122463,706229,121,121,0,cudaLaunchKernel,6104    1    1, 256    1    1,"<unnamed>::unpack_face_z(const double *, double *, int, int, int, int, int)"
211535182654,39788,,,211535219606,1472,39788,121,121,0,cudaLaunchKernel,   1    2    2,  32    4    4,"<unnamed>::step_kernel_interior(const double *, const double *, double *, const double *, const double *, int, int, int, int, int, int, int, double, double)"
211535225437,26363,211535251800,1022,211535252822,1408,28793,121,121,0,cudaLaunchKernel,   1    1    1, 256    1    1,"<unnamed>::step_kernel_boundary_x_faces(const double *, const double *, double *, const double *, const double *, int, int, int, int, int, int, int, double, double)"
211535257910,33287,,,211535285109,1440,33287,121,121,0,cudaLaunchKernel,   1    1    1, 256    1    1,"<unnamed>::step_kernel_boundary_y_faces(const double *, const double *, double *, const double *, const double *, int, int, int, int, int, int, int, double, double)"
211535293477,30999,,,211535320949,1408,30999,121,121,0,cudaLaunchKernel,   1    1    1, 256    1    1,"<unnamed>::step_kernel_boundary_z_faces(const double *, const double *, double *, const double *, const double *, int, int, int, int, int, int, int, double, double)"
211535345902,5545,211535351447,574,211535352021,1408,7527,121,121,0,cudaLaunchKernel,   1    2    2,  32    4    4,"<unnamed>::step_kernel_interior(const double *, const double *, double *, const double *, const double *, int, int, int, int, int, int, int, double, double)"
211535352129,10646,,,211535362517,1344,11732,121,121,0,cudaLaunchKernel,   1    1    1, 256    1    1,"<unnamed>::step_kernel_boundary_x_faces(const double *, const double *, double *, const double *, const double *, int, int, int, int, int, int, int, double, double)"
211535363615,8469,,,211535371541,1376,9302,121,121,0,cudaLaunchKernel,   1    1    1, 256    1    1,"<unnamed>::step_kernel_boundary_y_faces(const double *, const double *, double *, const double *, const double *, int, int, int, int, int, int, int, double, double)"
211535372938,10044,,,211535382805,1376,11243,121,121,0,cudaLaunchKernel,   1    1    1, 256    1    1,"<unnamed>::step_kernel_boundary_z_faces(const double *, const double *, double *, const double *, const double *, int, int, int, int, int, int, int, double, double)"
211798181685,279898,,,211798454576,896,279898,132,132,6,cudaLaunchKernel,   1    1    1,   1    1    1,<unnamed>::warmup_kernel(double *)
211798807316,40508,,,211798844587,8192,45463,132,132,6,cudaLaunchKernel,6104    1    1, 256    1    1,"<unnamed>::pack_face_x(const double *, double *, int, int, int, int, int)"
211798850097,29075,211798879172,455,211798879627,22368,51898,132,132,6,cudaLaunchKernel,6104    1    1, 256    1    1,"<unnamed>::pack_face_y(const double *, double *, int, int, int, int, int)"
211798881043,34060,211798915103,428,211798915531,62559,97047,132,132,6,cudaLaunchKernel,6104    1    1, 256    1    1,"<unnamed>::pack_face_z(const double *, double *, int, int, int, int, int)"
211803887264,105960,211803993224,554868,211804548092,8160,668988,138,138,7,cudaLaunchKernel,6104    1    1, 256    1    1,"<unnamed>::unpack_face_x(const double *, double *, int, int, int, int, int)"
211804000180,39673,211804039853,526063,211804565916,10272,576008,138,138,7,cudaLaunchKernel,6104    1    1, 256    1    1,"<unnamed>::unpack_face_y(const double *, double *, int, int, int, int, int)"
211804042801,23841,211804066642,517226,211804583868,121886,662953,138,138,7,cudaLaunchKernel,6104    1    1, 256    1    1,"<unnamed>::unpack_face_z(const double *, double *, int, int, int, int, int)"
211805198315,44979,,,211805237844,1472,44979,138,138,7,cudaLaunchKernel,   1    2    2,  32    4    4,"<unnamed>::step_kernel_interior(const double *, const double *, double *, const double *, const double *, int, int, int, int, int, int, int, double, double)"
211805246992,27766,211805274758,845,211805275603,1408,30019,138,138,7,cudaLaunchKernel,   1    1    1, 256    1    1,"<unnamed>::step_kernel_boundary_x_faces(const double *, const double *, double *, const double *, const double *, int, int, int, int, int, int, int, double, double)"
211805277058,30311,,,211805306963,1440,31345,138,138,7,cudaLaunchKernel,   1    1    1, 256    1    1,"<unnamed>::step_kernel_boundary_y_faces(const double *, const double *, double *, const double *, const double *, int, int, int, int, int, int, int, double, double)"
211805309663,24470,211805334133,286,211805334419,1408,26164,138,138,7,cudaLaunchKernel,   1    1    1, 256    1    1,"<unnamed>::step_kernel_boundary_z_faces(const double *, const double *, double *, const double *, const double *, int, int, int, int, int, int, int, double, double)"
211805347517,4459,211805351976,746,211805352722,1408,6613,138,138,7,cudaLaunchKernel,   1    2    2,  32    4    4,"<unnamed>::step_kernel_interior(const double *, const double *, double *, const double *, const double *, int, int, int, int, int, int, int, double, double)"
211805352683,9580,,,211805358738,1376,9580,138,138,7,cudaLaunchKernel,   1    1    1, 256    1    1,"<unnamed>::step_kernel_boundary_x_faces(const double *, const double *, double *, const double *, const double *, int, int, int, int, int, int, int, double, double)"
211805363201,11387,,,211805374066,1376,12241,138,138,7,cudaLaunchKernel,   1    1    1, 256    1    1,"<unnamed>::step_kernel_boundary_y_faces(const double *, const double *, double *, const double *, const double *, int, int, int, int, int, int, int, double, double)"
211805375469,11319,,,211805386450,1408,12389,138,138,7,cudaLaunchKernel,   1    1    1, 256    1    1,"<unnamed>::step_kernel_boundary_z_faces(const double *, const double *, double *, const double *, const double *, int, int, int, int, int, int, int, double, double)"
211807674432,103407,211807777839,580801,211808358640,8128,692336,125,125,4,cudaLaunchKernel,6104    1    1, 256    1    1,"<unnamed>::unpack_face_x(const double *, double *, int, int, int, int, int)"
211807781361,37269,211807818630,557898,211808376528,10272,605439,125,125,4,cudaLaunchKernel,6104    1    1, 256    1    1,"<unnamed>::unpack_face_y(const double *, double *, int, int, int, int, int)"
211807821820,45081,211807866901,528859,211808395760,123807,697747,125,125,4,cudaLaunchKernel,6104    1    1, 256    1    1,"<unnamed>::unpack_face_z(const double *, double *, int, int, int, int, int)"
211808979748,29346,211809009094,166,211809009260,1504,31016,125,125,4,cudaLaunchKernel,   1    2    2,  32    4    4,"<unnamed>::step_kernel_interior(const double *, const double *, double *, const double *, const double *, int, int, int, int, int, int, int, double, double)"
211809015420,32524,,,211809046348,1375,32524,125,125,4,cudaLaunchKernel,   1    1    1, 256    1    1,"<unnamed>::step_kernel_boundary_x_faces(const double *, const double *, double *, const double *, const double *, int, int, int, int, int, int, int, double, double)"
211809050777,29420,,,211809080171,1408,30802,125,125,4,cudaLaunchKernel,   1    1    1, 256    1    1,"<unnamed>::step_kernel_boundary_y_faces(const double *, const double *, double *, const double *, const double *, int, int, int, int, int, int, int, double, double)"
211809082481,36269,,,211809118315,1440,37274,125,125,4,cudaLaunchKernel,   1    1    1, 256    1    1,"<unnamed>::step_kernel_boundary_z_faces(const double *, const double *, double *, const double *, const double *, int, int, int, int, int, int, int, double, double)"
211809134738,10550,,,211809144715,1568,11545,125,125,4,cudaLaunchKernel,   1    2    2,  32    4    4,"<unnamed>::step_kernel_interior(const double *, const double *, double *, const double *, const double *, int, int, int, int, int, int, int, double, double)"
211809146337,6151,211809152488,739,211809153227,1344,8234,125,125,4,cudaLaunchKernel,   1    1    1, 256    1    1,"<unnamed>::step_kernel_boundary_x_faces(const double *, const double *, double *, const double *, const double *, int, int, int, int, int, int, int, double, double)"
211809152899,7031,211809159930,881,211809160811,1344,9256,125,125,4,cudaLaunchKernel,   1    1    1, 256    1    1,"<unnamed>::step_kernel_boundary_y_faces(const double *, const double *, double *, const double *, const double *, int, int, int, int, int, int, int, double, double)"
211809160305,9088,,,211809169067,1376,10138,125,125,4,cudaLaunchKernel,   1    1    1, 256    1    1,"<unnamed>::step_kernel_boundary_z_faces(const double *, const double *, double *, const double *, const double *, int, int, int, int, int, int, int, double, double)"
211811053043,65722,211811118765,627499,211811746264,8096,701317,132,132,6,cudaLaunchKernel,6104    1    1, 256    1    1,"<unnamed>::unpack_face_x(const double *, double *, int, int, int, int, int)"
211811062961,99541,211811162502,578647,211811741149,8320,686508,123,123,2,cudaLaunchKernel,6104    1    1, 256    1    1,"<unnamed>::unpack_face_x(const double *, double *, int, int, int, int, int)"
211811121617,36081,211811157698,605142,211811762840,10272,651495,132,132,6,cudaLaunchKernel,6104    1    1, 256    1    1,"<unnamed>::unpack_face_y(const double *, double *, int, int, int, int, int)"
211811160323,26246,211811186569,594191,211811780760,121342,741779,132,132,6,cudaLaunchKernel,6104    1    1, 256    1    1,"<unnamed>::unpack_face_z(const double *, double *, int, int, int, int, int)"
211811165017,22669,211811187686,570135,211811757821,9984,602788,123,123,2,cudaLaunchKernel,6104    1    1, 256    1    1,"<unnamed>::unpack_face_y(const double *, double *, int, int, int, int, int)"
211811189825,47558,211811237383,539766,211811777149,122206,709530,123,123,2,cudaLaunchKernel,6104    1    1, 256    1    1,"<unnamed>::unpack_face_z(const double *, double *, int, int, int, int, int)"
211812415590,29759,211812445349,331,211812445680,1472,31562,132,132,6,cudaLaunchKernel,   1    2    2,  32    4    4,"<unnamed>::step_kernel_interior(const double *, const double *, double *, const double *, const double *, int, int, int, int, int, int, int, double, double)"
211812447827,32005,,,211812477008,1376,32005,132,132,6,cudaLaunchKernel,   1    1    1, 256    1    1,"<unnamed>::step_kernel_boundary_x_faces(const double *, const double *, double *, const double *, const double *, int, int, int, int, int, int, int, double, double)"
211812471603,56140,,,211812526451,1472,56320,123,123,2,cudaLaunchKernel,   1    2    2,  32    4    4,"<unnamed>::step_kernel_interior(const double *, const double *, double *, const double *, const double *, int, int, int, int, int, int, int, double, double)"
211812482035,29224,211812511259,212,211812511471,1408,30844,132,132,6,cudaLaunchKernel,   1    1    1, 256    1    1,"<unnamed>::step_kernel_boundary_y_faces(const double *, const double *, double *, const double *, const double *, int, int, int, int, int, int, int, double, double)"
211812513391,29566,,,211812542479,1408,30496,132,132,6,cudaLaunchKernel,   1    1    1, 256    1    1,"<unnamed>::step_kernel_boundary_z_faces(const double *, const double *, double *, const double *, const double *, int, int, int, int, int, int, int, double, double)"
211812530494,30400,,,211812560531,1408,31445,123,123,2,cudaLaunchKernel,   1    1    1, 256    1    1,"<unnamed>::step_kernel_boundary_x_faces(const double *, const double *, double *, const double *, const double *, int, int, int, int, int, int, int, double, double)"
211812557531,7844,211812565375,592,211812565967,1376,9812,132,132,6,cudaLaunchKernel,   1    2    2,  32    4    4,"<unnamed>::step_kernel_interior(const double *, const double *, double *, const double *, const double *, int, int, int, int, int, int, int, double, double)"
211812563451,22812,,,211812586162,1440,24151,123,123,2,cudaLaunchKernel,   1    1    1, 256    1    1,"<unnamed>::step_kernel_boundary_y_faces(const double *, const double *, double *, const double *, const double *, int, int, int, int, int, int, int, double, double)"
211812566060,6738,211812572798,752,211812573550,1376,8866,132,132,6,cudaLaunchKernel,   1    1    1, 256    1    1,"<unnamed>::step_kernel_boundary_x_faces(const double *, const double *, double *, const double *, const double *, int, int, int, int, int, int, int, double, double)"
211812573210,5268,211812578478,2144,211812580622,1344,8756,132,132,6,cudaLaunchKernel,   1    1    1, 256    1    1,"<unnamed>::step_kernel_boundary_y_faces(const double *, const double *, double *, const double *, const double *, int, int, int, int, int, int, int, double, double)"
211812578853,10469,,,211812588942,1376,11465,132,132,6,cudaLaunchKernel,   1    1    1, 256    1    1,"<unnamed>::step_kernel_boundary_z_faces(const double *, const double *, double *, const double *, const double *, int, int, int, int, int, int, int, double, double)"
211812588489,22674,,,211812610770,1408,23689,123,123,2,cudaLaunchKernel,   1    1    1, 256    1    1,"<unnamed>::step_kernel_boundary_z_faces(const double *, const double *, double *, const double *, const double *, int, int, int, int, int, int, int, double, double)"
211812626982,11847,,,211812638546,1408,12972,123,123,2,cudaLaunchKernel,   1    2    2,  32    4    4,"<unnamed>::step_kernel_interior(const double *, const double *, double *, const double *, const double *, int, int, int, int, int, int, int, double, double)"
211812639907,5439,211812645346,592,211812645938,1376,7407,123,123,2,cudaLaunchKernel,   1    1    1, 256    1    1,"<unnamed>::step_kernel_boundary_x_faces(const double *, const double *, double *, const double *, const double *, int, int, int, int, int, int, int, double, double)"
211812645784,8650,,,211812653874,1376,9466,123,123,2,cudaLaunchKernel,   1    1    1, 256    1    1,"<unnamed>::step_kernel_boundary_y_faces(const double *, const double *, double *, const double *, const double *, int, int, int, int, int, int, int, double, double)"
211812655344,5187,211812660531,894,211812661425,1408,7489,123,123,2,cudaLaunchKernel,   1    1    1, 256    1    1,"<unnamed>::step_kernel_boundary_z_faces(const double *, const double *, double *, const double *, const double *, int, int, int, int, int, int, int, double, double)"
216950590975,75970,,,216950651822,9664,75970,124,124,3,cudaLaunchKernel,6104    1    1, 256    1    1,"<unnamed>::pack_face_x(const double *, double *, int, int, int, int, int)"
216950598480,78292,,,216950670975,9440,81935,138,138,7,cudaLaunchKernel,6104    1    1, 256    1    1,"<unnamed>::pack_face_x(const double *, double *, int, int, int, int, int)"
216950600958,75680,,,216950669246,9792,78080,121,121,0,cudaLaunchKernel,6104    1    1, 256    1    1,"<unnamed>::pack_face_x(const double *, double *, int, int, int, int, int)"
216950602168,73819,,,216950671306,9952,79090,125,125,4,cudaLaunchKernel,6104    1    1, 256    1    1,"<unnamed>::pack_face_x(const double *, double *, int, int, int, int, int)"
216950635840,63316,,,216950694045,9600,67805,132,132,6,cudaLaunchKernel,6104    1    1, 256    1    1,"<unnamed>::pack_face_x(const double *, double *, int, int, int, int, int)"
216950644743,47742,,,216950686453,9536,51246,126,126,5,cudaLaunchKernel,6104    1    1, 256    1    1,"<unnamed>::pack_face_x(const double *, double *, int, int, int, int, int)"
216950650882,61101,,,216950708956,9664,67738,123,123,2,cudaLaunchKernel,6104    1    1, 256    1    1,"<unnamed>::pack_face_x(const double *, double *, int, int, int, int, int)"
216950668569,10166,216950678735,607,216950679342,11872,22645,124,124,3,cudaLaunchKernel,6104    1    1, 256    1    1,"<unnamed>::pack_face_y(const double *, double *, int, int, int, int, int)"
216950677613,8563,216950686176,2858,216950689034,11904,23325,125,125,4,cudaLaunchKernel,6104    1    1, 256    1    1,"<unnamed>::pack_face_y(const double *, double *, int, int, int, int, int)"
216950678107,41802,,,216950715924,10144,47961,122,122,1,cudaLaunchKernel,6104    1    1, 256    1    1,"<unnamed>::pack_face_x(const double *, double *, int, int, int, int, int)"
216950678205,7924,216950686129,877,216950687006,12000,20801,121,121,0,cudaLaunchKernel,6104    1    1, 256    1    1,"<unnamed>::pack_face_y(const double *, double *, int, int, int, int, int)"
216950679049,14590,,,216950690847,11968,23766,138,138,7,cudaLaunchKernel,6104    1    1, 256    1    1,"<unnamed>::pack_face_y(const double *, double *, int, int, int, int, int)"
216950680046,7314,216950687360,4846,216950692206,69919,82079,124,124,3,cudaLaunchKernel,6104    1    1, 256    1    1,"<unnamed>::pack_face_z(const double *, double *, int, int, int, int, int)"
216950687206,12611,216950699817,1045,216950700862,68864,82520,121,121,0,cudaLaunchKernel,6104    1    1, 256    1    1,"<unnamed>::pack_face_z(const double *, double *, int, int, int, int, int)"
216950687479,13793,216950701272,2706,216950703978,67968,84467,125,125,4,cudaLaunchKernel,6104    1    1, 256    1    1,"<unnamed>::pack_face_z(const double *, double *, int, int, int, int, int)"
216950693995,8094,216950702089,876,216950702965,12448,21418,126,126,5,cudaLaunchKernel,6104    1    1, 256    1    1,"<unnamed>::pack_face_y(const double *, double *, int, int, int, int, int)"
216950694769,9882,216950704651,2643,216950707294,67392,79917,138,138,7,cudaLaunchKernel,6104    1    1, 256    1    1,"<unnamed>::pack_face_z(const double *, double *, int, int, int, int, int)"
216950701189,9060,216950710249,1044,216950711293,11872,21976,132,132,6,cudaLaunchKernel,6104    1    1, 256    1    1,"<unnamed>::pack_face_y(const double *, double *, int, int, int, int, int)"
216950703144,6325,216950709469,6808,216950716277,68863,81996,126,126,5,cudaLaunchKernel,6104    1    1, 256    1    1,"<unnamed>::pack_face_z(const double *, double *, int, int, int, int, int)"
216950711331,9101,216950720432,3725,216950724157,67711,80537,132,132,6,cudaLaunchKernel,6104    1    1, 256    1    1,"<unnamed>::pack_face_z(const double *, double *, int, int, int, int, int)"
216950714326,8903,216950723229,1727,216950724956,11616,22246,123,123,2,cudaLaunchKernel,6104    1    1, 256    1    1,"<unnamed>::pack_face_y(const double *, double *, int, int, int, int, int)"
216950721350,6409,216950727759,2309,216950730068,12160,20878,122,122,1,cudaLaunchKernel,6104    1    1, 256    1    1,"<unnamed>::pack_face_y(const double *, double *, int, int, int, int, int)"
216950723991,5711,216950729702,7830,216950737532,69759,83300,123,123,2,cudaLaunchKernel,6104    1    1, 256    1    1,"<unnamed>::pack_face_z(const double *, double *, int, int, int, int, int)"
216950728780,7840,216950736620,6664,216950743284,68736,83240,122,122,1,cudaLaunchKernel,6104    1    1, 256    1    1,"<unnamed>::pack_face_z(const double *, double *, int, int, int, int, int)"
216950731182,11965,216950743147,4290,216950747437,28031485,28047740,124,124,3,cudaLaunchKernel,  39  312  312,  32    4    4,"<unnamed>::step_kernel_interior(const double *, const double *, double *, const double *, const double *, int, int, int, int, int, int, int, double, double)"
216950739869,9702,216950749571,21777,216950771348,28021438,28052917,126,126,5,cudaLaunchKernel,  39  312  312,  32    4    4,"<unnamed>::step_kernel_interior(const double *, const double *, double *, const double *, const double *, int, int, int, int, int, int, int, double, double)"
216950742146,10838,216950752984,4038,216950757022,28034111,28048987,121,121,0,cudaLaunchKernel,  39  312  312,  32    4    4,"<unnamed>::step_kernel_interior(const double *, const double *, double *, const double *, const double *, int, int, int, int, int, int, int, double, double)"
216950742991,11922,216950754913,7229,216950762142,28022246,28041397,138,138,7,cudaLaunchKernel,  39  312  312,  32    4    4,"<unnamed>::step_kernel_interior(const double *, const double *, double *, const double *, const double *, int, int, int, int, int, int, int, double, double)"
216950743210,9268,216950752478,6860,216950759338,27965942,27982070,125,125,4,cudaLaunchKernel,  39  312  312,  32    4    4,"<unnamed>::step_kernel_interior(const double *, const double *, double *, const double *, const double *, int, int, int, int, int, int, int, double, double)"
216950756332,14285,216950770617,8579,216950779196,28014308,28037172,132,132,6,cudaLaunchKernel,  39  312  312,  32    4    4,"<unnamed>::step_kernel_interior(const double *, const double *, double *, const double *, const double *, int, int, int, int, int, int, int, double, double)"
216950765529,31653,,,216950792667,28030333,28057471,123,123,2,cudaLaunchKernel,  39  312  312,  32    4    4,"<unnamed>::step_kernel_interior(const double *, const double *, double *, const double *, const double *, int, int, int, int, int, int, int, double, double)"
216950769505,10428,216950779933,19319,216950799252,28004617,28034364,122,122,1,cudaLaunchKernel,  39  312  312,  32    4    4,"<unnamed>::step_kernel_interior(const double *, const double *, double *, const double *, const double *, int, int, int, int, int, int, int, double, double)"
216961403595,22913,216961426508,17343006,216978769514,10304,17376223,124,124,3,cudaLaunchKernel,6104    1    1, 256    1    1,"<unnamed>::unpack_face_x(const double *, double *, int, int, int, int, int)"
216961430929,8186,216961439115,17342143,216978781258,9920,17360249,124,124,3,cudaLaunchKernel,6104    1    1, 256    1    1,"<unnamed>::unpack_face_y(const double *, double *, int, int, int, int, int)"
216961440070,5734,216961445804,17346494,216978792298,123327,17475555,124,124,3,cudaLaunchKernel,6104    1    1, 256    1    1,"<unnamed>::unpack_face_z(const double *, double *, int, int, int, int, int)"
216961447807,9888,216961457695,17459434,216978917129,61727,17531049,124,124,3,cudaLaunchKernel,12208    1    1, 256    1    1,"<unnamed>::step_kernel_boundary_x_faces(const double *, const double *, double *, const double *, const double *, int, int, int, int, int, int, int, double, double)"
216961458839,6717,216961465556,17514868,216978980424,61600,17583185,124,124,3,cudaLaunchKernel,12188    1    1, 256    1    1,"<unnamed>::step_kernel_boundary_y_faces(const double *, const double *, double *, const double *, const double *, int, int, int, int, int, int, int, double, double)"
216961466912,11704,216961478616,17564880,216979043496,722233,18298817,124,124,3,cudaLaunchKernel,12168    1    1, 256    1    1,"<unnamed>::step_kernel_boundary_z_faces(const double *, const double *, double *, const double *, const double *, int, int, int, int, int, int, int, double, double)"
216961537445,8159,216961545604,46219578,217007765182,9920,46237657,124,124,3,cudaLaunchKernel,6104    1    1, 256    1    1,"<unnamed>::pack_face_x(const double *, double *, int, int, int, int, int)"
216961546426,4236,216961550662,46225816,217007776478,10144,46240196,124,124,3,cudaLaunchKernel,6104    1    1, 256    1    1,"<unnamed>::pack_face_y(const double *, double *, int, int, int, int, int)"
216961551197,16009,216961567206,46220408,217007787614,62847,46299264,124,124,3,cudaLaunchKernel,6104    1    1, 256    1    1,"<unnamed>::pack_face_z(const double *, double *, int, int, int, int, int)"
216961579722,6453,216961586175,18180930,216979767105,28004253,46191636,124,124,3,cudaLaunchKernel,  39  312  312,  32    4    4,"<unnamed>::step_kernel_interior(const double *, const double *, double *, const double *, const double *, int, int, int, int, int, int, int, double, double)"
216961916684,37507,216961954191,16859689,216978813880,10880,16908076,123,123,2,cudaLaunchKernel,6104    1    1, 256    1    1,"<unnamed>::unpack_face_x(const double *, double *, int, int, int, int, int)"
216961955658,7595,216961963253,16862915,216978826168,10176,16880686,123,123,2,cudaLaunchKernel,6104    1    1, 256    1    1,"<unnamed>::unpack_face_y(const double *, double *, int, int, int, int, int)"
216961964271,12196,216961976467,16860901,216978837368,121055,16994152,123,123,2,cudaLaunchKernel,6104    1    1, 256    1    1,"<unnamed>::unpack_face_z(const double *, double *, int, int, int, int, int)"
216961979480,7170,216961986650,16973308,216978959958,61920,17042398,123,123,2,cudaLaunchKernel,12208    1    1, 256    1    1,"<unnamed>::step_kernel_boundary_x_faces(const double *, const double *, double *, const double *, const double *, int, int, int, int, int, int, int, double, double)"
216961987964,6723,216961994687,17028663,216979023350,61343,17096729,123,123,2,cudaLaunchKernel,12188    1    1, 256    1    1,"<unnamed>::step_kernel_boundary_y_faces(const double *, const double *, double *, const double *, const double *, int, int, int, int, int, int, int, double, double)"
216961996583,4743,216962001326,17084743,216979086069,722616,17812102,123,123,2,cudaLaunchKernel,12168    1    1, 256    1    1,"<unnamed>::step_kernel_boundary_z_faces(const double *, const double *, double *, const double *, const double *, int, int, int, int, int, int, int, double, double)"
216962085658,13074,216962098732,17711553,216979810285,13728,17738355,123,123,2,cudaLaunchKernel,6104    1    1, 256    1    1,"<unnamed>::pack_face_x(const double *, double *, int, int, int, int, int)"
216962100359,5984,216962106343,45698851,217007805194,10400,45715235,123,123,2,cudaLaunchKernel,6104    1    1, 256    1    1,"<unnamed>::pack_face_y(const double *, double *, int, int, int, int, int)"
216962107150,9075,216962116225,45700841,217007817066,61343,45771259,123,123,2,cudaLaunchKernel,6104    1    1, 256    1    1,"<unnamed>::pack_face_z(const double *, double *, int, int, int, int, int)"
216962131250,15202,216962146452,17671609,216979818061,27992669,45679480,123,123,2,cudaLaunchKernel,  39  312  312,  32    4    4,"<unnamed>::step_kernel_interior(const double *, const double *, double *, const double *, const double *, int, int, int, int, int, int, int, double, double)"
216962276190,19048,216962295238,16490508,216978785746,10112,16519668,126,126,5,cudaLaunchKernel,6104    1    1, 256    1    1,"<unnamed>::unpack_face_x(const double *, double *, int, int, int, int, int)"
216962283798,19571,216962303369,16493780,216978797149,11264,16524615,122,122,1,cudaLaunchKernel,6104    1    1, 256    1    1,"<unnamed>::unpack_face_x(const double *, double *, int, int, int, int, int)"
216962296053,6300,216962302353,16495137,216978797490,10112,16511549,126,126,5,cudaLaunchKernel,6104    1    1, 256    1    1,"<unnamed>::unpack_face_y(const double *, double *, int, int, int, int, int)"
216962303318,4521,216962307839,16500883,216978808722,122750,16628154,126,126,5,cudaLaunchKernel,6104    1    1, 256    1    1,"<unnamed>::unpack_face_z(const double *, double *, int, int, int, int, int)"
216962304876,6563,216962311439,16498478,216978809917,10272,16515313,122,122,1,cudaLaunchKernel,6104    1    1, 256    1    1,"<unnamed>::unpack_face_y(const double *, double *, int, int, int, int, int)"
216962309856,5459,216962315315,16617597,216978932912,62111,16685167,126,126,5,cudaLaunchKernel,12208    1    1, 256    1    1,"<unnamed>::step_kernel_boundary_x_faces(const double *, const double *, double *, const double *, const double *, int, int, int, int, int, int, int, double, double)"
216962312949,5800,216962318749,16502880,216978821629,121919,16630599,122,122,1,cudaLaunchKernel,6104    1    1, 256    1    1,"<unnamed>::unpack_face_z(const double *, double *, int, int, int, int, int)"
216962313294,40150,216962353444,16364924,216978718368,10560,16415634,125,125,4,cudaLaunchKernel,6104    1    1, 256    1    1,"<unnamed>::unpack_face_x(const double *, double *, int, int, int, int, int)"
216962316124,5919,216962322043,16674420,216978996463,61536,16741875,126,126,5,cudaLaunchKernel,12188    1    1, 256    1    1,"<unnamed>::step_kernel_boundary_y_faces(const double *, const double *, double *, const double *, const double *, int, int, int, int, int, int, int, double, double)"
216962320654,5450,216962326104,16619268,216978945372,63072,16687790,122,122,1,cudaLaunchKernel,12208    1    1, 256    1    1,"<unnamed>::step_kernel_boundary_x_faces(const double *, const double *, double *, const double *, const double *, int, int, int, int, int, int, int, double, double)"
216962321978,32075,216962354053,16430200,216978784253,10272,16472547,121,121,0,cudaLaunchKernel,6104    1    1, 256    1    1,"<unnamed>::unpack_face_x(const double *, double *, int, int, int, int, int)"
216962323101,5242,216962328343,16731192,216979059535,722359,17458793,126,126,5,cudaLaunchKernel,12168    1    1, 256    1    1,"<unnamed>::step_kernel_boundary_z_faces(const double *, const double *, double *, const double *, const double *, int, int, int, int, int, int, int, double, double)"
216962327141,9708,216962336849,16673675,216979010524,60607,16743990,122,122,1,cudaLaunchKernel,12188    1    1, 256    1    1,"<unnamed>::step_kernel_boundary_y_faces(const double *, const double *, double *, const double *, const double *, int, int, int, int, int, int, int, double, double)"
216962338019,8623,216962346642,16726057,216979072699,714012,17448692,122,122,1,cudaLaunchKernel,12168    1    1, 256    1    1,"<unnamed>::step_kernel_boundary_z_faces(const double *, const double *, double *, const double *, const double *, int, int, int, int, int, int, int, double, double)"
216962355273,7042,216962362315,16368085,216978730400,10592,16385719,125,125,4,cudaLaunchKernel,6104    1    1, 256    1    1,"<unnamed>::unpack_face_y(const double *, double *, int, int, int, int, int)"
216962356066,8120,216962364186,16431938,216978796124,10016,16450074,121,121,0,cudaLaunchKernel,6104    1    1, 256    1    1,"<unnamed>::unpack_face_y(const double *, double *, int, int, int, int, int)"
216962363448,6168,216962369616,16372720,216978742336,122655,16501543,125,125,4,cudaLaunchKernel,6104    1    1, 256    1    1,"<unnamed>::unpack_face_z(const double *, double *, int, int, int, int, int)"
216962365618,30584,216962396202,16411026,216978807228,122271,16563881,121,121,0,cudaLaunchKernel,6104    1    1, 256    1    1,"<unnamed>::unpack_face_z(const double *, double *, int, int, int, int, int)"
216962372410,6810,216962379220,16487531,216978866751,61824,16556165,125,125,4,cudaLaunchKernel,12208    1    1, 256    1    1,"<unnamed>::step_kernel_boundary_x_faces(const double *, const double *, double *, const double *, const double *, int, int, int, int, int, int, int, double, double)"
216962380976,6607,216962387583,16542720,216978930303,61919,16611246,125,125,4,cudaLaunchKernel,12188    1    1, 256    1    1,"<unnamed>::step_kernel_boundary_y_faces(const double *, const double *, double *, const double *, const double *, int, int, int, int, int, int, int, double, double)"
216962387822,7522,216962395344,45377780,217007773124,10016,45395318,126,126,5,cudaLaunchKernel,6104    1    1, 256    1    1,"<unnamed>::pack_face_x(const double *, double *, int, int, int, int, int)"
216962388352,5259,216962393611,16600371,216978993982,717277,17322907,125,125,4,cudaLaunchKernel,12168    1    1, 256    1    1,"<unnamed>::step_kernel_boundary_z_faces(const double *, const double *, double *, const double *, const double *, int, int, int, int, int, int, int, double, double)"
216962396305,4033,216962400338,45384658,217007784996,11232,45399923,126,126,5,cudaLaunchKernel,6104    1    1, 256    1    1,"<unnamed>::pack_face_y(const double *, double *, int, int, int, int, int)"
216962398338,6693,216962405031,16526004,216978931035,62912,16595609,121,121,0,cudaLaunchKernel,12208    1    1, 256    1    1,"<unnamed>::step_kernel_boundary_x_faces(const double *, const double *, double *, const double *, const double *, int, int, int, int, int, int, int, double, double)"
216962399256,5327,216962404583,17384016,216979788599,13568,17402911,122,122,1,cudaLaunchKernel,6104    1    1, 256    1    1,"<unnamed>::pack_face_x(const double *, double *, int, int, int, int, int)"
216962401081,4489,216962405570,45391746,217007797316,62495,45458730,126,126,5,cudaLaunchKernel,6104    1    1, 256    1    1,"<unnamed>::pack_face_z(const double *, double *, int, int, int, int, int)"
216962405207,4657,216962409864,45369112,217007778976,10656,45384425,122,122,1,cudaLaunchKernel,6104    1    1, 256    1    1,"<unnamed>::pack_face_y(const double *, double *, int, int, int, int, int)"
216962405867,7029,216962412896,16582811,216978995707,60607,16650447,121,121,0,cudaLaunchKernel,12188    1    1, 256    1    1,"<unnamed>::step_kernel_boundary_y_faces(const double *, const double *, double *, const double *, const double *, int, int, int, int, int, int, int, double, double)"
216962410538,4105,216962414643,45376685,217007791328,61824,45442614,122,122,1,cudaLaunchKernel,6104    1    1, 256    1    1,"<unnamed>::pack_face_z(const double *, double *, int, int, int, int, int)"
216962413776,6140,216962419916,16638222,216979058138,720923,17365285,121,121,0,cudaLaunchKernel,12168    1    1, 256    1    1,"<unnamed>::step_kernel_boundary_z_faces(const double *, const double *, double *, const double *, const double *, int, int, int, int, int, int, int, double, double)"
216962418524,5340,216962423864,17359374,216979783238,27995934,45360648,126,126,5,cudaLaunchKernel,  39  312  312,  32    4    4,"<unnamed>::step_kernel_interior(const double *, const double *, double *, const double *, const double *, int, int, int, int, int, int, int, double, double)"
216962428390,7177,216962435567,17361096,216979796663,27987657,45355930,122,122,1,cudaLaunchKernel,  39  312  312,  32    4    4,"<unnamed>::step_kernel_interior(const double *, const double *, double *, const double *, const double *, int, int, int, int, int, int, int, double, double)"
216962484633,7995,216962492628,45156349,217007648977,9888,45174232,125,125,4,cudaLaunchKernel,6104    1    1, 256    1    1,"<unnamed>::pack_face_x(const double *, double *, int, int, int, int, int)"
216962484747,5777,216962490524,17290073,216979780597,13823,17309673,121,121,0,cudaLaunchKernel,6104    1    1, 256    1    1,"<unnamed>::pack_face_x(const double *, double *, int, int, int, int, int)"
216962491309,5371,216962496680,45266476,217007763156,10368,45282215,121,121,0,cudaLaunchKernel,6104    1    1, 256    1    1,"<unnamed>::pack_face_y(const double *, double *, int, int, int, int, int)"
216962493598,4711,216962498309,45161932,217007660241,10208,45176851,125,125,4,cudaLaunchKernel,6104    1    1, 256    1    1,"<unnamed>::pack_face_y(const double *, double *, int, int, int, int, int)"
216962497529,4735,216962502264,45272636,217007774900,61663,45339034,121,121,0,cudaLaunchKernel,6104    1    1, 256    1    1,"<unnamed>::pack_face_z(const double *, double *, int, int, int, int, int)"
216962498963,4849,216962503812,45167725,217007671537,63584,45236158,125,125,4,cudaLaunchKernel,6104    1    1, 256    1    1,"<unnamed>::pack_face_z(const double *, double *, int, int, int, int, int)"
216962515775,7279,216962523054,17265255,216979788309,27981311,45253845,121,121,0,cudaLaunchKernel,  39  312  312,  32    4    4,"<unnamed>::step_kernel_interior(const double *, const double *, double *, const double *, const double *, int, int, int, int, int, int, int, double, double)"
216962519979,7550,216962527529,17185170,216979712699,27942774,45135494,125,125,4,cudaLaunchKernel,  39  312  312,  32    4    4,"<unnamed>::step_kernel_interior(const double *, const double *, double *, const double *, const double *, int, int, int, int, int, int, int, double, double)"
216964380472,32197,216964412669,14362727,216978775396,11584,14406508,138,138,7,cudaLaunchKernel,6104    1    1, 256    1    1,"<unnamed>::unpack_face_x(const double *, double *, int, int, int, int, int)"
216964414550,13647,216964428197,14360191,216978788388,10080,14383918,138,138,7,cudaLaunchKernel,6104    1    1, 256    1    1,"<unnamed>::unpack_face_y(const double *, double *, int, int, int, int, int)"
216964416482,36631,216964453113,14333319,216978786432,10688,14380638,132,132,6,cudaLaunchKernel,6104    1    1, 256    1    1,"<unnamed>::unpack_face_x(const double *, double *, int, int, int, int, int)"
216964430048,12782,216964442830,14356918,216978799748,121694,14491394,138,138,7,cudaLaunchKernel,6104    1    1, 256    1    1,"<unnamed>::unpack_face_z(const double *, double *, int, int, int, int, int)"
216964445750,9466,216964455216,14467954,216978923170,62368,14539788,138,138,7,cudaLaunchKernel,12208    1    1, 256    1    1,"<unnamed>::step_kernel_boundary_x_faces(const double *, const double *, double *, const double *, const double *, int, int, int, int, int, int, int, double, double)"
216964454748,9866,216964464614,14334362,216978798976,10080,14354308,132,132,6,cudaLaunchKernel,6104    1    1, 256    1    1,"<unnamed>::unpack_face_y(const double *, double *, int, int, int, int, int)"
216964456189,6799,216964462988,14524278,216978987266,60031,14591108,138,138,7,cudaLaunchKernel,12188    1    1, 256    1    1,"<unnamed>::step_kernel_boundary_y_faces(const double *, const double *, double *, const double *, const double *, int, int, int, int, int, int, int, double, double)"
216964464106,6059,216964470165,14578860,216979049025,726424,15311343,138,138,7,cudaLaunchKernel,12168    1    1, 256    1    1,"<unnamed>::step_kernel_boundary_z_faces(const double *, const double *, double *, const double *, const double *, int, int, int, int, int, int, int, double, double)"
216964466396,7168,216964473564,14336644,216978810208,121950,14465762,132,132,6,cudaLaunchKernel,6104    1    1, 256    1    1,"<unnamed>::unpack_face_z(const double *, double *, int, int, int, int, int)"
216964479255,10355,216964489610,14444020,216978933630,61632,14516007,132,132,6,cudaLaunchKernel,12208    1    1, 256    1    1,"<unnamed>::step_kernel_boundary_x_faces(const double *, const double *, double *, const double *, const double *, int, int, int, int, int, int, int, double, double)"
216964490590,8302,216964498892,14497938,216978996830,61023,14567263,132,132,6,cudaLaunchKernel,12188    1    1, 256    1    1,"<unnamed>::step_kernel_boundary_y_faces(const double *, const double *, double *, const double *, const double *, int, int, int, int, int, int, int, double, double)"
216964499846,6943,216964506789,14552824,216979059613,723448,15283215,132,132,6,cudaLaunchKernel,12168    1    1, 256    1    1,"<unnamed>::step_kernel_boundary_z_faces(const double *, const double *, double *, const double *, const double *, int, int, int, int, int, int, int, double, double)"
216964534589,9150,216964543739,15233982,216979777721,13568,15256700,138,138,7,cudaLaunchKernel,6104    1    1, 256    1    1,"<unnamed>::pack_face_x(const double *, double *, int, int, int, int, int)"
216964544979,6515,216964551494,43217081,217007768575,10592,43234188,138,138,7,cudaLaunchKernel,6104    1    1, 256    1    1,"<unnamed>::pack_face_y(const double *, double *, int, int, int, int, int)"
216964552004,6447,216964558451,43222540,217007780991,62239,43291226,138,138,7,cudaLaunchKernel,6104    1    1, 256    1    1,"<unnamed>::pack_face_z(const double *, double *, int, int, int, int, int)"
216964569903,8059,216964577962,15206891,216979784853,14688,15229638,132,132,6,cudaLaunchKernel,6104    1    1, 256    1    1,"<unnamed>::pack_face_x(const double *, double *, int, int, int, int, int)"
216964573273,6650,216964579923,15205542,216979785465,27988774,43200966,138,138,7,cudaLaunchKernel,  39  312  312,  32    4    4,"<unnamed>::step_kernel_interior(const double *, const double *, double *, const double *, const double *, int, int, int, int, int, int, int, double, double)"
216964579009,6313,216964585322,43206319,217007791641,10432,43223064,132,132,6,cudaLaunchKernel,6104    1    1, 256    1    1,"<unnamed>::pack_face_y(const double *, double *, int, int, int, int, int)"
216964589700,9227,216964598927,43204586,217007803513,61919,43275732,132,132,6,cudaLaunchKernel,6104    1    1, 256    1    1,"<unnamed>::pack_face_z(const double *, double *, int, int, int, int, int)"
216964613167,9543,216964622710,15169695,216979792405,28004740,43183978,132,132,6,cudaLaunchKernel,  39  312  312,  32    4    4,"<unnamed>::step_kernel_interior(const double *, const double *, double *, const double *, const double *, int, int, int, int, int, int, int, double, double)"
217018174756,23602,217018198358,659630,217018857988,8160,691392,126,126,5,cudaLaunchKernel,6104    1    1, 256    1    1,"<unnamed>::unpack_face_x(const double *, double *, int, int, int, int, int)"
217018199192,13879,217018213071,654101,217018867172,10048,678028,126,126,5,cudaLaunchKernel,6104    1    1, 256    1    1,"<unnamed>::unpack_face_y(const double *, double *, int, int, int, int, int)"
217018214308,6260,217018220568,657740,217018878308,123231,787231,126,126,5,cudaLaunchKernel,6104    1    1, 256    1    1,"<unnamed>::unpack_face_z(const double *, double *, int, int, int, int, int)"
217018225580,7274,217018232854,770157,217019003011,62559,839990,126,126,5,cudaLaunchKernel,12208    1    1, 256    1    1,"<unnamed>::step_kernel_boundary_x_faces(const double *, const double *, double *, const double *, const double *, int, int, int, int, int, int, int, double, double)"
217018234052,4623,217018238675,828527,217019067202,61375,894525,126,126,5,cudaLaunchKernel,12188    1    1, 256    1    1,"<unnamed>::step_kernel_boundary_y_faces(const double *, const double *, double *, const double *, const double *, int, int, int, int, int, int, int, double, double)"
217018239440,4237,217018243677,886404,217019130081,724728,1615369,126,126,5,cudaLaunchKernel,12168    1    1, 256    1    1,"<unnamed>::step_kernel_boundary_z_faces(const double *, const double *, double *, const double *, const double *, int, int, int, int, int, int, int, double, double)"
217018302100,6618,217018308718,29531145,217047839863,10751,29548514,126,126,5,cudaLaunchKernel,6104    1    1, 256    1    1,"<unnamed>::pack_face_x(const double *, double *, int, int, int, int, int)"
217018309170,4574,217018313744,29538534,217047852278,10368,29553476,126,126,5,cudaLaunchKernel,6104    1    1, 256    1    1,"<unnamed>::pack_face_y(const double *, double *, int, int, int, int, int)"
217018314358,4234,217018318592,29545110,217047863702,62848,29612192,126,126,5,cudaLaunchKernel,6104    1    1, 256    1    1,"<unnamed>::pack_face_z(const double *, double *, int, int, int, int, int)"
217018336392,8208,217018344600,1511649,217019856249,27989918,29509775,126,126,5,cudaLaunchKernel,  39  312  312,  32    4    4,"<unnamed>::step_kernel_interior(const double *, const double *, double *, const double *, const double *, int, int, int, int, int, int, int, double, double)"
217018898625,25130,217018923755,1221121,217020144876,8064,1254315,124,124,3,cudaLaunchKernel,6104    1    1, 256    1    1,"<unnamed>::unpack_face_x(const double *, double *, int, int, int, int, int)"
217018922506,18221,217018940727,1232134,217020172861,8128,1258483,122,122,1,cudaLaunchKernel,6104    1    1, 256    1    1,"<unnamed>::unpack_face_x(const double *, double *, int, int, int, int, int)"
217018925209,15946,217018941155,1213609,217020154764,10719,1240274,124,124,3,cudaLaunchKernel,6104    1    1, 256    1    1,"<unnamed>::unpack_face_y(const double *, double *, int, int, int, int, int)"
217018941731,4591,217018946322,1235819,217020182141,10112,1250522,122,122,1,cudaLaunchKernel,6104    1    1, 256    1    1,"<unnamed>::unpack_face_y(const double *, double *, int, int, int, int, int)"
217018942317,5641,217018947958,1218645,217020166603,121471,1345757,124,124,3,cudaLaunchKernel,6104    1    1, 256    1    1,"<unnamed>::unpack_face_z(const double *, double *, int, int, int, int, int)"
217018947708,6118,217018953826,1239931,217020193757,122496,1368545,122,122,1,cudaLaunchKernel,6104    1    1, 256    1    1,"<unnamed>::unpack_face_z(const double *, double *, int, int, int, int, int)"
217018949709,5203,217018954912,1334730,217020289642,61568,1401501,124,124,3,cudaLaunchKernel,12208    1    1, 256    1    1,"<unnamed>::step_kernel_boundary_x_faces(const double *, const double *, double *, const double *, const double *, int, int, int, int, int, int, int, double, double)"
217018955522,5511,217018961033,1356820,217020317853,62911,1425242,122,122,1,cudaLaunchKernel,12208    1    1, 256    1    1,"<unnamed>::step_kernel_boundary_x_faces(const double *, const double *, double *, const double *, const double *, int, int, int, int, int, int, int, double, double)"
217018955872,5048,217018960920,1391890,217020352810,61439,1458377,124,124,3,cudaLaunchKernel,12188    1    1, 256    1    1,"<unnamed>::step_kernel_boundary_y_faces(const double *, const double *, double *, const double *, const double *, int, int, int, int, int, int, int, double, double)"
217018961622,4841,217018966463,1449322,217020415785,720154,2174317,124,124,3,cudaLaunchKernel,12168    1    1, 256    1    1,"<unnamed>::step_kernel_boundary_z_faces(const double *, const double *, double *, const double *, const double *, int, int, int, int, int, int, int, double, double)"
217018962085,4903,217018966988,1415568,217020382556,60736,1481207,122,122,1,cudaLaunchKernel,12188    1    1, 256    1    1,"<unnamed>::step_kernel_boundary_y_faces(const double *, const double *, double *, const double *, const double *, int, int, int, int, int, int, int, double, double)"
217018967553,5841,217018973394,1471466,217020444860,714396,2191703,122,122,1,cudaLaunchKernel,12168    1    1, 256    1    1,"<unnamed>::step_kernel_boundary_z_faces(const double *, const double *, double *, const double *, const double *, int, int, int, int, int, int, int, double, double)"
217018993728,25192,217019018920,1223763,217020242683,8512,1257467,123,123,2,cudaLaunchKernel,6104    1    1, 256    1    1,"<unnamed>::unpack_face_x(const double *, double *, int, int, int, int, int)"
217019006974,22168,217019029142,1232057,217020261199,8288,1262513,121,121,0,cudaLaunchKernel,6104    1    1, 256    1    1,"<unnamed>::unpack_face_x(const double *, double *, int, int, int, int, int)"
217019019214,7218,217019026432,2110818,217021137250,13472,2131508,124,124,3,cudaLaunchKernel,6104    1    1, 256    1    1,"<unnamed>::pack_face_x(const double *, double *, int, int, int, int, int)"
217019019892,6176,217019026068,1226183,217020252251,10656,1243015,123,123,2,cudaLaunchKernel,6104    1    1, 256    1    1,"<unnamed>::unpack_face_y(const double *, double *, int, int, int, int, int)"
217019025127,6468,217019031595,30113078,217049144673,10272,30129818,122,122,1,cudaLaunchKernel,6104    1    1, 256    1    1,"<unnamed>::pack_face_x(const double *, double *, int, int, int, int, int)"
217019026989,4345,217019031334,30114458,217049145792,10399,30129202,124,124,3,cudaLaunchKernel,6104    1    1, 256    1    1,"<unnamed>::pack_face_y(const double *, double *, int, int, int, int, int)"
217019027182,5985,217019033167,1230924,217020264091,122110,1359019,123,123,2,cudaLaunchKernel,6104    1    1, 256    1    1,"<unnamed>::unpack_face_z(const double *, double *, int, int, int, int, int)"
217019030477,10963,217019041440,1229103,217020270543,10112,1250178,121,121,0,cudaLaunchKernel,6104    1    1, 256    1    1,"<unnamed>::unpack_face_y(const double *, double *, int, int, int, int, int)"
217019032028,8344,217019040372,30117291,217049157663,62304,30187939,124,124,3,cudaLaunchKernel,6104    1    1, 256    1    1,"<unnamed>::pack_face_z(const double *, double *, int, int, int, int, int)"
217019032045,9603,217019041648,30115377,217049157025,10752,30135732,122,122,1,cudaLaunchKernel,6104    1    1, 256    1    1,"<unnamed>::pack_face_y(const double *, double *, int, int, int, int, int)"
217019038406,9979,217019048385,1339224,217020387609,62336,1411539,123,123,2,cudaLaunchKernel,12208    1    1, 256    1    1,"<unnamed>::step_kernel_boundary_x_faces(const double *, const double *, double *, const double *, const double *, int, int, int, int, int, int, int, double, double)"
217019042730,6443,217019049173,30119948,217049169121,63359,30189750,122,122,1,cudaLaunchKernel,6104    1    1, 256    1    1,"<unnamed>::pack_face_z(const double *, double *, int, int, int, int, int)"
217019042829,7957,217019050786,1231085,217020281871,122143,1361185,121,121,0,cudaLaunchKernel,6104    1    1, 256    1    1,"<unnamed>::unpack_face_z(const double *, double *, int, int, int, int, int)"
217019049640,5216,217019054856,1396497,217020451353,61855,1463568,123,123,2,cudaLaunchKernel,12188    1    1, 256    1    1,"<unnamed>::step_kernel_boundary_y_faces(const double *, const double *, double *, const double *, const double *, int, int, int, int, int, int, int, double, double)"
217019052472,5859,217019058331,1347219,217020405550,62560,1415638,121,121,0,cudaLaunchKernel,12208    1    1, 256    1    1,"<unnamed>::step_kernel_boundary_x_faces(const double *, const double *, double *, const double *, const double *, int, int, int, int, int, int, int, double, double)"
217019053671,9036,217019062707,2082159,217021144866,28006622,30097817,124,124,3,cudaLaunchKernel,  39  312  312,  32    4    4,"<unnamed>::step_kernel_interior(const double *, const double *, double *, const double *, const double *, int, int, int, int, int, int, int, double, double)"
217019055772,5068,217019060840,1453776,217020514616,725271,2184115,123,123,2,cudaLaunchKernel,12168    1    1, 256    1    1,"<unnamed>::step_kernel_boundary_z_faces(const double *, const double *, double *, const double *, const double *, int, int, int, int, int, int, int, double, double)"
217019058965,4671,217019063636,1406362,217020469998,61407,1472440,121,121,0,cudaLaunchKernel,12188    1    1, 256    1    1,"<unnamed>::step_kernel_boundary_y_faces(const double *, const double *, double *, const double *, const double *, int, int, int, int, int, int, int, double, double)"
217019062821,6791,217019069612,2091372,217021160984,27990185,30088348,122,122,1,cudaLaunchKernel,  39  312  312,  32    4    4,"<unnamed>::step_kernel_interior(const double *, const double *, double *, const double *, const double *, int, int, int, int, int, int, int, double, double)"
217019064391,5665,217019070056,1463109,217020533165,720026,2188800,121,121,0,cudaLaunchKernel,12168    1    1, 256    1    1,"<unnamed>::step_kernel_boundary_z_faces(const double *, const double *, double *, const double *, const double *, int, int, int, int, int, int, int, double, double)"
217019118907,25522,217019144429,656808,217019801237,8192,690522,125,125,4,cudaLaunchKernel,6104    1    1, 256    1    1,"<unnamed>::unpack_face_x(const double *, double *, int, int, int, int, int)"
217019119229,5162,217019124391,30104870,217049229261,10016,30120048,123,123,2,cudaLaunchKernel,6104    1    1, 256    1    1,"<unnamed>::pack_face_x(const double *, double *, int, int, int, int, int)"
217019124338,4630,217019128968,2125599,217021254567,13600,2143829,121,121,0,cudaLaunchKernel,6104    1    1, 256    1    1,"<unnamed>::pack_face_x(const double *, double *, int, int, int, int, int)"
217019125053,4719,217019129772,30111809,217049241581,10432,30126960,123,123,2,cudaLaunchKernel,6104    1    1, 256    1    1,"<unnamed>::pack_face_y(const double *, double *, int, int, int, int, int)"
217019129546,6056,217019135602,30119189,217049254791,11679,30136924,121,121,0,cudaLaunchKernel,6104    1    1, 256    1    1,"<unnamed>::pack_face_y(const double *, double *, int, int, int, int, int)"
217019130295,3995,217019134290,30118683,217049252973,62879,30185557,123,123,2,cudaLaunchKernel,6104    1    1, 256    1    1,"<unnamed>::pack_face_z(const double *, double *, int, int, int, int, int)"
217019136613,4385,217019140998,30127104,217049268102,61376,30192865,121,121,0,cudaLaunchKernel,6104    1    1, 256    1    1,"<unnamed>::pack_face_z(const double *, double *, int, int, int, int, int)"
217019146023,5612,217019151635,658914,217019810549,10208,674734,125,125,4,cudaLaunchKernel,6104    1    1, 256    1    1,"<unnamed>::unpack_face_y(const double *, double *, int, int, int, int, int)"
217019152554,11288,217019163842,658067,217019821909,122496,791851,125,125,4,cudaLaunchKernel,6104    1    1, 256    1    1,"<unnamed>::unpack_face_z(const double *, double *, int, int, int, int, int)"
217019153691,12914,217019166605,2095738,217021262343,27998272,30106924,121,121,0,cudaLaunchKernel,  39  312  312,  32    4    4,"<unnamed>::step_kernel_interior(const double *, const double *, double *, const double *, const double *, int, int, int, int, int, int, int, double, double)"
217019166491,6418,217019172909,773256,217019946165,61855,841529,125,125,4,cudaLaunchKernel,12208    1    1, 256    1    1,"<unnamed>::step_kernel_boundary_x_faces(const double *, const double *, double *, const double *, const double *, int, int, int, int, int, int, int, double, double)"
217019173809,6239,217019180048,829700,217020009748,61216,897155,125,125,4,cudaLaunchKernel,12188    1    1, 256    1    1,"<unnamed>::step_kernel_boundary_y_faces(const double *, const double *, double *, const double *, const double *, int, int, int, int, int, int, int, double, double)"
217019177190,21347,217019198537,2042758,217021241295,27993982,30058087,123,123,2,cudaLaunchKernel,  39  312  312,  32    4    4,"<unnamed>::step_kernel_interior(const double *, const double *, double *, const double *, const double *, int, int, int, int, int, int, int, double, double)"
217019180758,5478,217019186236,886584,217020072820,723164,1615226,125,125,4,cudaLaunchKernel,12168    1    1, 256    1    1,"<unnamed>::step_kernel_boundary_z_faces(const double *, const double *, double *, const double *, const double *, int, int, int, int, int, int, int, double, double)"
217019252988,8052,217019261040,29471799,217048732839,10400,29490251,125,125,4,cudaLaunchKernel,6104    1    1, 256    1    1,"<unnamed>::pack_face_x(const double *, double *, int, int, int, int, int)"
217019261753,5035,217019266788,29478915,217048745703,10431,29494381,125,125,4,cudaLaunchKernel,6104    1    1, 256    1    1,"<unnamed>::pack_face_y(const double *, double *, int, int, int, int, int)"
217019267759,8617,217019276376,29480878,217048757254,63200,29552695,125,125,4,cudaLaunchKernel,6104    1    1, 256    1    1,"<unnamed>::pack_face_z(const double *, double *, int, int, int, int, int)"
217019292122,8789,217019300911,1496705,217020797616,27941655,29447149,125,125,4,cudaLaunchKernel,  39  312  312,  32    4    4,"<unnamed>::step_kernel_interior(const double *, const double *, double *, const double *, const double *, int, int, int, int, int, int, int, double, double)"
217019745147,26783,217019771930,1276913,217021048843,8191,1311887,138,138,7,cudaLaunchKernel,6104    1    1, 256    1    1,"<unnamed>::unpack_face_x(const double *, double *, int, int, int, int, int)"
217019769232,34086,217019803318,1280589,217021083907,8160,1322835,132,132,6,cudaLaunchKernel,6104    1    1, 256    1    1,"<unnamed>::unpack_face_x(const double *, double *, int, int, int, int, int)"
217019777644,8153,217019785797,1274213,217021060010,10048,1292414,138,138,7,cudaLaunchKernel,6104    1    1, 256    1    1,"<unnamed>::unpack_face_y(const double *, double *, int, int, int, int, int)"
217019790592,10158,217019800750,1273404,217021074154,122655,1406217,138,138,7,cudaLaunchKernel,6104    1    1, 256    1    1,"<unnamed>::unpack_face_z(const double *, double *, int, int, int, int, int)"
217019802657,7953,217019810610,1387799,217021198409,62943,1458695,138,138,7,cudaLaunchKernel,12208    1    1, 256    1    1,"<unnamed>::step_kernel_boundary_x_faces(const double *, const double *, double *, const double *, const double *, int, int, int, int, int, int, int, double, double)"
217019804935,7890,217019812825,1280554,217021093379,10272,1298716,132,132,6,cudaLaunchKernel,6104    1    1, 256    1    1,"<unnamed>::unpack_face_y(const double *, double *, int, int, int, int, int)"
217019811558,5836,217019817394,1445430,217021262824,60479,1511745,138,138,7,cudaLaunchKernel,12188    1    1, 256    1    1,"<unnamed>::step_kernel_boundary_y_faces(const double *, const double *, double *, const double *, const double *, int, int, int, int, int, int, int, double, double)"
217019814212,11972,217019826184,1278683,217021104867,122558,1413213,132,132,6,cudaLaunchKernel,6104    1    1, 256    1    1,"<unnamed>::unpack_face_z(const double *, double *, int, int, int, int, int)"
217019818319,12938,217019831257,1493806,217021325063,722136,2228880,138,138,7,cudaLaunchKernel,12168    1    1, 256    1    1,"<unnamed>::step_kernel_boundary_z_faces(const double *, const double *, double *, const double *, const double *, int, int, int, int, int, int, int, double, double)"
217019828898,10043,217019838941,1389988,217021228929,62688,1462719,132,132,6,cudaLaunchKernel,12208    1    1, 256    1    1,"<unnamed>::step_kernel_boundary_x_faces(const double *, const double *, double *, const double *, const double *, int, int, int, int, int, int, int, double, double)"
217019839871,6433,217019846304,1446816,217021293120,60288,1513537,132,132,6,cudaLaunchKernel,12188    1    1, 256    1    1,"<unnamed>::step_kernel_boundary_y_faces(const double *, const double *, double *, const double *, const double *, int, int, int, int, int, int, int, double, double)"
217019847205,8842,217019856047,1498993,217021355040,725976,2233811,132,132,6,cudaLaunchKernel,12168    1    1, 256    1    1,"<unnamed>::step_kernel_boundary_z_faces(const double *, const double *, double *, const double *, const double *, int, int, int, int, int, int, int, double, double)"
217019892596,7311,217019899907,30132515,217050032422,9856,30149682,138,138,7,cudaLaunchKernel,6104    1    1, 256    1    1,"<unnamed>::pack_face_x(const double *, double *, int, int, int, int, int)"
217019901022,12218,217019913240,30130542,217050043782,10432,30153192,138,138,7,cudaLaunchKernel,6104    1    1, 256    1    1,"<unnamed>::pack_face_y(const double *, double *, int, int, int, int, int)"
217019914197,7135,217019921332,30134226,217050055558,63007,30204368,138,138,7,cudaLaunchKernel,6104    1    1, 256    1    1,"<unnamed>::pack_face_z(const double *, double *, int, int, int, int, int)"
217019923647,8942,217019932589,30141615,217050074204,10144,30160701,132,132,6,cudaLaunchKernel,6104    1    1, 256    1    1,"<unnamed>::pack_face_x(const double *, double *, int, int, int, int, int)"
217019933601,7432,217019941033,30144691,217050085724,10464,30162587,132,132,6,cudaLaunchKernel,6104    1    1, 256    1    1,"<unnamed>::pack_face_y(const double *, double *, int, int, int, int, int)"
217019934993,6223,217019941216,2107359,217022048575,27990087,30103669,138,138,7,cudaLaunchKernel,  39  312  312,  32    4    4,"<unnamed>::step_kernel_interior(const double *, const double *, double *, const double *, const double *, int, int, int, int, int, int, int, double, double)"
217019941467,6474,217019947941,30149303,217050097244,63839,30219616,132,132,6,cudaLaunchKernel,6104    1    1, 256    1    1,"<unnamed>::pack_face_z(const double *, double *, int, int, int, int, int)"
217019967220,15517,217019982737,2099719,217022082456,27999332,30114568,132,132,6,cudaLaunchKernel,  39  312  312,  32    4    4,"<unnamed>::step_kernel_interior(const double *, const double *, double *, const double *, const double *, int, int, int, int, int, int, int, double, double)"
217057945279,25254,217057970533,665589,217058636122,8160,699003,126,126,5,cudaLaunchKernel,6104    1    1, 256    1    1,"<unnamed>::unpack_face_x(const double *, double *, int, int, int, int, int)"
217057971492,5858,217057977350,668180,217058645530,10208,684246,126,126,5,cudaLaunchKernel,6104    1    1, 256    1    1,"<unnamed>::unpack_face_y(const double *, double *, int, int, int, int, int)"
217057978242,4059,217057982301,674557,217058656858,122367,800983,126,126,5,cudaLaunchKernel,6104    1    1, 256    1    1,"<unnamed>::unpack_face_z(const double *, double *, int, int, int, int, int)"
217057983866,5642,217057989508,791093,217058780601,61887,858622,126,126,5,cudaLaunchKernel,12208    1    1, 256    1    1,"<unnamed>::step_kernel_boundary_x_faces(const double *, const double *, double *, const double *, const double *, int, int, int, int, int, int, int, double, double)"
217057990174,5177,217057995351,849825,217058845176,60735,915737,126,126,5,cudaLaunchKernel,12188    1    1, 256    1    1,"<unnamed>::step_kernel_boundary_y_faces(const double *, const double *, double *, const double *, const double *, int, int, int, int, int, int, int, double, double)"
217057996069,3637,217057999706,907709,217058907415,722712,1634058,126,126,5,cudaLaunchKernel,12168    1    1, 256    1    1,"<unnamed>::step_kernel_boundary_z_faces(const double *, const double *, double *, const double *, const double *, int, int, int, int, int, int, int, double, double)"
217058055371,5104,217058060475,1570996,217059631471,13728,1589828,126,126,5,cudaLaunchKernel,6104    1    1, 256    1    1,"<unnamed>::pack_face_x(const double *, double *, int, int, int, int, int)"
217058060921,3513,217058064434,29557466,217087621900,10624,29571603,126,126,5,cudaLaunchKernel,6104    1    1, 256    1    1,"<unnamed>::pack_face_y(const double *, double *, int, int, int, int, int)"
217058065021,4727,217058069748,29564056,217087633804,60960,29629743,126,126,5,cudaLaunchKernel,6104    1    1, 256    1    1,"<unnamed>::pack_face_z(const double *, double *, int, int, int, int, int)"
217058081214,6385,217058087599,1551680,217059639279,27988893,29546958,126,126,5,cudaLaunchKernel,  39  312  312,  32    4    4,"<unnamed>::step_kernel_interior(const double *, const double *, double *, const double *, const double *, int, int, int, int, int, int, int, double, double)"
217058777467,21076,217058798543,662403,217059460946,8064,691543,125,125,4,cudaLaunchKernel,6104    1    1, 256    1    1,"<unnamed>::unpack_face_x(const double *, double *, int, int, int, int, int)"
217058799989,6106,217058806095,664163,217059470258,10528,680797,125,125,4,cudaLaunchKernel,6104    1    1, 256    1    1,"<unnamed>::unpack_face_y(const double *, double *, int, int, int, int, int)"
217058806840,5031,217058811871,670099,217059481970,122079,797209,125,125,4,cudaLaunchKernel,6104    1    1, 256    1    1,"<unnamed>::unpack_face_z(const double *, double *, int, int, int, int, int)"
217058813567,5484,217058819051,786502,217059605553,61952,853938,125,125,4,cudaLaunchKernel,12208    1    1, 256    1    1,"<unnamed>::step_kernel_boundary_x_faces(const double *, const double *, double *, const double *, const double *, int, int, int, int, int, int, int, double, double)"
217058819770,6937,217058826707,842590,217059669297,61055,910582,125,125,4,cudaLaunchKernel,12188    1    1, 256    1    1,"<unnamed>::step_kernel_boundary_y_faces(const double *, const double *, double *, const double *, const double *, int, int, int, int, int, int, int, double, double)"
217058827501,3974,217058831475,900637,217059732112,720125,1624736,125,125,4,cudaLaunchKernel,12168    1    1, 256    1    1,"<unnamed>::step_kernel_boundary_z_faces(const double *, const double *, double *, const double *, const double *, int, int, int, int, int, int, int, double, double)"
217058925978,9700,217058935678,29447429,217088383107,10496,29467625,125,125,4,cudaLaunchKernel,6104    1    1, 256    1    1,"<unnamed>::pack_face_x(const double *, double *, int, int, int, int, int)"
217058936562,5891,217058942453,29455406,217088397859,10336,29471633,125,125,4,cudaLaunchKernel,6104    1    1, 256    1    1,"<unnamed>::pack_face_y(const double *, double *, int, int, int, int, int)"
217058943113,9548,217058952661,29456622,217088409283,63008,29529178,125,125,4,cudaLaunchKernel,6104    1    1, 256    1    1,"<unnamed>::pack_face_z(const double *, double *, int, int, int, int, int)"
217058978414,8585,217058986999,1466806,217060453805,27935382,29410773,125,125,4,cudaLaunchKernel,  39  312  312,  32    4    4,"<unnamed>::step_kernel_interior(const double *, const double *, double *, const double *, const double *, int, int, int, int, int, int, int, double, double)"
217059052996,22099,217059075095,659463,217059734558,8480,690042,124,124,3,cudaLaunchKernel,6104    1    1, 256    1    1,"<unnamed>::unpack_face_x(const double *, double *, int, int, int, int, int)"
217059076278,11202,217059087480,656710,217059744190,9984,677896,124,124,3,cudaLaunchKernel,6104    1    1, 256    1    1,"<unnamed>::unpack_face_y(const double *, double *, int, int, int, int, int)"
217059088405,5020,217059093425,661965,217059755390,120894,787879,124,124,3,cudaLaunchKernel,6104    1    1, 256    1    1,"<unnamed>::unpack_face_z(const double *, double *, int, int, int, int, int)"
217059098647,7494,217059106141,771647,217059877788,63200,842341,124,124,3,cudaLaunchKernel,12208    1    1, 256    1    1,"<unnamed>::step_kernel_boundary_x_faces(const double *, const double *, double *, const double *, const double *, int, int, int, int, int, int, int, double, double)"
217059107096,5566,217059112662,829862,217059942524,59999,895427,124,124,3,cudaLaunchKernel,12188    1    1, 256    1    1,"<unnamed>::step_kernel_boundary_y_faces(const double *, const double *, double *, const double *, const double *, int, int, int, int, int, int, int, double, double)"
217059113439,3684,217059117123,887032,217060004155,726106,1616822,124,124,3,cudaLaunchKernel,12168    1    1, 256    1    1,"<unnamed>::step_kernel_boundary_z_faces(const double *, const double *, double *, const double *, const double *, int, int, int, int, int, int, int, double, double)"
217059179491,6800,217059186291,29535679,217088721970,10016,29552495,124,124,3,cudaLaunchKernel,6104    1    1, 256    1    1,"<unnamed>::pack_face_x(const double *, double *, int, int, int, int, int)"
217059186793,4541,217059191334,29542124,217088733458,10528,29557193,124,124,3,cudaLaunchKernel,6104    1    1, 256    1    1,"<unnamed>::pack_face_y(const double *, double *, int, int, int, int, int)"
217059191791,4070,217059195861,29549405,217088745266,63679,29617154,124,124,3,cudaLaunchKernel,6104    1    1, 256    1    1,"<unnamed>::pack_face_z(const double *, double *, int, int, int, int, int)"
217059222080,8834,217059230914,1502578,217060733492,27994622,29506034,124,124,3,cudaLaunchKernel,  39  312  312,  32    4    4,"<unnamed>::step_kernel_interior(const double *, const double *, double *, const double *, const double *, int, int, int, int, int, int, int, double, double)"
217059458001,18006,217059476007,672383,217060148390,8127,698516,122,122,1,cudaLaunchKernel,6104    1    1, 256    1    1,"<unnamed>::unpack_face_x(const double *, double *, int, int, int, int, int)"
217059477033,5016,217059482049,675684,217060157733,10464,691164,122,122,1,cudaLaunchKernel,6104    1    1, 256    1    1,"<unnamed>::unpack_face_y(const double *, double *, int, int, int, int, int)"
217059482979,4591,217059487570,681875,217060169445,121184,807650,122,122,1,cudaLaunchKernel,6104    1    1, 256    1    1,"<unnamed>::unpack_face_z(const double *, double *, int, int, int, int, int)"
217059488991,5551,217059494542,797911,217060292453,62879,866341,122,122,1,cudaLaunchKernel,12208    1    1, 256    1    1,"<unnamed>::step_kernel_boundary_x_faces(const double *, const double *, double *, const double *, const double *, int, int, int, int, int, int, int, double, double)"
217059495622,10592,217059506214,850910,217060357124,59872,921374,122,122,1,cudaLaunchKernel,12188    1    1, 256    1    1,"<unnamed>::step_kernel_boundary_y_faces(const double *, const double *, double *, const double *, const double *, int, int, int, int, int, int, int, double, double)"
217059510284,7681,217059517965,900727,217060418692,718460,1626868,122,122,1,cudaLaunchKernel,12168    1    1, 256    1    1,"<unnamed>::step_kernel_boundary_z_faces(const double *, const double *, double *, const double *, const double *, int, int, int, int, int, int, int, double, double)"
217059569011,7675,217059576686,1561938,217061138624,14880,1584493,122,122,1,cudaLaunchKernel,6104    1    1, 256    1    1,"<unnamed>::pack_face_x(const double *, double *, int, int, int, int, int)"
217059577314,4305,217059581619,29546966,217089128585,11008,29562279,122,122,1,cudaLaunchKernel,6104    1    1, 256    1    1,"<unnamed>::pack_face_y(const double *, double *, int, int, int, int, int)"
217059582109,4614,217059586723,29554726,217089141449,61760,29621100,122,122,1,cudaLaunchKernel,6104    1    1, 256    1    1,"<unnamed>::pack_face_z(const double *, double *, int, int, int, int, int)"
217059600301,7188,217059607489,1539551,217061147040,27987305,29534044,122,122,1,cudaLaunchKernel,  39  312  312,  32    4    4,"<unnamed>::step_kernel_interior(const double *, const double *, double *, const double *, const double *, int, int, int, int, int, int, int, double, double)"
217060396623,22648,217060419271,661758,217061081029,8095,692501,123,123,2,cudaLaunchKernel,6104    1    1, 256    1    1,"<unnamed>::unpack_face_x(const double *, double *, int, int, int, int, int)"
217060415061,26035,217060441096,667647,217061108743,8000,701682,121,121,0,cudaLaunchKernel,6104    1    1, 256    1    1,"<unnamed>::unpack_face_x(const double *, double *, int, int, int, int, int)"
217060420114,11406,217060431520,658660,217061090180,10368,680434,123,123,2,cudaLaunchKernel,6104    1    1, 256    1    1,"<unnamed>::unpack_face_y(const double *, double *, int, int, int, int, int)"
217060432994,5162,217060438156,663800,217061101956,121183,790145,123,123,2,cudaLaunchKernel,6104    1    1, 256    1    1,"<unnamed>::unpack_face_z(const double *, double *, int, int, int, int, int)"
217060439590,5672,217060445262,779317,217061224579,62943,847932,123,123,2,cudaLaunchKernel,12208    1    1, 256    1    1,"<unnamed>::step_kernel_boundary_x_faces(const double *, const double *, double *, const double *, const double *, int, int, int, int, int, int, int, double, double)"
217060442669,7631,217060450300,667659,217061117959,9824,685114,121,121,0,cudaLaunchKernel,6104    1    1, 256    1    1,"<unnamed>::unpack_face_y(const double *, double *, int, int, int, int, int)"
217060446407,5185,217060451592,837434,217061289026,60223,902842,123,123,2,cudaLaunchKernel,12188    1    1, 256    1    1,"<unnamed>::step_kernel_boundary_y_faces(const double *, const double *, double *, const double *, const double *, int, int, int, int, int, int, int, double, double)"
217060451742,5950,217060457692,671275,217061128967,121471,798696,121,121,0,cudaLaunchKernel,6104    1    1, 256    1    1,"<unnamed>::unpack_face_z(const double *, double *, int, int, int, int, int)"
217060452850,4977,217060457827,892734,217061350561,724440,1622151,123,123,2,cudaLaunchKernel,12168    1    1, 256    1    1,"<unnamed>::step_kernel_boundary_z_faces(const double *, const double *, double *, const double *, const double *, int, int, int, int, int, int, int, double, double)"
217060459301,6232,217060465533,786857,217061252390,62560,855649,121,121,0,cudaLaunchKernel,12208    1    1, 256    1    1,"<unnamed>::step_kernel_boundary_x_faces(const double *, const double *, double *, const double *, const double *, int, int, int, int, int, int, int, double, double)"
217060465966,4912,217060470878,845736,217061316614,60287,910935,121,121,0,cudaLaunchKernel,12188    1    1, 256    1    1,"<unnamed>::step_kernel_boundary_y_faces(const double *, const double *, double *, const double *, const double *, int, int, int, int, int, int, int, double, double)"
217060471932,5256,217060477188,901921,217061379109,726554,1633731,121,121,0,cudaLaunchKernel,12168    1    1, 256    1    1,"<unnamed>::step_kernel_boundary_z_faces(const double *, const double *, double *, const double *, const double *, int, int, int, int, int, int, int, double, double)"
217060539937,7081,217060547018,1560277,217062107295,14752,1582110,121,121,0,cudaLaunchKernel,6104    1    1, 256    1    1,"<unnamed>::pack_face_x(const double *, double *, int, int, int, int, int)"
217060541690,8601,217060550291,1526086,217062076377,15072,1549759,123,123,2,cudaLaunchKernel,6104    1    1, 256    1    1,"<unnamed>::pack_face_x(const double *, double *, int, int, int, int, int)"
217060547574,4571,217060552145,29553645,217090105790,10688,29568904,121,121,0,cudaLaunchKernel,6104    1    1, 256    1    1,"<unnamed>::pack_face_y(const double *, double *, int, int, int, int, int)"
217060550871,4176,217060555047,29515632,217090070679,10656,29530464,123,123,2,cudaLaunchKernel,6104    1    1, 256    1    1,"<unnamed>::pack_face_y(const double *, double *, int, int, int, int, int)"
217060552890,4714,217060557604,29560282,217090117886,62592,29627588,121,121,0,cudaLaunchKernel,6104    1    1, 256    1    1,"<unnamed>::pack_face_z(const double *, double *, int, int, int, int, int)"
217060555462,4044,217060559506,29523204,217090082710,61984,29589232,123,123,2,cudaLaunchKernel,6104    1    1, 256    1    1,"<unnamed>::pack_face_z(const double *, double *, int, int, int, int, int)"
217060570523,6327,217060576850,1538093,217062114943,27997535,29541955,121,121,0,cudaLaunchKernel,  39  312  312,  32    4    4,"<unnamed>::step_kernel_interior(const double *, const double *, double *, const double *, const double *, int, int, int, int, int, int, int, double, double)"
217060573529,10114,217060583643,1500446,217062084089,27992318,29502878,123,123,2,cudaLaunchKernel,  39  312  312,  32    4    4,"<unnamed>::step_kernel_interior(const double *, const double *, double *, const double *, const double *, int, int, int, int, int, int, int, double, double)"
217061618205,25851,217061644056,1287485,217062931541,8160,1321496,138,138,7,cudaLaunchKernel,6104    1    1, 256    1    1,"<unnamed>::unpack_face_x(const double *, double *, int, int, int, int, int)"
217061645220,8741,217061653961,1287180,217062941141,10272,1306193,138,138,7,cudaLaunchKernel,6104    1    1, 256    1    1,"<unnamed>::unpack_face_y(const double *, double *, int, int, int, int, int)"
217061648439,30705,217061679144,1282594,217062961738,8160,1321459,132,132,6,cudaLaunchKernel,6104    1    1, 256    1    1,"<unnamed>::unpack_face_x(const double *, double *, int, int, int, int, int)"
217061655117,12205,217061667322,1285275,217062952597,121663,1419143,138,138,7,cudaLaunchKernel,6104    1    1, 256    1    1,"<unnamed>::unpack_face_z(const double *, double *, int, int, int, int, int)"
217061669102,9353,217061678455,1397565,217063076020,62655,1469573,138,138,7,cudaLaunchKernel,12208    1    1, 256    1    1,"<unnamed>::step_kernel_boundary_x_faces(const double *, const double *, double *, const double *, const double *, int, int, int, int, int, int, int, double, double)"
217061679639,6545,217061686184,1454219,217063140403,61439,1522203,138,138,7,cudaLaunchKernel,12188    1    1, 256    1    1,"<unnamed>::step_kernel_boundary_y_faces(const double *, const double *, double *, const double *, const double *, int, int, int, int, int, int, int, double, double)"
217061680299,7846,217061688145,1282937,217062971082,10208,1300991,132,132,6,cudaLaunchKernel,6104    1    1, 256    1    1,"<unnamed>::unpack_face_y(const double *, double *, int, int, int, int, int)"
217061686788,6815,217061693603,1509903,217063203506,721432,2238150,138,138,7,cudaLaunchKernel,12168    1    1, 256    1    1,"<unnamed>::step_kernel_boundary_z_faces(const double *, const double *, double *, const double *, const double *, int, int, int, int, int, int, int, double, double)"
217061689183,33837,217061723020,1259486,217062982506,121695,1415018,132,132,6,cudaLaunchKernel,6104    1    1, 256    1    1,"<unnamed>::unpack_face_z(const double *, double *, int, int, int, int, int)"
217061725338,9895,217061735233,1370728,217063105961,62527,1443150,132,132,6,cudaLaunchKernel,12208    1    1, 256    1    1,"<unnamed>::step_kernel_boundary_x_faces(const double *, const double *, double *, const double *, const double *, int, int, int, int, int, int, int, double, double)"
217061736002,12422,217061748424,1421568,217063169992,60031,1494021,132,132,6,cudaLaunchKernel,12188    1    1, 256    1    1,"<unnamed>::step_kernel_boundary_y_faces(const double *, const double *, double *, const double *, const double *, int, int, int, int, int, int, int, double, double)"
217061749574,7202,217061756776,1474623,217063231399,721144,2202969,132,132,6,cudaLaunchKernel,12168    1    1, 256    1    1,"<unnamed>::step_kernel_boundary_z_faces(const double *, const double *, double *, const double *, const double *, int, int, int, int, int, int, int, double, double)"
217061758641,13010,217061771651,30152014,217091923665,10784,30175808,138,138,7,cudaLaunchKernel,6104    1    1, 256    1    1,"<unnamed>::pack_face_x(const double *, double *, int, int, int, int, int)"
217061772996,7377,217061780373,30156476,217091936849,11391,30175244,138,138,7,cudaLaunchKernel,6104    1    1, 256    1    1,"<unnamed>::pack_face_y(const double *, double *, int, int, int, int, int)"
217061781056,10666,217061791722,30157638,217091949360,62368,30230672,138,138,7,cudaLaunchKernel,6104    1    1, 256    1    1,"<unnamed>::pack_face_z(const double *, double *, int, int, int, int, int)"
217061804942,7395,217061812337,2114201,217063926538,28004231,30125827,138,138,7,cudaLaunchKernel,  39  312  312,  32    4    4,"<unnamed>::step_kernel_interior(const double *, const double *, double *, const double *, const double *, int, int, int, int, int, int, int, double, double)"
217061820968,16017,217061836985,2117254,217063954239,13760,2147031,132,132,6,cudaLaunchKernel,6104    1    1, 256    1    1,"<unnamed>::pack_face_x(const double *, double *, int, int, int, int, int)"
217061837772,6127,217061843899,30123144,217091967043,11584,30140855,132,132,6,cudaLaunchKernel,6104    1    1, 256    1    1,"<unnamed>::pack_face_y(const double *, double *, int, int, int, int, int)"
217061844338,6344,217061850682,30129673,217091980355,61151,30197168,132,132,6,cudaLaunchKernel,6104    1    1, 256    1    1,"<unnamed>::pack_face_z(const double *, double *, int, int, int, int, int)"
217061865313,10210,217061875523,2086236,217063961759,28011524,30107970,132,132,6,cudaLaunchKernel,  39  312  312,  32    4    4,"<unnamed>::step_kernel_interior(const double *, const double *, double *, const double *, const double *, int, int, int, int, int, int, int, double, double)"
217098275798,20974,217098296772,672783,217098969555,8224,701981,124,124,3,cudaLaunchKernel,6104    1    1, 256    1    1,"<unnamed>::unpack_face_x(const double *, double *, int, int, int, int, int)"
217098297574,4088,217098301662,677205,217098978867,10176,691469,124,124,3,cudaLaunchKernel,6104    1    1, 256    1    1,"<unnamed>::unpack_face_y(const double *, double *, int, int, int, int, int)"
217098302396,4890,217098307286,682973,217098990259,120671,808534,124,124,3,cudaLaunchKernel,6104    1    1, 256    1    1,"<unnamed>::unpack_face_z(const double *, double *, int, int, int, int, int)"
217098308685,7668,217098316353,796401,217099112754,61407,865476,124,124,3,cudaLaunchKernel,12208    1    1, 256    1    1,"<unnamed>::step_kernel_boundary_x_faces(const double *, const double *, double *, const double *, const double *, int, int, int, int, int, int, int, double, double)"
217098319107,14498,217098333605,841900,217099175505,61760,918158,124,124,3,cudaLaunchKernel,12188    1    1, 256    1    1,"<unnamed>::step_kernel_boundary_y_faces(const double *, const double *, double *, const double *, const double *, int, int, int, int, int, int, int, double, double)"
217098334261,4001,217098338262,900699,217099238961,721273,1625973,124,124,3,cudaLaunchKernel,12168    1    1, 256    1    1,"<unnamed>::step_kernel_boundary_z_faces(const double *, const double *, double *, const double *, const double *, int, int, int, int, int, int, int, double, double)"
217098395542,6980,217098402522,29546029,217127948551,9888,29562897,124,124,3,cudaLaunchKernel,6104    1    1, 256    1    1,"<unnamed>::pack_face_x(const double *, double *, int, int, int, int, int)"
217098403057,3777,217098406834,29553205,217127960039,10176,29567158,124,124,3,cudaLaunchKernel,6104    1    1, 256    1    1,"<unnamed>::pack_face_y(const double *, double *, int, int, int, int, int)"
217098407272,3825,217098411097,29560206,217127971303,63327,29627358,124,124,3,cudaLaunchKernel,6104    1    1, 256    1    1,"<unnamed>::pack_face_z(const double *, double *, int, int, int, int, int)"
217098422563,7020,217098429583,1532667,217099962250,27992317,29532004,124,124,3,cudaLaunchKernel,  39  312  312,  32    4    4,"<unnamed>::step_kernel_interior(const double *, const double *, double *, const double *, const double *, int, int, int, int, int, int, int, double, double)"
217099026858,42070,217099068928,650480,217099719408,8320,700870,122,122,1,cudaLaunchKernel,6104    1    1, 256    1    1,"<unnamed>::unpack_face_x(const double *, double *, int, int, int, int, int)"
217099070212,5657,217099075869,653075,217099728944,10240,668972,122,122,1,cudaLaunchKernel,6104    1    1, 256    1    1,"<unnamed>::unpack_face_y(const double *, double *, int, int, int, int, int)"
217099076596,4948,217099081544,658952,217099740496,121279,785179,122,122,1,cudaLaunchKernel,6104    1    1, 256    1    1,"<unnamed>::unpack_face_z(const double *, double *, int, int, int, int, int)"
217099082716,4440,217099087156,776219,217099863375,62464,843123,122,122,1,cudaLaunchKernel,12208    1    1, 256    1    1,"<unnamed>::step_kernel_boundary_x_faces(const double *, const double *, double *, const double *, const double *, int, int, int, int, int, int, int, double, double)"
217099087947,4430,217099092377,835158,217099927535,61791,901379,122,122,1,cudaLaunchKernel,12188    1    1, 256    1    1,"<unnamed>::step_kernel_boundary_y_faces(const double *, const double *, double *, const double *, const double *, int, int, int, int, int, int, int, double, double)"
217099093362,5683,217099099045,891753,217099990798,717053,1614489,122,122,1,cudaLaunchKernel,12168    1    1, 256    1    1,"<unnamed>::step_kernel_boundary_z_faces(const double *, const double *, double *, const double *, const double *, int, int, int, int, int, int, int, double, double)"
217099150206,6853,217099157059,29523984,217128681043,10400,29541237,122,122,1,cudaLaunchKernel,6104    1    1, 256    1    1,"<unnamed>::pack_face_x(const double *, double *, int, int, int, int, int)"
217099157522,4046,217099161568,29531603,217128693171,10592,29546241,122,122,1,cudaLaunchKernel,6104    1    1, 256    1    1,"<unnamed>::pack_face_y(const double *, double *, int, int, int, int, int)"
217099162125,4571,217099166696,29538347,217128705043,63584,29606502,122,122,1,cudaLaunchKernel,6104    1    1, 256    1    1,"<unnamed>::pack_face_z(const double *, double *, int, int, int, int, int)"
217099180234,4823,217099185057,1524362,217100709419,27976808,29505993,122,122,1,cudaLaunchKernel,  39  312  312,  32    4    4,"<unnamed>::step_kernel_interior(const double *, const double *, double *, const double *, const double *, int, int, int, int, int, int, int, double, double)"
217099197414,28851,217099226265,653542,217099879807,8448,690841,126,126,5,cudaLaunchKernel,6104    1    1, 256    1    1,"<unnamed>::unpack_face_x(const double *, double *, int, int, int, int, int)"
217099227399,5888,217099233287,656184,217099889471,9920,671992,126,126,5,cudaLaunchKernel,6104    1    1, 256    1    1,"<unnamed>::unpack_face_y(const double *, double *, int, int, int, int, int)"
217099233946,4373,217099238319,662160,217099900479,120543,787076,126,126,5,cudaLaunchKernel,6104    1    1, 256    1    1,"<unnamed>::unpack_face_z(const double *, double *, int, int, int, int, int)"
217099239658,4435,217099244093,779233,217100023326,62559,846227,126,126,5,cudaLaunchKernel,12208    1    1, 256    1    1,"<unnamed>::step_kernel_boundary_x_faces(const double *, const double *, double *, const double *, const double *, int, int, int, int, int, int, int, double, double)"
217099244642,5458,217099250100,837065,217100087165,61759,904282,126,126,5,cudaLaunchKernel,12188    1    1, 256    1    1,"<unnamed>::step_kernel_boundary_y_faces(const double *, const double *, double *, const double *, const double *, int, int, int, int, int, int, int, double, double)"
217099250898,13261,217099264159,886333,217100150492,718776,1618370,126,126,5,cudaLaunchKernel,12168    1    1, 256    1    1,"<unnamed>::step_kernel_boundary_z_faces(const double *, const double *, double *, const double *, const double *, int, int, int, int, int, int, int, double, double)"
217099309239,6855,217099316094,1554454,217100870548,13216,1574525,126,126,5,cudaLaunchKernel,6104    1    1, 256    1    1,"<unnamed>::pack_face_x(const double *, double *, int, int, int, int, int)"
217099316594,3330,217099319924,29565789,217128885713,10240,29579359,126,126,5,cudaLaunchKernel,6104    1    1, 256    1    1,"<unnamed>::pack_face_y(const double *, double *, int, int, int, int, int)"
217099320684,3544,217099324228,29573197,217128897425,60991,29637732,126,126,5,cudaLaunchKernel,6104    1    1, 256    1    1,"<unnamed>::pack_face_z(const double *, double *, int, int, int, int, int)"
217099336069,4718,217099340787,1537409,217100878196,28013437,29555564,126,126,5,cudaLaunchKernel,  39  312  312,  32    4    4,"<unnamed>::step_kernel_interior(const double *, const double *, double *, const double *, const double *, int, int, int, int, int, int, int, double, double)"
217100223116,36566,217100259682,636099,217100895781,8032,680697,125,125,4,cudaLaunchKernel,6104    1    1, 256    1    1,"<unnamed>::unpack_face_x(const double *, double *, int, int, int, int, int)"
217100260914,5729,217100266643,638354,217100904997,10240,654323,125,125,4,cudaLaunchKernel,6104    1    1, 256    1    1,"<unnamed>::unpack_face_y(const double *, double *, int, int, int, int, int)"
217100267232,5396,217100272628,643793,217100916421,122176,771365,125,125,4,cudaLaunchKernel,6104    1    1, 256    1    1,"<unnamed>::unpack_face_z(const double *, double *, int, int, int, int, int)"
217100273874,10009,217100283883,756538,217101040421,62815,829362,125,125,4,cudaLaunchKernel,12208    1    1, 256    1    1,"<unnamed>::step_kernel_boundary_x_faces(const double *, const double *, double *, const double *, const double *, int, int, int, int, int, int, int, double, double)"
217100284920,6312,217100291232,814372,217101105604,61184,881868,125,125,4,cudaLaunchKernel,12188    1    1, 256    1    1,"<unnamed>::step_kernel_boundary_y_faces(const double *, const double *, double *, const double *, const double *, int, int, int, int, int, int, int, double, double)"
217100291874,4190,217100296064,872324,217101168388,721948,1598462,125,125,4,cudaLaunchKernel,12168    1    1, 256    1    1,"<unnamed>::step_kernel_boundary_z_faces(const double *, const double *, double *, const double *, const double *, int, int, int, int, int, int, int, double, double)"
217100309330,20458,217100329788,673885,217101003673,7968,702311,123,123,2,cudaLaunchKernel,6104    1    1, 256    1    1,"<unnamed>::unpack_face_x(const double *, double *, int, int, int, int, int)"
217100330734,5335,217100336069,677012,217101013081,10207,692554,123,123,2,cudaLaunchKernel,6104    1    1, 256    1    1,"<unnamed>::unpack_face_y(const double *, double *, int, int, int, int, int)"
217100336933,4723,217100341656,682816,217101024472,121503,809042,123,123,2,cudaLaunchKernel,6104    1    1, 256    1    1,"<unnamed>::unpack_face_z(const double *, double *, int, int, int, int, int)"
217100342837,4860,217100347697,800390,217101148087,61855,867105,123,123,2,cudaLaunchKernel,12208    1    1, 256    1    1,"<unnamed>::step_kernel_boundary_x_faces(const double *, const double *, double *, const double *, const double *, int, int, int, int, int, int, int, double, double)"
217100344334,4384,217100348718,1543922,217101892640,13600,1561906,125,125,4,cudaLaunchKernel,6104    1    1, 256    1    1,"<unnamed>::pack_face_x(const double *, double *, int, int, int, int, int)"
217100348858,5818,217100354676,856994,217101211670,61152,923964,123,123,2,cudaLaunchKernel,12188    1    1, 256    1    1,"<unnamed>::step_kernel_boundary_y_faces(const double *, const double *, double *, const double *, const double *, int, int, int, int, int, int, int, double, double)"
217100349427,4832,217100354259,29468804,217129823063,10368,29484004,125,125,4,cudaLaunchKernel,6104    1    1, 256    1    1,"<unnamed>::pack_face_y(const double *, double *, int, int, int, int, int)"
217100354900,8656,217100363556,29471539,217129835095,62207,29542402,125,125,4,cudaLaunchKernel,6104    1    1, 256    1    1,"<unnamed>::pack_face_z(const double *, double *, int, int, int, int, int)"
217100355705,8268,217100363973,910321,217101274294,725015,1643604,123,123,2,cudaLaunchKernel,12168    1    1, 256    1    1,"<unnamed>::step_kernel_boundary_z_faces(const double *, const double *, double *, const double *, const double *, int, int, int, int, int, int, int, double, double)"
217100355913,22910,217100378823,690431,217101069254,8512,721853,121,121,0,cudaLaunchKernel,6104    1    1, 256    1    1,"<unnamed>::unpack_face_x(const double *, double *, int, int, int, int, int)"
217100378094,6276,217100384370,1515790,217101900160,27928823,29450889,125,125,4,cudaLaunchKernel,  39  312  312,  32    4    4,"<unnamed>::step_kernel_interior(const double *, const double *, double *, const double *, const double *, int, int, int, int, int, int, int, double, double)"
217100380063,5547,217100385610,693596,217101079206,10016,709159,121,121,0,cudaLaunchKernel,6104    1    1, 256    1    1,"<unnamed>::unpack_face_y(const double *, double *, int, int, int, int, int)"
217100386369,4849,217100391218,699444,217101090662,123103,827396,121,121,0,cudaLaunchKernel,6104    1    1, 256    1    1,"<unnamed>::unpack_face_z(const double *, double *, int, int, int, int, int)"
217100392709,5301,217100398010,817323,217101215333,62080,884704,121,121,0,cudaLaunchKernel,12208    1    1, 256    1    1,"<unnamed>::step_kernel_boundary_x_faces(const double *, const double *, double *, const double *, const double *, int, int, int, int, int, int, int, double, double)"
217100398480,4739,217100403219,875570,217101278789,60319,940628,121,121,0,cudaLaunchKernel,12188    1    1, 256    1    1,"<unnamed>::step_kernel_boundary_y_faces(const double *, const double *, double *, const double *, const double *, int, int, int, int, int, int, int, double, double)"
217100403863,3836,217100407699,932849,217101340548,724730,1661415,121,121,0,cudaLaunchKernel,12168    1    1, 256    1    1,"<unnamed>::step_kernel_boundary_z_faces(const double *, const double *, double *, const double *, const double *, int, int, int, int, int, int, int, double, double)"
217100416974,11070,217100428044,1572737,217102000781,14944,1598751,123,123,2,cudaLaunchKernel,6104    1    1, 256    1    1,"<unnamed>::pack_face_x(const double *, double *, int, int, int, int, int)"
217100429070,5390,217100434460,29556943,217129991403,10560,29572893,123,123,2,cudaLaunchKernel,6104    1    1, 256    1    1,"<unnamed>::pack_face_y(const double *, double *, int, int, int, int, int)"
217100434957,4104,217100439061,29564278,217130003339,61663,29630045,123,123,2,cudaLaunchKernel,6104    1    1, 256    1    1,"<unnamed>::pack_face_z(const double *, double *, int, int, int, int, int)"
217100453643,7156,217100460799,1547502,217102008301,27989758,29544416,123,123,2,cudaLaunchKernel,  39  312  312,  32    4    4,"<unnamed>::step_kernel_interior(const double *, const double *, double *, const double *, const double *, int, int, int, int, int, int, int, double, double)"
217100463125,11232,217100474357,1592553,217102066910,13792,1617577,121,121,0,cudaLaunchKernel,6104    1    1, 256    1    1,"<unnamed>::pack_face_x(const double *, double *, int, int, int, int, int)"
217100475277,4975,217100480252,29586657,217130066909,10464,29602096,121,121,0,cudaLaunchKernel,6104    1    1, 256    1    1,"<unnamed>::pack_face_y(const double *, double *, int, int, int, int, int)"
217100480834,8489,217100489323,29589778,217130079101,62336,29660603,121,121,0,cudaLaunchKernel,6104    1    1, 256    1    1,"<unnamed>::pack_face_z(const double *, double *, int, int, int, int, int)"
217100501108,6015,217100507123,1567243,217102074366,27998559,29571817,121,121,0,cudaLaunchKernel,  39  312  312,  32    4    4,"<unnamed>::step_kernel_interior(const double *, const double *, double *, const double *, const double *, int, int, int, int, int, int, int, double, double)"
217103239401,21122,217103260523,1258969,217104519492,8031,1288122,138,138,7,cudaLaunchKernel,6104    1    1, 256    1    1,"<unnamed>::unpack_face_x(const double *, double *, int, int, int, int, int)"
217103261323,7187,217103268510,1260773,217104529283,9984,1277944,138,138,7,cudaLaunchKernel,6104    1    1, 256    1    1,"<unnamed>::unpack_face_y(const double *, double *, int, int, int, int, int)"
217103269492,6607,217103276099,1265696,217104541795,124319,1396622,138,138,7,cudaLaunchKernel,6104    1    1, 256    1    1,"<unnamed>::unpack_face_z(const double *, double *, int, int, int, int, int)"
217103277322,6736,217103284058,1383816,217104667874,61663,1452215,138,138,7,cudaLaunchKernel,12208    1    1, 256    1    1,"<unnamed>::step_kernel_boundary_x_faces(const double *, const double *, double *, const double *, const double *, int, int, int, int, int, int, int, double, double)"
217103279294,22509,217103301803,1273930,217104575733,8000,1304439,132,132,6,cudaLaunchKernel,6104    1    1, 256    1    1,"<unnamed>::unpack_face_x(const double *, double *, int, int, int, int, int)"
217103285005,6471,217103291476,1439501,217104730977,61504,1507476,138,138,7,cudaLaunchKernel,12188    1    1, 256    1    1,"<unnamed>::step_kernel_boundary_y_faces(const double *, const double *, double *, const double *, const double *, int, int, int, int, int, int, int, double, double)"
217103292088,5270,217103297358,1496818,217104794176,723256,2225344,138,138,7,cudaLaunchKernel,12168    1    1, 256    1    1,"<unnamed>::step_kernel_boundary_z_faces(const double *, const double *, double *, const double *, const double *, int, int, int, int, int, int, int, double, double)"
217103302931,6775,217103309706,1275467,217104585173,10816,1293058,132,132,6,cudaLaunchKernel,6104    1    1, 256    1    1,"<unnamed>::unpack_face_y(const double *, double *, int, int, int, int, int)"
217103310722,7102,217103317824,1279637,217104597461,121502,1408241,132,132,6,cudaLaunchKernel,6104    1    1, 256    1    1,"<unnamed>::unpack_face_z(const double *, double *, int, int, int, int, int)"
217103319411,12340,217103331751,1388652,217104720403,61344,1462336,132,132,6,cudaLaunchKernel,12208    1    1, 256    1    1,"<unnamed>::step_kernel_boundary_x_faces(const double *, const double *, double *, const double *, const double *, int, int, int, int, int, int, int, double, double)"
217103332819,8184,217103341003,1442152,217104783155,61535,1511871,132,132,6,cudaLaunchKernel,12188    1    1, 256    1    1,"<unnamed>::step_kernel_boundary_y_faces(const double *, const double *, double *, const double *, const double *, int, int, int, int, int, int, int, double, double)"
217103341889,6075,217103347964,1498358,217104846322,724920,2229353,132,132,6,cudaLaunchKernel,12168    1    1, 256    1    1,"<unnamed>::step_kernel_boundary_z_faces(const double *, const double *, double *, const double *, const double *, int, int, int, int, int, int, int, double, double)"
217103378575,8287,217103386862,30124081,217133510943,9760,30142128,138,138,7,cudaLaunchKernel,6104    1    1, 256    1    1,"<unnamed>::pack_face_x(const double *, double *, int, int, int, int, int)"
217103387604,5761,217103393365,30129130,217133522495,10240,30145131,138,138,7,cudaLaunchKernel,6104    1    1, 256    1    1,"<unnamed>::pack_face_y(const double *, double *, int, int, int, int, int)"
217103393858,5727,217103399585,30134558,217133534143,62495,30202780,138,138,7,cudaLaunchKernel,6104    1    1, 256    1    1,"<unnamed>::pack_face_z(const double *, double *, int, int, int, int, int)"
217103418908,9047,217103427955,30141467,217133569422,9952,30160466,132,132,6,cudaLaunchKernel,6104    1    1, 256    1    1,"<unnamed>::pack_face_x(const double *, double *, int, int, int, int, int)"
217103422975,7430,217103430405,2088531,217105518936,27997895,30093856,138,138,7,cudaLaunchKernel,  39  312  312,  32    4    4,"<unnamed>::step_kernel_interior(const double *, const double *, double *, const double *, const double *, int, int, int, int, int, int, int, double, double)"
217103428731,5755,217103434486,30146392,217133580878,10112,30162259,132,132,6,cudaLaunchKernel,6104    1    1, 256    1    1,"<unnamed>::pack_face_y(const double *, double *, int, int, int, int, int)"
217103434904,6370,217103441274,30150932,217133592206,63295,30220597,132,132,6,cudaLaunchKernel,6104    1    1, 256    1    1,"<unnamed>::pack_face_z(const double *, double *, int, int, int, int, int)"
217103454824,7183,217103462007,2111123,217105573130,28001796,30120102,132,132,6,cudaLaunchKernel,  39  312  312,  32    4    4,"<unnamed>::step_kernel_interior(const double *, const double *, double *, const double *, const double *, int, int, int, int, int, int, int, double, double)"
217138143365,19583,217138162948,679454,217138842402,8640,707677,124,124,3,cudaLaunchKernel,6104    1    1, 256    1    1,"<unnamed>::unpack_face_x(const double *, double *, int, int, int, int, int)"
217138166991,6325,217138173316,679166,217138852482,10080,695571,124,124,3,cudaLaunchKernel,6104    1    1, 256    1    1,"<unnamed>::unpack_face_y(const double *, double *, int, int, int, int, int)"
217138174028,4405,217138178433,685313,217138863746,122335,812053,124,124,3,cudaLaunchKernel,6104    1    1, 256    1    1,"<unnamed>::unpack_face_z(const double *, double *, int, int, int, int, int)"
217138179849,5179,217138185028,802429,217138987457,62592,870200,124,124,3,cudaLaunchKernel,12208    1    1, 256    1    1,"<unnamed>::step_kernel_boundary_x_faces(const double *, const double *, double *, const double *, const double *, int, int, int, int, int, int, int, double, double)"
217138185566,4208,217138189774,861619,217139051393,60223,926050,124,124,3,cudaLaunchKernel,12188    1    1, 256    1    1,"<unnamed>::step_kernel_boundary_y_faces(const double *, const double *, double *, const double *, const double *, int, int, int, int, int, int, int, double, double)"
217138190326,5751,217138196077,916819,217139112896,726393,1648963,124,124,3,cudaLaunchKernel,12168    1    1, 256    1    1,"<unnamed>::step_kernel_boundary_z_faces(const double *, const double *, double *, const double *, const double *, int, int, int, int, int, int, int, double, double)"
217138259281,6601,217138265882,29575292,217167841174,9984,29591877,124,124,3,cudaLaunchKernel,6104    1    1, 256    1    1,"<unnamed>::pack_face_x(const double *, double *, int, int, int, int, int)"
217138266403,4782,217138271185,29581701,217167852886,10336,29596819,124,124,3,cudaLaunchKernel,6104    1    1, 256    1    1,"<unnamed>::pack_face_y(const double *, double *, int, int, int, int, int)"
217138271812,4051,217138275863,29588799,217167864662,63680,29656530,124,124,3,cudaLaunchKernel,6104    1    1, 256    1    1,"<unnamed>::pack_face_z(const double *, double *, int, int, int, int, int)"
217138281915,19714,217138301629,699039,217139000668,8320,727073,122,122,1,cudaLaunchKernel,6104    1    1, 256    1    1,"<unnamed>::unpack_face_x(const double *, double *, int, int, int, int, int)"
217138293335,8387,217138301722,1538975,217139840697,28007069,29554431,124,124,3,cudaLaunchKernel,  39  312  312,  32    4    4,"<unnamed>::step_kernel_interior(const double *, const double *, double *, const double *, const double *, int, int, int, int, int, int, int, double, double)"
217138302988,4763,217138307751,702741,217139010492,10304,717808,122,122,1,cudaLaunchKernel,6104    1    1, 256    1    1,"<unnamed>::unpack_face_y(const double *, double *, int, int, int, int, int)"
217138308339,5105,217138313444,708632,217139022076,122559,836296,122,122,1,cudaLaunchKernel,6104    1    1, 256    1    1,"<unnamed>::unpack_face_z(const double *, double *, int, int, int, int, int)"
217138314711,4701,217138319412,827111,217139146523,61472,893284,122,122,1,cudaLaunchKernel,12208    1    1, 256    1    1,"<unnamed>::step_kernel_boundary_x_faces(const double *, const double *, double *, const double *, const double *, int, int, int, int, int, int, int, double, double)"
217138320151,4009,217138324160,885307,217139209467,61343,950659,122,122,1,cudaLaunchKernel,12188    1    1, 256    1    1,"<unnamed>::step_kernel_boundary_y_faces(const double *, const double *, double *, const double *, const double *, int, int, int, int, int, int, int, double, double)"
217138324769,5098,217138329867,942607,217139272474,714652,1662357,122,122,1,cudaLaunchKernel,12168    1    1, 256    1    1,"<unnamed>::step_kernel_boundary_z_faces(const double *, const double *, double *, const double *, const double *, int, int, int, int, int, int, int, double, double)"
217138373370,3691,217138377061,29593178,217167970239,10432,29607301,122,122,1,cudaLaunchKernel,6104    1    1, 256    1    1,"<unnamed>::pack_face_x(const double *, double *, int, int, int, int, int)"
217138377517,4915,217138382432,29599839,217167982271,11520,29616274,122,122,1,cudaLaunchKernel,6104    1    1, 256    1    1,"<unnamed>::pack_face_y(const double *, double *, int, int, int, int, int)"
217138382886,4230,217138387116,29607859,217167994975,63712,29675801,122,122,1,cudaLaunchKernel,6104    1    1, 256    1    1,"<unnamed>::pack_face_z(const double *, double *, int, int, int, int, int)"
217138403915,8882,217138412797,1576121,217139988918,27987497,29572500,122,122,1,cudaLaunchKernel,  39  312  312,  32    4    4,"<unnamed>::step_kernel_interior(const double *, const double *, double *, const double *, const double *, int, int, int, int, int, int, int, double, double)"
217140168352,16334,217140184686,660704,217140845390,8288,685326,123,123,2,cudaLaunchKernel,6104    1    1, 256    1    1,"<unnamed>::unpack_face_x(const double *, double *, int, int, int, int, int)"
217140183706,34256,217140217962,663197,217140881159,8192,705645,121,121,0,cudaLaunchKernel,6104    1    1, 256    1    1,"<unnamed>::unpack_face_x(const double *, double *, int, int, int, int, int)"
217140185468,10324,217140195792,659134,217140854926,9920,679378,123,123,2,cudaLaunchKernel,6104    1    1, 256    1    1,"<unnamed>::unpack_face_y(const double *, double *, int, int, int, int, int)"
217140196998,4781,217140201779,664219,217140865998,123294,792294,123,123,2,cudaLaunchKernel,6104    1    1, 256    1    1,"<unnamed>::unpack_face_z(const double *, double *, int, int, int, int, int)"
217140211969,10054,217140222023,768549,217140990572,61503,840106,123,123,2,cudaLaunchKernel,12208    1    1, 256    1    1,"<unnamed>::step_kernel_boundary_x_faces(const double *, const double *, double *, const double *, const double *, int, int, int, int, int, int, int, double, double)"
217140219452,6907,217140226359,664240,217140890599,10751,681898,121,121,0,cudaLaunchKernel,6104    1    1, 256    1    1,"<unnamed>::unpack_face_y(const double *, double *, int, int, int, int, int)"
217140222827,4601,217140227428,826055,217141053483,61696,892352,123,123,2,cudaLaunchKernel,12188    1    1, 256    1    1,"<unnamed>::step_kernel_boundary_y_faces(const double *, const double *, double *, const double *, const double *, int, int, int, int, int, int, int, double, double)"
217140227056,4923,217140231979,670843,217140902822,122079,797845,121,121,0,cudaLaunchKernel,6104    1    1, 256    1    1,"<unnamed>::unpack_face_z(const double *, double *, int, int, int, int, int)"
217140228348,4854,217140233202,883417,217141116619,720535,1608806,123,123,2,cudaLaunchKernel,12168    1    1, 256    1    1,"<unnamed>::step_kernel_boundary_z_faces(const double *, const double *, double *, const double *, const double *, int, int, int, int, int, int, int, double, double)"
217140233385,9238,217140242623,783654,217141026277,61440,854332,121,121,0,cudaLaunchKernel,12208    1    1, 256    1    1,"<unnamed>::step_kernel_boundary_x_faces(const double *, const double *, double *, const double *, const double *, int, int, int, int, int, int, int, double, double)"
217140243730,9825,217140253555,835794,217141089349,61311,906930,121,121,0,cudaLaunchKernel,12188    1    1, 256    1    1,"<unnamed>::step_kernel_boundary_y_faces(const double *, const double *, double *, const double *, const double *, int, int, int, int, int, int, int, double, double)"
217140254625,6347,217140260972,891256,217141152228,715579,1613182,121,121,0,cudaLaunchKernel,12168    1    1, 256    1    1,"<unnamed>::step_kernel_boundary_z_faces(const double *, const double *, double *, const double *, const double *, int, int, int, int, int, int, int, double, double)"
217140291658,10634,217140302292,29532332,217169834624,9952,29552918,123,123,2,cudaLaunchKernel,6104    1    1, 256    1    1,"<unnamed>::pack_face_x(const double *, double *, int, int, int, int, int)"
217140303629,5071,217140308700,29537348,217169846048,10368,29552787,123,123,2,cudaLaunchKernel,6104    1    1, 256    1    1,"<unnamed>::pack_face_y(const double *, double *, int, int, int, int, int)"
217140309189,3881,217140313070,29544530,217169857600,63711,29612122,123,123,2,cudaLaunchKernel,6104    1    1, 256    1    1,"<unnamed>::pack_face_z(const double *, double *, int, int, int, int, int)"
217140315055,6300,217140321355,29545267,217169866622,9696,29561263,121,121,0,cudaLaunchKernel,6104    1    1, 256    1    1,"<unnamed>::pack_face_x(const double *, double *, int, int, int, int, int)"
217140321795,4276,217140326071,29552007,217169878078,10464,29566747,121,121,0,cudaLaunchKernel,6104    1    1, 256    1    1,"<unnamed>::pack_face_y(const double *, double *, int, int, int, int, int)"
217140324884,7792,217140332676,1505854,217141838530,28002206,29515852,123,123,2,cudaLaunchKernel,  39  312  312,  32    4    4,"<unnamed>::step_kernel_interior(const double *, const double *, double *, const double *, const double *, int, int, int, int, int, int, int, double, double)"
217140326568,3494,217140330062,29559696,217169889758,63263,29626453,121,121,0,cudaLaunchKernel,6104    1    1, 256    1    1,"<unnamed>::pack_face_z(const double *, double *, int, int, int, int, int)"
217140344178,4898,217140349076,1520267,217141869343,28004095,29529260,121,121,0,cudaLaunchKernel,  39  312  312,  32    4    4,"<unnamed>::step_kernel_interior(const double *, const double *, double *, const double *, const double *, int, int, int, int, int, int, int, double, double)"
217140854709,34389,217140889098,651414,217141540512,8255,694058,126,126,5,cudaLaunchKernel,6104    1    1, 256    1    1,"<unnamed>::unpack_face_x(const double *, double *, int, int, int, int, int)"
217140890134,8073,217140898207,651712,217141549919,10112,669897,126,126,5,cudaLaunchKernel,6104    1    1, 256    1    1,"<unnamed>::unpack_face_y(const double *, double *, int, int, int, int, int)"
217140898952,4568,217140903520,657631,217141561151,122623,784822,126,126,5,cudaLaunchKernel,6104    1    1, 256    1    1,"<unnamed>::unpack_face_z(const double *, double *, int, int, int, int, int)"
217140904722,4361,217140909083,775971,217141685054,62591,842923,126,126,5,cudaLaunchKernel,12208    1    1, 256    1    1,"<unnamed>::step_kernel_boundary_x_faces(const double *, const double *, double *, const double *, const double *, int, int, int, int, int, int, int, double, double)"
217140909664,4035,217140913699,835546,217141749245,61279,900860,126,126,5,cudaLaunchKernel,12188    1    1, 256    1    1,"<unnamed>::step_kernel_boundary_y_faces(const double *, const double *, double *, const double *, const double *, int, int, int, int, int, int, int, double, double)"
217140914242,4447,217140918689,893243,217141811932,724856,1622546,126,126,5,cudaLaunchKernel,12168    1    1, 256    1    1,"<unnamed>::step_kernel_boundary_z_faces(const double *, const double *, double *, const double *, const double *, int, int, int, int, int, int, int, double, double)"
217140972783,6160,217140978943,29552371,217170531314,10432,29568963,126,126,5,cudaLaunchKernel,6104    1    1, 256    1    1,"<unnamed>::pack_face_x(const double *, double *, int, int, int, int, int)"
217140979414,4428,217140983842,29559599,217170543441,10656,29574683,126,126,5,cudaLaunchKernel,6104    1    1, 256    1    1,"<unnamed>::pack_face_y(const double *, double *, int, int, int, int, int)"
217140984545,3547,217140988092,29567125,217170555217,62528,29633200,126,126,5,cudaLaunchKernel,6104    1    1, 256    1    1,"<unnamed>::pack_face_z(const double *, double *, int, int, int, int, int)"
217141005240,9072,217141014312,1524012,217142538324,28000222,29533306,126,126,5,cudaLaunchKernel,  39  312  312,  32    4    4,"<unnamed>::step_kernel_interior(const double *, const double *, double *, const double *, const double *, int, int, int, int, int, int, int, double, double)"
217143268592,24882,217143293474,657896,217143951370,8160,690938,138,138,7,cudaLaunchKernel,6104    1    1, 256    1    1,"<unnamed>::unpack_face_x(const double *, double *, int, int, int, int, int)"
217143294714,7811,217143302525,658445,217143960970,10016,676272,138,138,7,cudaLaunchKernel,6104    1    1, 256    1    1,"<unnamed>::unpack_face_y(const double *, double *, int, int, int, int, int)"
217143303537,6416,217143309953,662473,217143972426,122942,791831,138,138,7,cudaLaunchKernel,6104    1    1, 256    1    1,"<unnamed>::unpack_face_z(const double *, double *, int, int, int, int, int)"
217143311450,7010,217143318460,778540,217144097000,62688,848238,138,138,7,cudaLaunchKernel,12208    1    1, 256    1    1,"<unnamed>::step_kernel_boundary_x_faces(const double *, const double *, double *, const double *, const double *, int, int, int, int, int, int, int, double, double)"
217143319310,6346,217143325656,835504,217144161160,61631,903481,138,138,7,cudaLaunchKernel,12188    1    1, 256    1    1,"<unnamed>::step_kernel_boundary_y_faces(const double *, const double *, double *, const double *, const double *, int, int, int, int, int, int, int, double, double)"
217143326232,6349,217143332581,891874,217144224455,723128,1621351,138,138,7,cudaLaunchKernel,12168    1    1, 256    1    1,"<unnamed>::step_kernel_boundary_z_faces(const double *, const double *, double *, const double *, const double *, int, int, int, int, int, int, int, double, double)"
217143384020,6452,217143390472,29549853,217172940325,10272,29566577,138,138,7,cudaLaunchKernel,6104    1    1, 256    1    1,"<unnamed>::pack_face_x(const double *, double *, int, int, int, int, int)"
217143391177,6142,217143397319,29555070,217172952389,11488,29572700,138,138,7,cudaLaunchKernel,6104    1    1, 256    1    1,"<unnamed>::pack_face_y(const double *, double *, int, int, int, int, int)"
217143397819,5370,217143403189,29561904,217172965093,62623,29629897,138,138,7,cudaLaunchKernel,6104    1    1, 256    1    1,"<unnamed>::pack_face_z(const double *, double *, int, int, int, int, int)"
217143416505,6585,217143423090,1526029,217144949119,27997798,29530412,138,138,7,cudaLaunchKernel,  39  312  312,  32    4    4,"<unnamed>::step_kernel_interior(const double *, const double *, double *, const double *, const double *, int, int, int, int, int, int, int, double, double)"
217144681440,16340,217144697780,669526,217145367306,8544,694410,125,125,4,cudaLaunchKernel,6104    1    1, 256    1    1,"<unnamed>::unpack_face_x(const double *, double *, int, int, int, int, int)"
217144698635,4685,217144703320,674002,217145377322,9920,688607,125,125,4,cudaLaunchKernel,6104    1    1, 256    1    1,"<unnamed>::unpack_face_y(const double *, double *, int, int, int, int, int)"
217144703789,4888,217144708677,680037,217145388714,122719,807644,125,125,4,cudaLaunchKernel,6104    1    1, 256    1    1,"<unnamed>::unpack_face_z(const double *, double *, int, int, int, int, int)"
217144709984,5862,217144715846,797763,217145513609,61952,865577,125,125,4,cudaLaunchKernel,12208    1    1, 256    1    1,"<unnamed>::step_kernel_boundary_x_faces(const double *, const double *, double *, const double *, const double *, int, int, int, int, int, int, int, double, double)"
217144716658,4118,217144720776,856161,217145576937,61280,921559,125,125,4,cudaLaunchKernel,12188    1    1, 256    1    1,"<unnamed>::step_kernel_boundary_y_faces(const double *, const double *, double *, const double *, const double *, int, int, int, int, int, int, int, double, double)"
217144718264,23216,217144741480,662656,217145404136,8032,693904,132,132,6,cudaLaunchKernel,6104    1    1, 256    1    1,"<unnamed>::unpack_face_x(const double *, double *, int, int, int, int, int)"
217144721359,4995,217144726354,913527,217145639881,724604,1643126,125,125,4,cudaLaunchKernel,12168    1    1, 256    1    1,"<unnamed>::step_kernel_boundary_z_faces(const double *, const double *, double *, const double *, const double *, int, int, int, int, int, int, int, double, double)"
217144742751,6785,217144749536,663848,217145413384,10208,680841,132,132,6,cudaLaunchKernel,6104    1    1, 256    1    1,"<unnamed>::unpack_face_y(const double *, double *, int, int, int, int, int)"
217144750363,6594,217144756957,668075,217145425032,121663,796332,132,132,6,cudaLaunchKernel,6104    1    1, 256    1    1,"<unnamed>::unpack_face_z(const double *, double *, int, int, int, int, int)"
217144758562,11486,217144770048,778471,217145548519,62527,852484,132,132,6,cudaLaunchKernel,12208    1    1, 256    1    1,"<unnamed>::step_kernel_boundary_x_faces(const double *, const double *, double *, const double *, const double *, int, int, int, int, int, int, int, double, double)"
217144771220,8400,217144779620,832834,217145612454,61631,902865,132,132,6,cudaLaunchKernel,12188    1    1, 256    1    1,"<unnamed>::step_kernel_boundary_y_faces(const double *, const double *, double *, const double *, const double *, int, int, int, int, int, int, int, double, double)"
217144778395,6609,217144785004,29509295,217174294299,10304,29526208,125,125,4,cudaLaunchKernel,6104    1    1, 256    1    1,"<unnamed>::pack_face_x(const double *, double *, int, int, int, int, int)"
217144780326,6469,217144786795,888922,217145675717,717848,1613239,132,132,6,cudaLaunchKernel,12168    1    1, 256    1    1,"<unnamed>::step_kernel_boundary_z_faces(const double *, const double *, double *, const double *, const double *, int, int, int, int, int, int, int, double, double)"
217144785568,4820,217144790388,29515719,217174306107,10528,29531067,125,125,4,cudaLaunchKernel,6104    1    1, 256    1    1,"<unnamed>::pack_face_y(const double *, double *, int, int, int, int, int)"
217144790947,4574,217144795521,29522298,217174317819,63520,29590392,125,125,4,cudaLaunchKernel,6104    1    1, 256    1    1,"<unnamed>::pack_face_z(const double *, double *, int, int, int, int, int)"
217144812881,7266,217144820147,1546034,217146366181,27934166,29487466,125,125,4,cudaLaunchKernel,  39  312  312,  32    4    4,"<unnamed>::step_kernel_interior(const double *, const double *, double *, const double *, const double *, int, int, int, int, int, int, int, double, double)"
217144849721,8534,217144858255,1536750,217146395005,14752,1560036,132,132,6,cudaLaunchKernel,6104    1    1, 256    1    1,"<unnamed>::pack_face_x(const double *, double *, int, int, int, int, int)"
217144858981,5874,217144864855,29531114,217174395969,11456,29548444,132,132,6,cudaLaunchKernel,6104    1    1, 256    1    1,"<unnamed>::pack_face_y(const double *, double *, int, int, int, int, int)"
217144865304,5537,217144870841,29538344,217174409185,61471,29605352,132,132,6,cudaLaunchKernel,6104    1    1, 256    1    1,"<unnamed>::pack_face_z(const double *, double *, int, int, int, int, int)"
217144889740,9678,217144899418,1503107,217146402525,28000068,29512853,132,132,6,cudaLaunchKernel,  39  312  312,  32    4    4,"<unnamed>::step_kernel_interior(const double *, const double *, double *, const double *, const double *, int, int, int, int, int, int, int, double, double)"
217176881661,23245,217176904906,664018,217177568924,8192,695455,124,124,3,cudaLaunchKernel,6104    1    1, 256    1    1,"<unnamed>::unpack_face_x(const double *, double *, int, int, int, int, int)"
217176905987,4907,217176910894,667342,217177578236,9952,682201,124,124,3,cudaLaunchKernel,6104    1    1, 256    1    1,"<unnamed>::unpack_face_y(const double *, double *, int, int, int, int, int)"
217176911446,3942,217176915388,673824,217177589212,123199,800965,124,124,3,cudaLaunchKernel,6104    1    1, 256    1    1,"<unnamed>::unpack_face_z(const double *, double *, int, int, int, int, int)"
217176917192,4870,217176922062,791629,217177713691,61920,858419,124,124,3,cudaLaunchKernel,12208    1    1, 256    1    1,"<unnamed>::step_kernel_boundary_x_faces(const double *, const double *, double *, const double *, const double *, int, int, int, int, int, int, int, double, double)"
217176922577,4024,217176926601,850418,217177777019,60895,915337,124,124,3,cudaLaunchKernel,12188    1    1, 256    1    1,"<unnamed>::step_kernel_boundary_y_faces(const double *, const double *, double *, const double *, const double *, int, int, int, int, int, int, int, double, double)"
217176927362,4266,217176931628,907854,217177839482,724409,1636529,124,124,3,cudaLaunchKernel,12168    1    1, 256    1    1,"<unnamed>::step_kernel_boundary_z_faces(const double *, const double *, double *, const double *, const double *, int, int, int, int, int, int, int, double, double)"
217176976353,4804,217176981157,1584430,217178565587,15136,1604370,124,124,3,cudaLaunchKernel,6104    1    1, 256    1    1,"<unnamed>::pack_face_x(const double *, double *, int, int, int, int, int)"
217176981803,3794,217176985597,29587219,217206572816,10592,29601605,124,124,3,cudaLaunchKernel,6104    1    1, 256    1    1,"<unnamed>::pack_face_y(const double *, double *, int, int, int, int, int)"
217176986070,5102,217176991172,29593676,217206584848,61472,29660250,124,124,3,cudaLaunchKernel,6104    1    1, 256    1    1,"<unnamed>::pack_face_z(const double *, double *, int, int, int, int, int)"
217177002366,8160,217177010526,1562773,217178573299,28005213,29576146,124,124,3,cudaLaunchKernel,  39  312  312,  32    4    4,"<unnamed>::step_kernel_interior(const double *, const double *, double *, const double *, const double *, int, int, int, int, int, int, int, double, double)"
217177312605,20395,217177333000,668033,217178001033,8224,696652,122,122,1,cudaLaunchKernel,6104    1    1, 256    1    1,"<unnamed>::unpack_face_x(const double *, double *, int, int, int, int, int)"
217177334427,11258,217177345685,664852,217178010537,10272,686382,122,122,1,cudaLaunchKernel,6104    1    1, 256    1    1,"<unnamed>::unpack_face_y(const double *, double *, int, int, int, int, int)"
217177349263,6890,217177356153,665776,217178021929,121343,794009,122,122,1,cudaLaunchKernel,6104    1    1, 256    1    1,"<unnamed>::unpack_face_z(const double *, double *, int, int, int, int, int)"
217177357779,9918,217177367697,776983,217178144680,62400,849301,122,122,1,cudaLaunchKernel,12208    1    1, 256    1    1,"<unnamed>::step_kernel_boundary_x_faces(const double *, const double *, double *, const double *, const double *, int, int, int, int, int, int, int, double, double)"
217177368932,5281,217177374213,834307,217178208520,60352,899940,122,122,1,cudaLaunchKernel,12188    1    1, 256    1    1,"<unnamed>::step_kernel_boundary_y_faces(const double *, const double *, double *, const double *, const double *, int, int, int, int, int, int, int, double, double)"
217177374911,4086,217177378997,891603,217178270600,712860,1608549,122,122,1,cudaLaunchKernel,12168    1    1, 256    1    1,"<unnamed>::step_kernel_boundary_z_faces(const double *, const double *, double *, const double *, const double *, int, int, int, int, int, int, int, double, double)"
217177427230,6791,217177434021,29540712,217206974733,10432,29557935,122,122,1,cudaLaunchKernel,6104    1    1, 256    1    1,"<unnamed>::pack_face_x(const double *, double *, int, int, int, int, int)"
217177434669,3984,217177438653,29548720,217206987373,10784,29563488,122,122,1,cudaLaunchKernel,6104    1    1, 256    1    1,"<unnamed>::pack_face_y(const double *, double *, int, int, int, int, int)"
217177439493,9754,217177449247,29550414,217206999661,62495,29622663,122,122,1,cudaLaunchKernel,6104    1    1, 256    1    1,"<unnamed>::pack_face_z(const double *, double *, int, int, int, int, int)"
217177465451,6581,217177472032,1512996,217178985028,27995337,29514914,122,122,1,cudaLaunchKernel,  39  312  312,  32    4    4,"<unnamed>::step_kernel_interior(const double *, const double *, double *, const double *, const double *, int, int, int, int, int, int, int, double, double)"
217179109693,17026,217179126719,682446,217179809165,8160,707632,123,123,2,cudaLaunchKernel,6104    1    1, 256    1    1,"<unnamed>::unpack_face_x(const double *, double *, int, int, int, int, int)"
217179127504,9675,217179137179,681330,217179818509,10112,701117,123,123,2,cudaLaunchKernel,6104    1    1, 256    1    1,"<unnamed>::unpack_face_y(const double *, double *, int, int, int, int, int)"
217179137883,4404,217179142287,687326,217179829613,122878,814608,123,123,2,cudaLaunchKernel,6104    1    1, 256    1    1,"<unnamed>::unpack_face_z(const double *, double *, int, int, int, int, int)"
217179143623,5806,217179149429,804630,217179954059,61664,872100,123,123,2,cudaLaunchKernel,12208    1    1, 256    1    1,"<unnamed>::step_kernel_boundary_x_faces(const double *, const double *, double *, const double *, const double *, int, int, int, int, int, int, int, double, double)"
217179150007,4927,217179154934,862293,217180017227,60991,928211,123,123,2,cudaLaunchKernel,12188    1    1, 256    1    1,"<unnamed>::step_kernel_boundary_y_faces(const double *, const double *, double *, const double *, const double *, int, int, int, int, int, int, int, double, double)"
217179155714,6345,217179162059,917599,217180079658,727127,1651071,123,123,2,cudaLaunchKernel,12168    1    1, 256    1    1,"<unnamed>::step_kernel_boundary_z_faces(const double *, const double *, double *, const double *, const double *, int, int, int, int, int, int, int, double, double)"
217179230210,11667,217179241877,1566380,217180808257,14336,1592383,123,123,2,cudaLaunchKernel,6104    1    1, 256    1    1,"<unnamed>::pack_face_x(const double *, double *, int, int, int, int, int)"
217179243264,5890,217179249154,29571773,217208820927,11040,29588703,123,123,2,cudaLaunchKernel,6104    1    1, 256    1    1,"<unnamed>::pack_face_y(const double *, double *, int, int, int, int, int)"
217179249681,10878,217179260559,29572784,217208833343,61535,29645197,123,123,2,cudaLaunchKernel,6104    1    1, 256    1    1,"<unnamed>::pack_face_z(const double *, double *, int, int, int, int, int)"
217179272773,22821,217179295594,1520279,217180815873,28010782,29553882,123,123,2,cudaLaunchKernel,  39  312  312,  32    4    4,"<unnamed>::step_kernel_interior(const double *, const double *, double *, const double *, const double *, int, int, int, int, int, int, int, double, double)"
217179984142,19033,217180003175,662624,217180665799,8160,689817,121,121,0,cudaLaunchKernel,6104    1    1, 256    1    1,"<unnamed>::unpack_face_x(const double *, double *, int, int, int, int, int)"
217180004605,11964,217180016569,658606,217180675175,10112,680682,121,121,0,cudaLaunchKernel,6104    1    1, 256    1    1,"<unnamed>::unpack_face_y(const double *, double *, int, int, int, int, int)"
217180017596,5055,217180022651,663756,217180686407,123487,792298,121,121,0,cudaLaunchKernel,6104    1    1, 256    1    1,"<unnamed>::unpack_face_z(const double *, double *, int, int, int, int, int)"
217180023788,4577,217180028365,782969,217180811334,62303,849849,121,121,0,cudaLaunchKernel,12208    1    1, 256    1    1,"<unnamed>::step_kernel_boundary_x_faces(const double *, const double *, double *, const double *, const double *, int, int, int, int, int, int, int, double, double)"
217180028810,9326,217180038136,836941,217180875077,59680,905947,121,121,0,cudaLaunchKernel,12188    1    1, 256    1    1,"<unnamed>::step_kernel_boundary_y_faces(const double *, const double *, double *, const double *, const double *, int, int, int, int, int, int, int, double, double)"
217180039194,5149,217180044343,892110,217180936453,724538,1621797,121,121,0,cudaLaunchKernel,12168    1    1, 256    1    1,"<unnamed>::step_kernel_boundary_z_faces(const double *, const double *, double *, const double *, const double *, int, int, int, int, int, int, int, double, double)"
217180104931,6850,217180111781,29543897,217209655678,10240,29560987,121,121,0,cudaLaunchKernel,6104    1    1, 256    1    1,"<unnamed>::pack_face_x(const double *, double *, int, int, int, int, int)"
217180112574,3550,217180116124,29551938,217209668062,10400,29565888,121,121,0,cudaLaunchKernel,6104    1    1, 256    1    1,"<unnamed>::pack_face_y(const double *, double *, int, int, int, int, int)"
217180116682,3711,217180120393,29559509,217209679902,63712,29626932,121,121,0,cudaLaunchKernel,6104    1    1, 256    1    1,"<unnamed>::pack_face_z(const double *, double *, int, int, int, int, int)"
217180129876,4445,217180134321,1528430,217181662751,28000351,29533226,121,121,0,cudaLaunchKernel,  39  312  312,  32    4    4,"<unnamed>::step_kernel_interior(const double *, const double *, double *, const double *, const double *, int, int, int, int, int, int, int, double, double)"
217181018034,16676,217181034710,671611,217181706321,8256,696543,126,126,5,cudaLaunchKernel,6104    1    1, 256    1    1,"<unnamed>::unpack_face_x(const double *, double *, int, int, int, int, int)"
217181035507,5487,217181040994,674767,217181715761,10176,690430,126,126,5,cudaLaunchKernel,6104    1    1, 256    1    1,"<unnamed>::unpack_face_y(const double *, double *, int, int, int, int, int)"
217181041792,4175,217181045967,681122,217181727089,121790,807087,126,126,5,cudaLaunchKernel,6104    1    1, 256    1    1,"<unnamed>::unpack_face_z(const double *, double *, int, int, int, int, int)"
217181047260,5929,217181053189,797226,217181850415,61664,864819,126,126,5,cudaLaunchKernel,12208    1    1, 256    1    1,"<unnamed>::step_kernel_boundary_x_faces(const double *, const double *, double *, const double *, const double *, int, int, int, int, int, int, int, double, double)"
217181053708,4312,217181058020,855595,217181913615,61087,920994,126,126,5,cudaLaunchKernel,12188    1    1, 256    1    1,"<unnamed>::step_kernel_boundary_y_faces(const double *, const double *, double *, const double *, const double *, int, int, int, int, int, int, int, double, double)"
217181058560,4388,217181062948,913450,217181976398,722616,1640454,126,126,5,cudaLaunchKernel,12168    1    1, 256    1    1,"<unnamed>::step_kernel_boundary_z_faces(const double *, const double *, double *, const double *, const double *, int, int, int, int, int, int, int, double, double)"
217181111518,4940,217181116458,1584411,217182700869,14464,1603815,126,126,5,cudaLaunchKernel,6104    1    1, 256    1    1,"<unnamed>::pack_face_x(const double *, double *, int, int, int, int, int)"
217181117195,3577,217181120772,29569151,217210689923,10560,29583288,126,126,5,cudaLaunchKernel,6104    1    1, 256    1    1,"<unnamed>::pack_face_y(const double *, double *, int, int, int, int, int)"
217181121596,4680,217181126276,29575647,217210701923,60831,29641158,126,126,5,cudaLaunchKernel,6104    1    1, 256    1    1,"<unnamed>::pack_face_z(const double *, double *, int, int, int, int, int)"
217181137683,5282,217181142965,1565488,217182708453,27987582,29558352,126,126,5,cudaLaunchKernel,  39  312  312,  32    4    4,"<unnamed>::step_kernel_interior(const double *, const double *, double *, const double *, const double *, int, int, int, int, int, int, int, double, double)"
217182293697,29828,217182323525,652112,217182975637,8096,690036,138,138,7,cudaLaunchKernel,6104    1    1, 256    1    1,"<unnamed>::unpack_face_x(const double *, double *, int, int, int, int, int)"
217182324969,9579,217182334548,650401,217182984949,10016,669996,138,138,7,cudaLaunchKernel,6104    1    1, 256    1    1,"<unnamed>::unpack_face_y(const double *, double *, int, int, int, int, int)"
217182335358,6112,217182341470,654871,217182996341,120798,781781,138,138,7,cudaLaunchKernel,6104    1    1, 256    1    1,"<unnamed>::unpack_face_z(const double *, double *, int, int, int, int, int)"
217182343260,8081,217182351341,767750,217183119091,63039,838870,138,138,7,cudaLaunchKernel,12208    1    1, 256    1    1,"<unnamed>::step_kernel_boundary_x_faces(const double *, const double *, double *, const double *, const double *, int, int, int, int, int, int, int, double, double)"
217182352042,9032,217182361074,822848,217183183922,59936,891816,138,138,7,cudaLaunchKernel,12188    1    1, 256    1    1,"<unnamed>::step_kernel_boundary_y_faces(const double *, const double *, double *, const double *, const double *, int, int, int, int, int, int, int, double, double)"
217182361871,6346,217182368217,877241,217183245458,730584,1614171,138,138,7,cudaLaunchKernel,12168    1    1, 256    1    1,"<unnamed>::step_kernel_boundary_z_faces(const double *, const double *, double *, const double *, const double *, int, int, int, int, int, int, int, double, double)"
217182431380,12125,217182443505,1534041,217183977546,13823,1559989,138,138,7,cudaLaunchKernel,6104    1    1, 256    1    1,"<unnamed>::pack_face_x(const double *, double *, int, int, int, int, int)"
217182444777,6732,217182451509,29525787,217211977296,10688,29543207,138,138,7,cudaLaunchKernel,6104    1    1, 256    1    1,"<unnamed>::pack_face_y(const double *, double *, int, int, int, int, int)"
217182452068,5936,217182458004,29531740,217211989744,61183,29598859,138,138,7,cudaLaunchKernel,6104    1    1, 256    1    1,"<unnamed>::pack_face_z(const double *, double *, int, int, int, int, int)"
217182470576,6409,217182476985,1508272,217183985257,27997767,29512448,138,138,7,cudaLaunchKernel,  39  312  312,  32    4    4,"<unnamed>::step_kernel_interior(const double *, const double *, double *, const double *, const double *, int, int, int, int, int, int, int, double, double)"
217185105072,13745,217185118817,675170,217185793987,8224,697139,125,125,4,cudaLaunchKernel,6104    1    1, 256    1    1,"<unnamed>::unpack_face_x(const double *, double *, int, int, int, int, int)"
217185119602,5576,217185125178,678281,217185803459,9888,693745,125,125,4,cudaLaunchKernel,6104    1    1, 256    1    1,"<unnamed>::unpack_face_y(const double *, double *, int, int, int, int, int)"
217185125741,5132,217185130873,683530,217185814403,121247,809909,125,125,4,cudaLaunchKernel,6104    1    1, 256    1    1,"<unnamed>::unpack_face_z(const double *, double *, int, int, int, int, int)"
217185130698,20614,217185151312,665712,217185817024,8160,694486,132,132,6,cudaLaunchKernel,6104    1    1, 256    1    1,"<unnamed>::unpack_face_x(const double *, double *, int, int, int, int, int)"
217185131824,5457,217185137281,800289,217185937570,62688,868434,125,125,4,cudaLaunchKernel,12208    1    1, 256    1    1,"<unnamed>::step_kernel_boundary_x_faces(const double *, const double *, double *, const double *, const double *, int, int, int, int, int, int, int, double, double)"
217185137902,3749,217185141651,860431,217186002082,59871,924051,125,125,4,cudaLaunchKernel,12188    1    1, 256    1    1,"<unnamed>::step_kernel_boundary_y_faces(const double *, const double *, double *, const double *, const double *, int, int, int, int, int, int, int, double, double)"
217185142152,4529,217185146681,917512,217186064193,724445,1646486,125,125,4,cudaLaunchKernel,12168    1    1, 256    1    1,"<unnamed>::step_kernel_boundary_z_faces(const double *, const double *, double *, const double *, const double *, int, int, int, int, int, int, int, double, double)"
217185152533,6720,217185159253,667371,217185826624,10240,684331,132,132,6,cudaLaunchKernel,6104    1    1, 256    1    1,"<unnamed>::unpack_face_y(const double *, double *, int, int, int, int, int)"
217185160397,6535,217185166932,671244,217185838176,121951,799730,132,132,6,cudaLaunchKernel,6104    1    1, 256    1    1,"<unnamed>::unpack_face_z(const double *, double *, int, int, int, int, int)"
217185168219,7003,217185175222,786345,217185961567,62911,856259,132,132,6,cudaLaunchKernel,12208    1    1, 256    1    1,"<unnamed>::step_kernel_boundary_x_faces(const double *, const double *, double *, const double *, const double *, int, int, int, int, int, int, int, double, double)"
217185175899,7292,217185183191,843079,217186026270,60031,910402,132,132,6,cudaLaunchKernel,12188    1    1, 256    1    1,"<unnamed>::step_kernel_boundary_y_faces(const double *, const double *, double *, const double *, const double *, int, int, int, int, int, int, int, double, double)"
217185184045,7133,217185191178,896723,217186087901,726008,1629864,132,132,6,cudaLaunchKernel,12168    1    1, 256    1    1,"<unnamed>::step_kernel_boundary_z_faces(const double *, const double *, double *, const double *, const double *, int, int, int, int, int, int, int, double, double)"
217185192270,4484,217185196754,29533730,217214730484,10208,29548422,125,125,4,cudaLaunchKernel,6104    1    1, 256    1    1,"<unnamed>::pack_face_x(const double *, double *, int, int, int, int, int)"
217185197493,16023,217185213516,29529416,217214742932,10464,29555903,125,125,4,cudaLaunchKernel,6104    1    1, 256    1    1,"<unnamed>::pack_face_y(const double *, double *, int, int, int, int, int)"
217185214600,5473,217185220073,29534795,217214754868,63424,29603692,125,125,4,cudaLaunchKernel,6104    1    1, 256    1    1,"<unnamed>::pack_face_z(const double *, double *, int, int, int, int, int)"
217185237905,4951,217185242856,1547382,217186790238,27946358,29498691,125,125,4,cudaLaunchKernel,  39  312  312,  32    4    4,"<unnamed>::step_kernel_interior(const double *, const double *, double *, const double *, const double *, int, int, int, int, int, int, int, double, double)"
217185263776,9565,217185273341,1542264,217186815605,13600,1565429,132,132,6,cudaLaunchKernel,6104    1    1, 256    1    1,"<unnamed>::pack_face_x(const double *, double *, int, int, int, int, int)"
217185274603,5641,217185280244,29536485,217214816729,10752,29552878,132,132,6,cudaLaunchKernel,6104    1    1, 256    1    1,"<unnamed>::pack_face_y(const double *, double *, int, int, int, int, int)"
217185280784,5950,217185286734,29542315,217214829049,61823,29610088,132,132,6,cudaLaunchKernel,6104    1    1, 256    1    1,"<unnamed>::pack_face_z(const double *, double *, int, int, int, int, int)"
217185299670,7394,217185307064,1516157,217186823221,27999876,29523427,132,132,6,cudaLaunchKernel,  39  312  312,  32    4    4,"<unnamed>::step_kernel_interior(const double *, const double *, double *, const double *, const double *, int, int, int, int, int, int, int, double, double)"
217215800867,15361,217215816228,671089,217216487317,8608,695058,124,124,3,cudaLaunchKernel,6104    1    1, 256    1    1,"<unnamed>::unpack_face_x(const double *, double *, int, int, int, int, int)"
217215816743,4431,217215821174,675743,217216496917,9824,689998,124,124,3,cudaLaunchKernel,6104    1    1, 256    1    1,"<unnamed>::unpack_face_y(const double *, double *, int, int, int, int, int)"
217215821835,5053,217215826888,680845,217216507733,121630,807528,124,124,3,cudaLaunchKernel,6104    1    1, 256    1    1,"<unnamed>::unpack_face_z(const double *, double *, int, int, int, int, int)"
217215828719,4487,217215833206,797469,217216630675,62976,864932,124,124,3,cudaLaunchKernel,12208    1    1, 256    1    1,"<unnamed>::step_kernel_boundary_x_faces(const double *, const double *, double *, const double *, const double *, int, int, int, int, int, int, int, double, double)"
217215833869,4637,217215838506,856809,217216695315,61663,923109,124,124,3,cudaLaunchKernel,12188    1    1, 256    1    1,"<unnamed>::step_kernel_boundary_y_faces(const double *, const double *, double *, const double *, const double *, int, int, int, int, int, int, int, double, double)"
217215839102,4437,217215843539,915839,217216759378,720538,1640814,124,124,3,cudaLaunchKernel,12168    1    1, 256    1    1,"<unnamed>::step_kernel_boundary_z_faces(const double *, const double *, double *, const double *, const double *, int, int, int, int, int, int, int, double, double)"
217215893646,6070,217215899716,1581672,217217481388,13535,1601277,124,124,3,cudaLaunchKernel,6104    1    1, 256    1    1,"<unnamed>::pack_face_x(const double *, double *, int, int, int, int, int)"
217215900197,4410,217215904607,29573450,217245478057,10368,29588228,124,124,3,cudaLaunchKernel,6104    1    1, 256    1    1,"<unnamed>::pack_face_y(const double *, double *, int, int, int, int, int)"
217215905112,3991,217215909103,29581050,217245490153,62463,29647504,124,124,3,cudaLaunchKernel,6104    1    1, 256    1    1,"<unnamed>::pack_face_z(const double *, double *, int, int, int, int, int)"
217215920859,6674,217215927533,1561662,217217489195,27995390,29563726,124,124,3,cudaLaunchKernel,  39  312  312,  32    4    4,"<unnamed>::step_kernel_interior(const double *, const double *, double *, const double *, const double *, int, int, int, int, int, int, int, double, double)"
217216330869,14819,217216345688,680382,217217026070,8320,703521,122,122,1,cudaLaunchKernel,6104    1    1, 256    1    1,"<unnamed>::unpack_face_x(const double *, double *, int, int, int, int, int)"
217216346398,4638,217216351036,684506,217217035542,9952,699096,122,122,1,cudaLaunchKernel,6104    1    1, 256    1    1,"<unnamed>::unpack_face_y(const double *, double *, int, int, int, int, int)"
217216351859,4268,217216356127,690519,217217046646,121888,816675,122,122,1,cudaLaunchKernel,6104    1    1, 256    1    1,"<unnamed>::unpack_face_z(const double *, double *, int, int, int, int, int)"
217216357837,4775,217216362612,807426,217217170038,61567,873768,122,122,1,cudaLaunchKernel,12208    1    1, 256    1    1,"<unnamed>::step_kernel_boundary_x_faces(const double *, const double *, double *, const double *, const double *, int, int, int, int, int, int, int, double, double)"
217216363357,11787,217216375144,857901,217217233045,61760,931448,122,122,1,cudaLaunchKernel,12188    1    1, 256    1    1,"<unnamed>::step_kernel_boundary_y_faces(const double *, const double *, double *, const double *, const double *, int, int, int, int, int, int, int, double, double)"
217216375999,4479,217216380478,916247,217217296725,714012,1634738,122,122,1,cudaLaunchKernel,12168    1    1, 256    1    1,"<unnamed>::step_kernel_boundary_z_faces(const double *, const double *, double *, const double *, const double *, int, int, int, int, int, int, int, double, double)"
217216424687,4563,217216429250,1583919,217218013169,13472,1601954,122,122,1,cudaLaunchKernel,6104    1    1, 256    1    1,"<unnamed>::pack_face_x(const double *, double *, int, int, int, int, int)"
217216429769,4192,217216433961,29574449,217246008410,10752,29589393,122,122,1,cudaLaunchKernel,6104    1    1, 256    1    1,"<unnamed>::pack_face_y(const double *, double *, int, int, int, int, int)"
217216434523,3640,217216438163,29582567,217246020730,61248,29647455,122,122,1,cudaLaunchKernel,6104    1    1, 256    1    1,"<unnamed>::pack_face_z(const double *, double *, int, int, int, int, int)"
217216448159,4440,217216452599,1568698,217218021297,27993705,29566843,122,122,1,cudaLaunchKernel,  39  312  312,  32    4    4,"<unnamed>::step_kernel_interior(const double *, const double *, double *, const double *, const double *, int, int, int, int, int, int, int, double, double)"
217218920927,15726,217218936653,676597,217219613250,8256,700579,123,123,2,cudaLaunchKernel,6104    1    1, 256    1    1,"<unnamed>::unpack_face_x(const double *, double *, int, int, int, int, int)"
217218937426,6185,217218943611,678855,217219622466,9952,694992,123,123,2,cudaLaunchKernel,6104    1    1, 256    1    1,"<unnamed>::unpack_face_y(const double *, double *, int, int, int, int, int)"
217218944529,31402,217218975931,657607,217219633538,121567,810576,123,123,2,cudaLaunchKernel,6104    1    1, 256    1    1,"<unnamed>::unpack_face_z(const double *, double *, int, int, int, int, int)"
217218977366,6337,217218983703,772842,217219756545,62719,841898,123,123,2,cudaLaunchKernel,12208    1    1, 256    1    1,"<unnamed>::step_kernel_boundary_x_faces(const double *, const double *, double *, const double *, const double *, int, int, int, int, int, int, int, double, double)"
217218984338,6125,217218990463,830273,217219820736,60479,896877,123,123,2,cudaLaunchKernel,12188    1    1, 256    1    1,"<unnamed>::step_kernel_boundary_y_faces(const double *, const double *, double *, const double *, const double *, int, int, int, int, int, int, int, double, double)"
217218991380,6503,217218997883,884740,217219882623,724024,1615267,123,123,2,cudaLaunchKernel,12168    1    1, 256    1    1,"<unnamed>::step_kernel_boundary_z_faces(const double *, const double *, double *, const double *, const double *, int, int, int, int, int, int, int, double, double)"
217219043320,5056,217219048376,29545853,217248594229,10240,29561149,123,123,2,cudaLaunchKernel,6104    1    1, 256    1    1,"<unnamed>::pack_face_x(const double *, double *, int, int, int, int, int)"
217219048844,6051,217219054895,29551109,217248606004,10304,29567464,123,123,2,cudaLaunchKernel,6104    1    1, 256    1    1,"<unnamed>::pack_face_y(const double *, double *, int, int, int, int, int)"
217219055343,5090,217219060433,29557059,217248617492,63264,29625413,123,123,2,cudaLaunchKernel,6104    1    1, 256    1    1,"<unnamed>::pack_face_z(const double *, double *, int, int, int, int, int)"
217219071541,5517,217219077058,1531029,217220608087,27992958,29529504,123,123,2,cudaLaunchKernel,  39  312  312,  32    4    4,"<unnamed>::step_kernel_interior(const double *, const double *, double *, const double *, const double *, int, int, int, int, int, int, int, double, double)"
217219458623,14613,217219473236,683766,217220157002,8288,706667,121,121,0,cudaLaunchKernel,6104    1    1, 256    1    1,"<unnamed>::unpack_face_x(const double *, double *, int, int, int, int, int)"
217219473901,4133,217219478034,688600,217220166634,9824,702557,121,121,0,cudaLaunchKernel,6104    1    1, 256    1    1,"<unnamed>::unpack_face_y(const double *, double *, int, int, int, int, int)"
217219478893,5708,217219484601,692945,217220177546,121663,820316,121,121,0,cudaLaunchKernel,6104    1    1, 256    1    1,"<unnamed>::unpack_face_z(const double *, double *, int, int, int, int, int)"
217219485713,3772,217219489485,811292,217220300777,62207,877271,121,121,0,cudaLaunchKernel,12208    1    1, 256    1    1,"<unnamed>::step_kernel_boundary_x_faces(const double *, const double *, double *, const double *, const double *, int, int, int, int, int, int, int, double, double)"
217219490053,4803,217219494856,869728,217220364584,61184,935715,121,121,0,cudaLaunchKernel,12188    1    1, 256    1    1,"<unnamed>::step_kernel_boundary_y_faces(const double *, const double *, double *, const double *, const double *, int, int, int, int, int, int, int, double, double)"
217219495389,3544,217219498933,928627,217220427560,716090,1648261,121,121,0,cudaLaunchKernel,12168    1    1, 256    1    1,"<unnamed>::step_kernel_boundary_z_faces(const double *, const double *, double *, const double *, const double *, int, int, int, int, int, int, int, double, double)"
217219541428,3748,217219545176,29587465,217249132641,10144,29601357,121,121,0,cudaLaunchKernel,6104    1    1, 256    1    1,"<unnamed>::pack_face_x(const double *, double *, int, int, int, int, int)"
217219545614,4270,217219549884,29595429,217249145313,10176,29609875,121,121,0,cudaLaunchKernel,6104    1    1, 256    1    1,"<unnamed>::pack_face_y(const double *, double *, int, int, int, int, int)"
217219550388,3262,217219553650,29603023,217249156673,63743,29670028,121,121,0,cudaLaunchKernel,6104    1    1, 256    1    1,"<unnamed>::pack_face_z(const double *, double *, int, int, int, int, int)"
217219570309,5723,217219576032,1569378,217221145410,27993855,29568956,121,121,0,cudaLaunchKernel,  39  312  312,  32    4    4,"<unnamed>::step_kernel_interior(const double *, const double *, double *, const double *, const double *, int, int, int, int, int, int, int, double, double)"
217221239116,16583,217221255699,675055,217221930754,8320,699958,126,126,5,cudaLaunchKernel,6104    1    1, 256    1    1,"<unnamed>::unpack_face_x(const double *, double *, int, int, int, int, int)"
217221256310,4103,217221260413,679717,217221940130,9855,693675,126,126,5,cudaLaunchKernel,6104    1    1, 256    1    1,"<unnamed>::unpack_face_y(const double *, double *, int, int, int, int, int)"
217221261354,4728,217221266082,684959,217221951041,122463,812150,126,126,5,cudaLaunchKernel,6104    1    1, 256    1    1,"<unnamed>::unpack_face_z(const double *, double *, int, int, int, int, int)"
217221269814,5187,217221275001,799975,217222074976,62271,867433,126,126,5,cudaLaunchKernel,12208    1    1, 256    1    1,"<unnamed>::step_kernel_boundary_x_faces(const double *, const double *, double *, const double *, const double *, int, int, int, int, int, int, int, double, double)"
217221275612,4500,217221280112,858575,217222138687,60512,923587,126,126,5,cudaLaunchKernel,12188    1    1, 256    1    1,"<unnamed>::step_kernel_boundary_y_faces(const double *, const double *, double *, const double *, const double *, int, int, int, int, int, int, int, double, double)"
217221280726,4448,217221285174,915753,217222200927,722487,1642688,126,126,5,cudaLaunchKernel,12168    1    1, 256    1    1,"<unnamed>::step_kernel_boundary_z_faces(const double *, const double *, double *, const double *, const double *, int, int, int, int, int, int, int, double, double)"
217221336936,6614,217221343550,29585494,217250929044,10048,29602156,126,126,5,cudaLaunchKernel,6104    1    1, 256    1    1,"<unnamed>::pack_face_x(const double *, double *, int, int, int, int, int)"
217221344004,4307,217221348311,29593405,217250941716,11391,29609103,126,126,5,cudaLaunchKernel,6104    1    1, 256    1    1,"<unnamed>::pack_face_y(const double *, double *, int, int, int, int, int)"
217221348890,3787,217221352677,29601582,217250954259,62528,29667897,126,126,5,cudaLaunchKernel,6104    1    1, 256    1    1,"<unnamed>::pack_face_z(const double *, double *, int, int, int, int, int)"
217221386498,7603,217221394101,1530753,217222924854,28011486,29549842,126,126,5,cudaLaunchKernel,  39  312  312,  32    4    4,"<unnamed>::step_kernel_interior(const double *, const double *, double *, const double *, const double *, int, int, int, int, int, int, int, double, double)"
217221795643,19409,217221815052,664590,217222479642,8192,692191,138,138,7,cudaLaunchKernel,6104    1    1, 256    1    1,"<unnamed>::unpack_face_x(const double *, double *, int, int, int, int, int)"
217221815889,7131,217221823020,666126,217222489146,10048,683305,138,138,7,cudaLaunchKernel,6104    1    1, 256    1    1,"<unnamed>::unpack_face_y(const double *, double *, int, int, int, int, int)"
217221824356,6784,217221831140,669366,217222500506,120735,796885,138,138,7,cudaLaunchKernel,6104    1    1, 256    1    1,"<unnamed>::unpack_face_z(const double *, double *, int, int, int, int, int)"
217221833308,6781,217221840089,782944,217222623033,63039,852764,138,138,7,cudaLaunchKernel,12208    1    1, 256    1    1,"<unnamed>::step_kernel_boundary_x_faces(const double *, const double *, double *, const double *, const double *, int, int, int, int, int, int, int, double, double)"
217221840913,8038,217221848951,838657,217222687608,61311,908006,138,138,7,cudaLaunchKernel,12188    1    1, 256    1    1,"<unnamed>::step_kernel_boundary_y_faces(const double *, const double *, double *, const double *, const double *, int, int, int, int, int, int, int, double, double)"
217221849510,6764,217221856274,894373,217222750647,723608,1624745,138,138,7,cudaLaunchKernel,12168    1    1, 256    1    1,"<unnamed>::step_kernel_boundary_z_faces(const double *, const double *, double *, const double *, const double *, int, int, int, int, int, int, int, double, double)"
217221909270,6778,217221916048,29563397,217251479445,9952,29580127,138,138,7,cudaLaunchKernel,6104    1    1, 256    1    1,"<unnamed>::pack_face_x(const double *, double *, int, int, int, int, int)"
217221916748,5988,217221922736,29568421,217251491157,10464,29584873,138,138,7,cudaLaunchKernel,6104    1    1, 256    1    1,"<unnamed>::pack_face_y(const double *, double *, int, int, int, int, int)"
217221923219,5164,217221928383,29574678,217251503061,62431,29642273,138,138,7,cudaLaunchKernel,6104    1    1, 256    1    1,"<unnamed>::pack_face_z(const double *, double *, int, int, int, int, int)"
217221955446,11714,217221967160,1508855,217223476015,28010374,29530943,138,138,7,cudaLaunchKernel,  39  312  312,  32    4    4,"<unnamed>::step_kernel_interior(const double *, const double *, double *, const double *, const double *, int, int, int, int, int, int, int, double, double)"
217224998404,31721,217225030125,657393,217225687518,8224,697338,125,125,4,cudaLaunchKernel,6104    1    1, 256    1    1,"<unnamed>::unpack_face_x(const double *, double *, int, int, int, int, int)"
217225023759,21758,217225045517,662417,217225707934,8256,692431,132,132,6,cudaLaunchKernel,6104    1    1, 256    1    1,"<unnamed>::unpack_face_x(const double *, double *, int, int, int, int, int)"
217225030824,4924,217225035748,661146,217225696894,10048,676118,125,125,4,cudaLaunchKernel,6104    1    1, 256    1    1,"<unnamed>::unpack_face_y(const double *, double *, int, int, int, int, int)"
217225036379,4843,217225041222,667096,217225708318,121055,792994,125,125,4,cudaLaunchKernel,6104    1    1, 256    1    1,"<unnamed>::unpack_face_z(const double *, double *, int, int, int, int, int)"
217225042346,4441,217225046787,784026,217225830813,62016,850483,125,125,4,cudaLaunchKernel,12208    1    1, 256    1    1,"<unnamed>::step_kernel_boundary_x_faces(const double *, const double *, double *, const double *, const double *, int, int, int, int, int, int, int, double, double)"
217225046521,5570,217225052091,665411,217225717502,9984,680965,132,132,6,cudaLaunchKernel,6104    1    1, 256    1    1,"<unnamed>::unpack_face_y(const double *, double *, int, int, int, int, int)"
217225047462,4296,217225051758,842447,217225894205,61248,907991,125,125,4,cudaLaunchKernel,12188    1    1, 256    1    1,"<unnamed>::step_kernel_boundary_y_faces(const double *, const double *, double *, const double *, const double *, int, int, int, int, int, int, int, double, double)"
217225052321,4035,217225056356,900857,217225957213,729692,1634584,125,125,4,cudaLaunchKernel,12168    1    1, 256    1    1,"<unnamed>::step_kernel_boundary_z_faces(const double *, const double *, double *, const double *, const double *, int, int, int, int, int, int, int, double, double)"
217225053136,7976,217225061112,667654,217225728766,120991,796621,132,132,6,cudaLaunchKernel,6104    1    1, 256    1    1,"<unnamed>::unpack_face_z(const double *, double *, int, int, int, int, int)"
217225062795,5854,217225068649,782868,217225851517,63007,851729,132,132,6,cudaLaunchKernel,12208    1    1, 256    1    1,"<unnamed>::step_kernel_boundary_x_faces(const double *, const double *, double *, const double *, const double *, int, int, int, int, int, int, int, double, double)"
217225069414,8297,217225077711,838317,217225916028,61503,908117,132,132,6,cudaLaunchKernel,12188    1    1, 256    1    1,"<unnamed>::step_kernel_boundary_y_faces(const double *, const double *, double *, const double *, const double *, int, int, int, int, int, int, int, double, double)"
217225078387,5746,217225084133,894934,217225979067,724856,1625536,132,132,6,cudaLaunchKernel,12168    1    1, 256    1    1,"<unnamed>::step_kernel_boundary_z_faces(const double *, const double *, double *, const double *, const double *, int, int, int, int, int, int, int, double, double)"
217225100915,3716,217225104631,29511224,217254615855,9952,29524892,125,125,4,cudaLaunchKernel,6104    1    1, 256    1    1,"<unnamed>::pack_face_x(const double *, double *, int, int, int, int, int)"
217225105134,4672,217225109806,29517473,217254627279,10560,29532705,125,125,4,cudaLaunchKernel,6104    1    1, 256    1    1,"<unnamed>::pack_face_y(const double *, double *, int, int, int, int, int)"
217225110742,3723,217225114465,29524846,217254639311,63584,29592153,125,125,4,cudaLaunchKernel,6104    1    1, 256    1    1,"<unnamed>::pack_face_z(const double *, double *, int, int, int, int, int)"
217225126081,4918,217225130999,1557378,217226688377,27934006,29496302,125,125,4,cudaLaunchKernel,  39  312  312,  32    4    4,"<unnamed>::step_kernel_interior(const double *, const double *, double *, const double *, const double *, int, int, int, int, int, int, int, double, double)"
217225133172,14874,217225148046,29552137,217254700183,10144,29577155,132,132,6,cudaLaunchKernel,6104    1    1, 256    1    1,"<unnamed>::pack_face_x(const double *, double *, int, int, int, int, int)"
217225148689,5454,217225154143,29558008,217254712151,11072,29574534,132,132,6,cudaLaunchKernel,6104    1    1, 256    1    1,"<unnamed>::pack_face_y(const double *, double *, int, int, int, int, int)"
217225154914,5614,217225160528,29564135,217254724663,62399,29632148,132,132,6,cudaLaunchKernel,6104    1    1, 256    1    1,"<unnamed>::pack_face_z(const double *, double *, int, int, int, int, int)"
217225172991,12721,217225185712,1520003,217226705715,28000708,29533432,132,132,6,cudaLaunchKernel,  39  312  312,  32    4    4,"<unnamed>::step_kernel_interior(const double *, const double *, double *, const double *, const double *, int, int, int, int, int, int, int, double, double)"
217255444435,14445,217255458880,675686,217256134566,8320,698451,124,124,3,cudaLaunchKernel,6104    1    1, 256    1    1,"<unnamed>::unpack_face_x(const double *, double *, int, int, int, int, int)"
217255459685,10296,217255469981,673897,217256143878,9920,694113,124,124,3,cudaLaunchKernel,6104    1    1, 256    1    1,"<unnamed>::unpack_face_y(const double *, double *, int, int, int, int, int)"
217255470906,5837,217255476743,678335,217256155078,121471,805643,124,124,3,cudaLaunchKernel,6104    1    1, 256    1    1,"<unnamed>::unpack_face_z(const double *, double *, int, int, int, int, int)"
217255477791,5466,217255483257,794604,217256277861,62687,862757,124,124,3,cudaLaunchKernel,12208    1    1, 256    1    1,"<unnamed>::step_kernel_boundary_x_faces(const double *, const double *, double *, const double *, const double *, int, int, int, int, int, int, int, double, double)"
217255483850,14392,217255498242,843682,217256341924,60416,918490,124,124,3,cudaLaunchKernel,12188    1    1, 256    1    1,"<unnamed>::step_kernel_boundary_y_faces(const double *, const double *, double *, const double *, const double *, int, int, int, int, int, int, int, double, double)"
217255499038,4891,217255503929,900523,217256404452,723577,1628991,124,124,3,cudaLaunchKernel,12168    1    1, 256    1    1,"<unnamed>::step_kernel_boundary_z_faces(const double *, const double *, double *, const double *, const double *, int, int, int, int, int, int, int, double, double)"
217255556715,6912,217255563627,1565778,217257129405,13536,1586226,124,124,3,cudaLaunchKernel,6104    1    1, 256    1    1,"<unnamed>::pack_face_x(const double *, double *, int, int, int, int, int)"
217255564115,3631,217255567746,29558200,217285125946,10528,29572359,124,124,3,cudaLaunchKernel,6104    1    1, 256    1    1,"<unnamed>::pack_face_y(const double *, double *, int, int, int, int, int)"
217255568235,4253,217255572488,29565330,217285137818,62592,29632175,124,124,3,cudaLaunchKernel,6104    1    1, 256    1    1,"<unnamed>::pack_face_z(const double *, double *, int, int, int, int, int)"
217255582919,7314,217255590233,1546660,217257136893,27995485,29549459,124,124,3,cudaLaunchKernel,  39  312  312,  32    4    4,"<unnamed>::step_kernel_interior(const double *, const double *, double *, const double *, const double *, int, int, int, int, int, int, int, double, double)"
217255749293,16036,217255765329,687409,217256452738,8256,711701,122,122,1,cudaLaunchKernel,6104    1    1, 256    1    1,"<unnamed>::unpack_face_x(const double *, double *, int, int, int, int, int)"
217255766232,3996,217255770228,691886,217256462114,10079,705961,122,122,1,cudaLaunchKernel,6104    1    1, 256    1    1,"<unnamed>::unpack_face_y(const double *, double *, int, int, int, int, int)"
217255770927,3776,217255774703,698866,217256473569,121536,824178,122,122,1,cudaLaunchKernel,6104    1    1, 256    1    1,"<unnamed>::unpack_face_z(const double *, double *, int, int, int, int, int)"
217255775863,9700,217255785563,810982,217256596545,63103,883785,122,122,1,cudaLaunchKernel,12208    1    1, 256    1    1,"<unnamed>::step_kernel_boundary_x_faces(const double *, const double *, double *, const double *, const double *, int, int, int, int, int, int, int, double, double)"
217255786709,5441,217255792150,869322,217256661472,61216,935979,122,122,1,cudaLaunchKernel,12188    1    1, 256    1    1,"<unnamed>::step_kernel_boundary_y_faces(const double *, const double *, double *, const double *, const double *, int, int, int, int, int, int, int, double, double)"
217255792777,4270,217255797047,927209,217256724256,710492,1641971,122,122,1,cudaLaunchKernel,12168    1    1, 256    1    1,"<unnamed>::step_kernel_boundary_z_faces(const double *, const double *, double *, const double *, const double *, int, int, int, int, int, int, int, double, double)"
217255842487,4460,217255846947,29580610,217285427557,10464,29595534,122,122,1,cudaLaunchKernel,6104    1    1, 256    1    1,"<unnamed>::pack_face_x(const double *, double *, int, int, int, int, int)"
217255847411,3377,217255850788,29588801,217285439589,10912,29603090,122,122,1,cudaLaunchKernel,6104    1    1, 256    1    1,"<unnamed>::pack_face_y(const double *, double *, int, int, int, int, int)"
217255851327,3820,217255855147,29596730,217285451877,65120,29665670,122,122,1,cudaLaunchKernel,6104    1    1, 256    1    1,"<unnamed>::pack_face_z(const double *, double *, int, int, int, int, int)"
217255869704,10747,217255880451,1555769,217257436220,27997737,29564253,122,122,1,cudaLaunchKernel,  39  312  312,  32    4    4,"<unnamed>::step_kernel_interior(const double *, const double *, double *, const double *, const double *, int, int, int, int, int, int, int, double, double)"
217258825186,17443,217258842629,672306,217259514935,8000,697749,123,123,2,cudaLaunchKernel,6104    1    1, 256    1    1,"<unnamed>::unpack_face_x(const double *, double *, int, int, int, int, int)"
217258843489,11551,217258855040,668855,217259523895,10304,690710,123,123,2,cudaLaunchKernel,6104    1    1, 256    1    1,"<unnamed>::unpack_face_y(const double *, double *, int, int, int, int, int)"
217258856488,6785,217258863273,672206,217259535479,122398,801389,123,123,2,cudaLaunchKernel,6104    1    1, 256    1    1,"<unnamed>::unpack_face_z(const double *, double *, int, int, int, int, int)"
217258864577,8323,217258872900,786257,217259659157,61919,856499,123,123,2,cudaLaunchKernel,12208    1    1, 256    1    1,"<unnamed>::step_kernel_boundary_x_faces(const double *, const double *, double *, const double *, const double *, int, int, int, int, int, int, int, double, double)"
217258873470,11244,217258884714,837962,217259722676,61184,910390,123,123,2,cudaLaunchKernel,12188    1    1, 256    1    1,"<unnamed>::step_kernel_boundary_y_faces(const double *, const double *, double *, const double *, const double *, int, int, int, int, int, int, int, double, double)"
217258886049,11533,217258897582,888454,217259786036,720151,1620138,123,123,2,cudaLaunchKernel,12168    1    1, 256    1    1,"<unnamed>::step_kernel_boundary_z_faces(const double *, const double *, double *, const double *, const double *, int, int, int, int, int, int, int, double, double)"
217258945299,10705,217258956004,1551687,217260507691,13440,1575832,123,123,2,cudaLaunchKernel,6104    1    1, 256    1    1,"<unnamed>::pack_face_x(const double *, double *, int, int, int, int, int)"
217258957002,7017,217258964019,29530550,217288494569,10560,29548127,123,123,2,cudaLaunchKernel,6104    1    1, 256    1    1,"<unnamed>::pack_face_y(const double *, double *, int, int, int, int, int)"
217258964475,5371,217258969846,29536691,217288506537,61311,29603373,123,123,2,cudaLaunchKernel,6104    1    1, 256    1    1,"<unnamed>::pack_face_z(const double *, double *, int, int, int, int, int)"
217258981744,7913,217258989657,1525618,217260515275,27984830,29518361,123,123,2,cudaLaunchKernel,  39  312  312,  32    4    4,"<unnamed>::step_kernel_interior(const double *, const double *, double *, const double *, const double *, int, int, int, int, int, int, int, double, double)"
217259047725,15264,217259062989,678367,217259741356,8352,701983,121,121,0,cudaLaunchKernel,6104    1    1, 256    1    1,"<unnamed>::unpack_face_x(const double *, double *, int, int, int, int, int)"
217259063804,4156,217259067960,683028,217259750988,9984,697168,121,121,0,cudaLaunchKernel,6104    1    1, 256    1    1,"<unnamed>::unpack_face_y(const double *, double *, int, int, int, int, int)"
217259068788,11131,217259079919,682365,217259762284,121759,815255,121,121,0,cudaLaunchKernel,6104    1    1, 256    1    1,"<unnamed>::unpack_face_z(const double *, double *, int, int, int, int, int)"
217259081370,4435,217259085805,799838,217259885643,62271,866544,121,121,0,cudaLaunchKernel,12208    1    1, 256    1    1,"<unnamed>::step_kernel_boundary_x_faces(const double *, const double *, double *, const double *, const double *, int, int, int, int, int, int, int, double, double)"
217259086246,10195,217259096441,853425,217259949866,61568,925188,121,121,0,cudaLaunchKernel,12188    1    1, 256    1    1,"<unnamed>::step_kernel_boundary_y_faces(const double *, const double *, double *, const double *, const double *, int, int, int, int, int, int, int, double, double)"
217259097504,4515,217259102019,910919,217260012938,723546,1638980,121,121,0,cudaLaunchKernel,12168    1    1, 256    1    1,"<unnamed>::step_kernel_boundary_z_faces(const double *, const double *, double *, const double *, const double *, int, int, int, int, int, int, int, double, double)"
217259162157,10355,217259172512,1566020,217260738532,13216,1589591,121,121,0,cudaLaunchKernel,6104    1    1, 256    1    1,"<unnamed>::pack_face_x(const double *, double *, int, int, int, int, int)"
217259173401,3648,217259177049,29568586,217288745635,10624,29582858,121,121,0,cudaLaunchKernel,6104    1    1, 256    1    1,"<unnamed>::pack_face_y(const double *, double *, int, int, int, int, int)"
217259177595,3839,217259181434,29576201,217288757635,62303,29642343,121,121,0,cudaLaunchKernel,6104    1    1, 256    1    1,"<unnamed>::pack_face_z(const double *, double *, int, int, int, int, int)"
217259190616,4635,217259195251,1550737,217260745988,28005599,29560971,121,121,0,cudaLaunchKernel,  39  312  312,  32    4    4,"<unnamed>::step_kernel_interior(const double *, const double *, double *, const double *, const double *, int, int, int, int, int, int, int, double, double)"
217261288611,22279,217261310890,662027,217261972917,8415,692721,126,126,5,cudaLaunchKernel,6104    1    1, 256    1    1,"<unnamed>::unpack_face_x(const double *, double *, int, int, int, int, int)"
217261312034,5408,217261317442,664882,217261982324,10080,680370,126,126,5,cudaLaunchKernel,6104    1    1, 256    1    1,"<unnamed>::unpack_face_y(const double *, double *, int, int, int, int, int)"
217261318114,4164,217261322278,671246,217261993524,120991,796401,126,126,5,cudaLaunchKernel,6104    1    1, 256    1    1,"<unnamed>::unpack_face_z(const double *, double *, int, int, int, int, int)"
217261324258,4964,217261329222,787021,217262116243,62591,854576,126,126,5,cudaLaunchKernel,12208    1    1, 256    1    1,"<unnamed>::step_kernel_boundary_x_faces(const double *, const double *, double *, const double *, const double *, int, int, int, int, int, int, int, double, double)"
217261329907,4089,217261333996,846246,217262180242,60479,910814,126,126,5,cudaLaunchKernel,12188    1    1, 256    1    1,"<unnamed>::step_kernel_boundary_y_faces(const double *, const double *, double *, const double *, const double *, int, int, int, int, int, int, int, double, double)"
217261334670,11368,217261346038,896059,217262242097,724600,1632027,126,126,5,cudaLaunchKernel,12168    1    1, 256    1    1,"<unnamed>::step_kernel_boundary_z_faces(const double *, const double *, double *, const double *, const double *, int, int, int, int, int, int, int, double, double)"
217261395115,3644,217261398759,1570018,217262968777,13632,1587294,126,126,5,cudaLaunchKernel,6104    1    1, 256    1    1,"<unnamed>::pack_face_x(const double *, double *, int, int, int, int, int)"
217261399206,5018,217261404224,29567399,217290971623,10623,29583040,126,126,5,cudaLaunchKernel,6104    1    1, 256    1    1,"<unnamed>::pack_face_y(const double *, double *, int, int, int, int, int)"
217261404967,4415,217261409382,29574272,217290983654,62400,29641087,126,126,5,cudaLaunchKernel,6104    1    1, 256    1    1,"<unnamed>::pack_face_z(const double *, double *, int, int, int, int, int)"
217261420028,5799,217261425827,1550598,217262976425,28001790,29558187,126,126,5,cudaLaunchKernel,  39  312  312,  32    4    4,"<unnamed>::step_kernel_interior(const double *, const double *, double *, const double *, const double *, int, int, int, int, int, int, int, double, double)"
217261863104,26283,217261889387,651342,217262540729,8128,685753,138,138,7,cudaLaunchKernel,6104    1    1, 256    1    1,"<unnamed>::unpack_face_x(const double *, double *, int, int, int, int, int)"
217261891170,5575,217261896745,653392,217262550137,9952,668919,138,138,7,cudaLaunchKernel,6104    1    1, 256    1    1,"<unnamed>::unpack_face_y(const double *, double *, int, int, int, int, int)"
217261897768,6784,217261904552,656817,217262561369,121919,785520,138,138,7,cudaLaunchKernel,6104    1    1, 256    1    1,"<unnamed>::unpack_face_z(const double *, double *, int, int, int, int, int)"
217261906231,11570,217261917801,767087,217262684888,62495,841152,138,138,7,cudaLaunchKernel,12208    1    1, 256    1    1,"<unnamed>::step_kernel_boundary_x_faces(const double *, const double *, double *, const double *, const double *, int, int, int, int, int, int, int, double, double)"
217261918892,8162,217261927054,822441,217262749495,61023,891626,138,138,7,cudaLaunchKernel,12188    1    1, 256    1    1,"<unnamed>::step_kernel_boundary_y_faces(const double *, const double *, double *, const double *, const double *, int, int, int, int, int, int, int, double, double)"
217261928196,7573,217261935769,876541,217262812310,723288,1607402,138,138,7,cudaLaunchKernel,12168    1    1, 256    1    1,"<unnamed>::step_kernel_boundary_z_faces(const double *, const double *, double *, const double *, const double *, int, int, int, int, int, int, int, double, double)"
217261987105,6805,217261993910,1543448,217263537358,14496,1564749,138,138,7,cudaLaunchKernel,6104    1    1, 256    1    1,"<unnamed>::pack_face_x(const double *, double *, int, int, int, int, int)"
217261994957,5329,217262000286,29543767,217291544053,10463,29559559,138,138,7,cudaLaunchKernel,6104    1    1, 256    1    1,"<unnamed>::pack_face_y(const double *, double *, int, int, int, int, int)"
217262000736,6596,217262007332,29548816,217291556148,61056,29616468,138,138,7,cudaLaunchKernel,6104    1    1, 256    1    1,"<unnamed>::pack_face_z(const double *, double *, int, int, int, int, int)"
217262020159,18403,217262038562,1506316,217263544878,28005095,29529814,138,138,7,cudaLaunchKernel,  39  312  312,  32    4    4,"<unnamed>::step_kernel_interior(const double *, const double *, double *, const double *, const double *, int, int, int, int, int, int, int, double, double)"
217265178512,16630,217265195142,673458,217265868600,8256,698344,125,125,4,cudaLaunchKernel,6104    1    1, 256    1    1,"<unnamed>::unpack_face_x(const double *, double *, int, int, int, int, int)"
217265196006,4799,217265200805,677363,217265878168,9984,692146,125,125,4,cudaLaunchKernel,6104    1    1, 256    1    1,"<unnamed>::unpack_face_y(const double *, double *, int, int, int, int, int)"
217265198539,35478,217265234017,653144,217265887161,8416,697038,132,132,6,cudaLaunchKernel,6104    1    1, 256    1    1,"<unnamed>::unpack_face_x(const double *, double *, int, int, int, int, int)"
217265201547,10346,217265211893,677315,217265889208,122527,810188,125,125,4,cudaLaunchKernel,6104    1    1, 256    1    1,"<unnamed>::unpack_face_z(const double *, double *, int, int, int, int, int)"
217265213479,5667,217265219146,794189,217266013335,61344,861200,125,125,4,cudaLaunchKernel,12208    1    1, 256    1    1,"<unnamed>::step_kernel_boundary_x_faces(const double *, const double *, double *, const double *, const double *, int, int, int, int, int, int, int, double, double)"
217265219638,3849,217265223487,853592,217266077079,61471,918912,125,125,4,cudaLaunchKernel,12188    1    1, 256    1    1,"<unnamed>::step_kernel_boundary_y_faces(const double *, const double *, double *, const double *, const double *, int, int, int, int, int, int, int, double, double)"
217265224438,4544,217265228982,911296,217266140278,719677,1635517,125,125,4,cudaLaunchKernel,12168    1    1, 256    1    1,"<unnamed>::step_kernel_boundary_z_faces(const double *, const double *, double *, const double *, const double *, int, int, int, int, int, int, int, double, double)"
217265235247,5105,217265240352,656505,217265896857,9984,671594,132,132,6,cudaLaunchKernel,6104    1    1, 256    1    1,"<unnamed>::unpack_face_y(const double *, double *, int, int, int, int, int)"
217265241468,6751,217265248219,659742,217265907961,122782,789275,132,132,6,cudaLaunchKernel,6104    1    1, 256    1    1,"<unnamed>::unpack_face_z(const double *, double *, int, int, int, int, int)"
217265249602,6892,217265256494,775849,217266032343,61600,844341,132,132,6,cudaLaunchKernel,12208    1    1, 256    1    1,"<unnamed>::step_kernel_boundary_x_faces(const double *, const double *, double *, const double *, const double *, int, int, int, int, int, int, int, double, double)"
217265257126,7341,217265264467,831844,217266096311,61663,900848,132,132,6,cudaLaunchKernel,12188    1    1, 256    1    1,"<unnamed>::step_kernel_boundary_y_faces(const double *, const double *, double *, const double *, const double *, int, int, int, int, int, int, int, double, double)"
217265265196,11796,217265276992,882710,217266159702,722328,1616834,132,132,6,cudaLaunchKernel,12168    1    1, 256    1    1,"<unnamed>::step_kernel_boundary_z_faces(const double *, const double *, double *, const double *, const double *, int, int, int, int, int, int, int, double, double)"
217265280492,6971,217265287463,29509474,217294796937,9984,29526429,125,125,4,cudaLaunchKernel,6104    1    1, 256    1    1,"<unnamed>::pack_face_x(const double *, double *, int, int, int, int, int)"
217265288006,4167,217265292173,29516252,217294808425,10656,29531075,125,125,4,cudaLaunchKernel,6104    1    1, 256    1    1,"<unnamed>::pack_face_y(const double *, double *, int, int, int, int, int)"
217265292731,8940,217265301671,29518754,217294820425,63488,29591182,125,125,4,cudaLaunchKernel,6104    1    1, 256    1    1,"<unnamed>::pack_face_z(const double *, double *, int, int, int, int, int)"
217265312991,6755,217265319746,1541937,217266861683,27941846,29490538,125,125,4,cudaLaunchKernel,  39  312  312,  32    4    4,"<unnamed>::step_kernel_interior(const double *, const double *, double *, const double *, const double *, int, int, int, int, int, int, int, double, double)"
217265334272,12420,217265346692,1537098,217266883790,13376,1562894,132,132,6,cudaLaunchKernel,6104    1    1, 256    1    1,"<unnamed>::pack_face_x(const double *, double *, int, int, int, int, int)"
217265347749,6367,217265354116,29529134,217294883250,10912,29546413,132,132,6,cudaLaunchKernel,6104    1    1, 256    1    1,"<unnamed>::pack_face_y(const double *, double *, int, int, int, int, int)"
217265354545,6871,217265361416,29534378,217294895794,61471,29602720,132,132,6,cudaLaunchKernel,6104    1    1, 256    1    1,"<unnamed>::pack_face_z(const double *, double *, int, int, int, int, int)"
217265373179,13812,217265386991,1504319,217266891310,27997380,29515511,132,132,6,cudaLaunchKernel,  39  312  312,  32    4    4,"<unnamed>::step_kernel_interior(const double *, const double *, double *, const double *, const double *, int, int, int, int, int, int, int, double, double)"
217295254298,16010,217295270308,730642,217296000950,8352,755004,124,124,3,cudaLaunchKernel,6104    1    1, 256    1    1,"<unnamed>::unpack_face_x(const double *, double *, int, int, int, int, int)"
217295271208,6667,217295277875,732547,217296010422,10336,749550,124,124,3,cudaLaunchKernel,6104    1    1, 256    1    1,"<unnamed>::unpack_face_y(const double *, double *, int, int, int, int, int)"
217295278435,4428,217295282863,739206,217296022069,121535,865169,124,124,3,cudaLaunchKernel,6104    1    1, 256    1    1,"<unnamed>::unpack_face_z(const double *, double *, int, int, int, int, int)"
217295284375,5065,217295289440,855860,217296145300,62496,923421,124,124,3,cudaLaunchKernel,12208    1    1, 256    1    1,"<unnamed>::step_kernel_boundary_x_faces(const double *, const double *, double *, const double *, const double *, int, int, int, int, int, int, int, double, double)"
217295295025,8059,217295303084,906184,217296209268,59999,974242,124,124,3,cudaLaunchKernel,12188    1    1, 256    1    1,"<unnamed>::step_kernel_boundary_y_faces(const double *, const double *, double *, const double *, const double *, int, int, int, int, int, int, int, double, double)"
217295303912,9058,217295312970,958057,217296271027,726393,1693508,124,124,3,cudaLaunchKernel,12168    1    1, 256    1    1,"<unnamed>::step_kernel_boundary_z_faces(const double *, const double *, double *, const double *, const double *, int, int, int, int, int, int, int, double, double)"
217295333274,17285,217295350559,768844,217296119403,8160,794289,122,122,1,cudaLaunchKernel,6104    1    1, 256    1    1,"<unnamed>::unpack_face_x(const double *, double *, int, int, int, int, int)"
217295351478,5255,217295356733,771950,217296128683,10048,787253,122,122,1,cudaLaunchKernel,6104    1    1, 256    1    1,"<unnamed>::unpack_face_y(const double *, double *, int, int, int, int, int)"
217295357357,4452,217295361809,778138,217296139947,121216,903806,122,122,1,cudaLaunchKernel,6104    1    1, 256    1    1,"<unnamed>::unpack_face_z(const double *, double *, int, int, int, int, int)"
217295359647,6886,217295366533,1632359,217296998892,13696,1652941,124,124,3,cudaLaunchKernel,6104    1    1, 256    1    1,"<unnamed>::pack_face_x(const double *, double *, int, int, int, int, int)"
217295363914,5098,217295369012,894167,217296263179,63103,962368,122,122,1,cudaLaunchKernel,12208    1    1, 256    1    1,"<unnamed>::step_kernel_boundary_x_faces(const double *, const double *, double *, const double *, const double *, int, int, int, int, int, int, int, double, double)"
217295367056,4144,217295371200,29632138,217325003338,11551,29647833,124,124,3,cudaLaunchKernel,6104    1    1, 256    1    1,"<unnamed>::pack_face_y(const double *, double *, int, int, int, int, int)"
217295369816,6017,217295375833,952273,217296328106,61280,1019570,122,122,1,cudaLaunchKernel,12188    1    1, 256    1    1,"<unnamed>::step_kernel_boundary_y_faces(const double *, const double *, double *, const double *, const double *, int, int, int, int, int, int, int, double, double)"
217295371815,4425,217295376240,29640281,217325016521,60672,29705378,124,124,3,cudaLaunchKernel,6104    1    1, 256    1    1,"<unnamed>::pack_face_z(const double *, double *, int, int, int, int, int)"
217295376474,4648,217295381122,1010088,217296391210,717852,1732588,122,122,1,cudaLaunchKernel,12168    1    1, 256    1    1,"<unnamed>::step_kernel_boundary_z_faces(const double *, const double *, double *, const double *, const double *, int, int, int, int, int, int, int, double, double)"
217295387561,8258,217295395819,1610817,217297006636,28002654,29621729,124,124,3,cudaLaunchKernel,  39  312  312,  32    4    4,"<unnamed>::step_kernel_interior(const double *, const double *, double *, const double *, const double *, int, int, int, int, int, int, int, double, double)"
217295433453,6772,217295440225,29658414,217325098639,10528,29675714,122,122,1,cudaLaunchKernel,6104    1    1, 256    1    1,"<unnamed>::pack_face_x(const double *, double *, int, int, int, int, int)"
217295440666,4173,217295444839,29665736,217325110575,11584,29681493,122,122,1,cudaLaunchKernel,6104    1    1, 256    1    1,"<unnamed>::pack_face_y(const double *, double *, int, int, int, int, int)"
217295445314,4098,217295449412,29674155,217325123567,62431,29740684,122,122,1,cudaLaunchKernel,6104    1    1, 256    1    1,"<unnamed>::pack_face_z(const double *, double *, int, int, int, int, int)"
217295461860,5385,217295467245,1643257,217297110502,27994825,29643467,122,122,1,cudaLaunchKernel,  39  312  312,  32    4    4,"<unnamed>::step_kernel_interior(const double *, const double *, double *, const double *, const double *, int, int, int, int, int, int, int, double, double)"
217298986034,40910,217299026944,649835,217299676779,8064,698809,121,121,0,cudaLaunchKernel,6104    1    1, 256    1    1,"<unnamed>::unpack_face_x(const double *, double *, int, int, int, int, int)"
217299028200,5243,217299033443,652488,217299685931,10048,667779,121,121,0,cudaLaunchKernel,6104    1    1, 256    1    1,"<unnamed>::unpack_face_y(const double *, double *, int, int, int, int, int)"
217299034131,5110,217299039241,658018,217299697259,121663,784791,121,121,0,cudaLaunchKernel,6104    1    1, 256    1    1,"<unnamed>::unpack_face_z(const double *, double *, int, int, int, int, int)"
217299040546,5296,217299045842,774840,217299820682,62303,842439,121,121,0,cudaLaunchKernel,12208    1    1, 256    1    1,"<unnamed>::step_kernel_boundary_x_faces(const double *, const double *, double *, const double *, const double *, int, int, int, int, int, int, int, double, double)"
217299046344,4371,217299050715,834190,217299884905,60800,899361,121,121,0,cudaLaunchKernel,12188    1    1, 256    1    1,"<unnamed>::step_kernel_boundary_y_faces(const double *, const double *, double *, const double *, const double *, int, int, int, int, int, int, int, double, double)"
217299051321,5124,217299056445,890764,217299947209,727194,1623082,121,121,0,cudaLaunchKernel,12168    1    1, 256    1    1,"<unnamed>::step_kernel_boundary_z_faces(const double *, const double *, double *, const double *, const double *, int, int, int, int, int, int, int, double, double)"
217299097987,24405,217299122392,663151,217299785543,8416,695972,123,123,2,cudaLaunchKernel,6104    1    1, 256    1    1,"<unnamed>::unpack_face_x(const double *, double *, int, int, int, int, int)"
217299102659,4794,217299107453,1568518,217300675971,14656,1587968,121,121,0,cudaLaunchKernel,6104    1    1, 256    1    1,"<unnamed>::pack_face_x(const double *, double *, int, int, int, int, int)"
217299107969,3776,217299111745,29565633,217328677378,10496,29579905,121,121,0,cudaLaunchKernel,6104    1    1, 256    1    1,"<unnamed>::pack_face_y(const double *, double *, int, int, int, int, int)"
217299112268,8236,217299120504,29568810,217328689314,61376,29638422,121,121,0,cudaLaunchKernel,6104    1    1, 256    1    1,"<unnamed>::pack_face_z(const double *, double *, int, int, int, int, int)"
217299123854,14413,217299138267,656716,217299794983,10080,681209,123,123,2,cudaLaunchKernel,6104    1    1, 256    1    1,"<unnamed>::unpack_face_y(const double *, double *, int, int, int, int, int)"
217299139559,11688,217299151247,654904,217299806151,122366,788958,123,123,2,cudaLaunchKernel,6104    1    1, 256    1    1,"<unnamed>::unpack_face_z(const double *, double *, int, int, int, int, int)"
217299153140,7812,217299160952,769517,217299930469,61568,838897,123,123,2,cudaLaunchKernel,12208    1    1, 256    1    1,"<unnamed>::step_kernel_boundary_x_faces(const double *, const double *, double *, const double *, const double *, int, int, int, int, int, int, int, double, double)"
217299153669,7148,217299160817,1523122,217300683939,28000255,29530525,121,121,0,cudaLaunchKernel,  39  312  312,  32    4    4,"<unnamed>::step_kernel_interior(const double *, const double *, double *, const double *, const double *, int, int, int, int, int, int, int, double, double)"
217299161597,5971,217299167568,825941,217299993509,60959,892871,123,123,2,cudaLaunchKernel,12188    1    1, 256    1    1,"<unnamed>::step_kernel_boundary_y_faces(const double *, const double *, double *, const double *, const double *, int, int, int, int, int, int, int, double, double)"
217299168478,4669,217299173147,883081,217300056228,719832,1607582,123,123,2,cudaLaunchKernel,12168    1    1, 256    1    1,"<unnamed>::step_kernel_boundary_z_faces(const double *, const double *, double *, const double *, const double *, int, int, int, int, int, int, int, double, double)"
217299228697,7934,217299236631,1540933,217300777564,14399,1563266,123,123,2,cudaLaunchKernel,6104    1    1, 256    1    1,"<unnamed>::pack_face_x(const double *, double *, int, int, int, int, int)"
217299237206,5015,217299242221,29532300,217328774521,10624,29547939,123,123,2,cudaLaunchKernel,6104    1    1, 256    1    1,"<unnamed>::pack_face_y(const double *, double *, int, int, int, int, int)"
217299242621,5151,217299247772,29539037,217328786809,61023,29605211,123,123,2,cudaLaunchKernel,6104    1    1, 256    1    1,"<unnamed>::pack_face_z(const double *, double *, int, int, int, int, int)"
217299267332,8753,217299276085,1509030,217300785115,27995326,29513109,123,123,2,cudaLaunchKernel,  39  312  312,  32    4    4,"<unnamed>::step_kernel_interior(const double *, const double *, double *, const double *, const double *, int, int, int, int, int, int, int, double, double)"
217301438231,15832,217301454063,666711,217302120774,8544,691087,126,126,5,cudaLaunchKernel,6104    1    1, 256    1    1,"<unnamed>::unpack_face_x(const double *, double *, int, int, int, int, int)"
217301457271,8809,217301466080,664294,217302130374,10080,683183,126,126,5,cudaLaunchKernel,6104    1    1, 256    1    1,"<unnamed>::unpack_face_y(const double *, double *, int, int, int, int, int)"
217301466911,4405,217301471316,670194,217302141510,123295,797894,126,126,5,cudaLaunchKernel,6104    1    1, 256    1    1,"<unnamed>::unpack_face_z(const double *, double *, int, int, int, int, int)"
217301472665,5103,217301477768,788573,217302266341,62463,856139,126,126,5,cudaLaunchKernel,12208    1    1, 256    1    1,"<unnamed>::step_kernel_boundary_x_faces(const double *, const double *, double *, const double *, const double *, int, int, int, int, int, int, int, double, double)"
217301478343,4212,217301482555,847753,217302330308,59775,911740,126,126,5,cudaLaunchKernel,12188    1    1, 256    1    1,"<unnamed>::step_kernel_boundary_y_faces(const double *, const double *, double *, const double *, const double *, int, int, int, int, int, int, int, double, double)"
217301483315,9597,217301492912,898547,217302391459,729528,1637672,126,126,5,cudaLaunchKernel,12168    1    1, 256    1    1,"<unnamed>::step_kernel_boundary_z_faces(const double *, const double *, double *, const double *, const double *, int, int, int, int, int, int, int, double, double)"
217301544366,6925,217301551291,1571264,217303122555,15679,1593868,126,126,5,cudaLaunchKernel,6104    1    1, 256    1    1,"<unnamed>::pack_face_x(const double *, double *, int, int, int, int, int)"
217301551731,21062,217301572793,29552703,217331125496,10496,29584261,126,126,5,cudaLaunchKernel,6104    1    1, 256    1    1,"<unnamed>::pack_face_y(const double *, double *, int, int, int, int, int)"
217301573670,5183,217301578853,29558419,217331137272,61279,29624881,126,126,5,cudaLaunchKernel,6104    1    1, 256    1    1,"<unnamed>::pack_face_z(const double *, double *, int, int, int, int, int)"
217301590192,5570,217301595762,1534825,217303130587,28000701,29541096,126,126,5,cudaLaunchKernel,  39  312  312,  32    4    4,"<unnamed>::step_kernel_interior(const double *, const double *, double *, const double *, const double *, int, int, int, int, int, int, int, double, double)"
217301989831,18082,217302007913,669999,217302677912,8576,696657,138,138,7,cudaLaunchKernel,6104    1    1, 256    1    1,"<unnamed>::unpack_face_x(const double *, double *, int, int, int, int, int)"
217302008858,7662,217302016520,671280,217302687800,10176,689118,138,138,7,cudaLaunchKernel,6104    1    1, 256    1    1,"<unnamed>::unpack_face_y(const double *, double *, int, int, int, int, int)"
217302017351,6208,217302023559,675505,217302699064,121406,803119,138,138,7,cudaLaunchKernel,6104    1    1, 256    1    1,"<unnamed>::unpack_face_z(const double *, double *, int, int, int, int, int)"
217302025009,6294,217302031303,790895,217302822198,62496,859685,138,138,7,cudaLaunchKernel,12208    1    1, 256    1    1,"<unnamed>::step_kernel_boundary_x_faces(const double *, const double *, double *, const double *, const double *, int, int, int, int, int, int, int, double, double)"
217302031932,10520,217302042452,844002,217302886454,59711,914233,138,138,7,cudaLaunchKernel,12188    1    1, 256    1    1,"<unnamed>::step_kernel_boundary_y_faces(const double *, const double *, double *, const double *, const double *, int, int, int, int, int, int, int, double, double)"
217302043594,8651,217302052245,895680,217302947925,723768,1628099,138,138,7,cudaLaunchKernel,12168    1    1, 256    1    1,"<unnamed>::step_kernel_boundary_z_faces(const double *, const double *, double *, const double *, const double *, int, int, int, int, int, int, int, double, double)"
217302101636,11235,217302112871,1560358,217303673229,13728,1585321,138,138,7,cudaLaunchKernel,6104    1    1, 256    1    1,"<unnamed>::pack_face_x(const double *, double *, int, int, int, int, int)"
217302114190,6810,217302121000,29551691,217331672691,10400,29568901,138,138,7,cudaLaunchKernel,6104    1    1, 256    1    1,"<unnamed>::pack_face_y(const double *, double *, int, int, int, int, int)"
217302121405,6884,217302128289,29556338,217331684627,61791,29625013,138,138,7,cudaLaunchKernel,6104    1    1, 256    1    1,"<unnamed>::pack_face_z(const double *, double *, int, int, int, int, int)"
217302142650,5825,217302148475,1532434,217303680909,27997510,29535769,138,138,7,cudaLaunchKernel,  39  312  312,  32    4    4,"<unnamed>::step_kernel_interior(const double *, const double *, double *, const double *, const double *, int, int, int, int, int, int, int, double, double)"
217305376044,13804,217305389848,675386,217306065234,8255,697445,125,125,4,cudaLaunchKernel,6104    1    1, 256    1    1,"<unnamed>::unpack_face_x(const double *, double *, int, int, int, int, int)"
217305390661,6071,217305396732,678037,217306074769,10624,694732,125,125,4,cudaLaunchKernel,6104    1    1, 256    1    1,"<unnamed>::unpack_face_y(const double *, double *, int, int, int, int, int)"
217305397374,4039,217305401413,685292,217306086705,121216,810547,125,125,4,cudaLaunchKernel,6104    1    1, 256    1    1,"<unnamed>::unpack_face_z(const double *, double *, int, int, int, int, int)"
217305400742,24075,217305424817,662946,217306087763,8288,695309,132,132,6,cudaLaunchKernel,6104    1    1, 256    1    1,"<unnamed>::unpack_face_x(const double *, double *, int, int, int, int, int)"
217305402641,4921,217305407562,801959,217306209521,62399,869279,125,125,4,cudaLaunchKernel,12208    1    1, 256    1    1,"<unnamed>::step_kernel_boundary_x_faces(const double *, const double *, double *, const double *, const double *, int, int, int, int, int, int, int, double, double)"
217305408071,4792,217305412863,860593,217306273456,59872,925257,125,125,4,cudaLaunchKernel,12188    1    1, 256    1    1,"<unnamed>::step_kernel_boundary_y_faces(const double *, const double *, double *, const double *, const double *, int, int, int, int, int, int, int, double, double)"
217305413434,9999,217305423433,911399,217306334832,722749,1644147,125,125,4,cudaLaunchKernel,12168    1    1, 256    1    1,"<unnamed>::step_kernel_boundary_z_faces(const double *, const double *, double *, const double *, const double *, int, int, int, int, int, int, int, double, double)"
217305426379,7361,217305433740,663559,217306097299,10080,681000,132,132,6,cudaLaunchKernel,6104    1    1, 256    1    1,"<unnamed>::unpack_face_y(const double *, double *, int, int, int, int, int)"
217305434531,6624,217305441155,667472,217306108627,124287,798383,132,132,6,cudaLaunchKernel,6104    1    1, 256    1    1,"<unnamed>::unpack_face_z(const double *, double *, int, int, int, int, int)"
217305442514,6059,217305448573,785813,217306234386,62719,854591,132,132,6,cudaLaunchKernel,12208    1    1, 256    1    1,"<unnamed>::step_kernel_boundary_x_faces(const double *, const double *, double *, const double *, const double *, int, int, int, int, int, int, int, double, double)"
217305449272,6427,217305455699,843166,217306298865,60127,909720,132,132,6,cudaLaunchKernel,12188    1    1, 256    1    1,"<unnamed>::step_kernel_boundary_y_faces(const double *, const double *, double *, const double *, const double *, int, int, int, int, int, int, int, double, double)"
217305456659,5943,217305462602,897894,217306360496,728248,1632085,132,132,6,cudaLaunchKernel,12168    1    1, 256    1    1,"<unnamed>::step_kernel_boundary_z_faces(const double *, const double *, double *, const double *, const double *, int, int, int, int, int, int, int, double, double)"
217305468854,4694,217305473548,1585825,217307059373,13696,1604215,125,125,4,cudaLaunchKernel,6104    1    1, 256    1    1,"<unnamed>::pack_face_x(const double *, double *, int, int, int, int, int)"
217305474083,8581,217305482664,29530075,217335012739,10336,29548992,125,125,4,cudaLaunchKernel,6104    1    1, 256    1    1,"<unnamed>::pack_face_y(const double *, double *, int, int, int, int, int)"
217305483658,4283,217305487941,29536798,217335024739,60895,29601976,125,125,4,cudaLaunchKernel,6104    1    1, 256    1    1,"<unnamed>::pack_face_z(const double *, double *, int, int, int, int, int)"
217305501175,5474,217305506649,1560276,217307066925,27951382,29517132,125,125,4,cudaLaunchKernel,  39  312  312,  32    4    4,"<unnamed>::step_kernel_interior(const double *, const double *, double *, const double *, const double *, int, int, int, int, int, int, int, double, double)"
217305515917,12574,217305528491,1561853,217307090344,13824,1588251,132,132,6,cudaLaunchKernel,6104    1    1, 256    1    1,"<unnamed>::pack_face_x(const double *, double *, int, int, int, int, int)"
217305529623,5976,217305535599,29559005,217335094604,10816,29575797,132,132,6,cudaLaunchKernel,6104    1    1, 256    1    1,"<unnamed>::pack_face_y(const double *, double *, int, int, int, int, int)"
217305536021,6775,217305542796,29564256,217335107052,61631,29632662,132,132,6,cudaLaunchKernel,6104    1    1, 256    1    1,"<unnamed>::pack_face_z(const double *, double *, int, int, int, int, int)"
217305554448,8055,217305562503,1535617,217307098120,28001924,29545596,132,132,6,cudaLaunchKernel,  39  312  312,  32    4    4,"<unnamed>::step_kernel_interior(const double *, const double *, double *, const double *, const double *, int, int, int, int, int, int, int, double, double)"
217335245569,20345,217335265914,799354,217336065268,8160,827859,122,122,1,cudaLaunchKernel,6104    1    1, 256    1    1,"<unnamed>::unpack_face_x(const double *, double *, int, int, int, int, int)"
217335267047,5692,217335272739,801905,217336074644,10144,817741,122,122,1,cudaLaunchKernel,6104    1    1, 256    1    1,"<unnamed>::unpack_face_y(const double *, double *, int, int, int, int, int)"
217335273283,5251,217335278534,807502,217336086036,122911,935664,122,122,1,cudaLaunchKernel,6104    1    1, 256    1    1,"<unnamed>::unpack_face_z(const double *, double *, int, int, int, int, int)"
217335280047,4499,217335284546,926161,217336210707,62496,993156,122,122,1,cudaLaunchKernel,12208    1    1, 256    1    1,"<unnamed>::step_kernel_boundary_x_faces(const double *, const double *, double *, const double *, const double *, int, int, int, int, int, int, int, double, double)"
217335285245,4752,217335289997,984838,217336274835,61503,1051093,122,122,1,cudaLaunchKernel,12188    1    1, 256    1    1,"<unnamed>::step_kernel_boundary_y_faces(const double *, const double *, double *, const double *, const double *, int, int, int, int, int, int, int, double, double)"
217335290533,5468,217335296001,1042193,217336338194,714076,1761737,122,122,1,cudaLaunchKernel,12168    1    1, 256    1    1,"<unnamed>::step_kernel_boundary_z_faces(const double *, const double *, double *, const double *, const double *, int, int, int, int, int, int, int, double, double)"
217335367199,15206,217335382405,716862,217336099267,8352,740420,124,124,3,cudaLaunchKernel,6104    1    1, 256    1    1,"<unnamed>::unpack_face_x(const double *, double *, int, int, int, int, int)"
217335383033,5120,217335388153,720554,217336108707,9664,735338,124,124,3,cudaLaunchKernel,6104    1    1, 256    1    1,"<unnamed>::unpack_face_y(const double *, double *, int, int, int, int, int)"
217335388746,5769,217335394515,725040,217336119555,121823,852632,124,124,3,cudaLaunchKernel,6104    1    1, 256    1    1,"<unnamed>::unpack_face_z(const double *, double *, int, int, int, int, int)"
217335395621,5553,217335401174,841676,217336242850,61887,909116,124,124,3,cudaLaunchKernel,12208    1    1, 256    1    1,"<unnamed>::step_kernel_boundary_x_faces(const double *, const double *, double *, const double *, const double *, int, int, int, int, int, int, int, double, double)"
217335401927,5276,217335407203,899070,217336306273,61088,965434,124,124,3,cudaLaunchKernel,12188    1    1, 256    1    1,"<unnamed>::step_kernel_boundary_y_faces(const double *, const double *, double *, const double *, const double *, int, int, int, int, int, int, int, double, double)"
217335407849,9651,217335417500,951365,217336368865,719993,1681009,124,124,3,cudaLaunchKernel,12168    1    1, 256    1    1,"<unnamed>::step_kernel_boundary_z_faces(const double *, const double *, double *, const double *, const double *, int, int, int, int, int, int, int, double, double)"
217339313034,15265,217339328299,676877,217340005176,8352,700494,123,123,2,cudaLaunchKernel,6104    1    1, 256    1    1,"<unnamed>::unpack_face_x(const double *, double *, int, int, int, int, int)"
217339320368,18756,217339339124,690643,217340029767,8704,718103,121,121,0,cudaLaunchKernel,6104    1    1, 256    1    1,"<unnamed>::unpack_face_x(const double *, double *, int, int, int, int, int)"
217339329130,11304,217339340434,674054,217340014488,9823,695181,123,123,2,cudaLaunchKernel,6104    1    1, 256    1    1,"<unnamed>::unpack_face_y(const double *, double *, int, int, int, int, int)"
217339340751,6526,217339347277,692474,217340039751,9920,708920,121,121,0,cudaLaunchKernel,6104    1    1, 256    1    1,"<unnamed>::unpack_face_y(const double *, double *, int, int, int, int, int)"
217339341601,7314,217339348915,676612,217340025527,121119,805045,123,123,2,cudaLaunchKernel,6104    1    1, 256    1    1,"<unnamed>::unpack_face_z(const double *, double *, int, int, int, int, int)"
217339347897,5374,217339353271,697840,217340051111,122559,825773,121,121,0,cudaLaunchKernel,6104    1    1, 256    1    1,"<unnamed>::unpack_face_z(const double *, double *, int, int, int, int, int)"
217339350345,12132,217339362477,785545,217340148022,63007,860684,123,123,2,cudaLaunchKernel,12208    1    1, 256    1    1,"<unnamed>::step_kernel_boundary_x_faces(const double *, const double *, double *, const double *, const double *, int, int, int, int, int, int, int, double, double)"
217339354294,9917,217339364211,811379,217340175590,62175,883471,121,121,0,cudaLaunchKernel,12208    1    1, 256    1    1,"<unnamed>::step_kernel_boundary_x_faces(const double *, const double *, double *, const double *, const double *, int, int, int, int, int, int, int, double, double)"
217339363538,9333,217339372871,839566,217340212437,61408,910307,123,123,2,cudaLaunchKernel,12188    1    1, 256    1    1,"<unnamed>::step_kernel_boundary_y_faces(const double *, const double *, double *, const double *, const double *, int, int, int, int, int, int, int, double, double)"
217339365138,4678,217339369816,869453,217340239269,61312,935443,121,121,0,cudaLaunchKernel,12188    1    1, 256    1    1,"<unnamed>::step_kernel_boundary_y_faces(const double *, const double *, double *, const double *, const double *, int, int, int, int, int, int, int, double, double)"
217339370506,6531,217339377037,925336,217340302373,715642,1647509,121,121,0,cudaLaunchKernel,12168    1    1, 256    1    1,"<unnamed>::step_kernel_boundary_z_faces(const double *, const double *, double *, const double *, const double *, int, int, int, int, int, int, int, double, double)"
217339373737,4722,217339378459,897082,217340275541,724023,1625827,123,123,2,cudaLaunchKernel,12168    1    1, 256    1    1,"<unnamed>::step_kernel_boundary_z_faces(const double *, const double *, double *, const double *, const double *, int, int, int, int, int, int, int, double, double)"
217341842488,17219,217341859707,666522,217342526229,8288,692029,126,126,5,cudaLaunchKernel,6104    1    1, 256    1    1,"<unnamed>::unpack_face_x(const double *, double *, int, int, int, int, int)"
217341860365,4258,217341864623,670918,217342535541,10240,685416,126,126,5,cudaLaunchKernel,6104    1    1, 256    1    1,"<unnamed>::unpack_face_y(const double *, double *, int, int, int, int, int)"
217341865298,4707,217341870005,676864,217342546869,121470,803041,126,126,5,cudaLaunchKernel,6104    1    1, 256    1    1,"<unnamed>::unpack_face_z(const double *, double *, int, int, int, int, int)"
217341871337,4205,217341875542,794365,217342669907,62495,861065,126,126,5,cudaLaunchKernel,12208    1    1, 256    1    1,"<unnamed>::step_kernel_boundary_x_faces(const double *, const double *, double *, const double *, const double *, int, int, int, int, int, int, int, double, double)"
217341876127,5867,217341881994,851944,217342733938,61504,919315,126,126,5,cudaLaunchKernel,12188    1    1, 256    1    1,"<unnamed>::step_kernel_boundary_y_faces(const double *, const double *, double *, const double *, const double *, int, int, int, int, int, int, int, double, double)"
217341883081,8555,217341891636,905246,217342796882,720727,1634528,126,126,5,cudaLaunchKernel,12168    1    1, 256    1    1,"<unnamed>::step_kernel_boundary_z_faces(const double *, const double *, double *, const double *, const double *, int, int, int, int, int, int, int, double, double)"
217342294577,16283,217342310860,675816,217342986676,8064,700163,138,138,7,cudaLaunchKernel,6104    1    1, 256    1    1,"<unnamed>::unpack_face_x(const double *, double *, int, int, int, int, int)"
217342311927,7037,217342318964,677056,217342996020,9920,694013,138,138,7,cudaLaunchKernel,6104    1    1, 256    1    1,"<unnamed>::unpack_face_y(const double *, double *, int, int, int, int, int)"
217342319757,10956,217342330713,676667,217343007380,123423,811046,138,138,7,cudaLaunchKernel,6104    1    1, 256    1    1,"<unnamed>::unpack_face_z(const double *, double *, int, int, int, int, int)"
217342332483,12433,217342344916,787423,217343132339,61599,861455,138,138,7,cudaLaunchKernel,12208    1    1, 256    1    1,"<unnamed>::step_kernel_boundary_x_faces(const double *, const double *, double *, const double *, const double *, int, int, int, int, int, int, int, double, double)"
217342346228,7838,217342354066,841600,217343195666,61407,910845,138,138,7,cudaLaunchKernel,12188    1    1, 256    1    1,"<unnamed>::step_kernel_boundary_y_faces(const double *, const double *, double *, const double *, const double *, int, int, int, int, int, int, int, double, double)"
217342354811,7465,217342362276,896333,217343258609,724920,1628718,138,138,7,cudaLaunchKernel,12168    1    1, 256    1    1,"<unnamed>::step_kernel_boundary_z_faces(const double *, const double *, double *, const double *, const double *, int, int, int, int, int, int, int, double, double)"
217345607345,17506,217345624851,674968,217346299819,8352,700826,125,125,4,cudaLaunchKernel,6104    1    1, 256    1    1,"<unnamed>::unpack_face_x(const double *, double *, int, int, int, int, int)"
217345626032,5052,217345631084,678143,217346309227,10016,693211,125,125,4,cudaLaunchKernel,6104    1    1, 256    1    1,"<unnamed>::unpack_face_y(const double *, double *, int, int, int, int, int)"
217345631679,4290,217345635969,684522,217346320491,121183,809995,125,125,4,cudaLaunchKernel,6104    1    1, 256    1    1,"<unnamed>::unpack_face_z(const double *, double *, int, int, int, int, int)"
217345633706,24590,217345658296,662902,217346321198,8319,695811,132,132,6,cudaLaunchKernel,6104    1    1, 256    1    1,"<unnamed>::unpack_face_x(const double *, double *, int, int, int, int, int)"
217345637056,4216,217345641272,802066,217346443338,61216,867498,125,125,4,cudaLaunchKernel,12208    1    1, 256    1    1,"<unnamed>::step_kernel_boundary_x_faces(const double *, const double *, double *, const double *, const double *, int, int, int, int, int, int, int, double, double)"
217345645497,7166,217345652663,853363,217346506026,61152,921681,125,125,4,cudaLaunchKernel,12188    1    1, 256    1    1,"<unnamed>::step_kernel_boundary_y_faces(const double *, const double *, double *, const double *, const double *, int, int, int, int, int, int, int, double, double)"
217345653312,16792,217345670104,898578,217346568682,728284,1643654,125,125,4,cudaLaunchKernel,12168    1    1, 256    1    1,"<unnamed>::step_kernel_boundary_z_faces(const double *, const double *, double *, const double *, const double *, int, int, int, int, int, int, int, double, double)"
217345668389,12537,217345680926,649871,217346330797,10144,672552,132,132,6,cudaLaunchKernel,6104    1    1, 256    1    1,"<unnamed>::unpack_face_y(const double *, double *, int, int, int, int, int)"
217345681986,16327,217345698313,644068,217346342381,122527,782922,132,132,6,cudaLaunchKernel,6104    1    1, 256    1    1,"<unnamed>::unpack_face_z(const double *, double *, int, int, int, int, int)"
217345699836,12221,217345712057,754355,217346466412,61663,828239,132,132,6,cudaLaunchKernel,12208    1    1, 256    1    1,"<unnamed>::step_kernel_boundary_x_faces(const double *, const double *, double *, const double *, const double *, int, int, int, int, int, int, int, double, double)"
217345713109,11266,217345724375,805428,217346529803,61184,877878,132,132,6,cudaLaunchKernel,12188    1    1, 256    1    1,"<unnamed>::step_kernel_boundary_y_faces(const double *, const double *, double *, const double *, const double *, int, int, int, int, int, int, int, double, double)"
217345725302,12338,217345737640,854882,217346592522,730392,1597612,132,132,6,cudaLaunchKernel,12168    1    1, 256    1    1,"<unnamed>::step_kernel_boundary_z_faces(const double *, const double *, double *, const double *, const double *, int, int, int, int, int, int, int, double, double)"
