API Start (ns),API Dur (ns),Queue Start (ns),Queue Dur (ns),Kernel Start (ns),Kernel Dur (ns),Total Dur (ns),PID,TID,DevId,API Function,GridXYZ,BlockXYZ,Kernel Name
4034371472,214735,,,4034585263,1760,215551,123,123,2,cudaLaunchKernel,   1    1    1,   1    1    1,<unnamed>::warmup_kernel(double *)
4034420695,211198,,,4034630147,1792,211244,134,134,7,cudaLaunchKernel,   1    1    1,   1    1    1,<unnamed>::warmup_kernel(double *)
4035073697,63600,4035137297,2076,4035139373,3616,69292,123,123,2,cudaLaunchKernel,  64    1    1, 256    1    1,"<unnamed>::pack_face_x(const double *, double *, int, int, int, int, int)"
4035139722,43201,4035182923,4290,4035187213,3488,50979,123,123,2,cudaLaunchKernel,  64    1    1, 256    1    1,"<unnamed>::pack_face_y(const double *, double *, int, int, int, int, int)"
4035185347,20629,4035205976,3157,4035209133,4768,28554,123,123,2,cudaLaunchKernel,  64    1    1, 256    1    1,"<unnamed>::pack_face_z(const double *, double *, int, int, int, int, int)"
4035221956,44324,4035266280,2457,4035268737,3584,50365,134,134,7,cudaLaunchKernel,  64    1    1, 256    1    1,"<unnamed>::pack_face_x(const double *, double *, int, int, int, int, int)"
4035268334,21771,4035290105,5128,4035295233,3392,30291,134,134,7,cudaLaunchKernel,  64    1    1, 256    1    1,"<unnamed>::pack_face_y(const double *, double *, int, int, int, int, int)"
4035292399,13505,4035305904,3921,4035309825,4800,22226,134,134,7,cudaLaunchKernel,  64    1    1, 256    1    1,"<unnamed>::pack_face_z(const double *, double *, int, int, int, int, int)"
4059337892,362172,,,4059693654,1792,362172,125,125,4,cudaLaunchKernel,   1    1    1,   1    1    1,<unnamed>::warmup_kernel(double *)
4060385578,91602,,,4060475382,3680,93484,125,125,4,cudaLaunchKernel,  64    1    1, 256    1    1,"<unnamed>::pack_face_x(const double *, double *, int, int, int, int, int)"
4060483482,30227,4060513709,5033,4060518742,3424,38684,125,125,4,cudaLaunchKernel,  64    1    1, 256    1    1,"<unnamed>::pack_face_y(const double *, double *, int, int, int, int, int)"
4060516274,27572,4060543846,3056,4060546902,4800,35428,125,125,4,cudaLaunchKernel,  64    1    1, 256    1    1,"<unnamed>::pack_face_z(const double *, double *, int, int, int, int, int)"
4073303432,191691,4073495123,771,4073495894,1760,194222,122,122,1,cudaLaunchKernel,   1    1    1,   1    1    1,<unnamed>::warmup_kernel(double *)
4073456550,197023,,,4073653504,1792,198746,131,131,6,cudaLaunchKernel,   1    1    1,   1    1    1,<unnamed>::warmup_kernel(double *)
4073910456,33684,4073944140,1962,4073946102,3456,39102,122,122,1,cudaLaunchKernel,  64    1    1, 256    1    1,"<unnamed>::pack_face_x(const double *, double *, int, int, int, int, int)"
4073945934,21220,4073967154,4196,4073971350,3392,28808,122,122,1,cudaLaunchKernel,  64    1    1, 256    1    1,"<unnamed>::pack_face_y(const double *, double *, int, int, int, int, int)"
4073968707,17492,4073986199,3327,4073989526,4736,25555,122,122,1,cudaLaunchKernel,  64    1    1, 256    1    1,"<unnamed>::pack_face_z(const double *, double *, int, int, int, int, int)"
4074071460,212872,,,4074284049,1792,214381,126,126,5,cudaLaunchKernel,   1    1    1,   1    1    1,<unnamed>::warmup_kernel(double *)
4074095696,37010,4074132706,1852,4074134558,3552,42414,131,131,6,cudaLaunchKernel,  64    1    1, 256    1    1,"<unnamed>::pack_face_x(const double *, double *, int, int, int, int, int)"
4074134910,40005,,,4074159774,3552,40005,131,131,6,cudaLaunchKernel,  64    1    1, 256    1    1,"<unnamed>::pack_face_y(const double *, double *, int, int, int, int, int)"
4074178522,25157,4074203679,3007,4074206686,4768,32932,131,131,6,cudaLaunchKernel,  64    1    1, 256    1    1,"<unnamed>::pack_face_z(const double *, double *, int, int, int, int, int)"
4074679416,60465,,,4074711059,3520,60465,126,126,5,cudaLaunchKernel,  64    1    1, 256    1    1,"<unnamed>::pack_face_x(const double *, double *, int, int, int, int, int)"
4074742446,24696,4074767142,4365,4074771507,3552,32613,126,126,5,cudaLaunchKernel,  64    1    1, 256    1    1,"<unnamed>::pack_face_y(const double *, double *, int, int, int, int, int)"
4074769186,16943,4074786129,3362,4074789491,4768,25073,126,126,5,cudaLaunchKernel,  64    1    1, 256    1    1,"<unnamed>::pack_face_z(const double *, double *, int, int, int, int, int)"
4085353199,31489,4085384688,1035,4085385723,2592,35116,126,126,5,cudaLaunchKernel,  64    1    1, 256    1    1,"<unnamed>::unpack_face_x(const double *, double *, int, int, int, int, int)"
4085386582,21350,4085407932,2847,4085410779,2592,26789,126,126,5,cudaLaunchKernel,  64    1    1, 256    1    1,"<unnamed>::unpack_face_y(const double *, double *, int, int, int, int, int)"
4085409945,17464,4085427409,2922,4085430331,3136,23522,126,126,5,cudaLaunchKernel,  64    1    1, 256    1    1,"<unnamed>::unpack_face_z(const double *, double *, int, int, int, int, int)"
4085519272,59702,4085578974,1982,4085580956,2880,64564,126,126,5,cudaLaunchKernel,   1    2    2,  32    4    4,"<unnamed>::step_kernel_interior(const double *, const double *, double *, const double *, const double *, int, int, int, int, int, int, int, double, double)"
4085581730,19947,4085601677,3119,4085604796,2400,25466,126,126,5,cudaLaunchKernel,   1    1    1, 256    1    1,"<unnamed>::step_kernel_boundary_x_faces(const double *, const double *, double *, const double *, const double *, int, int, int, int, int, int, int, double, double)"
4085603130,16161,4085619291,2945,4085622236,2368,21474,126,126,5,cudaLaunchKernel,   1    1    1, 256    1    1,"<unnamed>::step_kernel_boundary_y_faces(const double *, const double *, double *, const double *, const double *, int, int, int, int, int, int, int, double, double)"
4085620583,16030,4085636613,3543,4085640156,2432,22005,126,126,5,cudaLaunchKernel,   1    1    1, 256    1    1,"<unnamed>::step_kernel_boundary_z_faces(const double *, const double *, double *, const double *, const double *, int, int, int, int, int, int, int, double, double)"
4085645370,4488,4085649858,3034,4085652892,3040,10562,126,126,5,cudaLaunchKernel,   1    2    2,  32    4    4,"<unnamed>::step_kernel_interior(const double *, const double *, double *, const double *, const double *, int, int, int, int, int, int, int, double, double)"
4085650660,3607,4085654267,2689,4085656956,2496,8792,126,126,5,cudaLaunchKernel,   1    1    1, 256    1    1,"<unnamed>::step_kernel_boundary_x_faces(const double *, const double *, double *, const double *, const double *, int, int, int, int, int, int, int, double, double)"
4085654808,3707,4085658515,4329,4085662844,2496,10532,126,126,5,cudaLaunchKernel,   1    1    1, 256    1    1,"<unnamed>::step_kernel_boundary_y_faces(const double *, const double *, double *, const double *, const double *, int, int, int, int, int, int, int, double, double)"
4085659005,3267,4085662272,4412,4085666684,2432,10111,126,126,5,cudaLaunchKernel,   1    1    1, 256    1    1,"<unnamed>::step_kernel_boundary_z_faces(const double *, const double *, double *, const double *, const double *, int, int, int, int, int, int, int, double, double)"
4088008818,36137,4088044955,1453,4088046408,2560,40150,131,131,6,cudaLaunchKernel,  64    1    1, 256    1    1,"<unnamed>::unpack_face_x(const double *, double *, int, int, int, int, int)"
4088047600,39575,4088087175,2785,4088089960,2592,44952,131,131,6,cudaLaunchKernel,  64    1    1, 256    1    1,"<unnamed>::unpack_face_y(const double *, double *, int, int, int, int, int)"
4088093537,22523,4088116060,2956,4088119016,3104,28583,131,131,6,cudaLaunchKernel,  64    1    1, 256    1    1,"<unnamed>::unpack_face_z(const double *, double *, int, int, int, int, int)"
4088245273,26360,4088271633,2454,4088274087,2848,31662,131,131,6,cudaLaunchKernel,   1    2    2,  32    4    4,"<unnamed>::step_kernel_interior(const double *, const double *, double *, const double *, const double *, int, int, int, int, int, int, int, double, double)"
4088275160,61696,4088336856,1615,4088338471,2368,65679,131,131,6,cudaLaunchKernel,   1    1    1, 256    1    1,"<unnamed>::step_kernel_boundary_x_faces(const double *, const double *, double *, const double *, const double *, int, int, int, int, int, int, int, double, double)"
4088340363,31439,4088371802,3277,4088375079,2336,37052,131,131,6,cudaLaunchKernel,   1    1    1, 256    1    1,"<unnamed>::step_kernel_boundary_y_faces(const double *, const double *, double *, const double *, const double *, int, int, int, int, int, int, int, double, double)"
4088373445,17734,4088391179,3196,4088394375,2432,23362,131,131,6,cudaLaunchKernel,   1    1    1, 256    1    1,"<unnamed>::step_kernel_boundary_z_faces(const double *, const double *, double *, const double *, const double *, int, int, int, int, int, int, int, double, double)"
4088403472,5971,4088409443,2916,4088412359,2976,11863,131,131,6,cudaLaunchKernel,   1    2    2,  32    4    4,"<unnamed>::step_kernel_interior(const double *, const double *, double *, const double *, const double *, int, int, int, int, int, int, int, double, double)"
4088410455,4057,4088414512,3031,4088417543,2464,9552,131,131,6,cudaLaunchKernel,   1    1    1, 256    1    1,"<unnamed>::step_kernel_boundary_x_faces(const double *, const double *, double *, const double *, const double *, int, int, int, int, int, int, int, double, double)"
4088415214,3907,4088419121,4246,4088423367,2464,10617,131,131,6,cudaLaunchKernel,   1    1    1, 256    1    1,"<unnamed>::step_kernel_boundary_y_faces(const double *, const double *, double *, const double *, const double *, int, int, int, int, int, int, int, double, double)"
4088420013,4458,4088424471,2960,4088427431,2432,9850,131,131,6,cudaLaunchKernel,   1    1    1, 256    1    1,"<unnamed>::step_kernel_boundary_z_faces(const double *, const double *, double *, const double *, const double *, int, int, int, int, int, int, int, double, double)"
4097974684,233851,,,4098207274,1792,234382,121,121,0,cudaLaunchKernel,   1    1    1,   1    1    1,<unnamed>::warmup_kernel(double *)
4098616745,35527,4098652272,2360,4098654632,3680,41567,121,121,0,cudaLaunchKernel,  64    1    1, 256    1    1,"<unnamed>::pack_face_x(const double *, double *, int, int, int, int, int)"
4098654406,17182,4098671588,4516,4098676104,3392,25090,121,121,0,cudaLaunchKernel,  64    1    1, 256    1    1,"<unnamed>::pack_face_y(const double *, double *, int, int, int, int, int)"
4098673021,17833,4098690854,3394,4098694248,4736,25963,121,121,0,cudaLaunchKernel,  64    1    1, 256    1    1,"<unnamed>::pack_face_z(const double *, double *, int, int, int, int, int)"
4099092042,249319,,,4099338017,1792,249319,124,124,3,cudaLaunchKernel,   1    1    1,   1    1    1,<unnamed>::warmup_kernel(double *)
4099761254,32872,4099794126,1777,4099795903,3552,38201,124,124,3,cudaLaunchKernel,  64    1    1, 256    1    1,"<unnamed>::pack_face_x(const double *, double *, int, int, int, int, int)"
4099796049,22763,4099818812,4259,4099823071,3328,30350,124,124,3,cudaLaunchKernel,  64    1    1, 256    1    1,"<unnamed>::pack_face_y(const double *, double *, int, int, int, int, int)"
4099820225,13616,4099833841,4206,4099838047,4736,22558,124,124,3,cudaLaunchKernel,  64    1    1, 256    1    1,"<unnamed>::pack_face_z(const double *, double *, int, int, int, int, int)"
4106918393,39234,4106957627,603,4106958230,2592,42429,125,125,4,cudaLaunchKernel,  64    1    1, 256    1    1,"<unnamed>::unpack_face_x(const double *, double *, int, int, int, int, int)"
4106960472,24086,4106984558,3496,4106988054,2592,30174,125,125,4,cudaLaunchKernel,  64    1    1, 256    1    1,"<unnamed>::unpack_face_y(const double *, double *, int, int, int, int, int)"
4106986452,14176,4107000628,3170,4107003798,3104,20450,125,125,4,cudaLaunchKernel,  64    1    1, 256    1    1,"<unnamed>::unpack_face_z(const double *, double *, int, int, int, int, int)"
4107111427,24195,4107135622,2672,4107138294,2816,29683,125,125,4,cudaLaunchKernel,   1    2    2,  32    4    4,"<unnamed>::step_kernel_interior(const double *, const double *, double *, const double *, const double *, int, int, int, int, int, int, int, double, double)"
4107138167,34396,4107172563,2371,4107174934,2336,39103,125,125,4,cudaLaunchKernel,   1    1    1, 256    1    1,"<unnamed>::step_kernel_boundary_x_faces(const double *, const double *, double *, const double *, const double *, int, int, int, int, int, int, int, double, double)"
4107174386,22072,4107196458,3180,4107199638,2336,27588,125,125,4,cudaLaunchKernel,   1    1    1, 256    1    1,"<unnamed>::step_kernel_boundary_y_faces(const double *, const double *, double *, const double *, const double *, int, int, int, int, int, int, int, double, double)"
4107197970,17984,4107215954,2980,4107218934,2432,23396,125,125,4,cudaLaunchKernel,   1    1    1, 256    1    1,"<unnamed>::step_kernel_boundary_z_faces(const double *, const double *, double *, const double *, const double *, int, int, int, int, int, int, int, double, double)"
4107225392,4739,4107230131,2723,4107232854,3008,10470,125,125,4,cudaLaunchKernel,   1    2    2,  32    4    4,"<unnamed>::step_kernel_interior(const double *, const double *, double *, const double *, const double *, int, int, int, int, int, int, int, double, double)"
4107230912,4068,4107234980,2802,4107237782,2464,9334,125,125,4,cudaLaunchKernel,   1    1    1, 256    1    1,"<unnamed>::step_kernel_boundary_x_faces(const double *, const double *, double *, const double *, const double *, int, int, int, int, int, int, int, double, double)"
4107235561,3607,4107239168,2870,4107242038,2464,8941,125,125,4,cudaLaunchKernel,   1    1    1, 256    1    1,"<unnamed>::step_kernel_boundary_y_faces(const double *, const double *, double *, const double *, const double *, int, int, int, int, int, int, int, double, double)"
4107239669,3767,4107243436,2858,4107246294,2400,9025,125,125,4,cudaLaunchKernel,   1    1    1, 256    1    1,"<unnamed>::step_kernel_boundary_z_faces(const double *, const double *, double *, const double *, const double *, int, int, int, int, int, int, int, double, double)"
4107664230,49322,4107713552,262,4107713814,2592,52176,134,134,7,cudaLaunchKernel,  64    1    1, 256    1    1,"<unnamed>::unpack_face_x(const double *, double *, int, int, int, int, int)"
4107716378,26060,4107742438,2960,4107745398,2592,31612,134,134,7,cudaLaunchKernel,  64    1    1, 256    1    1,"<unnamed>::unpack_face_y(const double *, double *, int, int, int, int, int)"
4107744491,17153,4107761644,3114,4107764758,3136,23403,134,134,7,cudaLaunchKernel,  64    1    1, 256    1    1,"<unnamed>::unpack_face_z(const double *, double *, int, int, int, int, int)"
4107861993,22402,4107884395,2635,4107887030,2816,27853,134,134,7,cudaLaunchKernel,   1    2    2,  32    4    4,"<unnamed>::step_kernel_interior(const double *, const double *, double *, const double *, const double *, int, int, int, int, int, int, int, double, double)"
4107886258,25789,4107912047,2567,4107914614,2400,30756,134,134,7,cudaLaunchKernel,   1    1    1, 256    1    1,"<unnamed>::step_kernel_boundary_x_faces(const double *, const double *, double *, const double *, const double *, int, int, int, int, int, int, int, double, double)"
4107913529,19247,4107932776,2766,4107935542,2368,24381,134,134,7,cudaLaunchKernel,   1    1    1, 256    1    1,"<unnamed>::step_kernel_boundary_y_faces(const double *, const double *, double *, const double *, const double *, int, int, int, int, int, int, int, double, double)"
4107934760,19637,4107954397,3161,4107957558,2464,25262,134,134,7,cudaLaunchKernel,   1    1    1, 256    1    1,"<unnamed>::step_kernel_boundary_z_faces(const double *, const double *, double *, const double *, const double *, int, int, int, int, int, int, int, double, double)"
4107964636,5641,4107970277,2928,4107973205,3008,11577,134,134,7,cudaLaunchKernel,   1    2    2,  32    4    4,"<unnamed>::step_kernel_interior(const double *, const double *, double *, const double *, const double *, int, int, int, int, int, int, int, double, double)"
4107971148,4158,4107975306,2795,4107978101,2496,9449,134,134,7,cudaLaunchKernel,   1    1    1, 256    1    1,"<unnamed>::step_kernel_boundary_x_faces(const double *, const double *, double *, const double *, const double *, int, int, int, int, int, int, int, double, double)"
4107975787,3547,4107979334,3023,4107982357,2432,9002,134,134,7,cudaLaunchKernel,   1    1    1, 256    1    1,"<unnamed>::step_kernel_boundary_y_faces(const double *, const double *, double *, const double *, const double *, int, int, int, int, int, int, int, double, double)"
4107979895,3807,4107983702,3423,4107987125,2400,9630,134,134,7,cudaLaunchKernel,   1    1    1, 256    1    1,"<unnamed>::step_kernel_boundary_z_faces(const double *, const double *, double *, const double *, const double *, int, int, int, int, int, int, int, double, double)"
4108616666,31980,4108648646,1392,4108650038,2560,35932,123,123,2,cudaLaunchKernel,  64    1    1, 256    1    1,"<unnamed>::unpack_face_x(const double *, double *, int, int, int, int, int)"
4108622527,37971,4108660498,873,4108661371,2592,41436,121,121,0,cudaLaunchKernel,  64    1    1, 256    1    1,"<unnamed>::unpack_face_x(const double *, double *, int, int, int, int, int)"
4108650860,21921,4108672781,3113,4108675894,2560,27594,123,123,2,cudaLaunchKernel,  64    1    1, 256    1    1,"<unnamed>::unpack_face_y(const double *, double *, int, int, int, int, int)"
4108662883,18155,4108681038,3181,4108684219,2624,23960,121,121,0,cudaLaunchKernel,  64    1    1, 256    1    1,"<unnamed>::unpack_face_y(const double *, double *, int, int, int, int, int)"
4108674605,18896,4108693501,2905,4108696406,3136,24937,123,123,2,cudaLaunchKernel,  64    1    1, 256    1    1,"<unnamed>::unpack_face_z(const double *, double *, int, int, int, int, int)"
4108682761,20188,4108702949,3190,4108706139,3168,26546,121,121,0,cudaLaunchKernel,  64    1    1, 256    1    1,"<unnamed>::unpack_face_z(const double *, double *, int, int, int, int, int)"
4108791917,58229,4108850146,1171,4108851317,2816,62216,123,123,2,cudaLaunchKernel,   1    2    2,  32    4    4,"<unnamed>::step_kernel_interior(const double *, const double *, double *, const double *, const double *, int, int, int, int, int, int, int, double, double)"
4108839426,25488,4108864914,2408,4108867322,2816,30712,121,121,0,cudaLaunchKernel,   1    2    2,  32    4    4,"<unnamed>::step_kernel_interior(const double *, const double *, double *, const double *, const double *, int, int, int, int, int, int, int, double, double)"
4108852551,21220,4108873771,3178,4108876949,2368,26766,123,123,2,cudaLaunchKernel,   1    1    1, 256    1    1,"<unnamed>::step_kernel_boundary_x_faces(const double *, const double *, double *, const double *, const double *, int, int, int, int, int, int, int, double, double)"
4108867369,19577,4108886946,3064,4108890010,2368,25009,121,121,0,cudaLaunchKernel,   1    1    1, 256    1    1,"<unnamed>::step_kernel_boundary_x_faces(const double *, const double *, double *, const double *, const double *, int, int, int, int, int, int, int, double, double)"
4108878019,18094,4108896113,3428,4108899541,2336,23858,123,123,2,cudaLaunchKernel,   1    1    1, 256    1    1,"<unnamed>::step_kernel_boundary_y_faces(const double *, const double *, double *, const double *, const double *, int, int, int, int, int, int, int, double, double)"
4108888649,19156,4108907805,3101,4108910906,2368,24625,121,121,0,cudaLaunchKernel,   1    1    1, 256    1    1,"<unnamed>::step_kernel_boundary_y_faces(const double *, const double *, double *, const double *, const double *, int, int, int, int, int, int, int, double, double)"
4108897646,17703,4108915349,3136,4108918485,2464,23303,123,123,2,cudaLaunchKernel,   1    1    1, 256    1    1,"<unnamed>::step_kernel_boundary_z_faces(const double *, const double *, double *, const double *, const double *, int, int, int, int, int, int, int, double, double)"
4108909398,17804,4108927202,3096,4108930298,2432,23332,121,121,0,cudaLaunchKernel,   1    1    1, 256    1    1,"<unnamed>::step_kernel_boundary_z_faces(const double *, const double *, double *, const double *, const double *, int, int, int, int, int, int, int, double, double)"
4108925498,4569,4108930067,2978,4108933045,3008,10555,123,123,2,cudaLaunchKernel,   1    2    2,  32    4    4,"<unnamed>::step_kernel_interior(const double *, const double *, double *, const double *, const double *, int, int, int, int, int, int, int, double, double)"
4108930918,3567,4108934485,2784,4108937269,2464,8815,123,123,2,cudaLaunchKernel,   1    1    1, 256    1    1,"<unnamed>::step_kernel_boundary_x_faces(const double *, const double *, double *, const double *, const double *, int, int, int, int, int, int, int, double, double)"
4108935126,3767,4108938893,4136,4108943029,2464,10367,123,123,2,cudaLaunchKernel,   1    1    1, 256    1    1,"<unnamed>::step_kernel_boundary_y_faces(const double *, const double *, double *, const double *, const double *, int, int, int, int, int, int, int, double, double)"
4108936699,4719,4108941418,3024,4108944442,3008,10751,121,121,0,cudaLaunchKernel,   1    2    2,  32    4    4,"<unnamed>::step_kernel_interior(const double *, const double *, double *, const double *, const double *, int, int, int, int, int, int, int, double, double)"
4108939444,3657,4108943101,3800,4108946901,2432,9889,123,123,2,cudaLaunchKernel,   1    1    1, 256    1    1,"<unnamed>::step_kernel_boundary_z_faces(const double *, const double *, double *, const double *, const double *, int, int, int, int, int, int, int, double, double)"
4108942140,4869,4108947009,2937,4108949946,2464,10270,121,121,0,cudaLaunchKernel,   1    1    1, 256    1    1,"<unnamed>::step_kernel_boundary_x_faces(const double *, const double *, double *, const double *, const double *, int, int, int, int, int, int, int, double, double)"
4108947620,4017,4108951637,4325,4108955962,2464,10806,121,121,0,cudaLaunchKernel,   1    1    1, 256    1    1,"<unnamed>::step_kernel_boundary_y_faces(const double *, const double *, double *, const double *, const double *, int, int, int, int, int, int, int, double, double)"
4108952128,3978,4108956106,3856,4108959962,2399,10233,121,121,0,cudaLaunchKernel,   1    1    1, 256    1    1,"<unnamed>::step_kernel_boundary_z_faces(const double *, const double *, double *, const double *, const double *, int, int, int, int, int, int, int, double, double)"
4109203944,43682,4109247626,838,4109248464,2592,47112,122,122,1,cudaLaunchKernel,  64    1    1, 256    1    1,"<unnamed>::unpack_face_x(const double *, double *, int, int, int, int, int)"
4109212660,33203,4109245863,1427,4109247290,2592,37222,124,124,3,cudaLaunchKernel,  64    1    1, 256    1    1,"<unnamed>::unpack_face_x(const double *, double *, int, int, int, int, int)"
4109248167,24416,4109272583,3091,4109275674,2592,30099,124,124,3,cudaLaunchKernel,  64    1    1, 256    1    1,"<unnamed>::unpack_face_y(const double *, double *, int, int, int, int, int)"
4109249981,17332,4109267313,3103,4109270416,2592,23027,122,122,1,cudaLaunchKernel,  64    1    1, 256    1    1,"<unnamed>::unpack_face_y(const double *, double *, int, int, int, int, int)"
4109269127,19977,4109289104,2592,4109291696,3136,25705,122,122,1,cudaLaunchKernel,  64    1    1, 256    1    1,"<unnamed>::unpack_face_z(const double *, double *, int, int, int, int, int)"
4109274347,18304,4109292651,3151,4109295802,3136,24591,124,124,3,cudaLaunchKernel,  64    1    1, 256    1    1,"<unnamed>::unpack_face_z(const double *, double *, int, int, int, int, int)"
4109384975,18926,4109403901,2963,4109406864,2784,24673,122,122,1,cudaLaunchKernel,   1    2    2,  32    4    4,"<unnamed>::step_kernel_interior(const double *, const double *, double *, const double *, const double *, int, int, int, int, int, int, int, double, double)"
4109387740,23995,4109411735,2658,4109414393,2816,29469,124,124,3,cudaLaunchKernel,   1    2    2,  32    4    4,"<unnamed>::step_kernel_interior(const double *, const double *, double *, const double *, const double *, int, int, int, int, int, int, int, double, double)"
4109405984,22473,4109428457,3079,4109431536,2368,27920,122,122,1,cudaLaunchKernel,   1    1    1, 256    1    1,"<unnamed>::step_kernel_boundary_x_faces(const double *, const double *, double *, const double *, const double *, int, int, int, int, int, int, int, double, double)"
4109413719,22503,4109436222,3131,4109439353,2368,28002,124,124,3,cudaLaunchKernel,   1    1    1, 256    1    1,"<unnamed>::step_kernel_boundary_x_faces(const double *, const double *, double *, const double *, const double *, int, int, int, int, int, int, int, double, double)"
4109429969,17314,4109447283,3677,4109450960,2336,23327,122,122,1,cudaLaunchKernel,   1    1    1, 256    1    1,"<unnamed>::step_kernel_boundary_y_faces(const double *, const double *, double *, const double *, const double *, int, int, int, int, int, int, int, double, double)"
4109437775,16721,4109454496,3449,4109457945,2336,22506,124,124,3,cudaLaunchKernel,   1    1    1, 256    1    1,"<unnamed>::step_kernel_boundary_y_faces(const double *, const double *, double *, const double *, const double *, int, int, int, int, int, int, int, double, double)"
4109448886,17503,4109466389,3259,4109469648,2464,23226,122,122,1,cudaLaunchKernel,   1    1    1, 256    1    1,"<unnamed>::step_kernel_boundary_z_faces(const double *, const double *, double *, const double *, const double *, int, int, int, int, int, int, int, double, double)"
4109455769,17603,4109473372,3357,4109476729,2464,23424,124,124,3,cudaLaunchKernel,   1    1    1, 256    1    1,"<unnamed>::step_kernel_boundary_z_faces(const double *, const double *, double *, const double *, const double *, int, int, int, int, int, int, int, double, double)"
4109474714,5000,4109479714,2990,4109482704,3040,11030,122,122,1,cudaLaunchKernel,   1    2    2,  32    4    4,"<unnamed>::step_kernel_interior(const double *, const double *, double *, const double *, const double *, int, int, int, int, int, int, int, double, double)"
4109480575,3727,4109484302,2818,4109487120,2464,9009,122,122,1,cudaLaunchKernel,   1    1    1, 256    1    1,"<unnamed>::step_kernel_boundary_x_faces(const double *, const double *, double *, const double *, const double *, int, int, int, int, int, int, int, double, double)"
4109482830,4779,4109487609,3072,4109490681,3008,10859,124,124,3,cudaLaunchKernel,   1    2    2,  32    4    4,"<unnamed>::step_kernel_interior(const double *, const double *, double *, const double *, const double *, int, int, int, int, int, int, int, double, double)"
4109484944,3757,4109488701,4339,4109493040,2464,10560,122,122,1,cudaLaunchKernel,   1    1    1, 256    1    1,"<unnamed>::step_kernel_boundary_y_faces(const double *, const double *, double *, const double *, const double *, int, int, int, int, int, int, int, double, double)"
4109488751,4168,4109492919,2818,4109495737,2496,9482,124,124,3,cudaLaunchKernel,   1    1    1, 256    1    1,"<unnamed>::step_kernel_boundary_x_faces(const double *, const double *, double *, const double *, const double *, int, int, int, int, int, int, int, double, double)"
4109489312,3837,4109493149,3923,4109497072,2400,10160,122,122,1,cudaLaunchKernel,   1    1    1, 256    1    1,"<unnamed>::step_kernel_boundary_z_faces(const double *, const double *, double *, const double *, const double *, int, int, int, int, int, int, int, double, double)"
4109493419,3647,4109497066,3023,4109500089,2464,9134,124,124,3,cudaLaunchKernel,   1    1    1, 256    1    1,"<unnamed>::step_kernel_boundary_y_faces(const double *, const double *, double *, const double *, const double *, int, int, int, int, int, int, int, double, double)"
4109497567,3958,4109501525,3204,4109504729,2432,9594,124,124,3,cudaLaunchKernel,   1    1    1, 256    1    1,"<unnamed>::step_kernel_boundary_z_faces(const double *, const double *, double *, const double *, const double *, int, int, int, int, int, int, int, double, double)"
4109953878,13966,4109967844,1235,4109969079,2720,17921,124,124,3,cudaLaunchKernel,  64    1    1, 256    1    1,"<unnamed>::pack_face_x(const double *, double *, int, int, int, int, int)"
4109968626,4558,4109973184,4279,4109977463,2656,11493,124,124,3,cudaLaunchKernel,  64    1    1, 256    1    1,"<unnamed>::pack_face_y(const double *, double *, int, int, int, int, int)"
4109969147,39755,,,4109983827,2848,39755,131,131,6,cudaLaunchKernel,  64    1    1, 256    1    1,"<unnamed>::pack_face_x(const double *, double *, int, int, int, int, int)"
4109970529,14337,4109984866,1263,4109986129,2720,18320,123,123,2,cudaLaunchKernel,  64    1    1, 256    1    1,"<unnamed>::pack_face_x(const double *, double *, int, int, int, int, int)"
4109973815,3978,4109977793,3702,4109981495,3008,10688,124,124,3,cudaLaunchKernel,  64    1    1, 256    1    1,"<unnamed>::pack_face_z(const double *, double *, int, int, int, int, int)"
4109974417,13735,4109988152,1213,4109989365,2688,17636,121,121,0,cudaLaunchKernel,  64    1    1, 256    1    1,"<unnamed>::pack_face_x(const double *, double *, int, int, int, int, int)"
4109979556,4368,4109983924,2883,4109986807,54432,61683,124,124,3,cudaLaunchKernel,   4   32   32,  32    4    4,"<unnamed>::step_kernel_interior(const double *, const double *, double *, const double *, const double *, int, int, int, int, int, int, int, double, double)"
4109985718,4638,4109990356,4221,4109994577,2656,11515,123,123,2,cudaLaunchKernel,  64    1    1, 256    1    1,"<unnamed>::pack_face_y(const double *, double *, int, int, int, int, int)"
4109989044,4939,4109993983,4310,4109998293,2656,11905,121,121,0,cudaLaunchKernel,  64    1    1, 256    1    1,"<unnamed>::pack_face_y(const double *, double *, int, int, int, int, int)"
4109990978,3857,4109994835,3614,4109998449,3008,10479,123,123,2,cudaLaunchKernel,  64    1    1, 256    1    1,"<unnamed>::pack_face_z(const double *, double *, int, int, int, int, int)"
4109994544,3919,4109998463,3958,4110002421,3008,10885,121,121,0,cudaLaunchKernel,  64    1    1, 256    1    1,"<unnamed>::pack_face_z(const double *, double *, int, int, int, int, int)"
4109995877,4008,4109999885,2948,4110002833,53920,60876,123,123,2,cudaLaunchKernel,   4   32   32,  32    4    4,"<unnamed>::step_kernel_interior(const double *, const double *, double *, const double *, const double *, int, int, int, int, int, int, int, double, double)"
4109999465,4137,4110003602,2883,4110006485,53888,60908,121,121,0,cudaLaunchKernel,   4   32   32,  32    4    4,"<unnamed>::step_kernel_interior(const double *, const double *, double *, const double *, const double *, int, int, int, int, int, int, int, double, double)"
4110001589,13685,4110015274,1070,4110016344,2848,17603,126,126,5,cudaLaunchKernel,  64    1    1, 256    1    1,"<unnamed>::pack_face_x(const double *, double *, int, int, int, int, int)"
4110010415,6081,4110016496,2307,4110018803,2656,11044,131,131,6,cudaLaunchKernel,  64    1    1, 256    1    1,"<unnamed>::pack_face_y(const double *, double *, int, int, int, int, int)"
4110016196,4639,4110020835,4117,4110024952,2688,11444,126,126,5,cudaLaunchKernel,  64    1    1, 256    1    1,"<unnamed>::pack_face_y(const double *, double *, int, int, int, int, int)"
4110017238,4067,4110021305,4186,4110025491,3008,11261,131,131,6,cudaLaunchKernel,  64    1    1, 256    1    1,"<unnamed>::pack_face_z(const double *, double *, int, int, int, int, int)"
4110021456,3446,4110024902,4050,4110028952,3040,10536,126,126,5,cudaLaunchKernel,  64    1    1, 256    1    1,"<unnamed>::pack_face_z(const double *, double *, int, int, int, int, int)"
4110022488,4127,4110026615,2748,4110029363,54176,61051,131,131,6,cudaLaunchKernel,   4   32   32,  32    4    4,"<unnamed>::step_kernel_interior(const double *, const double *, double *, const double *, const double *, int, int, int, int, int, int, int, double, double)"
4110023349,14848,4110038197,1087,4110039284,2816,18751,125,125,4,cudaLaunchKernel,  64    1    1, 256    1    1,"<unnamed>::pack_face_x(const double *, double *, int, int, int, int, int)"
4110025734,15940,4110041674,902,4110042576,2848,19690,134,134,7,cudaLaunchKernel,  64    1    1, 256    1    1,"<unnamed>::pack_face_x(const double *, double *, int, int, int, int, int)"
4110025944,3767,4110029711,3369,4110033080,53984,61120,126,126,5,cudaLaunchKernel,   4   32   32,  32    4    4,"<unnamed>::step_kernel_interior(const double *, const double *, double *, const double *, const double *, int, int, int, int, int, int, int, double, double)"
4110027707,14418,4110042125,1347,4110043472,2688,18453,122,122,1,cudaLaunchKernel,  64    1    1, 256    1    1,"<unnamed>::pack_face_x(const double *, double *, int, int, int, int, int)"
4110039029,4839,4110043868,3928,4110047796,2688,11455,125,125,4,cudaLaunchKernel,  64    1    1, 256    1    1,"<unnamed>::pack_face_y(const double *, double *, int, int, int, int, int)"
4110042495,5360,4110047855,4001,4110051856,2656,12017,134,134,7,cudaLaunchKernel,  64    1    1, 256    1    1,"<unnamed>::pack_face_y(const double *, double *, int, int, int, int, int)"
4110042966,5220,4110048186,4374,4110052560,2656,12250,122,122,1,cudaLaunchKernel,  64    1    1, 256    1    1,"<unnamed>::pack_face_y(const double *, double *, int, int, int, int, int)"
4110044589,4248,4110048837,2895,4110051732,3008,10151,125,125,4,cudaLaunchKernel,  64    1    1, 256    1    1,"<unnamed>::pack_face_z(const double *, double *, int, int, int, int, int)"
4110048547,3817,4110052364,3460,4110055824,3008,10285,134,134,7,cudaLaunchKernel,  64    1    1, 256    1    1,"<unnamed>::pack_face_z(const double *, double *, int, int, int, int, int)"
4110048767,3987,4110052754,3710,4110056464,3008,10705,122,122,1,cudaLaunchKernel,  64    1    1, 256    1    1,"<unnamed>::pack_face_z(const double *, double *, int, int, int, int, int)"
4110049959,3888,4110053847,2941,4110056788,54112,60941,125,125,4,cudaLaunchKernel,   4   32   32,  32    4    4,"<unnamed>::step_kernel_interior(const double *, const double *, double *, const double *, const double *, int, int, int, int, int, int, int, double, double)"
4110053466,15769,4110069235,2301,4110071536,53823,71893,134,134,7,cudaLaunchKernel,   4   32   32,  32    4    4,"<unnamed>::step_kernel_interior(const double *, const double *, double *, const double *, const double *, int, int, int, int, int, int, int, double, double)"
4110053907,14186,4110068093,2835,4110070928,54464,71485,122,122,1,cudaLaunchKernel,   4   32   32,  32    4    4,"<unnamed>::step_kernel_interior(const double *, const double *, double *, const double *, const double *, int, int, int, int, int, int, int, double, double)"
4110114131,7494,4110121625,2680,4110124305,2720,12894,123,123,2,cudaLaunchKernel,  64    1    1, 256    1    1,"<unnamed>::unpack_face_x(const double *, double *, int, int, int, int, int)"
4110122296,5821,4110128117,4220,4110132337,2944,12985,123,123,2,cudaLaunchKernel,  64    1    1, 256    1    1,"<unnamed>::unpack_face_y(const double *, double *, int, int, int, int, int)"
4110128788,3767,4110132555,4486,4110137041,3168,11421,123,123,2,cudaLaunchKernel,  64    1    1, 256    1    1,"<unnamed>::unpack_face_z(const double *, double *, int, int, int, int, int)"
4110133597,3837,4110137434,4023,4110141457,4320,12180,123,123,2,cudaLaunchKernel, 128    1    1, 256    1    1,"<unnamed>::step_kernel_boundary_x_faces(const double *, const double *, double *, const double *, const double *, int, int, int, int, int, int, int, double, double)"
4110138146,3556,4110141702,5387,4110147089,4448,13391,123,123,2,cudaLaunchKernel, 126    1    1, 256    1    1,"<unnamed>::step_kernel_boundary_y_faces(const double *, const double *, double *, const double *, const double *, int, int, int, int, int, int, int, double, double)"
4110142263,9208,4110151471,2850,4110154321,11616,23674,123,123,2,cudaLaunchKernel, 125    1    1, 256    1    1,"<unnamed>::step_kernel_boundary_z_faces(const double *, const double *, double *, const double *, const double *, int, int, int, int, int, int, int, double, double)"
4110177479,5771,4110183250,2590,4110185840,3168,11529,123,123,2,cudaLaunchKernel,  64    1    1, 256    1    1,"<unnamed>::pack_face_x(const double *, double *, int, int, int, int, int)"
4110179293,8557,4110187850,2796,4110190646,2720,14073,124,124,3,cudaLaunchKernel,  64    1    1, 256    1    1,"<unnamed>::unpack_face_x(const double *, double *, int, int, int, int, int)"
4110179764,8607,4110188371,2461,4110190832,2720,13788,122,122,1,cudaLaunchKernel,  64    1    1, 256    1    1,"<unnamed>::unpack_face_x(const double *, double *, int, int, int, int, int)"
4110183871,3368,4110187239,2953,4110190192,3008,9329,123,123,2,cudaLaunchKernel,  64    1    1, 256    1    1,"<unnamed>::pack_face_y(const double *, double *, int, int, int, int, int)"
4110187830,3617,4110191447,3001,4110194448,4064,10682,123,123,2,cudaLaunchKernel,  64    1    1, 256    1    1,"<unnamed>::pack_face_z(const double *, double *, int, int, int, int, int)"
4110188571,4278,4110192849,4325,4110197174,2720,11323,124,124,3,cudaLaunchKernel,  64    1    1, 256    1    1,"<unnamed>::unpack_face_y(const double *, double *, int, int, int, int, int)"
4110189132,4639,4110193771,3973,4110197744,2752,11364,122,122,1,cudaLaunchKernel,  64    1    1, 256    1    1,"<unnamed>::unpack_face_y(const double *, double *, int, int, int, int, int)"
4110189773,9208,4110198981,2538,4110201519,2848,14594,134,134,7,cudaLaunchKernel,  64    1    1, 256    1    1,"<unnamed>::unpack_face_x(const double *, double *, int, int, int, int, int)"
4110192288,4499,4110196787,3037,4110199824,48192,55728,123,123,2,cudaLaunchKernel,   4   32   32,  32    4    4,"<unnamed>::step_kernel_interior(const double *, const double *, double *, const double *, const double *, int, int, int, int, int, int, int, double, double)"
4110193551,3686,4110197237,4417,4110201654,3168,11271,124,124,3,cudaLaunchKernel,  64    1    1, 256    1    1,"<unnamed>::unpack_face_z(const double *, double *, int, int, int, int, int)"
4110194833,4138,4110198971,4373,4110203344,3200,11711,122,122,1,cudaLaunchKernel,  64    1    1, 256    1    1,"<unnamed>::unpack_face_z(const double *, double *, int, int, int, int, int)"
4110199141,4739,4110203880,2734,4110206614,4224,11697,124,124,3,cudaLaunchKernel, 128    1    1, 256    1    1,"<unnamed>::step_kernel_boundary_x_faces(const double *, const double *, double *, const double *, const double *, int, int, int, int, int, int, int, double, double)"
4110199752,4469,4110204221,4146,4110208367,2720,11335,134,134,7,cudaLaunchKernel,  64    1    1, 256    1    1,"<unnamed>::unpack_face_y(const double *, double *, int, int, int, int, int)"
4110199963,3837,4110203800,4088,4110207888,4352,12277,122,122,1,cudaLaunchKernel, 128    1    1, 256    1    1,"<unnamed>::step_kernel_boundary_x_faces(const double *, const double *, double *, const double *, const double *, int, int, int, int, int, int, int, double, double)"
4110204491,3657,4110208148,5532,4110213680,4416,13605,122,122,1,cudaLaunchKernel, 126    1    1, 256    1    1,"<unnamed>::step_kernel_boundary_y_faces(const double *, const double *, double *, const double *, const double *, int, int, int, int, int, int, int, double, double)"
4110204501,3837,4110208338,3716,4110212054,4480,12033,124,124,3,cudaLaunchKernel, 126    1    1, 256    1    1,"<unnamed>::step_kernel_boundary_y_faces(const double *, const double *, double *, const double *, const double *, int, int, int, int, int, int, int, double, double)"
4110204922,4949,4110209871,3776,4110213647,3136,11861,134,134,7,cudaLaunchKernel,  64    1    1, 256    1    1,"<unnamed>::unpack_face_z(const double *, double *, int, int, int, int, int)"
4110208849,3827,4110212676,6668,4110219344,11808,22303,122,122,1,cudaLaunchKernel, 125    1    1, 256    1    1,"<unnamed>::step_kernel_boundary_z_faces(const double *, const double *, double *, const double *, const double *, int, int, int, int, int, int, int, double, double)"
4110208869,3988,4110212857,5085,4110217942,12000,21073,124,124,3,cudaLaunchKernel, 125    1    1, 256    1    1,"<unnamed>::step_kernel_boundary_z_faces(const double *, const double *, double *, const double *, const double *, int, int, int, int, int, int, int, double, double)"
4110210933,3787,4110214720,3503,4110218223,4480,11770,134,134,7,cudaLaunchKernel, 128    1    1, 256    1    1,"<unnamed>::step_kernel_boundary_x_faces(const double *, const double *, double *, const double *, const double *, int, int, int, int, int, int, int, double, double)"
4110215361,3727,4110219088,4799,4110223887,4832,13358,134,134,7,cudaLaunchKernel, 126    1    1, 256    1    1,"<unnamed>::step_kernel_boundary_y_faces(const double *, const double *, double *, const double *, const double *, int, int, int, int, int, int, int, double, double)"
4110219710,4007,4110223717,6186,4110229903,11904,22097,134,134,7,cudaLaunchKernel, 125    1    1, 256    1    1,"<unnamed>::step_kernel_boundary_z_faces(const double *, const double *, double *, const double *, const double *, int, int, int, int, int, int, int, double, double)"
4110221032,4238,4110225270,6016,4110231286,3072,13326,124,124,3,cudaLaunchKernel,  64    1    1, 256    1    1,"<unnamed>::pack_face_x(const double *, double *, int, int, int, int, int)"
4110222164,4098,4110226262,6362,4110232624,3072,13532,122,122,1,cudaLaunchKernel,  64    1    1, 256    1    1,"<unnamed>::pack_face_x(const double *, double *, int, int, int, int, int)"
4110225831,3426,4110229257,6381,4110235638,3136,12943,124,124,3,cudaLaunchKernel,  64    1    1, 256    1    1,"<unnamed>::pack_face_y(const double *, double *, int, int, int, int, int)"
4110226863,3627,4110230490,6454,4110236944,3072,13153,122,122,1,cudaLaunchKernel,  64    1    1, 256    1    1,"<unnamed>::pack_face_y(const double *, double *, int, int, int, int, int)"
4110229839,3747,4110233586,6596,4110240182,4800,15143,124,124,3,cudaLaunchKernel,  64    1    1, 256    1    1,"<unnamed>::pack_face_z(const double *, double *, int, int, int, int, int)"
4110232864,3567,4110236431,6496,4110242927,3168,13231,134,134,7,cudaLaunchKernel,  64    1    1, 256    1    1,"<unnamed>::pack_face_x(const double *, double *, int, int, int, int, int)"
4110234317,4188,4110238505,3085,4110241590,48000,55273,124,124,3,cudaLaunchKernel,   4   32   32,  32    4    4,"<unnamed>::step_kernel_interior(const double *, const double *, double *, const double *, const double *, int, int, int, int, int, int, int, double, double)"
4110236992,4508,4110241500,6003,4110247503,3104,13615,134,134,7,cudaLaunchKernel,  64    1    1, 256    1    1,"<unnamed>::pack_face_y(const double *, double *, int, int, int, int, int)"
4110242062,3386,4110245448,6535,4110251983,4032,13953,134,134,7,cudaLaunchKernel,  64    1    1, 256    1    1,"<unnamed>::pack_face_z(const double *, double *, int, int, int, int, int)"
4110246370,4207,4110250577,3358,4110253935,48800,56365,134,134,7,cudaLaunchKernel,   4   32   32,  32    4    4,"<unnamed>::step_kernel_interior(const double *, const double *, double *, const double *, const double *, int, int, int, int, int, int, int, double, double)"
4110260125,4859,4110264984,2840,4110267824,4320,12019,122,122,1,cudaLaunchKernel,  64    1    1, 256    1    1,"<unnamed>::pack_face_z(const double *, double *, int, int, int, int, int)"
4110266177,4368,4110270545,3039,4110273584,48064,55471,122,122,1,cudaLaunchKernel,   4   32   32,  32    4    4,"<unnamed>::step_kernel_interior(const double *, const double *, double *, const double *, const double *, int, int, int, int, int, int, int, double, double)"
4110327843,6162,4110334005,3105,4110337110,2656,11923,124,124,3,cudaLaunchKernel,  64    1    1, 256    1    1,"<unnamed>::unpack_face_x(const double *, double *, int, int, int, int, int)"
4110334616,3547,4110338163,4290,4110342453,2656,10493,124,124,3,cudaLaunchKernel,  64    1    1, 256    1    1,"<unnamed>::unpack_face_y(const double *, double *, int, int, int, int, int)"
4110338674,3476,4110342150,4175,4110346325,3104,10755,124,124,3,cudaLaunchKernel,  64    1    1, 256    1    1,"<unnamed>::unpack_face_z(const double *, double *, int, int, int, int, int)"
4110343042,3527,4110346569,4140,4110350709,4384,12051,124,124,3,cudaLaunchKernel, 128    1    1, 256    1    1,"<unnamed>::step_kernel_boundary_x_faces(const double *, const double *, double *, const double *, const double *, int, int, int, int, int, int, int, double, double)"
4110347049,3727,4110350776,5725,4110356501,4512,13964,124,124,3,cudaLaunchKernel, 126    1    1, 256    1    1,"<unnamed>::step_kernel_boundary_y_faces(const double *, const double *, double *, const double *, const double *, int, int, int, int, int, int, int, double, double)"
4110351267,3687,4110354954,7179,4110362133,11584,22450,124,124,3,cudaLaunchKernel, 125    1    1, 256    1    1,"<unnamed>::step_kernel_boundary_z_faces(const double *, const double *, double *, const double *, const double *, int, int, int, int, int, int, int, double, double)"
4110362188,3837,4110366025,8940,4110374965,3168,15945,124,124,3,cudaLaunchKernel,  64    1    1, 256    1    1,"<unnamed>::pack_face_x(const double *, double *, int, int, int, int, int)"
4110366536,3466,4110370002,9379,4110379381,3168,16013,124,124,3,cudaLaunchKernel,  64    1    1, 256    1    1,"<unnamed>::pack_face_y(const double *, double *, int, int, int, int, int)"
4110370553,3527,4110374080,53589,4110427669,5344,62460,124,124,3,cudaLaunchKernel,  64    1    1, 256    1    1,"<unnamed>::pack_face_z(const double *, double *, int, int, int, int, int)"
4110374812,5270,4110380082,2691,4110382773,48960,56921,124,124,3,cudaLaunchKernel,   4   32   32,  32    4    4,"<unnamed>::step_kernel_interior(const double *, const double *, double *, const double *, const double *, int, int, int, int, int, int, int, double, double)"
4125275026,12763,4125287789,1987,4125289776,2720,17470,121,121,0,cudaLaunchKernel,  64    1    1, 256    1    1,"<unnamed>::unpack_face_x(const double *, double *, int, int, int, int, int)"
4125280856,12434,4125293290,1614,4125294904,2752,16800,131,131,6,cudaLaunchKernel,  64    1    1, 256    1    1,"<unnamed>::unpack_face_x(const double *, double *, int, int, int, int, int)"
4125284273,34274,4125318547,1855,4125320402,2720,38849,126,126,5,cudaLaunchKernel,  64    1    1, 256    1    1,"<unnamed>::unpack_face_x(const double *, double *, int, int, int, int, int)"
4125288601,4809,4125293410,4430,4125297840,2752,11991,121,121,0,cudaLaunchKernel,  64    1    1, 256    1    1,"<unnamed>::unpack_face_y(const double *, double *, int, int, int, int, int)"
4125290855,16752,4125307607,755,4125308362,2752,20259,125,125,4,cudaLaunchKernel,  64    1    1, 256    1    1,"<unnamed>::unpack_face_x(const double *, double *, int, int, int, int, int)"
4125294051,3807,4125297858,4654,4125302512,3200,11661,121,121,0,cudaLaunchKernel,  64    1    1, 256    1    1,"<unnamed>::unpack_face_z(const double *, double *, int, int, int, int, int)"
4125294141,5801,4125299942,4178,4125304120,2719,12698,131,131,6,cudaLaunchKernel,  64    1    1, 256    1    1,"<unnamed>::unpack_face_y(const double *, double *, int, int, int, int, int)"
4125298940,3978,4125302918,4074,4125306992,4544,12596,121,121,0,cudaLaunchKernel, 128    1    1, 256    1    1,"<unnamed>::step_kernel_boundary_x_faces(const double *, const double *, double *, const double *, const double *, int, int, int, int, int, int, int, double, double)"
4125300624,3757,4125304381,4506,4125308887,3168,11431,131,131,6,cudaLaunchKernel,  64    1    1, 256    1    1,"<unnamed>::unpack_face_z(const double *, double *, int, int, int, int, int)"
4125303479,4118,4125307597,5379,4125312976,4576,14073,121,121,0,cudaLaunchKernel, 126    1    1, 256    1    1,"<unnamed>::step_kernel_boundary_y_faces(const double *, const double *, double *, const double *, const double *, int, int, int, int, int, int, int, double, double)"
4125305453,3536,4125308989,4634,4125313623,4416,12586,131,131,6,cudaLaunchKernel, 128    1    1, 256    1    1,"<unnamed>::step_kernel_boundary_x_faces(const double *, const double *, double *, const double *, const double *, int, int, int, int, int, int, int, double, double)"
4125308278,3997,4125312275,6557,4125318832,11840,22394,121,121,0,cudaLaunchKernel, 125    1    1, 256    1    1,"<unnamed>::step_kernel_boundary_z_faces(const double *, const double *, double *, const double *, const double *, int, int, int, int, int, int, int, double, double)"
4125308629,5640,4125314269,2541,4125316810,2720,10901,125,125,4,cudaLaunchKernel,  64    1    1, 256    1    1,"<unnamed>::unpack_face_y(const double *, double *, int, int, int, int, int)"
4125309590,3387,4125312977,6534,4125319511,4480,14401,131,131,6,cudaLaunchKernel, 126    1    1, 256    1    1,"<unnamed>::step_kernel_boundary_y_faces(const double *, const double *, double *, const double *, const double *, int, int, int, int, int, int, int, double, double)"
4125313588,3577,4125317165,8234,4125325399,11872,23683,131,131,6,cudaLaunchKernel, 125    1    1, 256    1    1,"<unnamed>::step_kernel_boundary_z_faces(const double *, const double *, double *, const double *, const double *, int, int, int, int, int, int, int, double, double)"
4125315061,4989,4125320050,3704,4125323754,3136,11829,125,125,4,cudaLaunchKernel,  64    1    1, 256    1    1,"<unnamed>::unpack_face_z(const double *, double *, int, int, int, int, int)"
4125319429,4128,4125323557,4173,4125327730,2720,11021,126,126,5,cudaLaunchKernel,  64    1    1, 256    1    1,"<unnamed>::unpack_face_y(const double *, double *, int, int, int, int, int)"
4125321362,4429,4125325791,2539,4125328330,4320,11288,125,125,4,cudaLaunchKernel, 128    1    1, 256    1    1,"<unnamed>::step_kernel_boundary_x_faces(const double *, const double *, double *, const double *, const double *, int, int, int, int, int, int, int, double, double)"
4125324168,3456,4125327624,4490,4125332114,3168,11114,126,126,5,cudaLaunchKernel,  64    1    1, 256    1    1,"<unnamed>::unpack_face_z(const double *, double *, int, int, int, int, int)"
4125326522,4088,4125330610,3224,4125333834,4480,11792,125,125,4,cudaLaunchKernel, 126    1    1, 256    1    1,"<unnamed>::step_kernel_boundary_y_faces(const double *, const double *, double *, const double *, const double *, int, int, int, int, int, int, int, double, double)"
4125328756,3587,4125332343,4251,4125336594,4896,12734,126,126,5,cudaLaunchKernel, 128    1    1, 256    1    1,"<unnamed>::step_kernel_boundary_x_faces(const double *, const double *, double *, const double *, const double *, int, int, int, int, int, int, int, double, double)"
4125331341,4739,4125336080,3354,4125339434,11584,19677,125,125,4,cudaLaunchKernel, 125    1    1, 256    1    1,"<unnamed>::step_kernel_boundary_z_faces(const double *, const double *, double *, const double *, const double *, int, int, int, int, int, int, int, double, double)"
4125332944,3517,4125336461,6245,4125342706,4544,14306,126,126,5,cudaLaunchKernel, 126    1    1, 256    1    1,"<unnamed>::step_kernel_boundary_y_faces(const double *, const double *, double *, const double *, const double *, int, int, int, int, int, int, int, double, double)"
4125337022,3436,4125340458,8104,4125348562,12096,23636,126,126,5,cudaLaunchKernel, 125    1    1, 256    1    1,"<unnamed>::step_kernel_boundary_z_faces(const double *, const double *, double *, const double *, const double *, int, int, int, int, int, int, int, double, double)"
4125346500,5491,4125351991,2552,4125354543,2976,11019,121,121,0,cudaLaunchKernel,  64    1    1, 256    1    1,"<unnamed>::pack_face_x(const double *, double *, int, int, int, int, int)"
4125349185,5110,4125354295,2259,4125356554,2976,10345,125,125,4,cudaLaunchKernel,  64    1    1, 256    1    1,"<unnamed>::pack_face_x(const double *, double *, int, int, int, int, int)"
4125351109,5250,4125356359,2736,4125359095,3008,10994,131,131,6,cudaLaunchKernel,  64    1    1, 256    1    1,"<unnamed>::pack_face_x(const double *, double *, int, int, int, int, int)"
4125352642,3837,4125356479,3152,4125359631,3264,10253,121,121,0,cudaLaunchKernel,  64    1    1, 256    1    1,"<unnamed>::pack_face_y(const double *, double *, int, int, int, int, int)"
4125354966,3958,4125358924,3742,4125362666,3104,10804,125,125,4,cudaLaunchKernel,  64    1    1, 256    1    1,"<unnamed>::pack_face_y(const double *, double *, int, int, int, int, int)"
4125357090,3697,4125360787,3012,4125363799,3104,9813,131,131,6,cudaLaunchKernel,  64    1    1, 256    1    1,"<unnamed>::pack_face_y(const double *, double *, int, int, int, int, int)"
4125357110,3707,4125360817,3582,4125364399,4096,11385,121,121,0,cudaLaunchKernel,  64    1    1, 256    1    1,"<unnamed>::pack_face_z(const double *, double *, int, int, int, int, int)"
4125359695,4018,4125363713,3209,4125366922,3903,11130,125,125,4,cudaLaunchKernel,  64    1    1, 256    1    1,"<unnamed>::pack_face_z(const double *, double *, int, int, int, int, int)"
4125361489,3596,4125365085,3162,4125368247,3904,10662,131,131,6,cudaLaunchKernel,  64    1    1, 256    1    1,"<unnamed>::pack_face_z(const double *, double *, int, int, int, int, int)"
4125361659,4298,4125365957,3562,4125369519,47616,55476,121,121,0,cudaLaunchKernel,   4   32   32,  32    4    4,"<unnamed>::step_kernel_interior(const double *, const double *, double *, const double *, const double *, int, int, int, int, int, int, int, double, double)"
4125364835,5951,4125370786,2567,4125373353,47776,56294,125,125,4,cudaLaunchKernel,   4   32   32,  32    4    4,"<unnamed>::step_kernel_interior(const double *, const double *, double *, const double *, const double *, int, int, int, int, int, int, int, double, double)"
4125366047,4218,4125370265,3166,4125373431,48512,55896,131,131,6,cudaLaunchKernel,   4   32   32,  32    4    4,"<unnamed>::step_kernel_interior(const double *, const double *, double *, const double *, const double *, int, int, int, int, int, int, int, double, double)"
4125374132,5060,4125379192,2458,4125381650,3104,10622,126,126,5,cudaLaunchKernel,  64    1    1, 256    1    1,"<unnamed>::pack_face_x(const double *, double *, int, int, int, int, int)"
4125379773,3196,4125382969,4377,4125387346,3008,10581,126,126,5,cudaLaunchKernel,  64    1    1, 256    1    1,"<unnamed>::pack_face_y(const double *, double *, int, int, int, int, int)"
4125383580,3547,4125387127,4411,4125391538,4096,12054,126,126,5,cudaLaunchKernel,  64    1    1, 256    1    1,"<unnamed>::pack_face_z(const double *, double *, int, int, int, int, int)"
4125387998,3647,4125391645,3125,4125394770,48096,54868,126,126,5,cudaLaunchKernel,   4   32   32,  32    4    4,"<unnamed>::step_kernel_interior(const double *, const double *, double *, const double *, const double *, int, int, int, int, int, int, int, double, double)"
4125432081,11261,4125443342,1385,4125444727,2656,15302,123,123,2,cudaLaunchKernel,  64    1    1, 256    1    1,"<unnamed>::unpack_face_x(const double *, double *, int, int, int, int, int)"
4125444045,4237,4125448282,4253,4125452535,2656,11146,123,123,2,cudaLaunchKernel,  64    1    1, 256    1    1,"<unnamed>::unpack_face_y(const double *, double *, int, int, int, int, int)"
4125448934,3707,4125452641,3830,4125456471,3104,10641,123,123,2,cudaLaunchKernel,  64    1    1, 256    1    1,"<unnamed>::unpack_face_z(const double *, double *, int, int, int, int, int)"
4125453602,3537,4125457139,3844,4125460983,4288,11669,123,123,2,cudaLaunchKernel, 128    1    1, 256    1    1,"<unnamed>::step_kernel_boundary_x_faces(const double *, const double *, double *, const double *, const double *, int, int, int, int, int, int, int, double, double)"
4125453793,12143,4125465936,1780,4125467716,2784,16707,134,134,7,cudaLaunchKernel,  64    1    1, 256    1    1,"<unnamed>::unpack_face_x(const double *, double *, int, int, int, int, int)"
4125455706,16662,4125472368,1150,4125473518,2656,20468,122,122,1,cudaLaunchKernel,  64    1    1, 256    1    1,"<unnamed>::unpack_face_x(const double *, double *, int, int, int, int, int)"
4125457901,3857,4125461758,4761,4125466519,4447,13065,123,123,2,cudaLaunchKernel, 126    1    1, 256    1    1,"<unnamed>::step_kernel_boundary_y_faces(const double *, const double *, double *, const double *, const double *, int, int, int, int, int, int, int, double, double)"
4125462259,3516,4125465775,6439,4125472214,11584,21539,123,123,2,cudaLaunchKernel, 125    1    1, 256    1    1,"<unnamed>::step_kernel_boundary_z_faces(const double *, const double *, double *, const double *, const double *, int, int, int, int, int, int, int, double, double)"
4125466697,4078,4125470775,4141,4125474916,2688,10907,134,134,7,cudaLaunchKernel,  64    1    1, 256    1    1,"<unnamed>::unpack_face_y(const double *, double *, int, int, int, int, int)"
4125471376,4558,4125475934,2886,4125478820,3168,10612,134,134,7,cudaLaunchKernel,  64    1    1, 256    1    1,"<unnamed>::unpack_face_z(const double *, double *, int, int, int, int, int)"
4125473971,8205,4125482176,2126,4125484302,2688,13019,122,122,1,cudaLaunchKernel,  64    1    1, 256    1    1,"<unnamed>::unpack_face_y(const double *, double *, int, int, int, int, int)"
4125476946,3908,4125480854,3278,4125484132,4416,11602,134,134,7,cudaLaunchKernel, 128    1    1, 256    1    1,"<unnamed>::step_kernel_boundary_x_faces(const double *, const double *, double *, const double *, const double *, int, int, int, int, int, int, int, double, double)"
4125481475,3677,4125485152,4580,4125489732,4384,12641,134,134,7,cudaLaunchKernel, 126    1    1, 256    1    1,"<unnamed>::step_kernel_boundary_y_faces(const double *, const double *, double *, const double *, const double *, int, int, int, int, int, int, int, double, double)"
4125483509,7534,4125491043,3723,4125494766,3168,14425,122,122,1,cudaLaunchKernel,  64    1    1, 256    1    1,"<unnamed>::unpack_face_z(const double *, double *, int, int, int, int, int)"
4125485813,3506,4125489319,5949,4125495268,11968,21423,134,134,7,cudaLaunchKernel, 125    1    1, 256    1    1,"<unnamed>::step_kernel_boundary_z_faces(const double *, const double *, double *, const double *, const double *, int, int, int, int, int, int, int, double, double)"
4125487055,4949,4125492004,2610,4125494614,3008,10567,123,123,2,cudaLaunchKernel,  64    1    1, 256    1    1,"<unnamed>::pack_face_x(const double *, double *, int, int, int, int, int)"
4125492586,3476,4125496062,3288,4125499350,3040,9804,123,123,2,cudaLaunchKernel,  64    1    1, 256    1    1,"<unnamed>::pack_face_y(const double *, double *, int, int, int, int, int)"
4125492686,7945,4125500631,2487,4125503118,4256,14688,122,122,1,cudaLaunchKernel, 128    1    1, 256    1    1,"<unnamed>::step_kernel_boundary_x_faces(const double *, const double *, double *, const double *, const double *, int, int, int, int, int, int, int, double, double)"
4125496623,4348,4125500971,2923,4125503894,4128,11399,123,123,2,cudaLaunchKernel,  64    1    1, 256    1    1,"<unnamed>::pack_face_z(const double *, double *, int, int, int, int, int)"
4125501653,6913,4125508566,2456,4125511022,4416,13785,122,122,1,cudaLaunchKernel, 126    1    1, 256    1    1,"<unnamed>::step_kernel_boundary_y_faces(const double *, const double *, double *, const double *, const double *, int, int, int, int, int, int, int, double, double)"
4125501783,3687,4125505470,3448,4125508918,48064,55199,123,123,2,cudaLaunchKernel,   4   32   32,  32    4    4,"<unnamed>::step_kernel_interior(const double *, const double *, double *, const double *, const double *, int, int, int, int, int, int, int, double, double)"
4125509668,7123,4125516791,3543,4125520334,11776,22442,122,122,1,cudaLaunchKernel, 125    1    1, 256    1    1,"<unnamed>::step_kernel_boundary_z_faces(const double *, const double *, double *, const double *, const double *, int, int, int, int, int, int, int, double, double)"
4125512743,5721,4125518464,2788,4125521252,3104,11613,134,134,7,cudaLaunchKernel,  64    1    1, 256    1    1,"<unnamed>::pack_face_x(const double *, double *, int, int, int, int, int)"
4125519105,3557,4125522662,3038,4125525700,3104,9699,134,134,7,cudaLaunchKernel,  64    1    1, 256    1    1,"<unnamed>::pack_face_y(const double *, double *, int, int, int, int, int)"
4125523203,3867,4125527070,3110,4125530180,4032,11009,134,134,7,cudaLaunchKernel,  64    1    1, 256    1    1,"<unnamed>::pack_face_z(const double *, double *, int, int, int, int, int)"
4125527952,3877,4125531829,3183,4125535012,48448,55508,134,134,7,cudaLaunchKernel,   4   32   32,  32    4    4,"<unnamed>::step_kernel_interior(const double *, const double *, double *, const double *, const double *, int, int, int, int, int, int, int, double, double)"
4125555424,12063,4125567487,1295,4125568782,2912,16270,122,122,1,cudaLaunchKernel,  64    1    1, 256    1    1,"<unnamed>::pack_face_x(const double *, double *, int, int, int, int, int)"
4125568629,7374,4125576003,2571,4125578574,3296,13241,122,122,1,cudaLaunchKernel,  64    1    1, 256    1    1,"<unnamed>::pack_face_y(const double *, double *, int, int, int, int, int)"
4125577245,7745,4125584990,2480,4125587470,4128,14353,122,122,1,cudaLaunchKernel,  64    1    1, 256    1    1,"<unnamed>::pack_face_z(const double *, double *, int, int, int, int, int)"
4125586793,7775,4125594568,3142,4125597710,48448,59365,122,122,1,cudaLaunchKernel,   4   32   32,  32    4    4,"<unnamed>::step_kernel_interior(const double *, const double *, double *, const double *, const double *, int, int, int, int, int, int, int, double, double)"
4125642599,9748,4125652347,2494,4125654841,2656,14898,124,124,3,cudaLaunchKernel,  64    1    1, 256    1    1,"<unnamed>::unpack_face_x(const double *, double *, int, int, int, int, int)"
4125653049,5319,4125658368,4185,4125662553,2560,12064,124,124,3,cudaLaunchKernel,  64    1    1, 256    1    1,"<unnamed>::unpack_face_y(const double *, double *, int, int, int, int, int)"
4125658920,3696,4125662616,3745,4125666361,3104,10545,124,124,3,cudaLaunchKernel,  64    1    1, 256    1    1,"<unnamed>::unpack_face_z(const double *, double *, int, int, int, int, int)"
4125663538,3918,4125667456,3321,4125670777,4192,11431,124,124,3,cudaLaunchKernel, 128    1    1, 256    1    1,"<unnamed>::step_kernel_boundary_x_faces(const double *, const double *, double *, const double *, const double *, int, int, int, int, int, int, int, double, double)"
4125667987,3516,4125671503,4810,4125676313,4416,12742,124,124,3,cudaLaunchKernel, 126    1    1, 256    1    1,"<unnamed>::step_kernel_boundary_y_faces(const double *, const double *, double *, const double *, const double *, int, int, int, int, int, int, int, double, double)"
4125672004,3507,4125675511,6434,4125681945,11168,21109,124,124,3,cudaLaunchKernel, 125    1    1, 256    1    1,"<unnamed>::step_kernel_boundary_z_faces(const double *, const double *, double *, const double *, const double *, int, int, int, int, int, int, int, double, double)"
4125683215,3787,4125687002,7455,4125694457,3200,14442,124,124,3,cudaLaunchKernel,  64    1    1, 256    1    1,"<unnamed>::pack_face_x(const double *, double *, int, int, int, int, int)"
4125687623,3527,4125691150,7883,4125699033,3072,14482,124,124,3,cudaLaunchKernel,  64    1    1, 256    1    1,"<unnamed>::pack_face_y(const double *, double *, int, int, int, int, int)"
4125691681,3356,4125695037,53212,4125748249,5632,62200,124,124,3,cudaLaunchKernel,  64    1    1, 256    1    1,"<unnamed>::pack_face_z(const double *, double *, int, int, int, int, int)"
4125695869,3857,4125699726,3339,4125703065,49824,57020,124,124,3,cudaLaunchKernel,   4   32   32,  32    4    4,"<unnamed>::step_kernel_interior(const double *, const double *, double *, const double *, const double *, int, int, int, int, int, int, int, double, double)"
4137657219,11812,4137669031,2225,4137671256,2656,16693,121,121,0,cudaLaunchKernel,  64    1    1, 256    1    1,"<unnamed>::unpack_face_x(const double *, double *, int, int, int, int, int)"
4137662088,11011,4137673099,2653,4137675752,2976,16640,131,131,6,cudaLaunchKernel,  64    1    1, 256    1    1,"<unnamed>::unpack_face_x(const double *, double *, int, int, int, int, int)"
4137664683,10360,4137675043,2205,4137677248,3168,15733,126,126,5,cudaLaunchKernel,  64    1    1, 256    1    1,"<unnamed>::unpack_face_x(const double *, double *, int, int, int, int, int)"
4137667719,14988,4137682707,1422,4137684129,2688,19098,125,125,4,cudaLaunchKernel,  64    1    1, 256    1    1,"<unnamed>::unpack_face_x(const double *, double *, int, int, int, int, int)"
4137669803,4238,4137674041,4415,4137678456,3008,11661,121,121,0,cudaLaunchKernel,  64    1    1, 256    1    1,"<unnamed>::unpack_face_y(const double *, double *, int, int, int, int, int)"
4137673900,4980,4137678880,4136,4137683016,2687,11803,131,131,6,cudaLaunchKernel,  64    1    1, 256    1    1,"<unnamed>::unpack_face_y(const double *, double *, int, int, int, int, int)"
4137674622,3627,4137678249,4719,4137682968,3616,11962,121,121,0,cudaLaunchKernel,  64    1    1, 256    1    1,"<unnamed>::unpack_face_z(const double *, double *, int, int, int, int, int)"
4137675764,3717,4137679481,4295,4137683776,2944,10956,126,126,5,cudaLaunchKernel,  64    1    1, 256    1    1,"<unnamed>::unpack_face_y(const double *, double *, int, int, int, int, int)"
4137679170,5120,4137684290,3766,4137688056,4320,13206,121,121,0,cudaLaunchKernel, 128    1    1, 256    1    1,"<unnamed>::step_kernel_boundary_x_faces(const double *, const double *, double *, const double *, const double *, int, int, int, int, int, int, int, double, double)"
4137679541,3577,4137683118,3993,4137687111,3520,11090,131,131,6,cudaLaunchKernel,  64    1    1, 256    1    1,"<unnamed>::unpack_face_z(const double *, double *, int, int, int, int, int)"
4137680062,3326,4137683388,4580,4137687968,3104,11010,126,126,5,cudaLaunchKernel,  64    1    1, 256    1    1,"<unnamed>::unpack_face_z(const double *, double *, int, int, int, int, int)"
4137683518,4289,4137687807,3874,4137691681,2656,10819,125,125,4,cudaLaunchKernel,  64    1    1, 256    1    1,"<unnamed>::unpack_face_y(const double *, double *, int, int, int, int, int)"
4137684049,3448,4137687497,4606,4137692103,4448,12502,131,131,6,cudaLaunchKernel, 128    1    1, 256    1    1,"<unnamed>::step_kernel_boundary_x_faces(const double *, const double *, double *, const double *, const double *, int, int, int, int, int, int, int, double, double)"
4137684290,3427,4137687717,4795,4137692512,4416,12638,126,126,5,cudaLaunchKernel, 128    1    1, 256    1    1,"<unnamed>::step_kernel_boundary_x_faces(const double *, const double *, double *, const double *, const double *, int, int, int, int, int, int, int, double, double)"
4137684841,3758,4137688599,4993,4137693592,4512,13263,121,121,0,cudaLaunchKernel, 126    1    1, 256    1    1,"<unnamed>::step_kernel_boundary_y_faces(const double *, const double *, double *, const double *, const double *, int, int, int, int, int, int, int, double, double)"
4137688068,3446,4137691514,6285,4137697799,4416,14147,131,131,6,cudaLaunchKernel, 126    1    1, 256    1    1,"<unnamed>::step_kernel_boundary_y_faces(const double *, const double *, double *, const double *, const double *, int, int, int, int, int, int, int, double, double)"
4137688278,3677,4137691955,6413,4137698368,4512,14602,126,126,5,cudaLaunchKernel, 126    1    1, 256    1    1,"<unnamed>::step_kernel_boundary_y_faces(const double *, const double *, double *, const double *, const double *, int, int, int, int, int, int, int, double, double)"
4137688719,3787,4137692506,3143,4137695649,3104,10034,125,125,4,cudaLaunchKernel,  64    1    1, 256    1    1,"<unnamed>::unpack_face_z(const double *, double *, int, int, int, int, int)"
4137689140,3567,4137692707,6869,4137699576,12064,22500,121,121,0,cudaLaunchKernel, 125    1    1, 256    1    1,"<unnamed>::step_kernel_boundary_z_faces(const double *, const double *, double *, const double *, const double *, int, int, int, int, int, int, int, double, double)"
4137692166,3386,4137695552,7911,4137703463,11712,23009,131,131,6,cudaLaunchKernel, 125    1    1, 256    1    1,"<unnamed>::step_kernel_boundary_z_faces(const double *, const double *, double *, const double *, const double *, int, int, int, int, int, int, int, double, double)"
4137693057,3437,4137696494,7634,4137704128,11936,23007,126,126,5,cudaLaunchKernel, 125    1    1, 256    1    1,"<unnamed>::step_kernel_boundary_z_faces(const double *, const double *, double *, const double *, const double *, int, int, int, int, int, int, int, double, double)"
4137693548,3497,4137697045,2860,4137699905,4320,10677,125,125,4,cudaLaunchKernel, 128    1    1, 256    1    1,"<unnamed>::step_kernel_boundary_x_faces(const double *, const double *, double *, const double *, const double *, int, int, int, int, int, int, int, double, double)"
4137697706,3637,4137701343,4226,4137705569,4480,12343,125,125,4,cudaLaunchKernel, 126    1    1, 256    1    1,"<unnamed>::step_kernel_boundary_y_faces(const double *, const double *, double *, const double *, const double *, int, int, int, int, int, int, int, double, double)"
4137701954,3947,4137705901,5492,4137711393,11808,21247,125,125,4,cudaLaunchKernel, 125    1    1, 256    1    1,"<unnamed>::step_kernel_boundary_z_faces(const double *, const double *, double *, const double *, const double *, int, int, int, int, int, int, int, double, double)"
4137715820,3987,4137719807,4610,4137724417,2944,11541,125,125,4,cudaLaunchKernel,  64    1    1, 256    1    1,"<unnamed>::pack_face_x(const double *, double *, int, int, int, int, int)"
4137720389,3286,4137723675,5062,4137728737,3072,11420,125,125,4,cudaLaunchKernel,  64    1    1, 256    1    1,"<unnamed>::pack_face_y(const double *, double *, int, int, int, int, int)"
4137721701,4158,4137725859,3005,4137728864,2944,10107,126,126,5,cudaLaunchKernel,  64    1    1, 256    1    1,"<unnamed>::pack_face_x(const double *, double *, int, int, int, int, int)"
4137724326,3697,4137728023,5130,4137733153,4224,13051,125,125,4,cudaLaunchKernel,  64    1    1, 256    1    1,"<unnamed>::pack_face_z(const double *, double *, int, int, int, int, int)"
4137726360,5069,4137731429,2867,4137734296,3072,11008,121,121,0,cudaLaunchKernel,  64    1    1, 256    1    1,"<unnamed>::pack_face_x(const double *, double *, int, int, int, int, int)"
4137726450,3537,4137729987,3261,4137733248,3040,9838,126,126,5,cudaLaunchKernel,  64    1    1, 256    1    1,"<unnamed>::pack_face_y(const double *, double *, int, int, int, int, int)"
4137728814,5010,4137733824,3207,4137737031,3168,11385,131,131,6,cudaLaunchKernel,  64    1    1, 256    1    1,"<unnamed>::pack_face_x(const double *, double *, int, int, int, int, int)"
4137728884,3748,4137732632,2633,4137735265,48896,55277,125,125,4,cudaLaunchKernel,   4   32   32,  32    4    4,"<unnamed>::step_kernel_interior(const double *, const double *, double *, const double *, const double *, int, int, int, int, int, int, int, double, double)"
4137730618,3246,4137733864,3832,4137737696,4640,11718,126,126,5,cudaLaunchKernel,  64    1    1, 256    1    1,"<unnamed>::pack_face_z(const double *, double *, int, int, int, int, int)"
4137732101,3727,4137735828,3140,4137738968,3200,10067,121,121,0,cudaLaunchKernel,  64    1    1, 256    1    1,"<unnamed>::pack_face_y(const double *, double *, int, int, int, int, int)"
4137734395,3436,4137737831,3616,4137741447,3104,10156,131,131,6,cudaLaunchKernel,  64    1    1, 256    1    1,"<unnamed>::pack_face_y(const double *, double *, int, int, int, int, int)"
4137734806,4137,4137738943,3009,4137741952,48545,55691,126,126,5,cudaLaunchKernel,   4   32   32,  32    4    4,"<unnamed>::step_kernel_interior(const double *, const double *, double *, const double *, const double *, int, int, int, int, int, int, int, double, double)"
4137736348,3828,4137740176,3400,4137743576,4191,11419,121,121,0,cudaLaunchKernel,  64    1    1, 256    1    1,"<unnamed>::pack_face_z(const double *, double *, int, int, int, int, int)"
4137738513,3847,4137742360,3695,4137746055,4064,11606,131,131,6,cudaLaunchKernel,  64    1    1, 256    1    1,"<unnamed>::pack_face_z(const double *, double *, int, int, int, int, int)"
4137741057,3978,4137745035,2988,4137748023,48320,55286,121,121,0,cudaLaunchKernel,   4   32   32,  32    4    4,"<unnamed>::step_kernel_interior(const double *, const double *, double *, const double *, const double *, int, int, int, int, int, int, int, double, double)"
4137743261,3828,4137747089,2518,4137749607,48384,54730,131,131,6,cudaLaunchKernel,   4   32   32,  32    4    4,"<unnamed>::step_kernel_interior(const double *, const double *, double *, const double *, const double *, int, int, int, int, int, int, int, double, double)"
4137812933,14207,4137827140,1672,4137828812,2656,18535,122,122,1,cudaLaunchKernel,  64    1    1, 256    1    1,"<unnamed>::unpack_face_x(const double *, double *, int, int, int, int, int)"
4137828312,6332,4137834644,4088,4137838732,3104,13524,122,122,1,cudaLaunchKernel,  64    1    1, 256    1    1,"<unnamed>::unpack_face_y(const double *, double *, int, int, int, int, int)"
4137835726,49494,4137885220,1032,4137886252,3136,53662,122,122,1,cudaLaunchKernel,  64    1    1, 256    1    1,"<unnamed>::unpack_face_z(const double *, double *, int, int, int, int, int)"
4137888175,9308,4137897483,1985,4137899468,4288,15581,122,122,1,cudaLaunchKernel, 128    1    1, 256    1    1,"<unnamed>::step_kernel_boundary_x_faces(const double *, const double *, double *, const double *, const double *, int, int, int, int, int, int, int, double, double)"
4137898555,7484,4137906039,3477,4137909516,4384,15345,122,122,1,cudaLaunchKernel, 126    1    1, 256    1    1,"<unnamed>::step_kernel_boundary_y_faces(const double *, const double *, double *, const double *, const double *, int, int, int, int, int, int, int, double, double)"
4137907291,6873,4137914164,2488,4137916652,11904,21265,122,122,1,cudaLaunchKernel, 125    1    1, 256    1    1,"<unnamed>::step_kernel_boundary_z_faces(const double *, const double *, double *, const double *, const double *, int, int, int, int, int, int, int, double, double)"
4137931757,12714,4137944471,2155,4137946626,3071,17940,134,134,7,cudaLaunchKernel,  64    1    1, 256    1    1,"<unnamed>::unpack_face_x(const double *, double *, int, int, int, int, int)"
4137945202,4579,4137949781,3692,4137953473,2720,10991,134,134,7,cudaLaunchKernel,  64    1    1, 256    1    1,"<unnamed>::unpack_face_y(const double *, double *, int, int, int, int, int)"
4137945914,12844,4137958758,2049,4137960807,2656,17549,123,123,2,cudaLaunchKernel,  64    1    1, 256    1    1,"<unnamed>::unpack_face_x(const double *, double *, int, int, int, int, int)"
4137946064,17883,4137963947,1633,4137965580,3008,22524,122,122,1,cudaLaunchKernel,  64    1    1, 256    1    1,"<unnamed>::pack_face_x(const double *, double *, int, int, int, int, int)"
4137950472,4919,4137955391,3138,4137958529,3168,11225,134,134,7,cudaLaunchKernel,  64    1    1, 256    1    1,"<unnamed>::unpack_face_z(const double *, double *, int, int, int, int, int)"
4137956383,3928,4137960311,2922,4137963233,4320,11170,134,134,7,cudaLaunchKernel, 128    1    1, 256    1    1,"<unnamed>::step_kernel_boundary_x_faces(const double *, const double *, double *, const double *, const double *, int, int, int, int, int, int, int, double, double)"
4137959529,4378,4137963907,4260,4137968167,2656,11294,123,123,2,cudaLaunchKernel,  64    1    1, 256    1    1,"<unnamed>::unpack_face_y(const double *, double *, int, int, int, int, int)"
4137960912,3486,4137964398,4339,4137968737,4608,12433,134,134,7,cudaLaunchKernel, 126    1    1, 256    1    1,"<unnamed>::step_kernel_boundary_y_faces(const double *, const double *, double *, const double *, const double *, int, int, int, int, int, int, int, double, double)"
4137964659,3898,4137968557,3482,4137972039,3552,10932,123,123,2,cudaLaunchKernel,  64    1    1, 256    1    1,"<unnamed>::unpack_face_z(const double *, double *, int, int, int, int, int)"
4137964839,4229,4137969068,3072,4137972140,3136,10437,122,122,1,cudaLaunchKernel,  64    1    1, 256    1    1,"<unnamed>::pack_face_y(const double *, double *, int, int, int, int, int)"
4137964989,3388,4137968377,6248,4137974625,11808,21444,134,134,7,cudaLaunchKernel, 125    1    1, 256    1    1,"<unnamed>::step_kernel_boundary_z_faces(const double *, const double *, double *, const double *, const double *, int, int, int, int, int, int, int, double, double)"
4137969449,4248,4137973697,3206,4137976903,4256,11710,123,123,2,cudaLaunchKernel, 128    1    1, 256    1    1,"<unnamed>::step_kernel_boundary_x_faces(const double *, const double *, double *, const double *, const double *, int, int, int, int, int, int, int, double, double)"
4137969769,3948,4137973717,2935,4137976652,4160,11043,122,122,1,cudaLaunchKernel,  64    1    1, 256    1    1,"<unnamed>::pack_face_z(const double *, double *, int, int, int, int, int)"
4137974408,3577,4137977985,4358,4137982343,4416,12351,123,123,2,cudaLaunchKernel, 126    1    1, 256    1    1,"<unnamed>::step_kernel_boundary_y_faces(const double *, const double *, double *, const double *, const double *, int, int, int, int, int, int, int, double, double)"
4137974729,4167,4137978896,3196,4137982092,47904,55267,122,122,1,cudaLaunchKernel,   4   32   32,  32    4    4,"<unnamed>::step_kernel_interior(const double *, const double *, double *, const double *, const double *, int, int, int, int, int, int, int, double, double)"
4137978496,3596,4137982092,5947,4137988039,11584,21127,123,123,2,cudaLaunchKernel, 125    1    1, 256    1    1,"<unnamed>::step_kernel_boundary_z_faces(const double *, const double *, double *, const double *, const double *, int, int, int, int, int, int, int, double, double)"
4137990178,5881,4137996059,2630,4137998689,2976,11487,134,134,7,cudaLaunchKernel,  64    1    1, 256    1    1,"<unnamed>::pack_face_x(const double *, double *, int, int, int, int, int)"
4137996660,3506,4138000166,2907,4138003073,2976,9389,134,134,7,cudaLaunchKernel,  64    1    1, 256    1    1,"<unnamed>::pack_face_y(const double *, double *, int, int, int, int, int)"
4138000707,3707,4138004414,4099,4138008513,4224,12030,134,134,7,cudaLaunchKernel,  64    1    1, 256    1    1,"<unnamed>::pack_face_z(const double *, double *, int, int, int, int, int)"
4138003723,5250,4138008973,2426,4138011399,3072,10748,123,123,2,cudaLaunchKernel,  64    1    1, 256    1    1,"<unnamed>::pack_face_x(const double *, double *, int, int, int, int, int)"
4138005286,3977,4138009263,3058,4138012321,48704,55739,134,134,7,cudaLaunchKernel,   4   32   32,  32    4    4,"<unnamed>::step_kernel_interior(const double *, const double *, double *, const double *, const double *, int, int, int, int, int, int, int, double, double)"
4138009544,3276,4138012820,3059,4138015879,3168,9503,123,123,2,cudaLaunchKernel,  64    1    1, 256    1    1,"<unnamed>::pack_face_y(const double *, double *, int, int, int, int, int)"
4138013371,3907,4138017278,3081,4138020359,4128,11116,123,123,2,cudaLaunchKernel,  64    1    1, 256    1    1,"<unnamed>::pack_face_z(const double *, double *, int, int, int, int, int)"
4138018100,3677,4138021777,3446,4138025223,48032,55155,123,123,2,cudaLaunchKernel,   4   32   32,  32    4    4,"<unnamed>::step_kernel_interior(const double *, const double *, double *, const double *, const double *, int, int, int, int, int, int, int, double, double)"
4138114412,13244,4138127656,1760,4138129416,2656,17660,124,124,3,cudaLaunchKernel,  64    1    1, 256    1    1,"<unnamed>::unpack_face_x(const double *, double *, int, int, int, int, int)"
4138128748,7074,4138135822,2426,4138138248,2560,12060,124,124,3,cudaLaunchKernel,  64    1    1, 256    1    1,"<unnamed>::unpack_face_y(const double *, double *, int, int, int, int, int)"
4138136733,6272,4138143005,3818,4138146823,3136,13226,124,124,3,cudaLaunchKernel,  64    1    1, 256    1    1,"<unnamed>::unpack_face_z(const double *, double *, int, int, int, int, int)"
4138144348,7404,4138151752,3743,4138155495,4096,15243,124,124,3,cudaLaunchKernel, 128    1    1, 256    1    1,"<unnamed>::step_kernel_boundary_x_faces(const double *, const double *, double *, const double *, const double *, int, int, int, int, int, int, int, double, double)"
4138152723,24497,4138177220,1891,4138179111,4544,30932,124,124,3,cudaLaunchKernel, 126    1    1, 256    1    1,"<unnamed>::step_kernel_boundary_y_faces(const double *, const double *, double *, const double *, const double *, int, int, int, int, int, int, int, double, double)"
4138178202,4118,4138182320,3159,4138185479,11200,18477,124,124,3,cudaLaunchKernel, 125    1    1, 256    1    1,"<unnamed>::step_kernel_boundary_z_faces(const double *, const double *, double *, const double *, const double *, int, int, int, int, int, int, int, double, double)"
4138192128,4208,4138196336,2615,4138198951,3168,9991,124,124,3,cudaLaunchKernel,  64    1    1, 256    1    1,"<unnamed>::pack_face_x(const double *, double *, int, int, int, int, int)"
4138196977,3918,4138200895,2792,4138203687,3104,9814,124,124,3,cudaLaunchKernel,  64    1    1, 256    1    1,"<unnamed>::pack_face_y(const double *, double *, int, int, int, int, int)"
4138201446,3566,4138205012,3027,4138208039,4000,10593,124,124,3,cudaLaunchKernel,  64    1    1, 256    1    1,"<unnamed>::pack_face_z(const double *, double *, int, int, int, int, int)"
4138206555,4930,4138211485,2602,4138214087,48288,55820,124,124,3,cudaLaunchKernel,   4   32   32,  32    4    4,"<unnamed>::step_kernel_interior(const double *, const double *, double *, const double *, const double *, int, int, int, int, int, int, int, double, double)"
4146994350,10830,4147005180,2226,4147007406,2720,15776,121,121,0,cudaLaunchKernel,  64    1    1, 256    1    1,"<unnamed>::unpack_face_x(const double *, double *, int, int, int, int, int)"
4146999640,10721,4147010361,2282,4147012643,2976,15979,126,126,5,cudaLaunchKernel,  64    1    1, 256    1    1,"<unnamed>::unpack_face_x(const double *, double *, int, int, int, int, int)"
4147002365,10420,4147012785,2258,4147015043,3008,15686,131,131,6,cudaLaunchKernel,  64    1    1, 256    1    1,"<unnamed>::unpack_face_x(const double *, double *, int, int, int, int, int)"
4147005932,4038,4147009970,4444,4147014414,3072,11554,121,121,0,cudaLaunchKernel,  64    1    1, 256    1    1,"<unnamed>::unpack_face_y(const double *, double *, int, int, int, int, int)"
4147008197,16561,4147024758,1413,4147026171,2752,20726,125,125,4,cudaLaunchKernel,  64    1    1, 256    1    1,"<unnamed>::unpack_face_x(const double *, double *, int, int, int, int, int)"
4147010521,3537,4147014058,4900,4147018958,3712,12149,121,121,0,cudaLaunchKernel,  64    1    1, 256    1    1,"<unnamed>::unpack_face_z(const double *, double *, int, int, int, int, int)"
4147010972,3947,4147014919,4380,4147019299,2880,11207,126,126,5,cudaLaunchKernel,  64    1    1, 256    1    1,"<unnamed>::unpack_face_y(const double *, double *, int, int, int, int, int)"
4147013497,5209,4147018706,4209,4147022915,2848,12266,131,131,6,cudaLaunchKernel,  64    1    1, 256    1    1,"<unnamed>::unpack_face_y(const double *, double *, int, int, int, int, int)"
4147014969,5280,4147020249,3893,4147024142,4384,13557,121,121,0,cudaLaunchKernel, 128    1    1, 256    1    1,"<unnamed>::step_kernel_boundary_x_faces(const double *, const double *, double *, const double *, const double *, int, int, int, int, int, int, int, double, double)"
4147015500,3196,4147018696,4795,4147023491,3104,11095,126,126,5,cudaLaunchKernel,  64    1    1, 256    1    1,"<unnamed>::unpack_face_z(const double *, double *, int, int, int, int, int)"
4147019388,3386,4147022774,4493,4147027267,3744,11623,131,131,6,cudaLaunchKernel,  64    1    1, 256    1    1,"<unnamed>::unpack_face_z(const double *, double *, int, int, int, int, int)"
4147019608,3527,4147023135,4612,4147027747,4577,12716,126,126,5,cudaLaunchKernel, 128    1    1, 256    1    1,"<unnamed>::step_kernel_boundary_x_faces(const double *, const double *, double *, const double *, const double *, int, int, int, int, int, int, int, double, double)"
4147020800,3607,4147024407,5751,4147030158,4608,13966,121,121,0,cudaLaunchKernel, 126    1    1, 256    1    1,"<unnamed>::step_kernel_boundary_y_faces(const double *, const double *, double *, const double *, const double *, int, int, int, int, int, int, int, double, double)"
4147023636,3306,4147026942,6598,4147033540,4480,14384,126,126,5,cudaLaunchKernel, 126    1    1, 256    1    1,"<unnamed>::step_kernel_boundary_y_faces(const double *, const double *, double *, const double *, const double *, int, int, int, int, int, int, int, double, double)"
4147023676,3697,4147027373,4918,4147032291,4512,13127,131,131,6,cudaLaunchKernel, 128    1    1, 256    1    1,"<unnamed>::step_kernel_boundary_x_faces(const double *, const double *, double *, const double *, const double *, int, int, int, int, int, int, int, double, double)"
4147024938,3587,4147028525,8129,4147036654,12127,23843,121,121,0,cudaLaunchKernel, 125    1    1, 256    1    1,"<unnamed>::step_kernel_boundary_z_faces(const double *, const double *, double *, const double *, const double *, int, int, int, int, int, int, int, double, double)"
4147025709,5150,4147030859,3664,4147034523,2688,11502,125,125,4,cudaLaunchKernel,  64    1    1, 256    1    1,"<unnamed>::unpack_face_y(const double *, double *, int, int, int, int, int)"
4147027493,3256,4147030749,9127,4147039876,11968,24351,126,126,5,cudaLaunchKernel, 125    1    1, 256    1    1,"<unnamed>::step_kernel_boundary_z_faces(const double *, const double *, double *, const double *, const double *, int, int, int, int, int, int, int, double, double)"
4147027944,3616,4147031560,6619,4147038179,4416,14651,131,131,6,cudaLaunchKernel, 126    1    1, 256    1    1,"<unnamed>::step_kernel_boundary_y_faces(const double *, const double *, double *, const double *, const double *, int, int, int, int, int, int, int, double, double)"
4147031611,4348,4147035959,3076,4147039035,3104,10528,125,125,4,cudaLaunchKernel,  64    1    1, 256    1    1,"<unnamed>::unpack_face_z(const double *, double *, int, int, int, int, int)"
4147032182,3406,4147035588,8575,4147044163,11488,23469,131,131,6,cudaLaunchKernel, 125    1    1, 256    1    1,"<unnamed>::step_kernel_boundary_z_faces(const double *, const double *, double *, const double *, const double *, int, int, int, int, int, int, int, double, double)"
4147037191,4468,4147041659,3296,4147044955,4480,12244,125,125,4,cudaLaunchKernel, 128    1    1, 256    1    1,"<unnamed>::step_kernel_boundary_x_faces(const double *, const double *, double *, const double *, const double *, int, int, int, int, int, int, int, double, double)"
4147042341,3877,4147046218,4369,4147050587,4480,12726,125,125,4,cudaLaunchKernel, 126    1    1, 256    1    1,"<unnamed>::step_kernel_boundary_y_faces(const double *, const double *, double *, const double *, const double *, int, int, int, int, int, int, int, double, double)"
4147046949,4419,4147051368,4979,4147056347,11584,20982,125,125,4,cudaLaunchKernel, 125    1    1, 256    1    1,"<unnamed>::step_kernel_boundary_z_faces(const double *, const double *, double *, const double *, const double *, int, int, int, int, int, int, int, double, double)"
4147069532,5360,4147074892,2616,4147077508,3232,11208,126,126,5,cudaLaunchKernel,  64    1    1, 256    1    1,"<unnamed>::pack_face_x(const double *, double *, int, int, int, int, int)"
4147072617,6883,4147079500,2881,4147082381,3136,12900,121,121,0,cudaLaunchKernel,  64    1    1, 256    1    1,"<unnamed>::pack_face_x(const double *, double *, int, int, int, int, int)"
4147074571,5801,4147080372,3087,4147083459,2944,11832,131,131,6,cudaLaunchKernel,  64    1    1, 256    1    1,"<unnamed>::pack_face_x(const double *, double *, int, int, int, int, int)"
4147075483,3657,4147079140,2816,4147081956,3072,9545,126,126,5,cudaLaunchKernel,  64    1    1, 256    1    1,"<unnamed>::pack_face_y(const double *, double *, int, int, int, int, int)"
4147078949,5400,4147084349,2526,4147086875,3264,11190,125,125,4,cudaLaunchKernel,  64    1    1, 256    1    1,"<unnamed>::pack_face_x(const double *, double *, int, int, int, int, int)"
4147079741,9959,4147089700,2624,4147092324,4416,16999,126,126,5,cudaLaunchKernel,  64    1    1, 256    1    1,"<unnamed>::pack_face_z(const double *, double *, int, int, int, int, int)"
4147080192,3727,4147083919,3038,4147086957,3072,9837,121,121,0,cudaLaunchKernel,  64    1    1, 256    1    1,"<unnamed>::pack_face_y(const double *, double *, int, int, int, int, int)"
4147081033,3457,4147084490,3353,4147087843,3168,9978,131,131,6,cudaLaunchKernel,  64    1    1, 256    1    1,"<unnamed>::pack_face_y(const double *, double *, int, int, int, int, int)"
4147084460,4047,4147088507,4722,4147093229,4064,12833,121,121,0,cudaLaunchKernel,  64    1    1, 256    1    1,"<unnamed>::pack_face_z(const double *, double *, int, int, int, int, int)"
4147085111,4118,4147089229,2382,4147091611,3136,9636,125,125,4,cudaLaunchKernel,  64    1    1, 256    1    1,"<unnamed>::pack_face_y(const double *, double *, int, int, int, int, int)"
4147085131,3587,4147088718,3605,4147092323,4160,11352,131,131,6,cudaLaunchKernel,  64    1    1, 256    1    1,"<unnamed>::pack_face_z(const double *, double *, int, int, int, int, int)"
4147089389,4258,4147093647,2942,4147096589,48192,55392,121,121,0,cudaLaunchKernel,   4   32   32,  32    4    4,"<unnamed>::step_kernel_interior(const double *, const double *, double *, const double *, const double *, int, int, int, int, int, int, int, double, double)"
4147089689,3908,4147093597,2950,4147096547,48448,55306,131,131,6,cudaLaunchKernel,   4   32   32,  32    4    4,"<unnamed>::step_kernel_interior(const double *, const double *, double *, const double *, const double *, int, int, int, int, int, int, int, double, double)"
4147089910,4258,4147094168,2691,4147096859,4032,10981,125,125,4,cudaLaunchKernel,  64    1    1, 256    1    1,"<unnamed>::pack_face_z(const double *, double *, int, int, int, int, int)"
4147090741,3407,4147094148,3392,4147097540,48416,55215,126,126,5,cudaLaunchKernel,   4   32   32,  32    4    4,"<unnamed>::step_kernel_interior(const double *, const double *, double *, const double *, const double *, int, int, int, int, int, int, int, double, double)"
4147095200,4468,4147099668,2823,4147102491,47840,55131,125,125,4,cudaLaunchKernel,   4   32   32,  32    4    4,"<unnamed>::step_kernel_interior(const double *, const double *, double *, const double *, const double *, int, int, int, int, int, int, int, double, double)"
4147152548,26961,4147179509,1167,4147180676,2656,30784,123,123,2,cudaLaunchKernel,  64    1    1, 256    1    1,"<unnamed>::unpack_face_x(const double *, double *, int, int, int, int, int)"
4147169220,11060,4147180280,2224,4147182504,3200,16484,134,134,7,cudaLaunchKernel,  64    1    1, 256    1    1,"<unnamed>::unpack_face_x(const double *, double *, int, int, int, int, int)"
4147180341,4077,4147184418,4578,4147188996,2688,11343,123,123,2,cudaLaunchKernel,  64    1    1, 256    1    1,"<unnamed>::unpack_face_y(const double *, double *, int, int, int, int, int)"
4147181042,3957,4147184999,4353,4147189352,2624,10934,134,134,7,cudaLaunchKernel,  64    1    1, 256    1    1,"<unnamed>::unpack_face_y(const double *, double *, int, int, int, int, int)"
4147182985,16673,4147199658,1216,4147200874,2688,20577,122,122,1,cudaLaunchKernel,  64    1    1, 256    1    1,"<unnamed>::unpack_face_x(const double *, double *, int, int, int, int, int)"
4147185029,9279,4147194308,2848,4147197156,3552,15679,123,123,2,cudaLaunchKernel,  64    1    1, 256    1    1,"<unnamed>::unpack_face_z(const double *, double *, int, int, int, int, int)"
4147185590,4819,4147190409,2879,4147193288,3136,10834,134,134,7,cudaLaunchKernel,  64    1    1, 256    1    1,"<unnamed>::unpack_face_z(const double *, double *, int, int, int, int, int)"
4147191722,3788,4147195510,4114,4147199624,4320,12222,134,134,7,cudaLaunchKernel, 128    1    1, 256    1    1,"<unnamed>::step_kernel_boundary_x_faces(const double *, const double *, double *, const double *, const double *, int, int, int, int, int, int, int, double, double)"
4147195259,4058,4147199317,4431,4147203748,4128,12617,123,123,2,cudaLaunchKernel, 128    1    1, 256    1    1,"<unnamed>::step_kernel_boundary_x_faces(const double *, const double *, double *, const double *, const double *, int, int, int, int, int, int, int, double, double)"
4147196051,3707,4147199758,5434,4147205192,4576,13717,134,134,7,cudaLaunchKernel, 126    1    1, 256    1    1,"<unnamed>::step_kernel_boundary_y_faces(const double *, const double *, double *, const double *, const double *, int, int, int, int, int, int, int, double, double)"
4147199878,3397,4147203275,5881,4147209156,4448,13726,123,123,2,cudaLaunchKernel, 126    1    1, 256    1    1,"<unnamed>::step_kernel_boundary_y_faces(const double *, const double *, double *, const double *, const double *, int, int, int, int, int, int, int, double, double)"
4147200359,3687,4147204046,7066,4147211112,11552,22305,134,134,7,cudaLaunchKernel, 125    1    1, 256    1    1,"<unnamed>::step_kernel_boundary_z_faces(const double *, const double *, double *, const double *, const double *, int, int, int, int, int, int, int, double, double)"
4147201040,7945,4147208985,2289,4147211274,2944,13178,122,122,1,cudaLaunchKernel,  64    1    1, 256    1    1,"<unnamed>::unpack_face_y(const double *, double *, int, int, int, int, int)"
4147203936,3366,4147207302,7454,4147214756,12032,22852,123,123,2,cudaLaunchKernel, 125    1    1, 256    1    1,"<unnamed>::step_kernel_boundary_z_faces(const double *, const double *, double *, const double *, const double *, int, int, int, int, int, int, int, double, double)"
4147210208,7373,4147217581,3709,4147221290,3136,14218,122,122,1,cudaLaunchKernel,  64    1    1, 256    1    1,"<unnamed>::unpack_face_z(const double *, double *, int, int, int, int, int)"
4147219134,7013,4147226147,3335,4147229482,4320,14668,122,122,1,cudaLaunchKernel, 128    1    1, 256    1    1,"<unnamed>::step_kernel_boundary_x_faces(const double *, const double *, double *, const double *, const double *, int, int, int, int, int, int, int, double, double)"
4147223292,5791,4147229083,2508,4147231591,2912,11211,134,134,7,cudaLaunchKernel,  64    1    1, 256    1    1,"<unnamed>::pack_face_x(const double *, double *, int, int, int, int, int)"
4147226518,4789,4147231307,2457,4147233764,3104,10350,123,123,2,cudaLaunchKernel,  64    1    1, 256    1    1,"<unnamed>::pack_face_x(const double *, double *, int, int, int, int, int)"
4147227169,7064,4147234233,2705,4147236938,4480,14249,122,122,1,cudaLaunchKernel, 126    1    1, 256    1    1,"<unnamed>::step_kernel_boundary_y_faces(const double *, const double *, double *, const double *, const double *, int, int, int, int, int, int, int, double, double)"
4147229704,3687,4147233391,4120,4147237511,3104,10911,134,134,7,cudaLaunchKernel,  64    1    1, 256    1    1,"<unnamed>::pack_face_y(const double *, double *, int, int, int, int, int)"
4147231858,3958,4147235816,4380,4147240196,3104,11442,123,123,2,cudaLaunchKernel,  64    1    1, 256    1    1,"<unnamed>::pack_face_y(const double *, double *, int, int, int, int, int)"
4147234032,5010,4147239042,2981,4147242023,4352,12343,134,134,7,cudaLaunchKernel,  64    1    1, 256    1    1,"<unnamed>::pack_face_z(const double *, double *, int, int, int, int, int)"
4147235395,7414,4147242809,2289,4147245098,12000,21703,122,122,1,cudaLaunchKernel, 125    1    1, 256    1    1,"<unnamed>::step_kernel_boundary_z_faces(const double *, const double *, double *, const double *, const double *, int, int, int, int, int, int, int, double, double)"
4147236357,32791,,,4147244644,4000,32791,123,123,2,cudaLaunchKernel,  64    1    1, 256    1    1,"<unnamed>::pack_face_z(const double *, double *, int, int, int, int, int)"
4147239833,3897,4147243730,3285,4147247015,49184,56366,134,134,7,cudaLaunchKernel,   4   32   32,  32    4    4,"<unnamed>::step_kernel_interior(const double *, const double *, double *, const double *, const double *, int, int, int, int, int, int, int, double, double)"
4147270220,4689,4147274909,3079,4147277988,48000,55768,123,123,2,cudaLaunchKernel,   4   32   32,  32    4    4,"<unnamed>::step_kernel_interior(const double *, const double *, double *, const double *, const double *, int, int, int, int, int, int, int, double, double)"
4147276522,6973,4147283495,2595,4147286090,2944,12512,122,122,1,cudaLaunchKernel,  64    1    1, 256    1    1,"<unnamed>::pack_face_x(const double *, double *, int, int, int, int, int)"
4147284136,4228,4147288364,2974,4147291338,3072,10274,122,122,1,cudaLaunchKernel,  64    1    1, 256    1    1,"<unnamed>::pack_face_y(const double *, double *, int, int, int, int, int)"
4147288986,3687,4147292673,2985,4147295658,4192,10864,122,122,1,cudaLaunchKernel,  64    1    1, 256    1    1,"<unnamed>::pack_face_z(const double *, double *, int, int, int, int, int)"
4147323060,4990,4147328050,3160,4147331210,48480,56630,122,122,1,cudaLaunchKernel,   4   32   32,  32    4    4,"<unnamed>::step_kernel_interior(const double *, const double *, double *, const double *, const double *, int, int, int, int, int, int, int, double, double)"
4147373735,9349,4147383084,2583,4147385667,2656,14588,124,124,3,cudaLaunchKernel,  64    1    1, 256    1    1,"<unnamed>::unpack_face_x(const double *, double *, int, int, int, int, int)"
4147383795,3937,4147387732,4271,4147392003,2656,10864,124,124,3,cudaLaunchKernel,  64    1    1, 256    1    1,"<unnamed>::unpack_face_y(const double *, double *, int, int, int, int, int)"
4147388283,3677,4147391960,4683,4147396643,3104,11464,124,124,3,cudaLaunchKernel,  64    1    1, 256    1    1,"<unnamed>::unpack_face_z(const double *, double *, int, int, int, int, int)"
4147393563,4078,4147397641,3290,4147400931,4288,11656,124,124,3,cudaLaunchKernel, 128    1    1, 256    1    1,"<unnamed>::step_kernel_boundary_x_faces(const double *, const double *, double *, const double *, const double *, int, int, int, int, int, int, int, double, double)"
4147398152,3537,4147401689,4810,4147406499,4544,12891,124,124,3,cudaLaunchKernel, 126    1    1, 256    1    1,"<unnamed>::step_kernel_boundary_y_faces(const double *, const double *, double *, const double *, const double *, int, int, int, int, int, int, int, double, double)"
4147402180,3476,4147405656,6795,4147412451,12160,22431,124,124,3,cudaLaunchKernel, 125    1    1, 256    1    1,"<unnamed>::step_kernel_boundary_z_faces(const double *, const double *, double *, const double *, const double *, int, int, int, int, int, int, int, double, double)"
4147420133,4729,4147424862,4197,4147429059,2976,11902,124,124,3,cudaLaunchKernel,  64    1    1, 256    1    1,"<unnamed>::pack_face_x(const double *, double *, int, int, int, int, int)"
4147425433,3527,4147428960,4419,4147433379,3104,11050,124,124,3,cudaLaunchKernel,  64    1    1, 256    1    1,"<unnamed>::pack_face_y(const double *, double *, int, int, int, int, int)"
4147429511,3476,4147432987,4872,4147437859,4160,12508,124,124,3,cudaLaunchKernel,  64    1    1, 256    1    1,"<unnamed>::pack_face_z(const double *, double *, int, int, int, int, int)"
4147433999,4258,4147438257,3122,4147441379,48288,55668,124,124,3,cudaLaunchKernel,   4   32   32,  32    4    4,"<unnamed>::step_kernel_interior(const double *, const double *, double *, const double *, const double *, int, int, int, int, int, int, int, double, double)"
4159403425,10640,4159414065,2469,4159416534,2688,15797,121,121,0,cudaLaunchKernel,  64    1    1, 256    1    1,"<unnamed>::unpack_face_x(const double *, double *, int, int, int, int, int)"
4159408003,10269,4159418272,2099,4159420371,3008,15376,131,131,6,cudaLaunchKernel,  64    1    1, 256    1    1,"<unnamed>::unpack_face_x(const double *, double *, int, int, int, int, int)"
4159410899,10219,4159421118,2196,4159423314,3040,15455,126,126,5,cudaLaunchKernel,  64    1    1, 256    1    1,"<unnamed>::unpack_face_x(const double *, double *, int, int, int, int, int)"
4159414716,4248,4159418964,4514,4159423478,2976,11738,121,121,0,cudaLaunchKernel,  64    1    1, 256    1    1,"<unnamed>::unpack_face_y(const double *, double *, int, int, int, int, int)"
4159414796,14738,4159429534,1332,4159430866,2752,18822,125,125,4,cudaLaunchKernel,  64    1    1, 256    1    1,"<unnamed>::unpack_face_x(const double *, double *, int, int, int, int, int)"
4159419014,5190,4159424204,4359,4159428563,2656,12205,131,131,6,cudaLaunchKernel,  64    1    1, 256    1    1,"<unnamed>::unpack_face_y(const double *, double *, int, int, int, int, int)"
4159419535,3667,4159423202,4596,4159427798,3616,11879,121,121,0,cudaLaunchKernel,  64    1    1, 256    1    1,"<unnamed>::unpack_face_z(const double *, double *, int, int, int, int, int)"
4159421839,3908,4159425747,4255,4159430002,2880,11043,126,126,5,cudaLaunchKernel,  64    1    1, 256    1    1,"<unnamed>::unpack_face_y(const double *, double *, int, int, int, int, int)"
4159424123,3898,4159428021,4673,4159432694,4256,12827,121,121,0,cudaLaunchKernel, 128    1    1, 256    1    1,"<unnamed>::step_kernel_boundary_x_faces(const double *, const double *, double *, const double *, const double *, int, int, int, int, int, int, int, double, double)"
4159424875,9648,4159434523,2712,4159437235,3616,15976,131,131,6,cudaLaunchKernel,  64    1    1, 256    1    1,"<unnamed>::unpack_face_z(const double *, double *, int, int, int, int, int)"
4159426318,3436,4159429754,4952,4159434706,3104,11492,126,126,5,cudaLaunchKernel,  64    1    1, 256    1    1,"<unnamed>::unpack_face_z(const double *, double *, int, int, int, int, int)"
4159428552,3566,4159432118,6304,4159438422,4384,14254,121,121,0,cudaLaunchKernel, 126    1    1, 256    1    1,"<unnamed>::step_kernel_boundary_y_faces(const double *, const double *, double *, const double *, const double *, int, int, int, int, int, int, int, double, double)"
4159430636,4378,4159435014,4268,4159439282,2656,11302,125,125,4,cudaLaunchKernel,  64    1    1, 256    1    1,"<unnamed>::unpack_face_y(const double *, double *, int, int, int, int, int)"
4159430716,3346,4159434062,4964,4159439026,4544,12854,126,126,5,cudaLaunchKernel, 128    1    1, 256    1    1,"<unnamed>::step_kernel_boundary_x_faces(const double *, const double *, double *, const double *, const double *, int, int, int, int, int, int, int, double, double)"
4159433200,4109,4159437309,6713,4159444022,12063,22885,121,121,0,cudaLaunchKernel, 125    1    1, 256    1    1,"<unnamed>::step_kernel_boundary_z_faces(const double *, const double *, double *, const double *, const double *, int, int, int, int, int, int, int, double, double)"
4159434643,3247,4159437890,6832,4159444722,4448,14527,126,126,5,cudaLaunchKernel, 126    1    1, 256    1    1,"<unnamed>::step_kernel_boundary_y_faces(const double *, const double *, double *, const double *, const double *, int, int, int, int, int, int, int, double, double)"
4159435475,3988,4159439463,4044,4159443507,4352,12384,131,131,6,cudaLaunchKernel, 128    1    1, 256    1    1,"<unnamed>::step_kernel_boundary_x_faces(const double *, const double *, double *, const double *, const double *, int, int, int, int, int, int, int, double, double)"
4159435705,3528,4159439233,3953,4159443186,3104,10585,125,125,4,cudaLaunchKernel,  64    1    1, 256    1    1,"<unnamed>::unpack_face_z(const double *, double *, int, int, int, int, int)"
4159438421,3246,4159441667,8815,4159450482,11872,23933,126,126,5,cudaLaunchKernel, 125    1    1, 256    1    1,"<unnamed>::step_kernel_boundary_z_faces(const double *, const double *, double *, const double *, const double *, int, int, int, int, int, int, int, double, double)"
4159440094,3267,4159443361,6002,4159449363,4512,13781,131,131,6,cudaLaunchKernel, 126    1    1, 256    1    1,"<unnamed>::step_kernel_boundary_y_faces(const double *, const double *, double *, const double *, const double *, int, int, int, int, int, int, int, double, double)"
4159440195,3817,4159444012,3814,4159447826,4192,11823,125,125,4,cudaLaunchKernel, 128    1    1, 256    1    1,"<unnamed>::step_kernel_boundary_x_faces(const double *, const double *, double *, const double *, const double *, int, int, int, int, int, int, int, double, double)"
4159444042,3346,4159447388,7959,4159455347,11744,23049,131,131,6,cudaLaunchKernel, 125    1    1, 256    1    1,"<unnamed>::step_kernel_boundary_z_faces(const double *, const double *, double *, const double *, const double *, int, int, int, int, int, int, int, double, double)"
4159444673,3336,4159448009,5449,4159453458,4384,13169,125,125,4,cudaLaunchKernel, 126    1    1, 256    1    1,"<unnamed>::step_kernel_boundary_y_faces(const double *, const double *, double *, const double *, const double *, int, int, int, int, int, int, int, double, double)"
4159448711,3546,4159452257,6737,4159458994,11904,22187,125,125,4,cudaLaunchKernel, 125    1    1, 256    1    1,"<unnamed>::step_kernel_boundary_z_faces(const double *, const double *, double *, const double *, const double *, int, int, int, int, int, int, int, double, double)"
4159462266,3727,4159465993,6089,4159472082,2944,12760,125,125,4,cudaLaunchKernel,  64    1    1, 256    1    1,"<unnamed>::pack_face_x(const double *, double *, int, int, int, int, int)"
4159464490,5060,4159469550,2855,4159472405,2976,10891,121,121,0,cudaLaunchKernel,  64    1    1, 256    1    1,"<unnamed>::pack_face_x(const double *, double *, int, int, int, int, int)"
4159466554,3787,4159470341,6061,4159476402,3104,12952,125,125,4,cudaLaunchKernel,  64    1    1, 256    1    1,"<unnamed>::pack_face_y(const double *, double *, int, int, int, int, int)"
4159467255,4619,4159471874,2768,4159474642,2944,10331,126,126,5,cudaLaunchKernel,  64    1    1, 256    1    1,"<unnamed>::pack_face_x(const double *, double *, int, int, int, int, int)"
4159470181,3967,4159474148,3089,4159477237,3072,10128,121,121,0,cudaLaunchKernel,  64    1    1, 256    1    1,"<unnamed>::pack_face_y(const double *, double *, int, int, int, int, int)"
4159470962,11572,4159482534,2380,4159484914,4192,18144,125,125,4,cudaLaunchKernel,  64    1    1, 256    1    1,"<unnamed>::pack_face_z(const double *, double *, int, int, int, int, int)"
4159472445,3396,4159475841,4337,4159480178,3073,10806,126,126,5,cudaLaunchKernel,  64    1    1, 256    1    1,"<unnamed>::pack_face_y(const double *, double *, int, int, int, int, int)"
4159474639,3647,4159478286,3431,4159481717,4192,11270,121,121,0,cudaLaunchKernel,  64    1    1, 256    1    1,"<unnamed>::pack_face_z(const double *, double *, int, int, int, int, int)"
4159475992,4628,4159480620,2759,4159483379,3168,10555,131,131,6,cudaLaunchKernel,  64    1    1, 256    1    1,"<unnamed>::pack_face_x(const double *, double *, int, int, int, int, int)"
4159476413,3226,4159479639,4956,4159484595,4352,12534,126,126,5,cudaLaunchKernel,  64    1    1, 256    1    1,"<unnamed>::pack_face_z(const double *, double *, int, int, int, int, int)"
4159479108,5109,4159484217,2972,4159487189,48160,56241,121,121,0,cudaLaunchKernel,   4   32   32,  32    4    4,"<unnamed>::step_kernel_interior(const double *, const double *, double *, const double *, const double *, int, int, int, int, int, int, int, double, double)"
4159480510,41949,4159522459,2360,4159524819,48160,92469,126,126,5,cudaLaunchKernel,   4   32   32,  32    4    4,"<unnamed>::step_kernel_interior(const double *, const double *, double *, const double *, const double *, int, int, int, int, int, int, int, double, double)"
4159481242,3576,4159484818,3009,4159487827,3200,9785,131,131,6,cudaLaunchKernel,  64    1    1, 256    1    1,"<unnamed>::pack_face_y(const double *, double *, int, int, int, int, int)"
4159483446,7103,4159490549,2589,4159493138,47744,57436,125,125,4,cudaLaunchKernel,   4   32   32,  32    4    4,"<unnamed>::step_kernel_interior(const double *, const double *, double *, const double *, const double *, int, int, int, int, int, int, int, double, double)"
4159485530,3757,4159489287,3084,4159492371,4224,11065,131,131,6,cudaLaunchKernel,  64    1    1, 256    1    1,"<unnamed>::pack_face_z(const double *, double *, int, int, int, int, int)"
4159490218,3767,4159493985,3090,4159497075,47968,54825,131,131,6,cudaLaunchKernel,   4   32   32,  32    4    4,"<unnamed>::step_kernel_interior(const double *, const double *, double *, const double *, const double *, int, int, int, int, int, int, int, double, double)"
4159554811,10239,4159565050,2043,4159567093,2656,14938,123,123,2,cudaLaunchKernel,  64    1    1, 256    1    1,"<unnamed>::unpack_face_x(const double *, double *, int, int, int, int, int)"
4159565761,3988,4159569749,4512,4159574261,2656,11156,123,123,2,cudaLaunchKernel,  64    1    1, 256    1    1,"<unnamed>::unpack_face_y(const double *, double *, int, int, int, int, int)"
4159567354,10089,4159577443,2370,4159579813,3072,15531,134,134,7,cudaLaunchKernel,  64    1    1, 256    1    1,"<unnamed>::unpack_face_x(const double *, double *, int, int, int, int, int)"
4159570390,3927,4159574317,4296,4159578613,3520,11743,123,123,2,cudaLaunchKernel,  64    1    1, 256    1    1,"<unnamed>::unpack_face_z(const double *, double *, int, int, int, int, int)"
4159570620,13926,4159584546,1734,4159586280,2688,18348,122,122,1,cudaLaunchKernel,  64    1    1, 256    1    1,"<unnamed>::unpack_face_x(const double *, double *, int, int, int, int, int)"
4159575239,3607,4159578846,4407,4159583253,4352,12366,123,123,2,cudaLaunchKernel, 128    1    1, 256    1    1,"<unnamed>::step_kernel_boundary_x_faces(const double *, const double *, double *, const double *, const double *, int, int, int, int, int, int, int, double, double)"
4159578124,4078,4159582202,4203,4159586405,2656,10937,134,134,7,cudaLaunchKernel,  64    1    1, 256    1    1,"<unnamed>::unpack_face_y(const double *, double *, int, int, int, int, int)"
4159579397,3616,4159583013,5936,4159588949,4416,13968,123,123,2,cudaLaunchKernel, 126    1    1, 256    1    1,"<unnamed>::step_kernel_boundary_y_faces(const double *, const double *, double *, const double *, const double *, int, int, int, int, int, int, int, double, double)"
4159582833,3797,4159586630,4287,4159590917,3168,11252,134,134,7,cudaLaunchKernel,  64    1    1, 256    1    1,"<unnamed>::unpack_face_z(const double *, double *, int, int, int, int, int)"
4159583565,3396,4159586961,7748,4159594709,11520,22664,123,123,2,cudaLaunchKernel, 125    1    1, 256    1    1,"<unnamed>::step_kernel_boundary_z_faces(const double *, const double *, double *, const double *, const double *, int, int, int, int, int, int, int, double, double)"
4159585789,7033,4159592822,3570,4159596392,3072,13675,122,122,1,cudaLaunchKernel,  64    1    1, 256    1    1,"<unnamed>::unpack_face_y(const double *, double *, int, int, int, int, int)"
4159587572,9728,4159597300,2705,4159600005,4448,16881,134,134,7,cudaLaunchKernel, 128    1    1, 256    1    1,"<unnamed>::step_kernel_boundary_x_faces(const double *, const double *, double *, const double *, const double *, int, int, int, int, int, int, int, double, double)"
4159593964,7264,4159601228,3612,4159604840,3136,14012,122,122,1,cudaLaunchKernel,  64    1    1, 256    1    1,"<unnamed>::unpack_face_z(const double *, double *, int, int, int, int, int)"
4159597921,3397,4159601318,4319,4159605637,4416,12132,134,134,7,cudaLaunchKernel, 126    1    1, 256    1    1,"<unnamed>::step_kernel_boundary_y_faces(const double *, const double *, double *, const double *, const double *, int, int, int, int, int, int, int, double, double)"
4159601819,4849,4159606668,4665,4159611333,11520,21034,134,134,7,cudaLaunchKernel, 125    1    1, 256    1    1,"<unnamed>::step_kernel_boundary_z_faces(const double *, const double *, double *, const double *, const double *, int, int, int, int, int, int, int, double, double)"
4159602861,7654,4159610515,2581,4159613096,4128,14363,122,122,1,cudaLaunchKernel, 128    1    1, 256    1    1,"<unnamed>::step_kernel_boundary_x_faces(const double *, const double *, double *, const double *, const double *, int, int, int, int, int, int, int, double, double)"
4159611146,5511,4159616657,2340,4159618997,3072,10923,123,123,2,cudaLaunchKernel,  64    1    1, 256    1    1,"<unnamed>::pack_face_x(const double *, double *, int, int, int, int, int)"
4159611357,7103,4159618460,2380,4159620840,4288,13771,122,122,1,cudaLaunchKernel, 126    1    1, 256    1    1,"<unnamed>::step_kernel_boundary_y_faces(const double *, const double *, double *, const double *, const double *, int, int, int, int, int, int, int, double, double)"
4159617248,3937,4159621185,3156,4159624341,3136,10229,123,123,2,cudaLaunchKernel,  64    1    1, 256    1    1,"<unnamed>::pack_face_y(const double *, double *, int, int, int, int, int)"
4159619582,7295,4159626877,2315,4159629192,11904,21514,122,122,1,cudaLaunchKernel, 125    1    1, 256    1    1,"<unnamed>::step_kernel_boundary_z_faces(const double *, const double *, double *, const double *, const double *, int, int, int, int, int, int, int, double, double)"
4159621726,3678,4159625404,3353,4159628757,4384,11415,123,123,2,cudaLaunchKernel,  64    1    1, 256    1    1,"<unnamed>::pack_face_z(const double *, double *, int, int, int, int, int)"
4159626316,4117,4159630433,3380,4159633813,48192,55689,123,123,2,cudaLaunchKernel,   4   32   32,  32    4    4,"<unnamed>::step_kernel_interior(const double *, const double *, double *, const double *, const double *, int, int, int, int, int, int, int, double, double)"
4159627638,5741,4159633379,2818,4159636197,2944,11503,134,134,7,cudaLaunchKernel,  64    1    1, 256    1    1,"<unnamed>::pack_face_x(const double *, double *, int, int, int, int, int)"
4159633980,3426,4159637406,3111,4159640517,3104,9641,134,134,7,cudaLaunchKernel,  64    1    1, 256    1    1,"<unnamed>::pack_face_y(const double *, double *, int, int, int, int, int)"
4159638098,3336,4159641434,3371,4159644805,4192,10899,134,134,7,cudaLaunchKernel,  64    1    1, 256    1    1,"<unnamed>::pack_face_z(const double *, double *, int, int, int, int, int)"
4159642286,4097,4159646383,3190,4159649573,48192,55479,134,134,7,cudaLaunchKernel,   4   32   32,  32    4    4,"<unnamed>::step_kernel_interior(const double *, const double *, double *, const double *, const double *, int, int, int, int, int, int, int, double, double)"
4159667653,11953,4159679606,1426,4159681032,3072,16451,122,122,1,cudaLaunchKernel,  64    1    1, 256    1    1,"<unnamed>::pack_face_x(const double *, double *, int, int, int, int, int)"
4159680678,5570,4159686248,2848,4159689096,3008,11426,122,122,1,cudaLaunchKernel,  64    1    1, 256    1    1,"<unnamed>::pack_face_y(const double *, double *, int, int, int, int, int)"
4159687230,5340,4159692570,2798,4159695368,4064,12202,122,122,1,cudaLaunchKernel,  64    1    1, 256    1    1,"<unnamed>::pack_face_z(const double *, double *, int, int, int, int, int)"
4159694203,7394,4159701597,3147,4159704744,48192,58733,122,122,1,cudaLaunchKernel,   4   32   32,  32    4    4,"<unnamed>::step_kernel_interior(const double *, const double *, double *, const double *, const double *, int, int, int, int, int, int, int, double, double)"
4159746111,9077,4159755188,2494,4159757682,2656,14227,124,124,3,cudaLaunchKernel,  64    1    1, 256    1    1,"<unnamed>::unpack_face_x(const double *, double *, int, int, int, int, int)"
4159755810,4227,4159760037,4269,4159764306,2656,11152,124,124,3,cudaLaunchKernel,  64    1    1, 256    1    1,"<unnamed>::unpack_face_y(const double *, double *, int, int, int, int, int)"
4159760589,3506,4159764095,4115,4159768210,3072,10693,124,124,3,cudaLaunchKernel,  64    1    1, 256    1    1,"<unnamed>::unpack_face_z(const double *, double *, int, int, int, int, int)"
4159765898,3888,4159769786,3096,4159772882,4224,11208,124,124,3,cudaLaunchKernel, 128    1    1, 256    1    1,"<unnamed>::step_kernel_boundary_x_faces(const double *, const double *, double *, const double *, const double *, int, int, int, int, int, int, int, double, double)"
4159770317,3627,4159773944,4378,4159778322,4480,12485,124,124,3,cudaLaunchKernel, 126    1    1, 256    1    1,"<unnamed>::step_kernel_boundary_y_faces(const double *, const double *, double *, const double *, const double *, int, int, int, int, int, int, int, double, double)"
4159774424,3527,4159777951,6323,4159784274,11744,21594,124,124,3,cudaLaunchKernel, 125    1    1, 256    1    1,"<unnamed>::step_kernel_boundary_z_faces(const double *, const double *, double *, const double *, const double *, int, int, int, int, int, int, int, double, double)"
4159786377,3977,4159790354,6912,4159797266,2976,13865,124,124,3,cudaLaunchKernel,  64    1    1, 256    1    1,"<unnamed>::pack_face_x(const double *, double *, int, int, int, int, int)"
4159791026,3426,4159794452,7070,4159801522,3008,13504,124,124,3,cudaLaunchKernel,  64    1    1, 256    1    1,"<unnamed>::pack_face_y(const double *, double *, int, int, int, int, int)"
4159794983,3336,4159798319,52483,4159850802,4832,60651,124,124,3,cudaLaunchKernel,  64    1    1, 256    1    1,"<unnamed>::pack_face_z(const double *, double *, int, int, int, int, int)"
4159799051,3626,4159802677,3229,4159805906,49248,56103,124,124,3,cudaLaunchKernel,   4   32   32,  32    4    4,"<unnamed>::step_kernel_interior(const double *, const double *, double *, const double *, const double *, int, int, int, int, int, int, int, double, double)"
4171876030,10610,4171886640,2285,4171888925,2688,15583,121,121,0,cudaLaunchKernel,  64    1    1, 256    1    1,"<unnamed>::unpack_face_x(const double *, double *, int, int, int, int, int)"
4171882522,10720,4171893242,1833,4171895075,2880,15433,131,131,6,cudaLaunchKernel,  64    1    1, 256    1    1,"<unnamed>::unpack_face_x(const double *, double *, int, int, int, int, int)"
4171887281,3907,4171891188,4425,4171895613,3008,11340,121,121,0,cudaLaunchKernel,  64    1    1, 256    1    1,"<unnamed>::unpack_face_y(const double *, double *, int, int, int, int, int)"
4171887491,12604,4171900095,1762,4171901857,3072,17438,126,126,5,cudaLaunchKernel,  64    1    1, 256    1    1,"<unnamed>::unpack_face_x(const double *, double *, int, int, int, int, int)"
4171891759,3827,4171895586,4635,4171900221,3584,12046,121,121,0,cudaLaunchKernel,  64    1    1, 256    1    1,"<unnamed>::unpack_face_z(const double *, double *, int, int, int, int, int)"
4171894454,4108,4171898562,4193,4171902755,2688,10989,131,131,6,cudaLaunchKernel,  64    1    1, 256    1    1,"<unnamed>::unpack_face_y(const double *, double *, int, int, int, int, int)"
4171896488,3767,4171900255,4990,4171905245,4384,13141,121,121,0,cudaLaunchKernel, 128    1    1, 256    1    1,"<unnamed>::step_kernel_boundary_x_faces(const double *, const double *, double *, const double *, const double *, int, int, int, int, int, int, int, double, double)"
4171896799,18454,4171915253,533,4171915786,2688,21675,125,125,4,cudaLaunchKernel,  64    1    1, 256    1    1,"<unnamed>::unpack_face_x(const double *, double *, int, int, int, int, int)"
4171899173,3717,4171902890,4473,4171907363,3456,11646,131,131,6,cudaLaunchKernel,  64    1    1, 256    1    1,"<unnamed>::unpack_face_z(const double *, double *, int, int, int, int, int)"
4171900746,3457,4171904203,6930,4171911133,4448,14835,121,121,0,cudaLaunchKernel, 126    1    1, 256    1    1,"<unnamed>::step_kernel_boundary_y_faces(const double *, const double *, double *, const double *, const double *, int, int, int, int, int, int, int, double, double)"
4171900916,4248,4171905164,4213,4171909377,3072,11533,126,126,5,cudaLaunchKernel,  64    1    1, 256    1    1,"<unnamed>::unpack_face_y(const double *, double *, int, int, int, int, int)"
4171903872,3436,4171907308,5015,4171912323,4416,12867,131,131,6,cudaLaunchKernel, 128    1    1, 256    1    1,"<unnamed>::step_kernel_boundary_x_faces(const double *, const double *, double *, const double *, const double *, int, int, int, int, int, int, int, double, double)"
4171904744,3546,4171908290,8635,4171916925,11936,24117,121,121,0,cudaLaunchKernel, 125    1    1, 256    1    1,"<unnamed>::step_kernel_boundary_z_faces(const double *, const double *, double *, const double *, const double *, int, int, int, int, int, int, int, double, double)"
4171905725,3347,4171909072,4689,4171913761,3136,11172,126,126,5,cudaLaunchKernel,  64    1    1, 256    1    1,"<unnamed>::unpack_face_z(const double *, double *, int, int, int, int, int)"
4171907819,3206,4171911025,7218,4171918243,4416,14840,131,131,6,cudaLaunchKernel, 126    1    1, 256    1    1,"<unnamed>::step_kernel_boundary_y_faces(const double *, const double *, double *, const double *, const double *, int, int, int, int, int, int, int, double, double)"
4171910044,3456,4171913500,4837,4171918337,4384,12677,126,126,5,cudaLaunchKernel, 128    1    1, 256    1    1,"<unnamed>::step_kernel_boundary_x_faces(const double *, const double *, double *, const double *, const double *, int, int, int, int, int, int, int, double, double)"
4171911717,3346,4171915063,9132,4171924195,11808,24286,131,131,6,cudaLaunchKernel, 125    1    1, 256    1    1,"<unnamed>::step_kernel_boundary_z_faces(const double *, const double *, double *, const double *, const double *, int, int, int, int, int, int, int, double, double)"
4171914051,3176,4171917227,6806,4171924033,4416,14398,126,126,5,cudaLaunchKernel, 126    1    1, 256    1    1,"<unnamed>::step_kernel_boundary_y_faces(const double *, const double *, double *, const double *, const double *, int, int, int, int, int, int, int, double, double)"
4171917227,6632,4171923859,1911,4171925770,2656,11199,125,125,4,cudaLaunchKernel,  64    1    1, 256    1    1,"<unnamed>::unpack_face_y(const double *, double *, int, int, int, int, int)"
4171917848,3477,4171921325,8468,4171929793,12193,24138,126,126,5,cudaLaunchKernel, 125    1    1, 256    1    1,"<unnamed>::step_kernel_boundary_z_faces(const double *, const double *, double *, const double *, const double *, int, int, int, int, int, int, int, double, double)"
4171924691,5140,4171929831,3491,4171933322,3104,11735,125,125,4,cudaLaunchKernel,  64    1    1, 256    1    1,"<unnamed>::unpack_face_z(const double *, double *, int, int, int, int, int)"
4171931073,4689,4171935762,2424,4171938186,4480,11593,125,125,4,cudaLaunchKernel, 128    1    1, 256    1    1,"<unnamed>::step_kernel_boundary_x_faces(const double *, const double *, double *, const double *, const double *, int, int, int, int, int, int, int, double, double)"
4171936503,4028,4171940531,3255,4171943786,4384,11667,125,125,4,cudaLaunchKernel, 126    1    1, 256    1    1,"<unnamed>::step_kernel_boundary_y_faces(const double *, const double *, double *, const double *, const double *, int, int, int, int, int, int, int, double, double)"
4171941292,4158,4171945450,4064,4171949514,11616,19838,125,125,4,cudaLaunchKernel, 125    1    1, 256    1    1,"<unnamed>::step_kernel_boundary_z_faces(const double *, const double *, double *, const double *, const double *, int, int, int, int, int, int, int, double, double)"
4171942124,6732,4171948856,2853,4171951709,2912,12497,121,121,0,cudaLaunchKernel,  64    1    1, 256    1    1,"<unnamed>::pack_face_x(const double *, double *, int, int, int, int, int)"
4171949387,5310,4171954697,2778,4171957475,3072,11160,131,131,6,cudaLaunchKernel,  64    1    1, 256    1    1,"<unnamed>::pack_face_x(const double *, double *, int, int, int, int, int)"
4171949498,3707,4171953205,4360,4171957565,3136,11203,121,121,0,cudaLaunchKernel,  64    1    1, 256    1    1,"<unnamed>::pack_face_y(const double *, double *, int, int, int, int, int)"
4171953756,3446,4171957202,5035,4171962237,4256,12737,121,121,0,cudaLaunchKernel,  64    1    1, 256    1    1,"<unnamed>::pack_face_z(const double *, double *, int, int, int, int, int)"
4171955288,3507,4171958795,3192,4171961987,3136,9835,131,131,6,cudaLaunchKernel,  64    1    1, 256    1    1,"<unnamed>::pack_face_y(const double *, double *, int, int, int, int, int)"
4171956390,4740,4171961130,2744,4171963874,2944,10428,126,126,5,cudaLaunchKernel,  64    1    1, 256    1    1,"<unnamed>::pack_face_x(const double *, double *, int, int, int, int, int)"
4171958044,4279,4171962323,2666,4171964989,48224,55169,121,121,0,cudaLaunchKernel,   4   32   32,  32    4    4,"<unnamed>::step_kernel_interior(const double *, const double *, double *, const double *, const double *, int, int, int, int, int, int, int, double, double)"
4171959486,3748,4171963234,3265,4171966499,4032,11045,131,131,6,cudaLaunchKernel,  64    1    1, 256    1    1,"<unnamed>::pack_face_z(const double *, double *, int, int, int, int, int)"
4171961732,3296,4171965028,4350,4171969378,3072,10718,126,126,5,cudaLaunchKernel,  64    1    1, 256    1    1,"<unnamed>::pack_face_y(const double *, double *, int, int, int, int, int)"
4171964146,4288,4171968434,3057,4171971491,48095,55440,131,131,6,cudaLaunchKernel,   4   32   32,  32    4    4,"<unnamed>::step_kernel_interior(const double *, const double *, double *, const double *, const double *, int, int, int, int, int, int, int, double, double)"
4171965609,3176,4171968785,5041,4171973826,4352,12569,126,126,5,cudaLaunchKernel,  64    1    1, 256    1    1,"<unnamed>::pack_face_z(const double *, double *, int, int, int, int, int)"
4171967793,5911,4171973704,2146,4171975850,3200,11257,125,125,4,cudaLaunchKernel,  64    1    1, 256    1    1,"<unnamed>::pack_face_x(const double *, double *, int, int, int, int, int)"
4171969656,3437,4171973093,3197,4171976290,48480,55114,126,126,5,cudaLaunchKernel,   4   32   32,  32    4    4,"<unnamed>::step_kernel_interior(const double *, const double *, double *, const double *, const double *, int, int, int, int, int, int, int, double, double)"
4171974435,4008,4171978443,3679,4171982122,3008,10695,125,125,4,cudaLaunchKernel,  64    1    1, 256    1    1,"<unnamed>::pack_face_y(const double *, double *, int, int, int, int, int)"
4171979214,3928,4171983142,3268,4171986410,4320,11516,125,125,4,cudaLaunchKernel,  64    1    1, 256    1    1,"<unnamed>::pack_face_z(const double *, double *, int, int, int, int, int)"
4171984314,4629,4171988943,2683,4171991626,48192,55504,125,125,4,cudaLaunchKernel,   4   32   32,  32    4    4,"<unnamed>::step_kernel_interior(const double *, const double *, double *, const double *, const double *, int, int, int, int, int, int, int, double, double)"
4172067290,10500,4172077790,2308,4172080098,2976,15784,134,134,7,cudaLaunchKernel,  64    1    1, 256    1    1,"<unnamed>::unpack_face_x(const double *, double *, int, int, int, int, int)"
4172078491,3627,4172082118,4188,4172086306,2656,10471,134,134,7,cudaLaunchKernel,  64    1    1, 256    1    1,"<unnamed>::unpack_face_y(const double *, double *, int, int, int, int, int)"
4172081046,14337,4172095383,1487,4172096870,2656,18480,122,122,1,cudaLaunchKernel,  64    1    1, 256    1    1,"<unnamed>::unpack_face_x(const double *, double *, int, int, int, int, int)"
4172082719,5340,4172088059,2471,4172090530,3136,10947,134,134,7,cudaLaunchKernel,  64    1    1, 256    1    1,"<unnamed>::unpack_face_z(const double *, double *, int, int, int, int, int)"
4172089031,3647,4172092678,3132,4172095810,4384,11163,134,134,7,cudaLaunchKernel, 128    1    1, 256    1    1,"<unnamed>::step_kernel_boundary_x_faces(const double *, const double *, double *, const double *, const double *, int, int, int, int, int, int, int, double, double)"
4172093259,3407,4172096666,4840,4172101506,4672,12919,134,134,7,cudaLaunchKernel, 126    1    1, 256    1    1,"<unnamed>::step_kernel_boundary_y_faces(const double *, const double *, double *, const double *, const double *, int, int, int, int, int, int, int, double, double)"
4172096375,4418,4172100793,4365,4172105158,2976,11759,122,122,1,cudaLaunchKernel,  64    1    1, 256    1    1,"<unnamed>::unpack_face_y(const double *, double *, int, int, int, int, int)"
4172097247,3306,4172100553,6809,4172107362,11680,21795,134,134,7,cudaLaunchKernel, 125    1    1, 256    1    1,"<unnamed>::step_kernel_boundary_z_faces(const double *, const double *, double *, const double *, const double *, int, int, int, int, int, int, int, double, double)"
4172097567,10290,4172107857,1589,4172109446,2624,14503,123,123,2,cudaLaunchKernel,  64    1    1, 256    1    1,"<unnamed>::unpack_face_x(const double *, double *, int, int, int, int, int)"
4172101515,4027,4172105542,4000,4172109542,3136,11163,122,122,1,cudaLaunchKernel,  64    1    1, 256    1    1,"<unnamed>::unpack_face_z(const double *, double *, int, int, int, int, int)"
4172106504,3787,4172110291,3891,4172114182,4288,11966,122,122,1,cudaLaunchKernel, 128    1    1, 256    1    1,"<unnamed>::step_kernel_boundary_x_faces(const double *, const double *, double *, const double *, const double *, int, int, int, int, int, int, int, double, double)"
4172108588,3907,4172112495,4279,4172116774,2656,10842,123,123,2,cudaLaunchKernel,  64    1    1, 256    1    1,"<unnamed>::unpack_face_y(const double *, double *, int, int, int, int, int)"
4172110952,3627,4172114579,5363,4172119942,4448,13438,122,122,1,cudaLaunchKernel, 126    1    1, 256    1    1,"<unnamed>::step_kernel_boundary_y_faces(const double *, const double *, double *, const double *, const double *, int, int, int, int, int, int, int, double, double)"
4172113086,3878,4172116964,3842,4172120806,3456,11176,123,123,2,cudaLaunchKernel,  64    1    1, 256    1    1,"<unnamed>::unpack_face_z(const double *, double *, int, int, int, int, int)"
4172115260,3617,4172118877,6761,4172125638,11776,22154,122,122,1,cudaLaunchKernel, 125    1    1, 256    1    1,"<unnamed>::step_kernel_boundary_z_faces(const double *, const double *, double *, const double *, const double *, int, int, int, int, int, int, int, double, double)"
4172117885,3587,4172121472,3942,4172125414,4256,11785,123,123,2,cudaLaunchKernel, 128    1    1, 256    1    1,"<unnamed>::step_kernel_boundary_x_faces(const double *, const double *, double *, const double *, const double *, int, int, int, int, int, int, int, double, double)"
4172119168,6051,4172125219,2911,4172128130,3072,12034,134,134,7,cudaLaunchKernel,  64    1    1, 256    1    1,"<unnamed>::pack_face_x(const double *, double *, int, int, int, int, int)"
4172122053,3447,4172125500,5578,4172131078,4544,13569,123,123,2,cudaLaunchKernel, 126    1    1, 256    1    1,"<unnamed>::step_kernel_boundary_y_faces(const double *, const double *, double *, const double *, const double *, int, int, int, int, int, int, int, double, double)"
4172125860,3337,4172129197,3381,4172132578,3168,9886,134,134,7,cudaLaunchKernel,  64    1    1, 256    1    1,"<unnamed>::pack_face_y(const double *, double *, int, int, int, int, int)"
4172126001,3486,4172129487,7447,4172136934,11936,22869,123,123,2,cudaLaunchKernel, 125    1    1, 256    1    1,"<unnamed>::step_kernel_boundary_z_faces(const double *, const double *, double *, const double *, const double *, int, int, int, int, int, int, int, double, double)"
4172129798,3366,4172133164,3734,4172136898,4032,11132,134,134,7,cudaLaunchKernel,  64    1    1, 256    1    1,"<unnamed>::pack_face_z(const double *, double *, int, int, int, int, int)"
4172134026,4909,4172138935,2955,4172141890,47904,55768,134,134,7,cudaLaunchKernel,   4   32   32,  32    4    4,"<unnamed>::step_kernel_interior(const double *, const double *, double *, const double *, const double *, int, int, int, int, int, int, int, double, double)"
4172138785,6432,4172145217,3205,4172148422,3104,12741,122,122,1,cudaLaunchKernel,  64    1    1, 256    1    1,"<unnamed>::pack_face_x(const double *, double *, int, int, int, int, int)"
4172145848,3718,4172149566,3208,4172152774,3008,9934,122,122,1,cudaLaunchKernel,  64    1    1, 256    1    1,"<unnamed>::pack_face_y(const double *, double *, int, int, int, int, int)"
4172146319,4679,4172150998,3312,4172154310,3103,11094,123,123,2,cudaLaunchKernel,  64    1    1, 256    1    1,"<unnamed>::pack_face_x(const double *, double *, int, int, int, int, int)"
4172150137,3557,4172153694,3400,4172157094,4384,11341,122,122,1,cudaLaunchKernel,  64    1    1, 256    1    1,"<unnamed>::pack_face_z(const double *, double *, int, int, int, int, int)"
4172151590,20258,,,4172158757,3136,20258,123,123,2,cudaLaunchKernel,  64    1    1, 256    1    1,"<unnamed>::pack_face_y(const double *, double *, int, int, int, int, int)"
4172154685,19808,4172174493,2953,4172177446,48288,71049,122,122,1,cudaLaunchKernel,   4   32   32,  32    4    4,"<unnamed>::step_kernel_interior(const double *, const double *, double *, const double *, const double *, int, int, int, int, int, int, int, double, double)"
4172172629,4368,4172176997,2816,4172179813,4128,11312,123,123,2,cudaLaunchKernel,  64    1    1, 256    1    1,"<unnamed>::pack_face_z(const double *, double *, int, int, int, int, int)"
4172177819,3917,4172181736,3037,4172184773,48192,55146,123,123,2,cudaLaunchKernel,   4   32   32,  32    4    4,"<unnamed>::step_kernel_interior(const double *, const double *, double *, const double *, const double *, int, int, int, int, int, int, int, double, double)"
4172250737,10489,4172261226,2423,4172263649,2656,15568,124,124,3,cudaLaunchKernel,  64    1    1, 256    1    1,"<unnamed>::unpack_face_x(const double *, double *, int, int, int, int, int)"
4172261907,4108,4172266015,4289,4172270304,2528,10925,124,124,3,cudaLaunchKernel,  64    1    1, 256    1    1,"<unnamed>::unpack_face_y(const double *, double *, int, int, int, int, int)"
4172266576,3467,4172270043,4005,4172274048,3072,10544,124,124,3,cudaLaunchKernel,  64    1    1, 256    1    1,"<unnamed>::unpack_face_z(const double *, double *, int, int, int, int, int)"
4172270944,3788,4172274732,3796,4172278528,4256,11840,124,124,3,cudaLaunchKernel, 128    1    1, 256    1    1,"<unnamed>::step_kernel_boundary_x_faces(const double *, const double *, double *, const double *, const double *, int, int, int, int, int, int, int, double, double)"
4172275242,31079,,,4172284192,4416,31079,124,124,3,cudaLaunchKernel, 126    1    1, 256    1    1,"<unnamed>::step_kernel_boundary_y_faces(const double *, const double *, double *, const double *, const double *, int, int, int, int, int, int, int, double, double)"
4172306972,4348,4172311320,3048,4172314368,11040,18436,124,124,3,cudaLaunchKernel, 125    1    1, 256    1    1,"<unnamed>::step_kernel_boundary_z_faces(const double *, const double *, double *, const double *, const double *, int, int, int, int, int, int, int, double, double)"
4172320317,4078,4172324395,3253,4172327648,3392,10723,124,124,3,cudaLaunchKernel,  64    1    1, 256    1    1,"<unnamed>::pack_face_x(const double *, double *, int, int, int, int, int)"
4172324916,3586,4172328502,3786,4172332288,3072,10444,124,124,3,cudaLaunchKernel,  64    1    1, 256    1    1,"<unnamed>::pack_face_y(const double *, double *, int, int, int, int, int)"
4172329063,3527,4172332590,4082,4172336672,4032,11641,124,124,3,cudaLaunchKernel,  64    1    1, 256    1    1,"<unnamed>::pack_face_z(const double *, double *, int, int, int, int, int)"
4172333351,3998,4172337349,2971,4172340320,47776,54745,124,124,3,cudaLaunchKernel,   4   32   32,  32    4    4,"<unnamed>::step_kernel_interior(const double *, const double *, double *, const double *, const double *, int, int, int, int, int, int, int, double, double)"
4184205685,11291,4184216976,2358,4184219334,2688,16337,121,121,0,cudaLaunchKernel,  64    1    1, 256    1    1,"<unnamed>::unpack_face_x(const double *, double *, int, int, int, int, int)"
4184211406,13074,4184224480,1651,4184226131,2976,17701,131,131,6,cudaLaunchKernel,  64    1    1, 256    1    1,"<unnamed>::unpack_face_x(const double *, double *, int, int, int, int, int)"
4184217667,4068,4184221735,4383,4184226118,2880,11331,121,121,0,cudaLaunchKernel,  64    1    1, 256    1    1,"<unnamed>::unpack_face_y(const double *, double *, int, int, int, int, int)"
4184222316,3717,4184226033,4405,4184230438,3520,11642,121,121,0,cudaLaunchKernel,  64    1    1, 256    1    1,"<unnamed>::unpack_face_z(const double *, double *, int, int, int, int, int)"
4184225372,4137,4184229509,4302,4184233811,2656,11095,131,131,6,cudaLaunchKernel,  64    1    1, 256    1    1,"<unnamed>::unpack_face_y(const double *, double *, int, int, int, int, int)"
4184226935,3887,4184230822,4480,4184235302,4320,12687,121,121,0,cudaLaunchKernel, 128    1    1, 256    1    1,"<unnamed>::step_kernel_boundary_x_faces(const double *, const double *, double *, const double *, const double *, int, int, int, int, int, int, int, double, double)"
4184230151,3677,4184233828,3983,4184237811,3744,11404,131,131,6,cudaLaunchKernel,  64    1    1, 256    1    1,"<unnamed>::unpack_face_z(const double *, double *, int, int, int, int, int)"
4184231383,3797,4184235180,5914,4184241094,4544,14255,121,121,0,cudaLaunchKernel, 126    1    1, 256    1    1,"<unnamed>::step_kernel_boundary_y_faces(const double *, const double *, double *, const double *, const double *, int, int, int, int, int, int, int, double, double)"
4184234729,3517,4184238246,4749,4184242995,4544,12810,131,131,6,cudaLaunchKernel, 128    1    1, 256    1    1,"<unnamed>::step_kernel_boundary_x_faces(const double *, const double *, double *, const double *, const double *, int, int, int, int, int, int, int, double, double)"
4184236312,3968,4184240280,7182,4184247462,11903,23053,121,121,0,cudaLaunchKernel, 125    1    1, 256    1    1,"<unnamed>::step_kernel_boundary_z_faces(const double *, const double *, double *, const double *, const double *, int, int, int, int, int, int, int, double, double)"
4184238797,3296,4184242093,6918,4184249011,4480,14694,131,131,6,cudaLaunchKernel, 126    1    1, 256    1    1,"<unnamed>::step_kernel_boundary_y_faces(const double *, const double *, double *, const double *, const double *, int, int, int, int, int, int, int, double, double)"
4184242744,4669,4184247413,7614,4184255027,11648,23931,131,131,6,cudaLaunchKernel, 125    1    1, 256    1    1,"<unnamed>::step_kernel_boundary_z_faces(const double *, const double *, double *, const double *, const double *, int, int, int, int, int, int, int, double, double)"
4184244387,12103,4184256490,1958,4184258448,2976,17037,126,126,5,cudaLaunchKernel,  64    1    1, 256    1    1,"<unnamed>::unpack_face_x(const double *, double *, int, int, int, int, int)"
4184246632,11671,4184258303,1794,4184260097,2720,16185,125,125,4,cudaLaunchKernel,  64    1    1, 256    1    1,"<unnamed>::unpack_face_x(const double *, double *, int, int, int, int, int)"
4184257272,4187,4184261459,4157,4184265616,3040,11384,126,126,5,cudaLaunchKernel,  64    1    1, 256    1    1,"<unnamed>::unpack_face_y(const double *, double *, int, int, int, int, int)"
4184259045,4979,4184264024,3369,4184267393,2656,11004,125,125,4,cudaLaunchKernel,  64    1    1, 256    1    1,"<unnamed>::unpack_face_y(const double *, double *, int, int, int, int, int)"
4184262020,3287,4184265307,4597,4184269904,3104,10988,126,126,5,cudaLaunchKernel,  64    1    1, 256    1    1,"<unnamed>::unpack_face_z(const double *, double *, int, int, int, int, int)"
4184264655,3888,4184268543,2850,4184271393,3072,9810,125,125,4,cudaLaunchKernel,  64    1    1, 256    1    1,"<unnamed>::unpack_face_z(const double *, double *, int, int, int, int, int)"
4184266288,3397,4184269685,4731,4184274416,4448,12576,126,126,5,cudaLaunchKernel, 128    1    1, 256    1    1,"<unnamed>::step_kernel_boundary_x_faces(const double *, const double *, double *, const double *, const double *, int, int, int, int, int, int, int, double, double)"
4184267230,5080,4184272310,3215,4184275525,3040,11335,121,121,0,cudaLaunchKernel,  64    1    1, 256    1    1,"<unnamed>::pack_face_x(const double *, double *, int, int, int, int, int)"
4184269545,3717,4184273262,2931,4184276193,4608,11256,125,125,4,cudaLaunchKernel, 128    1    1, 256    1    1,"<unnamed>::step_kernel_boundary_x_faces(const double *, const double *, double *, const double *, const double *, int, int, int, int, int, int, int, double, double)"
4184270296,4819,4184275115,5157,4184280272,4608,14584,126,126,5,cudaLaunchKernel, 126    1    1, 256    1    1,"<unnamed>::step_kernel_boundary_y_faces(const double *, const double *, double *, const double *, const double *, int, int, int, int, int, int, int, double, double)"
4184272941,3737,4184276678,3167,4184279845,3072,9976,121,121,0,cudaLaunchKernel,  64    1    1, 256    1    1,"<unnamed>::pack_face_y(const double *, double *, int, int, int, int, int)"
4184273873,3496,4184277369,4808,4184282177,4448,12752,125,125,4,cudaLaunchKernel, 126    1    1, 256    1    1,"<unnamed>::step_kernel_boundary_y_faces(const double *, const double *, double *, const double *, const double *, int, int, int, int, int, int, int, double, double)"
4184275706,3447,4184279153,7359,4184286512,12672,23478,126,126,5,cudaLaunchKernel, 125    1    1, 256    1    1,"<unnamed>::step_kernel_boundary_z_faces(const double *, const double *, double *, const double *, const double *, int, int, int, int, int, int, int, double, double)"
4184277189,3506,4184280695,3726,4184284421,4480,11712,121,121,0,cudaLaunchKernel,  64    1    1, 256    1    1,"<unnamed>::pack_face_z(const double *, double *, int, int, int, int, int)"
4184277910,5110,4184283020,3175,4184286195,3072,11357,131,131,6,cudaLaunchKernel,  64    1    1, 256    1    1,"<unnamed>::pack_face_x(const double *, double *, int, int, int, int, int)"
4184278000,3327,4184281327,6578,4184287905,11808,21713,125,125,4,cudaLaunchKernel, 125    1    1, 256    1    1,"<unnamed>::step_kernel_boundary_z_faces(const double *, const double *, double *, const double *, const double *, int, int, int, int, int, int, int, double, double)"
4184281517,3767,4184285284,3201,4184288485,48608,55576,121,121,0,cudaLaunchKernel,   4   32   32,  32    4    4,"<unnamed>::step_kernel_interior(const double *, const double *, double *, const double *, const double *, int, int, int, int, int, int, int, double, double)"
4184283651,3406,4184287057,3682,4184290739,3104,10192,131,131,6,cudaLaunchKernel,  64    1    1, 256    1    1,"<unnamed>::pack_face_y(const double *, double *, int, int, int, int, int)"
4184287608,3798,4184291406,3781,4184295187,4224,11803,131,131,6,cudaLaunchKernel,  64    1    1, 256    1    1,"<unnamed>::pack_face_z(const double *, double *, int, int, int, int, int)"
4184290644,4068,4184294712,6313,4184301025,2944,13325,125,125,4,cudaLaunchKernel,  64    1    1, 256    1    1,"<unnamed>::pack_face_x(const double *, double *, int, int, int, int, int)"
4184292818,3898,4184296716,3015,4184299731,48224,55137,131,131,6,cudaLaunchKernel,   4   32   32,  32    4    4,"<unnamed>::step_kernel_interior(const double *, const double *, double *, const double *, const double *, int, int, int, int, int, int, int, double, double)"
4184295373,3207,4184298580,6701,4184305281,3200,13108,125,125,4,cudaLaunchKernel,  64    1    1, 256    1    1,"<unnamed>::pack_face_y(const double *, double *, int, int, int, int, int)"
4184299542,3486,4184303028,6797,4184309825,6592,16875,125,125,4,cudaLaunchKernel,  64    1    1, 256    1    1,"<unnamed>::pack_face_z(const double *, double *, int, int, int, int, int)"
4184303890,3687,4184307577,2824,4184310401,48928,55439,125,125,4,cudaLaunchKernel,   4   32   32,  32    4    4,"<unnamed>::step_kernel_interior(const double *, const double *, double *, const double *, const double *, int, int, int, int, int, int, int, double, double)"
4184308929,4709,4184313638,2762,4184316400,3072,10543,126,126,5,cudaLaunchKernel,  64    1    1, 256    1    1,"<unnamed>::pack_face_x(const double *, double *, int, int, int, int, int)"
4184314219,3236,4184317455,3297,4184320752,3008,9541,126,126,5,cudaLaunchKernel,  64    1    1, 256    1    1,"<unnamed>::pack_face_y(const double *, double *, int, int, int, int, int)"
4184318057,3186,4184321243,3861,4184325104,4576,11623,126,126,5,cudaLaunchKernel,  64    1    1, 256    1    1,"<unnamed>::pack_face_z(const double *, double *, int, int, int, int, int)"
4184322134,3897,4184326031,3233,4184329264,48480,55610,126,126,5,cudaLaunchKernel,   4   32   32,  32    4    4,"<unnamed>::step_kernel_interior(const double *, const double *, double *, const double *, const double *, int, int, int, int, int, int, int, double, double)"
4184353693,9047,4184362740,2339,4184365079,2656,14042,123,123,2,cudaLaunchKernel,  64    1    1, 256    1    1,"<unnamed>::unpack_face_x(const double *, double *, int, int, int, int, int)"
4184363412,4157,4184367569,4358,4184371927,2624,11139,123,123,2,cudaLaunchKernel,  64    1    1, 256    1    1,"<unnamed>::unpack_face_y(const double *, double *, int, int, int, int, int)"
4184368191,3466,4184371657,4238,4184375895,3552,11256,123,123,2,cudaLaunchKernel,  64    1    1, 256    1    1,"<unnamed>::unpack_face_z(const double *, double *, int, int, int, int, int)"
4184372509,3576,4184376085,4610,4184380695,4320,12506,123,123,2,cudaLaunchKernel, 128    1    1, 256    1    1,"<unnamed>::step_kernel_boundary_x_faces(const double *, const double *, double *, const double *, const double *, int, int, int, int, int, int, int, double, double)"
4184375534,9648,4184385182,2273,4184387455,3200,15121,134,134,7,cudaLaunchKernel,  64    1    1, 256    1    1,"<unnamed>::unpack_face_x(const double *, double *, int, int, int, int, int)"
4184376646,3487,4184380133,6066,4184386199,4544,14097,123,123,2,cudaLaunchKernel, 126    1    1, 256    1    1,"<unnamed>::step_kernel_boundary_y_faces(const double *, const double *, double *, const double *, const double *, int, int, int, int, int, int, int, double, double)"
4184380774,3677,4184384451,7444,4184391895,11744,22865,123,123,2,cudaLaunchKernel, 125    1    1, 256    1    1,"<unnamed>::step_kernel_boundary_z_faces(const double *, const double *, double *, const double *, const double *, int, int, int, int, int, int, int, double, double)"
4184385814,3967,4184389781,4202,4184393983,2656,10825,134,134,7,cudaLaunchKernel,  64    1    1, 256    1    1,"<unnamed>::unpack_face_y(const double *, double *, int, int, int, int, int)"
4184390332,4800,4184395132,2819,4184397951,3136,10755,134,134,7,cudaLaunchKernel,  64    1    1, 256    1    1,"<unnamed>::unpack_face_z(const double *, double *, int, int, int, int, int)"
4184396004,3596,4184399600,2959,4184402559,4352,10907,134,134,7,cudaLaunchKernel, 128    1    1, 256    1    1,"<unnamed>::step_kernel_boundary_x_faces(const double *, const double *, double *, const double *, const double *, int, int, int, int, int, int, int, double, double)"
4184400262,3436,4184403698,4621,4184408319,4448,12505,134,134,7,cudaLaunchKernel, 126    1    1, 256    1    1,"<unnamed>::step_kernel_boundary_y_faces(const double *, const double *, double *, const double *, const double *, int, int, int, int, int, int, int, double, double)"
4184400282,4438,4184404720,3111,4184407831,3104,10653,123,123,2,cudaLaunchKernel,  64    1    1, 256    1    1,"<unnamed>::pack_face_x(const double *, double *, int, int, int, int, int)"
4184404309,3547,4184407856,6287,4184414143,11648,21482,134,134,7,cudaLaunchKernel, 125    1    1, 256    1    1,"<unnamed>::step_kernel_boundary_z_faces(const double *, const double *, double *, const double *, const double *, int, int, int, int, int, int, int, double, double)"
4184405241,3547,4184408788,3267,4184412055,3136,9950,123,123,2,cudaLaunchKernel,  64    1    1, 256    1    1,"<unnamed>::pack_face_y(const double *, double *, int, int, int, int, int)"
4184409359,3346,4184412705,3798,4184416503,4064,11208,123,123,2,cudaLaunchKernel,  64    1    1, 256    1    1,"<unnamed>::pack_face_z(const double *, double *, int, int, int, int, int)"
4184413617,3637,4184417254,3441,4184420695,47776,54854,123,123,2,cudaLaunchKernel,   4   32   32,  32    4    4,"<unnamed>::step_kernel_interior(const double *, const double *, double *, const double *, const double *, int, int, int, int, int, int, int, double, double)"
4184425108,5180,4184430288,3023,4184433311,2976,11179,134,134,7,cudaLaunchKernel,  64    1    1, 256    1    1,"<unnamed>::pack_face_x(const double *, double *, int, int, int, int, int)"
4184430899,3377,4184434276,3163,4184437439,3040,9580,134,134,7,cudaLaunchKernel,  64    1    1, 256    1    1,"<unnamed>::pack_face_y(const double *, double *, int, int, int, int, int)"
4184434807,3516,4184438323,3436,4184441759,4192,11144,134,134,7,cudaLaunchKernel,  64    1    1, 256    1    1,"<unnamed>::pack_face_z(const double *, double *, int, int, int, int, int)"
4184439215,5139,4184444354,2685,4184447039,48096,55920,134,134,7,cudaLaunchKernel,   4   32   32,  32    4    4,"<unnamed>::step_kernel_interior(const double *, const double *, double *, const double *, const double *, int, int, int, int, int, int, int, double, double)"
4184525397,13045,4184538442,1498,4184539940,2656,17199,122,122,1,cudaLaunchKernel,  64    1    1, 256    1    1,"<unnamed>::unpack_face_x(const double *, double *, int, int, int, int, int)"
4184539263,4739,4184544002,4354,4184548356,3104,12197,122,122,1,cudaLaunchKernel,  64    1    1, 256    1    1,"<unnamed>::unpack_face_y(const double *, double *, int, int, int, int, int)"
4184544674,3676,4184548350,4454,4184552804,3104,11234,122,122,1,cudaLaunchKernel,  64    1    1, 256    1    1,"<unnamed>::unpack_face_z(const double *, double *, int, int, int, int, int)"
4184549382,3828,4184553210,3978,4184557188,4320,12126,122,122,1,cudaLaunchKernel, 128    1    1, 256    1    1,"<unnamed>::step_kernel_boundary_x_faces(const double *, const double *, double *, const double *, const double *, int, int, int, int, int, int, int, double, double)"
4184553781,3636,4184557417,5627,4184563044,4448,13711,122,122,1,cudaLaunchKernel, 126    1    1, 256    1    1,"<unnamed>::step_kernel_boundary_y_faces(const double *, const double *, double *, const double *, const double *, int, int, int, int, int, int, int, double, double)"
4184558029,3687,4184561716,7088,4184568804,11584,22359,122,122,1,cudaLaunchKernel, 125    1    1, 256    1    1,"<unnamed>::step_kernel_boundary_z_faces(const double *, const double *, double *, const double *, const double *, int, int, int, int, int, int, int, double, double)"
4184584299,5019,4184589318,2974,4184592292,3072,11065,122,122,1,cudaLaunchKernel,  64    1    1, 256    1    1,"<unnamed>::pack_face_x(const double *, double *, int, int, int, int, int)"
4184589889,3567,4184593456,3348,4184596804,3072,9987,122,122,1,cudaLaunchKernel,  64    1    1, 256    1    1,"<unnamed>::pack_face_y(const double *, double *, int, int, int, int, int)"
4184594077,3607,4184597684,4208,4184601892,3936,11751,122,122,1,cudaLaunchKernel,  64    1    1, 256    1    1,"<unnamed>::pack_face_z(const double *, double *, int, int, int, int, int)"
4184598546,4007,4184602553,3499,4184606052,48000,55506,122,122,1,cudaLaunchKernel,   4   32   32,  32    4    4,"<unnamed>::step_kernel_interior(const double *, const double *, double *, const double *, const double *, int, int, int, int, int, int, int, double, double)"
4184647838,18905,4184666743,2232,4184668975,2816,23953,124,124,3,cudaLaunchKernel,  64    1    1, 256    1    1,"<unnamed>::unpack_face_x(const double *, double *, int, int, int, int, int)"
4184667495,4017,4184671512,4503,4184676015,2624,11144,124,124,3,cudaLaunchKernel,  64    1    1, 256    1    1,"<unnamed>::unpack_face_y(const double *, double *, int, int, int, int, int)"
4184672063,3508,4184675571,4412,4184679983,3136,11056,124,124,3,cudaLaunchKernel,  64    1    1, 256    1    1,"<unnamed>::unpack_face_z(const double *, double *, int, int, int, int, int)"
4184676523,3577,4184680100,4587,4184684687,4352,12516,124,124,3,cudaLaunchKernel, 128    1    1, 256    1    1,"<unnamed>::step_kernel_boundary_x_faces(const double *, const double *, double *, const double *, const double *, int, int, int, int, int, int, int, double, double)"
4184680641,3737,4184684378,5845,4184690223,4384,13966,124,124,3,cudaLaunchKernel, 126    1    1, 256    1    1,"<unnamed>::step_kernel_boundary_y_faces(const double *, const double *, double *, const double *, const double *, int, int, int, int, int, int, int, double, double)"
4184684879,3486,4184688365,7650,4184696015,11968,23104,124,124,3,cudaLaunchKernel, 125    1    1, 256    1    1,"<unnamed>::step_kernel_boundary_z_faces(const double *, const double *, double *, const double *, const double *, int, int, int, int, int, int, int, double, double)"
4184696931,3998,4184700929,8366,4184709295,3200,15564,124,124,3,cudaLaunchKernel,  64    1    1, 256    1    1,"<unnamed>::pack_face_x(const double *, double *, int, int, int, int, int)"
4184701480,3376,4184704856,8823,4184713679,3392,15591,124,124,3,cudaLaunchKernel,  64    1    1, 256    1    1,"<unnamed>::pack_face_y(const double *, double *, int, int, int, int, int)"
4184705407,3567,4184708974,52673,4184761647,5184,61424,124,124,3,cudaLaunchKernel,  64    1    1, 256    1    1,"<unnamed>::pack_face_z(const double *, double *, int, int, int, int, int)"
4184709725,3717,4184713442,3213,4184716655,48960,55890,124,124,3,cudaLaunchKernel,   4   32   32,  32    4    4,"<unnamed>::step_kernel_interior(const double *, const double *, double *, const double *, const double *, int, int, int, int, int, int, int, double, double)"
4196560928,11481,4196572409,2261,4196574670,2688,16430,121,121,0,cudaLaunchKernel,  64    1    1, 256    1    1,"<unnamed>::unpack_face_x(const double *, double *, int, int, int, int, int)"
4196565436,10530,4196575966,2149,4196578115,2912,15591,131,131,6,cudaLaunchKernel,  64    1    1, 256    1    1,"<unnamed>::unpack_face_x(const double *, double *, int, int, int, int, int)"
4196568362,11251,4196579613,1762,4196581375,3072,16085,126,126,5,cudaLaunchKernel,  64    1    1, 256    1    1,"<unnamed>::unpack_face_x(const double *, double *, int, int, int, int, int)"
4196573151,4057,4196577208,4438,4196581646,3136,11631,121,121,0,cudaLaunchKernel,  64    1    1, 256    1    1,"<unnamed>::unpack_face_y(const double *, double *, int, int, int, int, int)"
4196573872,13195,4196587067,1502,4196588569,2688,17385,125,125,4,cudaLaunchKernel,  64    1    1, 256    1    1,"<unnamed>::unpack_face_x(const double *, double *, int, int, int, int, int)"
4196576697,5130,4196581827,4192,4196586019,2624,11946,131,131,6,cudaLaunchKernel,  64    1    1, 256    1    1,"<unnamed>::unpack_face_y(const double *, double *, int, int, int, int, int)"
4196577850,3596,4196581446,4840,4196586286,3584,12020,121,121,0,cudaLaunchKernel,  64    1    1, 256    1    1,"<unnamed>::unpack_face_z(const double *, double *, int, int, int, int, int)"
4196580294,3847,4196584141,4402,4196588543,3136,11385,126,126,5,cudaLaunchKernel,  64    1    1, 256    1    1,"<unnamed>::unpack_face_y(const double *, double *, int, int, int, int, int)"
4196582348,3527,4196585875,5435,4196591310,4416,13378,121,121,0,cudaLaunchKernel, 128    1    1, 256    1    1,"<unnamed>::step_kernel_boundary_x_faces(const double *, const double *, double *, const double *, const double *, int, int, int, int, int, int, int, double, double)"
4196582398,3386,4196585784,4139,4196589923,3424,10949,131,131,6,cudaLaunchKernel,  64    1    1, 256    1    1,"<unnamed>::unpack_face_z(const double *, double *, int, int, int, int, int)"
4196584742,3227,4196587969,5790,4196593759,3104,12121,126,126,5,cudaLaunchKernel,  64    1    1, 256    1    1,"<unnamed>::unpack_face_z(const double *, double *, int, int, int, int, int)"
4196586736,3517,4196590253,4630,4196594883,4288,12435,131,131,6,cudaLaunchKernel, 128    1    1, 256    1    1,"<unnamed>::step_kernel_boundary_x_faces(const double *, const double *, double *, const double *, const double *, int, int, int, int, int, int, int, double, double)"
4196586786,3627,4196590413,6753,4196597166,4512,14892,121,121,0,cudaLaunchKernel, 126    1    1, 256    1    1,"<unnamed>::step_kernel_boundary_y_faces(const double *, const double *, double *, const double *, const double *, int, int, int, int, int, int, int, double, double)"
4196587918,4369,4196592287,3802,4196596089,2688,10859,125,125,4,cudaLaunchKernel,  64    1    1, 256    1    1,"<unnamed>::unpack_face_y(const double *, double *, int, int, int, int, int)"
4196588910,3226,4196592136,6103,4196598239,4544,13873,126,126,5,cudaLaunchKernel, 128    1    1, 256    1    1,"<unnamed>::step_kernel_boundary_x_faces(const double *, const double *, double *, const double *, const double *, int, int, int, int, int, int, int, double, double)"
4196590864,3426,4196594290,6385,4196600675,4640,14451,131,131,6,cudaLaunchKernel, 126    1    1, 256    1    1,"<unnamed>::step_kernel_boundary_y_faces(const double *, const double *, double *, const double *, const double *, int, int, int, int, int, int, int, double, double)"
4196590954,3597,4196594551,8535,4196603086,11904,24036,121,121,0,cudaLaunchKernel, 125    1    1, 256    1    1,"<unnamed>::step_kernel_boundary_z_faces(const double *, const double *, double *, const double *, const double *, int, int, int, int, int, int, int, double, double)"
4196592657,3447,4196596104,7991,4196604095,4576,16014,126,126,5,cudaLaunchKernel, 126    1    1, 256    1    1,"<unnamed>::step_kernel_boundary_y_faces(const double *, const double *, double *, const double *, const double *, int, int, int, int, int, int, int, double, double)"
4196593068,3767,4196596835,3158,4196599993,3072,9997,125,125,4,cudaLaunchKernel,  64    1    1, 256    1    1,"<unnamed>::unpack_face_z(const double *, double *, int, int, int, int, int)"
4196594972,3356,4196598328,8491,4196606819,11872,23719,131,131,6,cudaLaunchKernel, 125    1    1, 256    1    1,"<unnamed>::step_kernel_boundary_z_faces(const double *, const double *, double *, const double *, const double *, int, int, int, int, int, int, int, double, double)"
4196596635,3276,4196599911,10296,4196610207,11872,25444,126,126,5,cudaLaunchKernel, 125    1    1, 256    1    1,"<unnamed>::step_kernel_boundary_z_faces(const double *, const double *, double *, const double *, const double *, int, int, int, int, int, int, int, double, double)"
4196597837,3657,4196601494,2755,4196604249,4384,10796,125,125,4,cudaLaunchKernel, 128    1    1, 256    1    1,"<unnamed>::step_kernel_boundary_x_faces(const double *, const double *, double *, const double *, const double *, int, int, int, int, int, int, int, double, double)"
4196602035,3276,4196605311,4538,4196609849,4480,12294,125,125,4,cudaLaunchKernel, 126    1    1, 256    1    1,"<unnamed>::step_kernel_boundary_y_faces(const double *, const double *, double *, const double *, const double *, int, int, int, int, int, int, int, double, double)"
4196605892,3487,4196609379,6166,4196615545,11648,21301,125,125,4,cudaLaunchKernel, 125    1    1, 256    1    1,"<unnamed>::step_kernel_boundary_z_faces(const double *, const double *, double *, const double *, const double *, int, int, int, int, int, int, int, double, double)"
4196619217,3897,4196623114,5327,4196628441,3200,12424,125,125,4,cudaLaunchKernel,  64    1    1, 256    1    1,"<unnamed>::pack_face_x(const double *, double *, int, int, int, int, int)"
4196621211,6061,4196627272,3078,4196630350,3040,12179,121,121,0,cudaLaunchKernel,  64    1    1, 256    1    1,"<unnamed>::pack_face_x(const double *, double *, int, int, int, int, int)"
4196623956,3356,4196627312,5449,4196632761,3136,11941,125,125,4,cudaLaunchKernel,  64    1    1, 256    1    1,"<unnamed>::pack_face_y(const double *, double *, int, int, int, int, int)"
4196625188,4348,4196629536,3075,4196632611,3136,10559,131,131,6,cudaLaunchKernel,  64    1    1, 256    1    1,"<unnamed>::pack_face_x(const double *, double *, int, int, int, int, int)"
4196625960,4548,4196630508,2611,4196633119,3168,10327,126,126,5,cudaLaunchKernel,  64    1    1, 256    1    1,"<unnamed>::pack_face_x(const double *, double *, int, int, int, int, int)"
4196627853,3246,4196631099,5950,4196637049,4640,13836,125,125,4,cudaLaunchKernel,  64    1    1, 256    1    1,"<unnamed>::pack_face_z(const double *, double *, int, int, int, int, int)"
4196628014,3556,4196631570,3100,4196634670,3072,9728,121,121,0,cudaLaunchKernel,  64    1    1, 256    1    1,"<unnamed>::pack_face_y(const double *, double *, int, int, int, int, int)"
4196630128,3297,4196633425,3666,4196637091,3136,10099,131,131,6,cudaLaunchKernel,  64    1    1, 256    1    1,"<unnamed>::pack_face_y(const double *, double *, int, int, int, int, int)"
4196631039,3247,4196634286,3281,4196637567,3072,9600,126,126,5,cudaLaunchKernel,  64    1    1, 256    1    1,"<unnamed>::pack_face_y(const double *, double *, int, int, int, int, int)"
4196631901,3988,4196635889,2856,4196638745,48384,55228,125,125,4,cudaLaunchKernel,   4   32   32,  32    4    4,"<unnamed>::step_kernel_interior(const double *, const double *, double *, const double *, const double *, int, int, int, int, int, int, int, double, double)"
4196632061,3899,4196635960,4438,4196640398,4224,12561,121,121,0,cudaLaunchKernel,  64    1    1, 256    1    1,"<unnamed>::pack_face_z(const double *, double *, int, int, int, int, int)"
4196633956,3366,4196637322,4217,4196641539,4224,11807,131,131,6,cudaLaunchKernel,  64    1    1, 256    1    1,"<unnamed>::pack_face_z(const double *, double *, int, int, int, int, int)"
4196634837,3377,4196638214,4441,4196642655,4160,11978,126,126,5,cudaLaunchKernel,  64    1    1, 256    1    1,"<unnamed>::pack_face_z(const double *, double *, int, int, int, int, int)"
4196637382,4739,4196642121,2565,4196644686,48031,55335,121,121,0,cudaLaunchKernel,   4   32   32,  32    4    4,"<unnamed>::step_kernel_interior(const double *, const double *, double *, const double *, const double *, int, int, int, int, int, int, int, double, double)"
4196639055,3377,4196642432,3199,4196645631,48352,54928,126,126,5,cudaLaunchKernel,   4   32   32,  32    4    4,"<unnamed>::step_kernel_interior(const double *, const double *, double *, const double *, const double *, int, int, int, int, int, int, int, double, double)"
4196664703,6042,4196670745,2602,4196673347,48352,56996,131,131,6,cudaLaunchKernel,   4   32   32,  32    4    4,"<unnamed>::step_kernel_interior(const double *, const double *, double *, const double *, const double *, int, int, int, int, int, int, int, double, double)"
4196704849,36289,4196741138,2097,4196743235,2656,41042,122,122,1,cudaLaunchKernel,  64    1    1, 256    1    1,"<unnamed>::unpack_face_x(const double *, double *, int, int, int, int, int)"
4196711080,8917,4196719997,2507,4196722504,2656,14080,123,123,2,cudaLaunchKernel,  64    1    1, 256    1    1,"<unnamed>::unpack_face_x(const double *, double *, int, int, int, int, int)"
4196720618,3677,4196724295,4513,4196728808,2656,10846,123,123,2,cudaLaunchKernel,  64    1    1, 256    1    1,"<unnamed>::unpack_face_y(const double *, double *, int, int, int, int, int)"
4196722081,10360,4196732441,2276,4196734717,3008,15644,134,134,7,cudaLaunchKernel,  64    1    1, 256    1    1,"<unnamed>::unpack_face_x(const double *, double *, int, int, int, int, int)"
4196724916,3488,4196728404,4340,4196732744,3552,11380,123,123,2,cudaLaunchKernel,  64    1    1, 256    1    1,"<unnamed>::unpack_face_z(const double *, double *, int, int, int, int, int)"
4196729276,3516,4196732792,4752,4196737544,4256,12524,123,123,2,cudaLaunchKernel, 128    1    1, 256    1    1,"<unnamed>::step_kernel_boundary_x_faces(const double *, const double *, double *, const double *, const double *, int, int, int, int, int, int, int, double, double)"
4196733033,4007,4196737040,4365,4196741405,2688,11060,134,134,7,cudaLaunchKernel,  64    1    1, 256    1    1,"<unnamed>::unpack_face_y(const double *, double *, int, int, int, int, int)"
4196733363,3887,4196737250,5734,4196742984,4640,14261,123,123,2,cudaLaunchKernel, 126    1    1, 256    1    1,"<unnamed>::step_kernel_boundary_y_faces(const double *, const double *, double *, const double *, const double *, int, int, int, int, int, int, int, double, double)"
4196737591,3346,4196740937,4340,4196745277,3200,10886,134,134,7,cudaLaunchKernel,  64    1    1, 256    1    1,"<unnamed>::unpack_face_z(const double *, double *, int, int, int, int, int)"
4196737761,3577,4196741338,7502,4196748840,11648,22727,123,123,2,cudaLaunchKernel, 125    1    1, 256    1    1,"<unnamed>::step_kernel_boundary_z_faces(const double *, const double *, double *, const double *, const double *, int, int, int, int, int, int, int, double, double)"
4196741939,4409,4196746348,4631,4196750979,3008,12048,122,122,1,cudaLaunchKernel,  64    1    1, 256    1    1,"<unnamed>::unpack_face_y(const double *, double *, int, int, int, int, int)"
4196741949,3527,4196745476,4377,4196749853,4448,12352,134,134,7,cudaLaunchKernel, 128    1    1, 256    1    1,"<unnamed>::step_kernel_boundary_x_faces(const double *, const double *, double *, const double *, const double *, int, int, int, int, int, int, int, double, double)"
4196746087,3587,4196749674,5907,4196755581,4480,13974,134,134,7,cudaLaunchKernel, 126    1    1, 256    1    1,"<unnamed>::step_kernel_boundary_y_faces(const double *, const double *, double *, const double *, const double *, int, int, int, int, int, int, int, double, double)"
4196747019,3707,4196750726,4701,4196755427,3168,11576,122,122,1,cudaLaunchKernel,  64    1    1, 256    1    1,"<unnamed>::unpack_face_z(const double *, double *, int, int, int, int, int)"
4196750235,4498,4196754733,6672,4196761405,11776,22946,134,134,7,cudaLaunchKernel, 125    1    1, 256    1    1,"<unnamed>::step_kernel_boundary_z_faces(const double *, const double *, double *, const double *, const double *, int, int, int, int, int, int, int, double, double)"
4196751698,3797,4196755495,4540,4196760035,4320,12657,122,122,1,cudaLaunchKernel, 128    1    1, 256    1    1,"<unnamed>::step_kernel_boundary_x_faces(const double *, const double *, double *, const double *, const double *, int, int, int, int, int, int, int, double, double)"
4196756096,3917,4196760013,5974,4196765987,4352,14243,122,122,1,cudaLaunchKernel, 126    1    1, 256    1    1,"<unnamed>::step_kernel_boundary_y_faces(const double *, const double *, double *, const double *, const double *, int, int, int, int, int, int, int, double, double)"
4196756597,4608,4196761205,2803,4196764008,3072,10483,123,123,2,cudaLaunchKernel,  64    1    1, 256    1    1,"<unnamed>::pack_face_x(const double *, double *, int, int, int, int, int)"
4196760584,3697,4196764281,7594,4196771875,11872,23163,122,122,1,cudaLaunchKernel, 125    1    1, 256    1    1,"<unnamed>::step_kernel_boundary_z_faces(const double *, const double *, double *, const double *, const double *, int, int, int, int, int, int, int, double, double)"
4196761746,3517,4196765263,2969,4196768232,3072,9558,123,123,2,cudaLaunchKernel,  64    1    1, 256    1    1,"<unnamed>::pack_face_y(const double *, double *, int, int, int, int, int)"
4196765784,3396,4196769180,3276,4196772456,4160,10832,123,123,2,cudaLaunchKernel,  64    1    1, 256    1    1,"<unnamed>::pack_face_z(const double *, double *, int, int, int, int, int)"
4196769962,3807,4196773769,3231,4196777000,48192,55230,123,123,2,cudaLaunchKernel,   4   32   32,  32    4    4,"<unnamed>::step_kernel_interior(const double *, const double *, double *, const double *, const double *, int, int, int, int, int, int, int, double, double)"
4196770633,5270,4196775903,2782,4196778685,3040,11092,134,134,7,cudaLaunchKernel,  64    1    1, 256    1    1,"<unnamed>::pack_face_x(const double *, double *, int, int, int, int, int)"
4196776514,3306,4196779820,4305,4196784125,3072,10683,134,134,7,cudaLaunchKernel,  64    1    1, 256    1    1,"<unnamed>::pack_face_y(const double *, double *, int, int, int, int, int)"
4196780622,3426,4196784048,4301,4196788349,4096,11823,134,134,7,cudaLaunchKernel,  64    1    1, 256    1    1,"<unnamed>::pack_face_z(const double *, double *, int, int, int, int, int)"
4196784930,3777,4196788707,3162,4196791869,48223,55162,134,134,7,cudaLaunchKernel,   4   32   32,  32    4    4,"<unnamed>::step_kernel_interior(const double *, const double *, double *, const double *, const double *, int, int, int, int, int, int, int, double, double)"
4196794388,6462,4196800850,2417,4196803267,3072,11951,122,122,1,cudaLaunchKernel,  64    1    1, 256    1    1,"<unnamed>::pack_face_x(const double *, double *, int, int, int, int, int)"
4196801471,3617,4196805088,4451,4196809539,3072,11140,122,122,1,cudaLaunchKernel,  64    1    1, 256    1    1,"<unnamed>::pack_face_y(const double *, double *, int, int, int, int, int)"
4196805679,3667,4196809346,4609,4196813955,4096,12372,122,122,1,cudaLaunchKernel,  64    1    1, 256    1    1,"<unnamed>::pack_face_z(const double *, double *, int, int, int, int, int)"
4196810247,3707,4196813954,3265,4196817219,48000,54972,122,122,1,cudaLaunchKernel,   4   32   32,  32    4    4,"<unnamed>::step_kernel_interior(const double *, const double *, double *, const double *, const double *, int, int, int, int, int, int, int, double, double)"
4196859711,9728,4196869439,2240,4196871679,2720,14688,124,124,3,cudaLaunchKernel,  64    1    1, 256    1    1,"<unnamed>::unpack_face_x(const double *, double *, int, int, int, int, int)"
4196870151,5310,4196875461,4218,4196879679,2560,12088,124,124,3,cudaLaunchKernel,  64    1    1, 256    1    1,"<unnamed>::unpack_face_y(const double *, double *, int, int, int, int, int)"
4196876032,3637,4196879669,4490,4196884159,3104,11231,124,124,3,cudaLaunchKernel,  64    1    1, 256    1    1,"<unnamed>::unpack_face_z(const double *, double *, int, int, int, int, int)"
4196880650,3677,4196884327,4120,4196888447,4064,11861,124,124,3,cudaLaunchKernel, 128    1    1, 256    1    1,"<unnamed>::step_kernel_boundary_x_faces(const double *, const double *, double *, const double *, const double *, int, int, int, int, int, int, int, double, double)"
4196884918,3737,4196888655,5136,4196893791,4416,13289,124,124,3,cudaLaunchKernel, 126    1    1, 256    1    1,"<unnamed>::step_kernel_boundary_y_faces(const double *, const double *, double *, const double *, const double *, int, int, int, int, int, int, int, double, double)"
4196889206,3547,4196892753,6574,4196899327,11200,21321,124,124,3,cudaLaunchKernel, 125    1    1, 256    1    1,"<unnamed>::step_kernel_boundary_z_faces(const double *, const double *, double *, const double *, const double *, int, int, int, int, int, int, int, double, double)"
4196900618,3797,4196904415,7424,4196911839,3136,14357,124,124,3,cudaLaunchKernel,  64    1    1, 256    1    1,"<unnamed>::pack_face_x(const double *, double *, int, int, int, int, int)"
4196904986,3507,4196908493,7762,4196916255,3136,14405,124,124,3,cudaLaunchKernel,  64    1    1, 256    1    1,"<unnamed>::pack_face_y(const double *, double *, int, int, int, int, int)"
4196909024,3496,4196912520,8119,4196920639,6208,17823,124,124,3,cudaLaunchKernel,  64    1    1, 256    1    1,"<unnamed>::pack_face_z(const double *, double *, int, int, int, int, int)"
4196913292,5291,4196918583,3112,4196921695,48320,56723,124,124,3,cudaLaunchKernel,   4   32   32,  32    4    4,"<unnamed>::step_kernel_interior(const double *, const double *, double *, const double *, const double *, int, int, int, int, int, int, int, double, double)"
4202823299,12293,4202835592,1930,4202837522,2656,16879,121,121,0,cudaLaunchKernel,  64    1    1, 256    1    1,"<unnamed>::unpack_face_x(const double *, double *, int, int, int, int, int)"
4202826976,10059,4202837035,2219,4202839254,3168,15446,126,126,5,cudaLaunchKernel,  64    1    1, 256    1    1,"<unnamed>::unpack_face_x(const double *, double *, int, int, int, int, int)"
4202830132,10720,4202840852,2039,4202842891,3072,15831,131,131,6,cudaLaunchKernel,  64    1    1, 256    1    1,"<unnamed>::unpack_face_x(const double *, double *, int, int, int, int, int)"
4202836313,4328,4202840641,4625,4202845266,3072,12025,121,121,0,cudaLaunchKernel,  64    1    1, 256    1    1,"<unnamed>::unpack_face_y(const double *, double *, int, int, int, int, int)"
4202836313,15800,4202852113,1412,4202853525,2720,19932,125,125,4,cudaLaunchKernel,  64    1    1, 256    1    1,"<unnamed>::unpack_face_x(const double *, double *, int, int, int, int, int)"
4202837756,3547,4202841303,4095,4202845398,3008,10650,126,126,5,cudaLaunchKernel,  64    1    1, 256    1    1,"<unnamed>::unpack_face_y(const double *, double *, int, int, int, int, int)"
4202841282,3587,4202844869,4973,4202849842,3615,12175,121,121,0,cudaLaunchKernel,  64    1    1, 256    1    1,"<unnamed>::unpack_face_z(const double *, double *, int, int, int, int, int)"
4202841603,4999,4202846602,4417,4202851019,2656,12072,131,131,6,cudaLaunchKernel,  64    1    1, 256    1    1,"<unnamed>::unpack_face_y(const double *, double *, int, int, int, int, int)"
4202841874,3216,4202845090,4500,4202849590,3104,10820,126,126,5,cudaLaunchKernel,  64    1    1, 256    1    1,"<unnamed>::unpack_face_z(const double *, double *, int, int, int, int, int)"
4202845871,4969,4202850840,4601,4202855441,4448,14018,121,121,0,cudaLaunchKernel, 128    1    1, 256    1    1,"<unnamed>::step_kernel_boundary_x_faces(const double *, const double *, double *, const double *, const double *, int, int, int, int, int, int, int, double, double)"
4202845951,3437,4202849388,4778,4202854166,4416,12631,126,126,5,cudaLaunchKernel, 128    1    1, 256    1    1,"<unnamed>::step_kernel_boundary_x_faces(const double *, const double *, double *, const double *, const double *, int, int, int, int, int, int, int, double, double)"
4202847153,3327,4202850480,4731,4202855211,3424,11482,131,131,6,cudaLaunchKernel,  64    1    1, 256    1    1,"<unnamed>::unpack_face_z(const double *, double *, int, int, int, int, int)"
4202849889,3226,4202853115,6683,4202859798,4544,14453,126,126,5,cudaLaunchKernel, 126    1    1, 256    1    1,"<unnamed>::step_kernel_boundary_y_faces(const double *, const double *, double *, const double *, const double *, int, int, int, int, int, int, int, double, double)"
4202851401,3779,4202855180,6053,4202861233,4480,14312,121,121,0,cudaLaunchKernel, 126    1    1, 256    1    1,"<unnamed>::step_kernel_boundary_y_faces(const double *, const double *, double *, const double *, const double *, int, int, int, int, int, int, int, double, double)"
4202851462,3347,4202854809,5202,4202860011,4352,12901,131,131,6,cudaLaunchKernel, 128    1    1, 256    1    1,"<unnamed>::step_kernel_boundary_x_faces(const double *, const double *, double *, const double *, const double *, int, int, int, int, int, int, int, double, double)"
4202853045,4840,4202857885,3960,4202861845,2688,11488,125,125,4,cudaLaunchKernel,  64    1    1, 256    1    1,"<unnamed>::unpack_face_y(const double *, double *, int, int, int, int, int)"
4202853636,3177,4202856813,8745,4202865558,12320,24242,126,126,5,cudaLaunchKernel, 125    1    1, 256    1    1,"<unnamed>::step_kernel_boundary_z_faces(const double *, const double *, double *, const double *, const double *, int, int, int, int, int, int, int, double, double)"
4202855350,3446,4202858796,6847,4202865643,4480,14773,131,131,6,cudaLaunchKernel, 126    1    1, 256    1    1,"<unnamed>::step_kernel_boundary_y_faces(const double *, const double *, double *, const double *, const double *, int, int, int, int, int, int, int, double, double)"
4202855701,3526,4202859227,7734,4202866961,12384,23644,121,121,0,cudaLaunchKernel, 125    1    1, 256    1    1,"<unnamed>::step_kernel_boundary_z_faces(const double *, const double *, double *, const double *, const double *, int, int, int, int, int, int, int, double, double)"
4202858636,4228,4202862864,2885,4202865749,3104,10217,125,125,4,cudaLaunchKernel,  64    1    1, 256    1    1,"<unnamed>::unpack_face_z(const double *, double *, int, int, int, int, int)"
4202859417,3347,4202862764,8735,4202871499,11712,23794,131,131,6,cudaLaunchKernel, 125    1    1, 256    1    1,"<unnamed>::step_kernel_boundary_z_faces(const double *, const double *, double *, const double *, const double *, int, int, int, int, int, int, int, double, double)"
4202864096,4599,4202868695,3646,4202872341,4416,12661,125,125,4,cudaLaunchKernel, 128    1    1, 256    1    1,"<unnamed>::step_kernel_boundary_x_faces(const double *, const double *, double *, const double *, const double *, int, int, int, int, int, int, int, double, double)"
4202869356,4188,4202873544,4589,4202878133,4512,13289,125,125,4,cudaLaunchKernel, 126    1    1, 256    1    1,"<unnamed>::step_kernel_boundary_y_faces(const double *, const double *, double *, const double *, const double *, int, int, int, int, int, int, int, double, double)"
4202874245,3928,4202878173,5624,4202883797,11680,21232,125,125,4,cudaLaunchKernel, 125    1    1, 256    1    1,"<unnamed>::step_kernel_boundary_z_faces(const double *, const double *, double *, const double *, const double *, int, int, int, int, int, int, int, double, double)"
4202882621,4328,4202886949,3025,4202889974,2976,10329,126,126,5,cudaLaunchKernel,  64    1    1, 256    1    1,"<unnamed>::pack_face_x(const double *, double *, int, int, int, int, int)"
4202887550,9388,4202896938,2796,4202899734,3040,15224,126,126,5,cudaLaunchKernel,  64    1    1, 256    1    1,"<unnamed>::pack_face_y(const double *, double *, int, int, int, int, int)"
4202888292,4228,4202892520,2787,4202895307,3040,10055,131,131,6,cudaLaunchKernel,  64    1    1, 256    1    1,"<unnamed>::pack_face_x(const double *, double *, int, int, int, int, int)"
4202889524,4368,4202893892,2769,4202896661,3072,10209,125,125,4,cudaLaunchKernel,  64    1    1, 256    1    1,"<unnamed>::pack_face_x(const double *, double *, int, int, int, int, int)"
4202893051,3326,4202896377,3218,4202899595,3360,9904,131,131,6,cudaLaunchKernel,  64    1    1, 256    1    1,"<unnamed>::pack_face_y(const double *, double *, int, int, int, int, int)"
4202894664,4007,4202898671,2342,4202901013,3168,9517,125,125,4,cudaLaunchKernel,  64    1    1, 256    1    1,"<unnamed>::pack_face_y(const double *, double *, int, int, int, int, int)"
4202896968,3216,4202900184,4019,4202904203,4096,11331,131,131,6,cudaLaunchKernel,  64    1    1, 256    1    1,"<unnamed>::pack_face_z(const double *, double *, int, int, int, int, int)"
4202897519,3517,4202901036,4298,4202905334,4480,12295,126,126,5,cudaLaunchKernel,  64    1    1, 256    1    1,"<unnamed>::pack_face_z(const double *, double *, int, int, int, int, int)"
4202899352,3878,4202903230,2423,4202905653,4256,10557,125,125,4,cudaLaunchKernel,  64    1    1, 256    1    1,"<unnamed>::pack_face_z(const double *, double *, int, int, int, int, int)"
4202901096,3536,4202904632,3187,4202907819,48031,54754,131,131,6,cudaLaunchKernel,   4   32   32,  32    4    4,"<unnamed>::step_kernel_interior(const double *, const double *, double *, const double *, const double *, int, int, int, int, int, int, int, double, double)"
4202901947,3467,4202905414,3056,4202908470,48417,54940,126,126,5,cudaLaunchKernel,   4   32   32,  32    4    4,"<unnamed>::step_kernel_interior(const double *, const double *, double *, const double *, const double *, int, int, int, int, int, int, int, double, double)"
4202904151,4218,4202908369,2724,4202911093,48704,55646,125,125,4,cudaLaunchKernel,   4   32   32,  32    4    4,"<unnamed>::step_kernel_interior(const double *, const double *, double *, const double *, const double *, int, int, int, int, int, int, int, double, double)"
4202926403,8206,4202934609,2368,4202936977,3104,13678,121,121,0,cudaLaunchKernel,  64    1    1, 256    1    1,"<unnamed>::pack_face_x(const double *, double *, int, int, int, int, int)"
4202935450,3947,4202939397,4396,4202943793,2976,11319,121,121,0,cudaLaunchKernel,  64    1    1, 256    1    1,"<unnamed>::pack_face_y(const double *, double *, int, int, int, int, int)"
4202939949,3576,4202943525,4652,4202948177,4576,12804,121,121,0,cudaLaunchKernel,  64    1    1, 256    1    1,"<unnamed>::pack_face_z(const double *, double *, int, int, int, int, int)"
4202944427,4279,4202948706,2735,4202951441,48384,55398,121,121,0,cudaLaunchKernel,   4   32   32,  32    4    4,"<unnamed>::step_kernel_interior(const double *, const double *, double *, const double *, const double *, int, int, int, int, int, int, int, double, double)"
4202965858,9408,4202975266,2441,4202977707,2976,14825,134,134,7,cudaLaunchKernel,  64    1    1, 256    1    1,"<unnamed>::unpack_face_x(const double *, double *, int, int, int, int, int)"
4202975967,3797,4202979764,4119,4202983883,2688,10604,134,134,7,cudaLaunchKernel,  64    1    1, 256    1    1,"<unnamed>::unpack_face_y(const double *, double *, int, int, int, int, int)"
4202980325,3507,4202983832,4371,4202988203,3136,11014,134,134,7,cudaLaunchKernel,  64    1    1, 256    1    1,"<unnamed>::unpack_face_z(const double *, double *, int, int, int, int, int)"
4202984723,3477,4202988200,4323,4202992523,4320,12120,134,134,7,cudaLaunchKernel, 128    1    1, 256    1    1,"<unnamed>::step_kernel_boundary_x_faces(const double *, const double *, double *, const double *, const double *, int, int, int, int, int, int, int, double, double)"
4202988711,3637,4202992348,5775,4202998123,4608,14020,134,134,7,cudaLaunchKernel, 126    1    1, 256    1    1,"<unnamed>::step_kernel_boundary_y_faces(const double *, const double *, double *, const double *, const double *, int, int, int, int, int, int, int, double, double)"
4202992919,3376,4202996295,7812,4203004107,11840,23028,134,134,7,cudaLaunchKernel, 125    1    1, 256    1    1,"<unnamed>::step_kernel_boundary_z_faces(const double *, const double *, double *, const double *, const double *, int, int, int, int, int, int, int, double, double)"
4203000864,9968,4203010832,2497,4203013329,2656,15121,123,123,2,cudaLaunchKernel,  64    1    1, 256    1    1,"<unnamed>::unpack_face_x(const double *, double *, int, int, int, int, int)"
4203004030,10069,4203014099,2575,4203016674,2720,15364,122,122,1,cudaLaunchKernel,  64    1    1, 256    1    1,"<unnamed>::unpack_face_x(const double *, double *, int, int, int, int, int)"
4203011534,9748,4203021282,2830,4203024112,2656,15234,123,123,2,cudaLaunchKernel,  64    1    1, 256    1    1,"<unnamed>::unpack_face_y(const double *, double *, int, int, int, int, int)"
4203013407,5881,4203019288,3795,4203023083,2976,12652,134,134,7,cudaLaunchKernel,  64    1    1, 256    1    1,"<unnamed>::pack_face_x(const double *, double *, int, int, int, int, int)"
4203014780,3987,4203018767,4435,4203023202,2944,11366,122,122,1,cudaLaunchKernel,  64    1    1, 256    1    1,"<unnamed>::unpack_face_y(const double *, double *, int, int, int, int, int)"
4203019378,3647,4203023025,4593,4203027618,3136,11376,122,122,1,cudaLaunchKernel,  64    1    1, 256    1    1,"<unnamed>::unpack_face_z(const double *, double *, int, int, int, int, int)"
4203019899,3607,4203023506,3737,4203027243,3104,10448,134,134,7,cudaLaunchKernel,  64    1    1, 256    1    1,"<unnamed>::pack_face_y(const double *, double *, int, int, int, int, int)"
4203021973,3737,4203025710,4354,4203030064,3520,11611,123,123,2,cudaLaunchKernel,  64    1    1, 256    1    1,"<unnamed>::unpack_face_z(const double *, double *, int, int, int, int, int)"
4203023967,3637,4203027604,5006,4203032610,4256,12899,122,122,1,cudaLaunchKernel, 128    1    1, 256    1    1,"<unnamed>::step_kernel_boundary_x_faces(const double *, const double *, double *, const double *, const double *, int, int, int, int, int, int, int, double, double)"
4203024097,3577,4203027674,3889,4203031563,4576,12042,134,134,7,cudaLaunchKernel,  64    1    1, 256    1    1,"<unnamed>::pack_face_z(const double *, double *, int, int, int, int, int)"
4203026612,3597,4203030209,4559,4203034768,4160,12316,123,123,2,cudaLaunchKernel, 128    1    1, 256    1    1,"<unnamed>::step_kernel_boundary_x_faces(const double *, const double *, double *, const double *, const double *, int, int, int, int, int, int, int, double, double)"
4203028155,3697,4203031852,6486,4203038338,4416,14599,122,122,1,cudaLaunchKernel, 126    1    1, 256    1    1,"<unnamed>::step_kernel_boundary_y_faces(const double *, const double *, double *, const double *, const double *, int, int, int, int, int, int, int, double, double)"
4203028556,4218,4203032774,2949,4203035723,48512,55679,134,134,7,cudaLaunchKernel,   4   32   32,  32    4    4,"<unnamed>::step_kernel_interior(const double *, const double *, double *, const double *, const double *, int, int, int, int, int, int, int, double, double)"
4203030790,3627,4203034417,5791,4203040208,4544,13962,123,123,2,cudaLaunchKernel, 126    1    1, 256    1    1,"<unnamed>::step_kernel_boundary_y_faces(const double *, const double *, double *, const double *, const double *, int, int, int, int, int, int, int, double, double)"
4203032353,3647,4203036000,8034,4203044034,11840,23521,122,122,1,cudaLaunchKernel, 125    1    1, 256    1    1,"<unnamed>::step_kernel_boundary_z_faces(const double *, const double *, double *, const double *, const double *, int, int, int, int, int, int, int, double, double)"
4203034928,3396,4203038324,7548,4203045872,11616,22560,123,123,2,cudaLaunchKernel, 125    1    1, 256    1    1,"<unnamed>::step_kernel_boundary_z_faces(const double *, const double *, double *, const double *, const double *, int, int, int, int, int, int, int, double, double)"
4203051169,14768,4203065937,4017,4203069954,3136,21921,122,122,1,cudaLaunchKernel,  64    1    1, 256    1    1,"<unnamed>::pack_face_x(const double *, double *, int, int, int, int, int)"
4203065716,6082,4203071798,1946,4203073744,3232,11260,123,123,2,cudaLaunchKernel,  64    1    1, 256    1    1,"<unnamed>::pack_face_x(const double *, double *, int, int, int, int, int)"
4203066628,3998,4203070626,3968,4203074594,3104,11070,122,122,1,cudaLaunchKernel,  64    1    1, 256    1    1,"<unnamed>::pack_face_y(const double *, double *, int, int, int, int, int)"
4203071577,3687,4203075264,3906,4203079170,4128,11721,122,122,1,cudaLaunchKernel,  64    1    1, 256    1    1,"<unnamed>::pack_face_z(const double *, double *, int, int, int, int, int)"
4203072479,3747,4203076226,4206,4203080432,3136,11089,123,123,2,cudaLaunchKernel,  64    1    1, 256    1    1,"<unnamed>::pack_face_y(const double *, double *, int, int, int, int, int)"
4203076126,4098,4203080224,3522,4203083746,48224,55844,122,122,1,cudaLaunchKernel,   4   32   32,  32    4    4,"<unnamed>::step_kernel_interior(const double *, const double *, double *, const double *, const double *, int, int, int, int, int, int, int, double, double)"
4203076767,3687,4203080454,4362,4203084816,4160,12209,123,123,2,cudaLaunchKernel,  64    1    1, 256    1    1,"<unnamed>::pack_face_z(const double *, double *, int, int, int, int, int)"
4203081296,3757,4203085053,3251,4203088304,48160,55168,123,123,2,cudaLaunchKernel,   4   32   32,  32    4    4,"<unnamed>::step_kernel_interior(const double *, const double *, double *, const double *, const double *, int, int, int, int, int, int, int, double, double)"
4203370381,12523,4203382904,1421,4203384325,2688,16632,124,124,3,cudaLaunchKernel,  64    1    1, 256    1    1,"<unnamed>::unpack_face_x(const double *, double *, int, int, int, int, int)"
4203383676,4338,4203388014,4279,4203392293,2656,11273,124,124,3,cudaLaunchKernel,  64    1    1, 256    1    1,"<unnamed>::unpack_face_y(const double *, double *, int, int, int, int, int)"
4203388555,3667,4203392222,3911,4203396133,3072,10650,124,124,3,cudaLaunchKernel,  64    1    1, 256    1    1,"<unnamed>::unpack_face_z(const double *, double *, int, int, int, int, int)"
4203393184,3807,4203396991,3590,4203400581,4096,11493,124,124,3,cudaLaunchKernel, 128    1    1, 256    1    1,"<unnamed>::step_kernel_boundary_x_faces(const double *, const double *, double *, const double *, const double *, int, int, int, int, int, int, int, double, double)"
4203397532,3526,4203401058,4931,4203405989,4672,13129,124,124,3,cudaLaunchKernel, 126    1    1, 256    1    1,"<unnamed>::step_kernel_boundary_y_faces(const double *, const double *, double *, const double *, const double *, int, int, int, int, int, int, int, double, double)"
4203401559,3617,4203405176,6669,4203411845,11680,21966,124,124,3,cudaLaunchKernel, 125    1    1, 256    1    1,"<unnamed>::step_kernel_boundary_z_faces(const double *, const double *, double *, const double *, const double *, int, int, int, int, int, int, int, double, double)"
4212175148,11662,4212186810,2285,4212189095,2944,16891,131,131,6,cudaLaunchKernel,  64    1    1, 256    1    1,"<unnamed>::unpack_face_x(const double *, double *, int, int, int, int, int)"
4212176050,10389,4212186439,2226,4212188665,3168,15783,126,126,5,cudaLaunchKernel,  64    1    1, 256    1    1,"<unnamed>::unpack_face_x(const double *, double *, int, int, int, int, int)"
4212179696,12855,4212192551,1824,4212194375,2688,17367,121,121,0,cudaLaunchKernel,  64    1    1, 256    1    1,"<unnamed>::unpack_face_x(const double *, double *, int, int, int, int, int)"
4212184526,13264,4212197790,1424,4212199214,2656,17344,125,125,4,cudaLaunchKernel,  64    1    1, 256    1    1,"<unnamed>::unpack_face_x(const double *, double *, int, int, int, int, int)"
4212187100,3687,4212190787,4182,4212194969,2912,10781,126,126,5,cudaLaunchKernel,  64    1    1, 256    1    1,"<unnamed>::unpack_face_y(const double *, double *, int, int, int, int, int)"
4212187591,9749,4212197340,2699,4212200039,2656,15104,131,131,6,cudaLaunchKernel,  64    1    1, 256    1    1,"<unnamed>::unpack_face_y(const double *, double *, int, int, int, int, int)"
4212191338,3327,4212194665,4688,4212199353,3072,11087,126,126,5,cudaLaunchKernel,  64    1    1, 256    1    1,"<unnamed>::unpack_face_z(const double *, double *, int, int, int, int, int)"
4212193262,4268,4212197530,4301,4212201831,2976,11545,121,121,0,cudaLaunchKernel,  64    1    1, 256    1    1,"<unnamed>::unpack_face_y(const double *, double *, int, int, int, int, int)"
4212195566,3407,4212198973,4668,4212203641,4417,12492,126,126,5,cudaLaunchKernel, 128    1    1, 256    1    1,"<unnamed>::step_kernel_boundary_x_faces(const double *, const double *, double *, const double *, const double *, int, int, int, int, int, int, int, double, double)"
4212197951,3566,4212201517,4282,4212205799,3455,11303,131,131,6,cudaLaunchKernel,  64    1    1, 256    1    1,"<unnamed>::unpack_face_z(const double *, double *, int, int, int, int, int)"
4212198161,3767,4212201928,4639,4212206567,3520,11926,121,121,0,cudaLaunchKernel,  64    1    1, 256    1    1,"<unnamed>::unpack_face_z(const double *, double *, int, int, int, int, int)"
4212198562,4568,4212203130,3732,4212206862,2656,10956,125,125,4,cudaLaunchKernel,  64    1    1, 256    1    1,"<unnamed>::unpack_face_y(const double *, double *, int, int, int, int, int)"
4212199474,3797,4212203271,6035,4212209306,4640,14472,126,126,5,cudaLaunchKernel, 126    1    1, 256    1    1,"<unnamed>::step_kernel_boundary_y_faces(const double *, const double *, double *, const double *, const double *, int, int, int, int, int, int, int, double, double)"
4212202449,3467,4212205916,4650,4212210566,4416,12533,131,131,6,cudaLaunchKernel, 128    1    1, 256    1    1,"<unnamed>::step_kernel_boundary_x_faces(const double *, const double *, double *, const double *, const double *, int, int, int, int, int, int, int, double, double)"
4212202860,5029,4212207889,3574,4212211463,4256,12859,121,121,0,cudaLaunchKernel, 128    1    1, 256    1    1,"<unnamed>::step_kernel_boundary_x_faces(const double *, const double *, double *, const double *, const double *, int, int, int, int, int, int, int, double, double)"
4212203742,3636,4212207378,4060,4212211438,3136,10832,125,125,4,cudaLaunchKernel,  64    1    1, 256    1    1,"<unnamed>::unpack_face_z(const double *, double *, int, int, int, int, int)"
4212204313,3626,4212207939,7479,4212215418,11968,23073,126,126,5,cudaLaunchKernel, 125    1    1, 256    1    1,"<unnamed>::step_kernel_boundary_z_faces(const double *, const double *, double *, const double *, const double *, int, int, int, int, int, int, int, double, double)"
4212206497,3456,4212209953,6341,4212216294,4512,14309,131,131,6,cudaLaunchKernel, 126    1    1, 256    1    1,"<unnamed>::step_kernel_boundary_y_faces(const double *, const double *, double *, const double *, const double *, int, int, int, int, int, int, int, double, double)"
4212208450,3467,4212211917,3937,4212215854,4576,11980,125,125,4,cudaLaunchKernel, 128    1    1, 256    1    1,"<unnamed>::step_kernel_boundary_x_faces(const double *, const double *, double *, const double *, const double *, int, int, int, int, int, int, int, double, double)"
4212208561,3887,4212212448,4839,4212217287,4544,13270,121,121,0,cudaLaunchKernel, 126    1    1, 256    1    1,"<unnamed>::step_kernel_boundary_y_faces(const double *, const double *, double *, const double *, const double *, int, int, int, int, int, int, int, double, double)"
4212210635,3386,4212214021,8097,4212222118,11616,23099,131,131,6,cudaLaunchKernel, 125    1    1, 256    1    1,"<unnamed>::step_kernel_boundary_z_faces(const double *, const double *, double *, const double *, const double *, int, int, int, int, int, int, int, double, double)"
4212212508,3607,4212216115,5659,4212221774,4384,13650,125,125,4,cudaLaunchKernel, 126    1    1, 256    1    1,"<unnamed>::step_kernel_boundary_y_faces(const double *, const double *, double *, const double *, const double *, int, int, int, int, int, int, int, double, double)"
4212213019,3647,4212216666,6925,4212223591,11648,22220,121,121,0,cudaLaunchKernel, 125    1    1, 256    1    1,"<unnamed>::step_kernel_boundary_z_faces(const double *, const double *, double *, const double *, const double *, int, int, int, int, int, int, int, double, double)"
4212216706,3306,4212220012,7330,4212227342,11680,22316,125,125,4,cudaLaunchKernel, 125    1    1, 256    1    1,"<unnamed>::step_kernel_boundary_z_faces(const double *, const double *, double *, const double *, const double *, int, int, int, int, int, int, int, double, double)"
4212229810,3838,4212233648,6590,4212240238,2976,13404,125,125,4,cudaLaunchKernel,  64    1    1, 256    1    1,"<unnamed>::pack_face_x(const double *, double *, int, int, int, int, int)"
4212234289,3236,4212237525,7161,4212244686,3104,13501,125,125,4,cudaLaunchKernel,  64    1    1, 256    1    1,"<unnamed>::pack_face_y(const double *, double *, int, int, int, int, int)"
4212234810,4578,4212239388,2526,4212241914,3296,10400,126,126,5,cudaLaunchKernel,  64    1    1, 256    1    1,"<unnamed>::pack_face_x(const double *, double *, int, int, int, int, int)"
4212238096,9348,4212247444,2938,4212250382,4224,16510,125,125,4,cudaLaunchKernel,  64    1    1, 256    1    1,"<unnamed>::pack_face_z(const double *, double *, int, int, int, int, int)"
4212239939,3457,4212243396,4470,4212247866,3104,11031,126,126,5,cudaLaunchKernel,  64    1    1, 256    1    1,"<unnamed>::pack_face_y(const double *, double *, int, int, int, int, int)"
4212243697,4428,4212248125,2825,4212250950,3136,10389,131,131,6,cudaLaunchKernel,  64    1    1, 256    1    1,"<unnamed>::pack_face_x(const double *, double *, int, int, int, int, int)"
4212243987,3026,4212247013,5301,4212252314,4320,12647,126,126,5,cudaLaunchKernel,  64    1    1, 256    1    1,"<unnamed>::pack_face_z(const double *, double *, int, int, int, int, int)"
4212246071,5550,4212251621,2754,4212254375,3104,11408,121,121,0,cudaLaunchKernel,  64    1    1, 256    1    1,"<unnamed>::pack_face_x(const double *, double *, int, int, int, int, int)"
4212247874,3276,4212251150,3148,4212254298,48384,54808,126,126,5,cudaLaunchKernel,   4   32   32,  32    4    4,"<unnamed>::step_kernel_interior(const double *, const double *, double *, const double *, const double *, int, int, int, int, int, int, int, double, double)"
4212248315,4128,4212252443,2803,4212255246,48000,54931,125,125,4,cudaLaunchKernel,   4   32   32,  32    4    4,"<unnamed>::step_kernel_interior(const double *, const double *, double *, const double *, const double *, int, int, int, int, int, int, int, double, double)"
4212248756,3266,4212252022,4464,4212256486,2944,10674,131,131,6,cudaLaunchKernel,  64    1    1, 256    1    1,"<unnamed>::pack_face_y(const double *, double *, int, int, int, int, int)"
4212252273,3687,4212255960,4399,4212260359,3072,11158,121,121,0,cudaLaunchKernel,  64    1    1, 256    1    1,"<unnamed>::pack_face_y(const double *, double *, int, int, int, int, int)"
4212252563,3397,4212255960,4814,4212260774,4064,12275,131,131,6,cudaLaunchKernel,  64    1    1, 256    1    1,"<unnamed>::pack_face_z(const double *, double *, int, int, int, int, int)"
4212256480,4950,4212261430,3441,4212264871,4064,12455,121,121,0,cudaLaunchKernel,  64    1    1, 256    1    1,"<unnamed>::pack_face_z(const double *, double *, int, int, int, int, int)"
4212256851,3647,4212260498,3188,4212263686,48416,55251,131,131,6,cudaLaunchKernel,   4   32   32,  32    4    4,"<unnamed>::step_kernel_interior(const double *, const double *, double *, const double *, const double *, int, int, int, int, int, int, int, double, double)"
4212262402,4248,4212266650,3117,4212269767,48320,55685,121,121,0,cudaLaunchKernel,   4   32   32,  32    4    4,"<unnamed>::step_kernel_interior(const double *, const double *, double *, const double *, const double *, int, int, int, int, int, int, int, double, double)"
4212326373,9047,4212335420,2692,4212338112,2752,14491,122,122,1,cudaLaunchKernel,  64    1    1, 256    1    1,"<unnamed>::unpack_face_x(const double *, double *, int, int, int, int, int)"
4212327014,10499,4212337513,2088,4212339601,2976,15563,134,134,7,cudaLaunchKernel,  64    1    1, 256    1    1,"<unnamed>::unpack_face_x(const double *, double *, int, int, int, int, int)"
4212336071,3867,4212339938,4478,4212344416,2912,11257,122,122,1,cudaLaunchKernel,  64    1    1, 256    1    1,"<unnamed>::unpack_face_y(const double *, double *, int, int, int, int, int)"
4212338175,4939,4212343114,4103,4212347217,2656,11698,134,134,7,cudaLaunchKernel,  64    1    1, 256    1    1,"<unnamed>::unpack_face_y(const double *, double *, int, int, int, int, int)"
4212340569,3627,4212344196,4636,4212348832,3072,11335,122,122,1,cudaLaunchKernel,  64    1    1, 256    1    1,"<unnamed>::unpack_face_z(const double *, double *, int, int, int, int, int)"
4212343725,10430,4212354155,2822,4212356977,3136,16388,134,134,7,cudaLaunchKernel,  64    1    1, 256    1    1,"<unnamed>::unpack_face_z(const double *, double *, int, int, int, int, int)"
4212345158,4248,4212349406,3874,4212353280,4192,12314,122,122,1,cudaLaunchKernel, 128    1    1, 256    1    1,"<unnamed>::step_kernel_boundary_x_faces(const double *, const double *, double *, const double *, const double *, int, int, int, int, int, int, int, double, double)"
4212346821,10249,4212357070,2271,4212359341,2656,15176,123,123,2,cudaLaunchKernel,  64    1    1, 256    1    1,"<unnamed>::unpack_face_x(const double *, double *, int, int, int, int, int)"
4212349977,3536,4212353513,5271,4212358784,4576,13383,122,122,1,cudaLaunchKernel, 126    1    1, 256    1    1,"<unnamed>::step_kernel_boundary_y_faces(const double *, const double *, double *, const double *, const double *, int, int, int, int, int, int, int, double, double)"
4212354054,3567,4212357621,7019,4212364640,11648,22234,122,122,1,cudaLaunchKernel, 125    1    1, 256    1    1,"<unnamed>::step_kernel_boundary_z_faces(const double *, const double *, double *, const double *, const double *, int, int, int, int, int, int, int, double, double)"
4212355167,4147,4212359314,3167,4212362481,4448,11762,134,134,7,cudaLaunchKernel, 128    1    1, 256    1    1,"<unnamed>::step_kernel_boundary_x_faces(const double *, const double *, double *, const double *, const double *, int, int, int, int, int, int, int, double, double)"
4212357731,4128,4212361859,4330,4212366189,2656,11114,123,123,2,cudaLaunchKernel,  64    1    1, 256    1    1,"<unnamed>::unpack_face_y(const double *, double *, int, int, int, int, int)"
4212359895,3508,4212363403,4870,4212368273,4608,12986,134,134,7,cudaLaunchKernel, 126    1    1, 256    1    1,"<unnamed>::step_kernel_boundary_y_faces(const double *, const double *, double *, const double *, const double *, int, int, int, int, int, int, int, double, double)"
4212362461,4719,4212367180,3009,4212370189,3456,11184,123,123,2,cudaLaunchKernel,  64    1    1, 256    1    1,"<unnamed>::unpack_face_z(const double *, double *, int, int, int, int, int)"
4212364054,3447,4212367501,6692,4212374193,11776,21915,134,134,7,cudaLaunchKernel, 125    1    1, 256    1    1,"<unnamed>::step_kernel_boundary_z_faces(const double *, const double *, double *, const double *, const double *, int, int, int, int, int, int, int, double, double)"
4212368112,4398,4212372510,3055,4212375565,4288,11741,123,123,2,cudaLaunchKernel, 128    1    1, 256    1    1,"<unnamed>::step_kernel_boundary_x_faces(const double *, const double *, double *, const double *, const double *, int, int, int, int, int, int, int, double, double)"
4212373081,3877,4212376958,4143,4212381101,4448,12468,123,123,2,cudaLaunchKernel, 126    1    1, 256    1    1,"<unnamed>::step_kernel_boundary_y_faces(const double *, const double *, double *, const double *, const double *, int, int, int, int, int, int, int, double, double)"
4212377620,3596,4212381216,5581,4212386797,11488,20665,123,123,2,cudaLaunchKernel, 125    1    1, 256    1    1,"<unnamed>::step_kernel_boundary_z_faces(const double *, const double *, double *, const double *, const double *, int, int, int, int, int, int, int, double, double)"
4221478354,11411,4221489765,2488,4221492253,2752,16651,121,121,0,cudaLaunchKernel,  64    1    1, 256    1    1,"<unnamed>::unpack_face_x(const double *, double *, int, int, int, int, int)"
4221483784,10690,4221494474,2136,4221496610,3040,15866,131,131,6,cudaLaunchKernel,  64    1    1, 256    1    1,"<unnamed>::unpack_face_x(const double *, double *, int, int, int, int, int)"
4221490447,4107,4221494554,4355,4221498909,3008,11470,121,121,0,cudaLaunchKernel,  64    1    1, 256    1    1,"<unnamed>::unpack_face_y(const double *, double *, int, int, int, int, int)"
4221495125,3727,4221498852,4377,4221503229,3520,11624,121,121,0,cudaLaunchKernel,  64    1    1, 256    1    1,"<unnamed>::unpack_face_z(const double *, double *, int, int, int, int, int)"
4221495175,4900,4221500075,4279,4221504354,2688,11867,131,131,6,cudaLaunchKernel,  64    1    1, 256    1    1,"<unnamed>::unpack_face_y(const double *, double *, int, int, int, int, int)"
4221499714,3887,4221503601,4620,4221508221,4448,12955,121,121,0,cudaLaunchKernel, 128    1    1, 256    1    1,"<unnamed>::step_kernel_boundary_x_faces(const double *, const double *, double *, const double *, const double *, int, int, int, int, int, int, int, double, double)"
4221500636,3586,4221504222,4260,4221508482,3456,11302,131,131,6,cudaLaunchKernel,  64    1    1, 256    1    1,"<unnamed>::unpack_face_z(const double *, double *, int, int, int, int, int)"
4221504142,4089,4221508231,5750,4221513981,4416,14255,121,121,0,cudaLaunchKernel, 126    1    1, 256    1    1,"<unnamed>::step_kernel_boundary_y_faces(const double *, const double *, double *, const double *, const double *, int, int, int, int, int, int, int, double, double)"
4221505074,3758,4221508832,4578,4221513410,4480,12816,131,131,6,cudaLaunchKernel, 128    1    1, 256    1    1,"<unnamed>::step_kernel_boundary_x_faces(const double *, const double *, double *, const double *, const double *, int, int, int, int, int, int, int, double, double)"
4221508772,3617,4221512389,7416,4221519805,11904,22937,121,121,0,cudaLaunchKernel, 125    1    1, 256    1    1,"<unnamed>::step_kernel_boundary_z_faces(const double *, const double *, double *, const double *, const double *, int, int, int, int, int, int, int, double, double)"
4221509423,3346,4221512769,6593,4221519362,4448,14387,131,131,6,cudaLaunchKernel, 126    1    1, 256    1    1,"<unnamed>::step_kernel_boundary_y_faces(const double *, const double *, double *, const double *, const double *, int, int, int, int, int, int, int, double, double)"
4221513411,3306,4221516717,8373,4221525090,11744,23423,131,131,6,cudaLaunchKernel, 125    1    1, 256    1    1,"<unnamed>::step_kernel_boundary_z_faces(const double *, const double *, double *, const double *, const double *, int, int, int, int, int, int, int, double, double)"
4221520233,11151,4221531384,2501,4221533885,2976,16628,126,126,5,cudaLaunchKernel,  64    1    1, 256    1    1,"<unnamed>::unpack_face_x(const double *, double *, int, int, int, int, int)"
4221522167,12473,4221534640,1592,4221536232,2816,16881,125,125,4,cudaLaunchKernel,  64    1    1, 256    1    1,"<unnamed>::unpack_face_x(const double *, double *, int, int, int, int, int)"
4221532086,3717,4221535803,4194,4221539997,3072,10983,126,126,5,cudaLaunchKernel,  64    1    1, 256    1    1,"<unnamed>::unpack_face_y(const double *, double *, int, int, int, int, int)"
4221535352,3917,4221539269,3875,4221543144,2656,10448,125,125,4,cudaLaunchKernel,  64    1    1, 256    1    1,"<unnamed>::unpack_face_y(const double *, double *, int, int, int, int, int)"
4221536384,3376,4221539760,5101,4221544861,3104,11581,126,126,5,cudaLaunchKernel,  64    1    1, 256    1    1,"<unnamed>::unpack_face_z(const double *, double *, int, int, int, int, int)"
4221539860,3557,4221543417,3599,4221547016,3104,10260,125,125,4,cudaLaunchKernel,  64    1    1, 256    1    1,"<unnamed>::unpack_face_z(const double *, double *, int, int, int, int, int)"
4221540692,3206,4221543898,5667,4221549565,4480,13353,126,126,5,cudaLaunchKernel, 128    1    1, 256    1    1,"<unnamed>::step_kernel_boundary_x_faces(const double *, const double *, double *, const double *, const double *, int, int, int, int, int, int, int, double, double)"
4221544369,3907,4221548276,3156,4221551432,4288,11351,125,125,4,cudaLaunchKernel, 128    1    1, 256    1    1,"<unnamed>::step_kernel_boundary_x_faces(const double *, const double *, double *, const double *, const double *, int, int, int, int, int, int, int, double, double)"
4221544469,3226,4221547695,7502,4221555197,4576,15304,126,126,5,cudaLaunchKernel, 126    1    1, 256    1    1,"<unnamed>::step_kernel_boundary_y_faces(const double *, const double *, double *, const double *, const double *, int, int, int, int, int, int, int, double, double)"
4221548246,3256,4221551502,9455,4221560957,11872,24583,126,126,5,cudaLaunchKernel, 125    1    1, 256    1    1,"<unnamed>::step_kernel_boundary_z_faces(const double *, const double *, double *, const double *, const double *, int, int, int, int, int, int, int, double, double)"
4221548807,3326,4221552133,4707,4221556840,4608,12641,125,125,4,cudaLaunchKernel, 126    1    1, 256    1    1,"<unnamed>::step_kernel_boundary_y_faces(const double *, const double *, double *, const double *, const double *, int, int, int, int, int, int, int, double, double)"
4221552714,3297,4221556011,6589,4221562600,11456,21342,125,125,4,cudaLaunchKernel, 125    1    1, 256    1    1,"<unnamed>::step_kernel_boundary_z_faces(const double *, const double *, double *, const double *, const double *, int, int, int, int, int, int, int, double, double)"
