API Start (ns),API Dur (ns),Queue Start (ns),Queue Dur (ns),Kernel Start (ns),Kernel Dur (ns),Total Dur (ns),PID,TID,DevId,API Function,GridXYZ,BlockXYZ,Kernel Name
10638172660,296128,,,10638466029,1472,296128,126,126,6,cudaLaunchKernel,   1    1    1,   1    1    1,<unnamed>::warmup_kernel(double *)
10639170391,37992,,,10639204650,4480,38739,126,126,6,cudaLaunchKernel, 576    1    1, 256    1    1,"<unnamed>::pack_face_x(const double *, double *, int, int, int, int, int)"
10639211850,19807,10639231657,24385,10639256042,4864,49056,126,126,6,cudaLaunchKernel, 576    1    1, 256    1    1,"<unnamed>::pack_face_y(const double *, double *, int, int, int, int, int)"
10639233971,19567,10639253538,32488,10639286026,17344,69399,126,126,6,cudaLaunchKernel, 576    1    1, 256    1    1,"<unnamed>::pack_face_z(const double *, double *, int, int, int, int, int)"
10752610450,299575,,,10752904745,1696,299575,125,125,5,cudaLaunchKernel,   1    1    1,   1    1    1,<unnamed>::warmup_kernel(double *)
10753531316,44525,10753575841,651,10753576492,4448,49624,125,125,5,cudaLaunchKernel, 576    1    1, 256    1    1,"<unnamed>::pack_face_x(const double *, double *, int, int, int, int, int)"
10753577534,23965,10753601499,4081,10753605580,5088,33134,125,125,5,cudaLaunchKernel, 576    1    1, 256    1    1,"<unnamed>::pack_face_y(const double *, double *, int, int, int, int, int)"
10753602972,21620,10753624592,3164,10753627756,17088,41872,125,125,5,cudaLaunchKernel, 576    1    1, 256    1    1,"<unnamed>::pack_face_z(const double *, double *, int, int, int, int, int)"
10813242457,368375,,,10813602063,1504,368375,132,132,7,cudaLaunchKernel,   1    1    1,   1    1    1,<unnamed>::warmup_kernel(double *)
10814316644,51276,10814367920,1341,10814369261,4576,57193,132,132,7,cudaLaunchKernel, 576    1    1, 256    1    1,"<unnamed>::pack_face_x(const double *, double *, int, int, int, int, int)"
10814370685,20148,10814390833,3740,10814394573,4832,28720,132,132,7,cudaLaunchKernel, 576    1    1, 256    1    1,"<unnamed>::pack_face_y(const double *, double *, int, int, int, int, int)"
10814393359,18905,10814412264,2629,10814414893,17280,38814,132,132,7,cudaLaunchKernel, 576    1    1, 256    1    1,"<unnamed>::pack_face_z(const double *, double *, int, int, int, int, int)"
10824158967,383784,,,10824538026,1504,383784,121,121,1,cudaLaunchKernel,   1    1    1,   1    1    1,<unnamed>::warmup_kernel(double *)
10825299969,50105,10825350074,3024,10825353098,4768,57897,121,121,1,cudaLaunchKernel, 576    1    1, 256    1    1,"<unnamed>::pack_face_x(const double *, double *, int, int, int, int, int)"
10825352709,29295,10825382004,35062,10825417066,4832,69189,121,121,1,cudaLaunchKernel, 576    1    1, 256    1    1,"<unnamed>::pack_face_y(const double *, double *, int, int, int, int, int)"
10825384569,25948,10825410517,44533,10825455050,16928,87409,121,121,1,cudaLaunchKernel, 576    1    1, 256    1    1,"<unnamed>::pack_face_z(const double *, double *, int, int, int, int, int)"
10990999905,373955,,,10991369058,1568,373955,124,124,4,cudaLaunchKernel,   1    1    1,   1    1    1,<unnamed>::warmup_kernel(double *)
10992156447,56316,10992212763,646,10992213409,4416,61378,124,124,4,cudaLaunchKernel, 576    1    1, 256    1    1,"<unnamed>::pack_face_x(const double *, double *, int, int, int, int, int)"
10992217542,33353,10992250895,3634,10992254529,5152,42139,124,124,4,cudaLaunchKernel, 576    1    1, 256    1    1,"<unnamed>::pack_face_y(const double *, double *, int, int, int, int, int)"
10992253771,18073,10992271844,2461,10992274305,17120,37654,124,124,4,cudaLaunchKernel, 576    1    1, 256    1    1,"<unnamed>::pack_face_z(const double *, double *, int, int, int, int, int)"
11007730391,100449,,,11007822104,3168,100449,125,125,5,cudaLaunchKernel, 576    1    1, 256    1    1,"<unnamed>::unpack_face_x(const double *, double *, int, int, int, int, int)"
11007833194,25118,11007858312,3920,11007862232,3072,32110,125,125,5,cudaLaunchKernel, 576    1    1, 256    1    1,"<unnamed>::unpack_face_y(const double *, double *, int, int, int, int, int)"
11007861257,20710,11007881967,2889,11007884856,15969,39568,125,125,5,cudaLaunchKernel, 576    1    1, 256    1    1,"<unnamed>::unpack_face_z(const double *, double *, int, int, int, int, int)"
11008019145,25809,11008044954,1727,11008046681,2400,29936,125,125,5,cudaLaunchKernel,   1    2    2,  32    4    4,"<unnamed>::step_kernel_interior(const double *, const double *, double *, const double *, const double *, int, int, int, int, int, int, int, double, double)"
11008047148,20108,11008067256,2849,11008070105,1984,24941,125,125,5,cudaLaunchKernel,   1    1    1, 256    1    1,"<unnamed>::step_kernel_boundary_x_faces(const double *, const double *, double *, const double *, const double *, int, int, int, int, int, int, int, double, double)"
11008068609,23614,11008092223,3098,11008095321,2016,28728,125,125,5,cudaLaunchKernel,   1    1    1, 256    1    1,"<unnamed>::step_kernel_boundary_y_faces(const double *, const double *, double *, const double *, const double *, int, int, int, int, int, int, int, double, double)"
11008093526,17663,11008111189,3012,11008114201,2112,22787,125,125,5,cudaLaunchKernel,   1    1    1, 256    1    1,"<unnamed>::step_kernel_boundary_z_faces(const double *, const double *, double *, const double *, const double *, int, int, int, int, int, int, int, double, double)"
11008125335,5511,11008130846,2715,11008133561,2336,10562,125,125,5,cudaLaunchKernel,   1    2    2,  32    4    4,"<unnamed>::step_kernel_interior(const double *, const double *, double *, const double *, const double *, int, int, int, int, int, int, int, double, double)"
11008131567,3777,11008135344,2601,11008137945,1920,8298,125,125,5,cudaLaunchKernel,   1    1    1, 256    1    1,"<unnamed>::step_kernel_boundary_x_faces(const double *, const double *, double *, const double *, const double *, int, int, int, int, int, int, int, double, double)"
11008135845,3467,11008139312,3913,11008143225,1920,9300,125,125,5,cudaLaunchKernel,   1    1    1, 256    1    1,"<unnamed>::step_kernel_boundary_y_faces(const double *, const double *, double *, const double *, const double *, int, int, int, int, int, int, int, double, double)"
11008139802,4038,11008143840,2873,11008146713,1984,8895,125,125,5,cudaLaunchKernel,   1    1    1, 256    1    1,"<unnamed>::step_kernel_boundary_z_faces(const double *, const double *, double *, const double *, const double *, int, int, int, int, int, int, int, double, double)"
11029352321,263587,,,11029612991,1504,263587,122,122,2,cudaLaunchKernel,   1    1    1,   1    1    1,<unnamed>::warmup_kernel(double *)
11030152841,47089,11030199930,3459,11030203389,4767,55315,122,122,2,cudaLaunchKernel, 576    1    1, 256    1    1,"<unnamed>::pack_face_x(const double *, double *, int, int, int, int, int)"
11030202615,20008,11030222623,6397,11030229020,4576,30981,122,122,2,cudaLaunchKernel, 576    1    1, 256    1    1,"<unnamed>::pack_face_y(const double *, double *, int, int, int, int, int)"
11030224677,21290,11030245967,9037,11030255004,16896,47223,122,122,2,cudaLaunchKernel, 576    1    1, 256    1    1,"<unnamed>::pack_face_z(const double *, double *, int, int, int, int, int)"
11033872617,213243,,,11034083832,1472,213243,123,123,3,cudaLaunchKernel,   1    1    1,   1    1    1,<unnamed>::warmup_kernel(double *)
11034456629,37641,11034494270,1496,11034495766,4704,43841,123,123,3,cudaLaunchKernel, 576    1    1, 256    1    1,"<unnamed>::pack_face_x(const double *, double *, int, int, int, int, int)"
11034496624,22172,11034518796,4170,11034522966,4832,31174,123,123,3,cudaLaunchKernel, 576    1    1, 256    1    1,"<unnamed>::pack_face_y(const double *, double *, int, int, int, int, int)"
11034520369,14066,11034534435,3283,11034537718,16704,34053,123,123,3,cudaLaunchKernel, 576    1    1, 256    1    1,"<unnamed>::pack_face_z(const double *, double *, int, int, int, int, int)"
11035362136,63290,,,11035423701,3008,64573,126,126,6,cudaLaunchKernel, 576    1    1, 256    1    1,"<unnamed>::unpack_face_x(const double *, double *, int, int, int, int, int)"
11035427851,16050,11035443901,3480,11035447381,3008,22538,126,126,6,cudaLaunchKernel, 576    1    1, 256    1    1,"<unnamed>::unpack_face_y(const double *, double *, int, int, int, int, int)"
11035445504,49664,11035495168,1909,11035497077,15840,67413,126,126,6,cudaLaunchKernel, 576    1    1, 256    1    1,"<unnamed>::unpack_face_z(const double *, double *, int, int, int, int, int)"
11035614453,21580,11035636033,1908,11035637941,2400,25888,126,126,6,cudaLaunchKernel,   1    2    2,  32    4    4,"<unnamed>::step_kernel_interior(const double *, const double *, double *, const double *, const double *, int, int, int, int, int, int, int, double, double)"
11035637806,16802,11035654608,2468,11035657076,1984,21254,126,126,6,cudaLaunchKernel,   1    1    1, 256    1    1,"<unnamed>::step_kernel_boundary_x_faces(const double *, const double *, double *, const double *, const double *, int, int, int, int, int, int, int, double, double)"
11035655930,15439,11035671369,2635,11035674004,2016,20090,126,126,6,cudaLaunchKernel,   1    1    1, 256    1    1,"<unnamed>::step_kernel_boundary_y_faces(const double *, const double *, double *, const double *, const double *, int, int, int, int, int, int, int, double, double)"
11035672673,15278,11035687951,2469,11035690420,2112,19859,126,126,6,cudaLaunchKernel,   1    1    1, 256    1    1,"<unnamed>::step_kernel_boundary_z_faces(const double *, const double *, double *, const double *, const double *, int, int, int, int, int, int, int, double, double)"
11035696998,4288,11035701286,2382,11035703668,2336,9006,126,126,6,cudaLaunchKernel,   1    2    2,  32    4    4,"<unnamed>::step_kernel_interior(const double *, const double *, double *, const double *, const double *, int, int, int, int, int, int, int, double, double)"
11035702028,16771,11035718799,2085,11035720884,1920,20776,126,126,6,cudaLaunchKernel,   1    1    1, 256    1    1,"<unnamed>::step_kernel_boundary_x_faces(const double *, const double *, double *, const double *, const double *, int, int, int, int, int, int, int, double, double)"
11035719400,3858,11035723258,3386,11035726644,1920,9164,126,126,6,cudaLaunchKernel,   1    1    1, 256    1    1,"<unnamed>::step_kernel_boundary_y_faces(const double *, const double *, double *, const double *, const double *, int, int, int, int, int, int, int, double, double)"
11035723759,3526,11035727285,2623,11035729908,1952,8101,126,126,6,cudaLaunchKernel,   1    1    1, 256    1    1,"<unnamed>::step_kernel_boundary_z_faces(const double *, const double *, double *, const double *, const double *, int, int, int, int, int, int, int, double, double)"
11043543798,90210,,,11043632828,3136,92166,132,132,7,cudaLaunchKernel, 576    1    1, 256    1    1,"<unnamed>::unpack_face_x(const double *, double *, int, int, int, int, int)"
11043637074,26109,11043663183,3565,11043666748,3072,32746,132,132,7,cudaLaunchKernel, 576    1    1, 256    1    1,"<unnamed>::unpack_face_y(const double *, double *, int, int, int, int, int)"
11043666038,18516,11043684554,2930,11043687484,16736,38182,132,132,7,cudaLaunchKernel, 576    1    1, 256    1    1,"<unnamed>::unpack_face_z(const double *, double *, int, int, int, int, int)"
11043833324,23855,11043857179,992,11043858171,2368,27215,132,132,7,cudaLaunchKernel,   1    2    2,  32    4    4,"<unnamed>::step_kernel_interior(const double *, const double *, double *, const double *, const double *, int, int, int, int, int, int, int, double, double)"
11043859824,19627,11043879451,2624,11043882075,1984,24235,132,132,7,cudaLaunchKernel,   1    1    1, 256    1    1,"<unnamed>::step_kernel_boundary_x_faces(const double *, const double *, double *, const double *, const double *, int, int, int, int, int, int, int, double, double)"
11043881195,17272,11043898467,2552,11043901019,1984,21808,132,132,7,cudaLaunchKernel,   1    1    1, 256    1    1,"<unnamed>::step_kernel_boundary_y_faces(const double *, const double *, double *, const double *, const double *, int, int, int, int, int, int, int, double, double)"
11043900150,18555,11043918705,2634,11043921339,2112,23301,132,132,7,cudaLaunchKernel,   1    1    1, 256    1    1,"<unnamed>::step_kernel_boundary_z_faces(const double *, const double *, double *, const double *, const double *, int, int, int, int, int, int, int, double, double)"
11043928764,4318,11043933082,2593,11043935675,2336,9247,132,132,7,cudaLaunchKernel,   1    2    2,  32    4    4,"<unnamed>::step_kernel_interior(const double *, const double *, double *, const double *, const double *, int, int, int, int, int, int, int, double, double)"
11043933894,3737,11043937631,2588,11043940219,1920,8245,132,132,7,cudaLaunchKernel,   1    1    1, 256    1    1,"<unnamed>::step_kernel_boundary_x_faces(const double *, const double *, double *, const double *, const double *, int, int, int, int, int, int, int, double, double)"
11043938252,3847,11043942099,3656,11043945755,1920,9423,132,132,7,cudaLaunchKernel,   1    1    1, 256    1    1,"<unnamed>::step_kernel_boundary_y_faces(const double *, const double *, double *, const double *, const double *, int, int, int, int, int, int, int, double, double)"
11043942720,5180,11043947900,2527,11043950427,1984,9691,132,132,7,cudaLaunchKernel,   1    1    1, 256    1    1,"<unnamed>::step_kernel_boundary_z_faces(const double *, const double *, double *, const double *, const double *, int, int, int, int, int, int, int, double, double)"
11045091847,38463,11045130310,743,11045131053,2976,42182,123,123,3,cudaLaunchKernel, 576    1    1, 256    1    1,"<unnamed>::unpack_face_x(const double *, double *, int, int, int, int, int)"
11045132695,24877,11045157572,2153,11045159725,3040,30070,123,123,3,cudaLaunchKernel, 576    1    1, 256    1    1,"<unnamed>::unpack_face_y(const double *, double *, int, int, int, int, int)"
11045159445,19116,11045178561,2636,11045181197,16128,37880,123,123,3,cudaLaunchKernel, 576    1    1, 256    1    1,"<unnamed>::unpack_face_z(const double *, double *, int, int, int, int, int)"
11045289962,21941,11045311903,2285,11045314188,2368,26594,123,123,3,cudaLaunchKernel,   1    2    2,  32    4    4,"<unnamed>::step_kernel_interior(const double *, const double *, double *, const double *, const double *, int, int, int, int, int, int, int, double, double)"
11045314758,19236,11045333994,2722,11045336716,2016,23974,123,123,3,cudaLaunchKernel,   1    1    1, 256    1    1,"<unnamed>::step_kernel_boundary_x_faces(const double *, const double *, double *, const double *, const double *, int, int, int, int, int, int, int, double, double)"
11045338142,18425,11045356567,3253,11045359820,2016,23694,123,123,3,cudaLaunchKernel,   1    1    1, 256    1    1,"<unnamed>::step_kernel_boundary_y_faces(const double *, const double *, double *, const double *, const double *, int, int, int, int, int, int, int, double, double)"
11045359041,18185,11045377226,2882,11045380108,2080,23147,123,123,3,cudaLaunchKernel,   1    1    1, 256    1    1,"<unnamed>::step_kernel_boundary_z_faces(const double *, const double *, double *, const double *, const double *, int, int, int, int, int, int, int, double, double)"
11045386965,6211,11045393176,2548,11045395724,2336,11095,123,123,3,cudaLaunchKernel,   1    2    2,  32    4    4,"<unnamed>::step_kernel_interior(const double *, const double *, double *, const double *, const double *, int, int, int, int, int, int, int, double, double)"
11045393998,3717,11045397715,2617,11045400332,1920,8254,123,123,3,cudaLaunchKernel,   1    1    1, 256    1    1,"<unnamed>::step_kernel_boundary_x_faces(const double *, const double *, double *, const double *, const double *, int, int, int, int, int, int, int, double, double)"
11045398266,3687,11045401953,3947,11045405900,1920,9554,123,123,3,cudaLaunchKernel,   1    1    1, 256    1    1,"<unnamed>::step_kernel_boundary_y_faces(const double *, const double *, double *, const double *, const double *, int, int, int, int, int, int, int, double, double)"
11045402484,3807,11045406291,2873,11045409164,1984,8664,123,123,3,cudaLaunchKernel,   1    1    1, 256    1    1,"<unnamed>::step_kernel_boundary_z_faces(const double *, const double *, double *, const double *, const double *, int, int, int, int, int, int, int, double, double)"
11082922881,293233,,,11083213223,1504,293233,120,120,0,cudaLaunchKernel,   1    1    1,   1    1    1,<unnamed>::warmup_kernel(double *)
11083775138,88828,11083863966,998,11083864964,4832,94658,120,120,0,cudaLaunchKernel, 576    1    1, 256    1    1,"<unnamed>::pack_face_x(const double *, double *, int, int, int, int, int)"
11083868123,19888,11083888011,3737,11083891748,4800,28425,120,120,0,cudaLaunchKernel, 576    1    1, 256    1    1,"<unnamed>::pack_face_y(const double *, double *, int, int, int, int, int)"
11083889754,21702,11083911456,2531,11083913987,16608,40841,120,120,0,cudaLaunchKernel, 576    1    1, 256    1    1,"<unnamed>::pack_face_z(const double *, double *, int, int, int, int, int)"
11090372531,39636,11090412167,828,11090412995,3232,43696,124,124,4,cudaLaunchKernel, 576    1    1, 256    1    1,"<unnamed>::unpack_face_x(const double *, double *, int, int, int, int, int)"
11090414491,25778,11090440269,1910,11090442179,3008,30696,124,124,4,cudaLaunchKernel, 576    1    1, 256    1    1,"<unnamed>::unpack_face_y(const double *, double *, int, int, int, int, int)"
11090442333,17212,11090459545,2794,11090462339,16192,36198,124,124,4,cudaLaunchKernel, 576    1    1, 256    1    1,"<unnamed>::unpack_face_z(const double *, double *, int, int, int, int, int)"
11090613506,27281,11090640787,1680,11090642467,2368,31329,124,124,4,cudaLaunchKernel,   1    2    2,  32    4    4,"<unnamed>::step_kernel_interior(const double *, const double *, double *, const double *, const double *, int, int, int, int, int, int, int, double, double)"
11090643683,23564,11090667247,2420,11090669667,1984,27968,124,124,4,cudaLaunchKernel,   1    1    1, 256    1    1,"<unnamed>::step_kernel_boundary_x_faces(const double *, const double *, double *, const double *, const double *, int, int, int, int, int, int, int, double, double)"
11090668940,21001,11090689941,2542,11090692483,1984,25527,124,124,4,cudaLaunchKernel,   1    1    1, 256    1    1,"<unnamed>::step_kernel_boundary_y_faces(const double *, const double *, double *, const double *, const double *, int, int, int, int, int, int, int, double, double)"
11090692095,30467,11090722562,2209,11090724771,2112,34788,124,124,4,cudaLaunchKernel,   1    1    1, 256    1    1,"<unnamed>::step_kernel_boundary_z_faces(const double *, const double *, double *, const double *, const double *, int, int, int, int, int, int, int, double, double)"
11090732971,5611,11090738582,2445,11090741027,2336,10392,124,124,4,cudaLaunchKernel,   1    2    2,  32    4    4,"<unnamed>::step_kernel_interior(const double *, const double *, double *, const double *, const double *, int, int, int, int, int, int, int, double, double)"
11090739413,3988,11090743401,2298,11090745699,1952,8238,124,124,4,cudaLaunchKernel,   1    1    1, 256    1    1,"<unnamed>::step_kernel_boundary_x_faces(const double *, const double *, double *, const double *, const double *, int, int, int, int, int, int, int, double, double)"
11090744252,4238,11090748490,3641,11090752131,1920,9799,124,124,4,cudaLaunchKernel,   1    1    1, 256    1    1,"<unnamed>::step_kernel_boundary_y_faces(const double *, const double *, double *, const double *, const double *, int, int, int, int, int, int, int, double, double)"
11090749152,4278,11090753430,2637,11090756067,2016,8931,124,124,4,cudaLaunchKernel,   1    1    1, 256    1    1,"<unnamed>::step_kernel_boundary_z_faces(const double *, const double *, double *, const double *, const double *, int, int, int, int, int, int, int, double, double)"
11091827085,40296,11091867381,737,11091868118,3008,44041,122,122,2,cudaLaunchKernel, 576    1    1, 256    1    1,"<unnamed>::unpack_face_x(const double *, double *, int, int, int, int, int)"
11091869625,16802,11091886427,3963,11091890390,3072,23837,122,122,2,cudaLaunchKernel, 576    1    1, 256    1    1,"<unnamed>::unpack_face_y(const double *, double *, int, int, int, int, int)"
11091888030,18063,11091906093,2665,11091908758,15712,36440,122,122,2,cudaLaunchKernel, 576    1    1, 256    1    1,"<unnamed>::unpack_face_z(const double *, double *, int, int, int, int, int)"
11092014709,25368,11092040077,3625,11092043702,2368,31361,122,122,2,cudaLaunchKernel,   1    2    2,  32    4    4,"<unnamed>::step_kernel_interior(const double *, const double *, double *, const double *, const double *, int, int, int, int, int, int, int, double, double)"
11092042151,21740,11092063891,2594,11092066485,1984,26318,122,122,2,cudaLaunchKernel,   1    1    1, 256    1    1,"<unnamed>::step_kernel_boundary_x_faces(const double *, const double *, double *, const double *, const double *, int, int, int, int, int, int, int, double, double)"
11092065384,19998,11092085382,2959,11092088341,1984,24941,122,122,2,cudaLaunchKernel,   1    1    1, 256    1    1,"<unnamed>::step_kernel_boundary_y_faces(const double *, const double *, double *, const double *, const double *, int, int, int, int, int, int, int, double, double)"
11092086634,20449,11092107083,2762,11092109845,2112,25323,122,122,2,cudaLaunchKernel,   1    1    1, 256    1    1,"<unnamed>::step_kernel_boundary_z_faces(const double *, const double *, double *, const double *, const double *, int, int, int, int, int, int, int, double, double)"
11092115499,4679,11092120178,2659,11092122837,2336,9674,122,122,2,cudaLaunchKernel,   1    2    2,  32    4    4,"<unnamed>::step_kernel_interior(const double *, const double *, double *, const double *, const double *, int, int, int, int, int, int, int, double, double)"
11092121200,4729,11092125929,2316,11092128245,1920,8965,122,122,2,cudaLaunchKernel,   1    1    1, 256    1    1,"<unnamed>::step_kernel_boundary_x_faces(const double *, const double *, double *, const double *, const double *, int, int, int, int, int, int, int, double, double)"
11092126470,3877,11092130347,2666,11092133013,1920,8463,122,122,2,cudaLaunchKernel,   1    1    1, 256    1    1,"<unnamed>::step_kernel_boundary_y_faces(const double *, const double *, double *, const double *, const double *, int, int, int, int, int, int, int, double, double)"
11092130878,3717,11092134595,2898,11092137493,1984,8599,122,122,2,cudaLaunchKernel,   1    1    1, 256    1    1,"<unnamed>::step_kernel_boundary_z_faces(const double *, const double *, double *, const double *, const double *, int, int, int, int, int, int, int, double, double)"
11093259767,39715,11093299482,1120,11093300602,3264,44099,120,120,0,cudaLaunchKernel, 576    1    1, 256    1    1,"<unnamed>::unpack_face_x(const double *, double *, int, int, int, int, int)"
11093302658,21511,11093324169,2224,11093326393,3200,26935,120,120,0,cudaLaunchKernel, 576    1    1, 256    1    1,"<unnamed>::unpack_face_y(const double *, double *, int, int, int, int, int)"
11093326002,16972,11093342974,4123,11093347097,16960,38055,120,120,0,cudaLaunchKernel, 576    1    1, 256    1    1,"<unnamed>::unpack_face_z(const double *, double *, int, int, int, int, int)"
11093390744,72837,,,11093461074,3168,73498,121,121,1,cudaLaunchKernel, 576    1    1, 256    1    1,"<unnamed>::unpack_face_x(const double *, double *, int, int, int, int, int)"
11093465756,23393,11093489149,2140,11093491289,2368,27901,120,120,0,cudaLaunchKernel,   1    2    2,  32    4    4,"<unnamed>::step_kernel_interior(const double *, const double *, double *, const double *, const double *, int, int, int, int, int, int, int, double, double)"
11093466667,28514,11093495181,1125,11093496306,3040,32679,121,121,1,cudaLaunchKernel, 576    1    1, 256    1    1,"<unnamed>::unpack_face_y(const double *, double *, int, int, int, int, int)"
11093491183,21451,11093512634,2399,11093515033,1984,25834,120,120,0,cudaLaunchKernel,   1    1    1, 256    1    1,"<unnamed>::step_kernel_boundary_x_faces(const double *, const double *, double *, const double *, const double *, int, int, int, int, int, int, int, double, double)"
11093497856,21020,11093518876,2198,11093521074,16832,40050,121,121,1,cudaLaunchKernel, 576    1    1, 256    1    1,"<unnamed>::unpack_face_z(const double *, double *, int, int, int, int, int)"
11093514278,19135,11093533413,2739,11093536152,2016,23890,120,120,0,cudaLaunchKernel,   1    1    1, 256    1    1,"<unnamed>::step_kernel_boundary_y_faces(const double *, const double *, double *, const double *, const double *, int, int, int, int, int, int, int, double, double)"
11093535948,19537,11093555485,2491,11093557976,2112,24140,120,120,0,cudaLaunchKernel,   1    1    1, 256    1    1,"<unnamed>::step_kernel_boundary_z_faces(const double *, const double *, double *, const double *, const double *, int, int, int, int, int, int, int, double, double)"
11093566245,5330,11093571575,2625,11093574200,2336,10291,120,120,0,cudaLaunchKernel,   1    2    2,  32    4    4,"<unnamed>::step_kernel_interior(const double *, const double *, double *, const double *, const double *, int, int, int, int, int, int, int, double, double)"
11093572587,3717,11093576304,2472,11093578776,1920,8109,120,120,0,cudaLaunchKernel,   1    1    1, 256    1    1,"<unnamed>::step_kernel_boundary_x_faces(const double *, const double *, double *, const double *, const double *, int, int, int, int, int, int, int, double, double)"
11093576945,3657,11093580602,3806,11093584408,1920,9383,120,120,0,cudaLaunchKernel,   1    1    1, 256    1    1,"<unnamed>::step_kernel_boundary_y_faces(const double *, const double *, double *, const double *, const double *, int, int, int, int, int, int, int, double, double)"
11093581113,3997,11093585110,2754,11093587864,1952,8703,120,120,0,cudaLaunchKernel,   1    1    1, 256    1    1,"<unnamed>::step_kernel_boundary_z_faces(const double *, const double *, double *, const double *, const double *, int, int, int, int, int, int, int, double, double)"
11093646667,24856,11093671523,1871,11093673394,2368,29095,121,121,1,cudaLaunchKernel,   1    2    2,  32    4    4,"<unnamed>::step_kernel_interior(const double *, const double *, double *, const double *, const double *, int, int, int, int, int, int, int, double, double)"
11093674199,23894,,,11093698034,1984,25819,121,121,1,cudaLaunchKernel,   1    1    1, 256    1    1,"<unnamed>::step_kernel_boundary_x_faces(const double *, const double *, double *, const double *, const double *, int, int, int, int, int, int, int, double, double)"
11093699887,33303,11093733190,2412,11093735602,1984,37699,121,121,1,cudaLaunchKernel,   1    1    1, 256    1    1,"<unnamed>::step_kernel_boundary_y_faces(const double *, const double *, double *, const double *, const double *, int, int, int, int, int, int, int, double, double)"
11093735625,53270,11093788895,1971,11093790866,2144,57385,121,121,1,cudaLaunchKernel,   1    1    1, 256    1    1,"<unnamed>::step_kernel_boundary_z_faces(const double *, const double *, double *, const double *, const double *, int, int, int, int, int, int, int, double, double)"
11093819573,6202,11093825775,2435,11093828210,2336,10973,121,121,1,cudaLaunchKernel,   1    2    2,  32    4    4,"<unnamed>::step_kernel_interior(const double *, const double *, double *, const double *, const double *, int, int, int, int, int, int, int, double, double)"
11093826536,3938,11093830474,2440,11093832914,1920,8298,121,121,1,cudaLaunchKernel,   1    1    1, 256    1    1,"<unnamed>::step_kernel_boundary_x_faces(const double *, const double *, double *, const double *, const double *, int, int, int, int, int, int, int, double, double)"
11093831115,3987,11093835102,3892,11093838994,1888,9767,121,121,1,cudaLaunchKernel,   1    1    1, 256    1    1,"<unnamed>::step_kernel_boundary_y_faces(const double *, const double *, double *, const double *, const double *, int, int, int, int, int, int, int, double, double)"
11093835623,3587,11093839210,2856,11093842066,1984,8427,121,121,1,cudaLaunchKernel,   1    1    1, 256    1    1,"<unnamed>::step_kernel_boundary_z_faces(const double *, const double *, double *, const double *, const double *, int, int, int, int, int, int, int, double, double)"
11094388216,13645,11094401861,1101,11094402962,4160,18906,121,121,1,cudaLaunchKernel, 576    1    1, 256    1    1,"<unnamed>::pack_face_x(const double *, double *, int, int, int, int, int)"
11094400639,14938,11094415577,903,11094416480,3936,19777,124,124,4,cudaLaunchKernel, 576    1    1, 256    1    1,"<unnamed>::pack_face_x(const double *, double *, int, int, int, int, int)"
11094401380,15590,11094416970,674,11094417644,4288,20552,123,123,3,cudaLaunchKernel, 576    1    1, 256    1    1,"<unnamed>::pack_face_x(const double *, double *, int, int, int, int, int)"
11094402763,5480,11094408243,3839,11094412082,3904,13223,121,121,1,cudaLaunchKernel, 576    1    1, 256    1    1,"<unnamed>::pack_face_y(const double *, double *, int, int, int, int, int)"
11094409435,5280,11094414715,2775,11094417490,16800,24855,121,121,1,cudaLaunchKernel, 576    1    1, 256    1    1,"<unnamed>::pack_face_z(const double *, double *, int, int, int, int, int)"
11094409716,13505,11094423221,832,11094424053,4191,18528,120,120,0,cudaLaunchKernel, 576    1    1, 256    1    1,"<unnamed>::pack_face_x(const double *, double *, int, int, int, int, int)"
11094415146,13475,11094428621,704,11094429325,4416,18595,122,122,2,cudaLaunchKernel, 576    1    1, 256    1    1,"<unnamed>::pack_face_x(const double *, double *, int, int, int, int, int)"
11094415697,3998,11094419695,3427,11094423122,1442816,1450241,121,121,1,cudaLaunchKernel,  12   96   96,  32    4    4,"<unnamed>::step_kernel_interior(const double *, const double *, double *, const double *, const double *, int, int, int, int, int, int, int, double, double)"
11094416338,5350,11094421688,3336,11094425024,4032,12718,124,124,4,cudaLaunchKernel, 576    1    1, 256    1    1,"<unnamed>::pack_face_y(const double *, double *, int, int, int, int, int)"
11094417801,5070,11094422871,3701,11094426572,3744,12515,123,123,3,cudaLaunchKernel, 576    1    1, 256    1    1,"<unnamed>::pack_face_y(const double *, double *, int, int, int, int, int)"
11094422400,5510,11094427910,2298,11094430208,11552,19360,124,124,4,cudaLaunchKernel, 576    1    1, 256    1    1,"<unnamed>::pack_face_z(const double *, double *, int, int, int, int, int)"
11094423562,4328,11094427890,3450,11094431340,16416,24194,123,123,3,cudaLaunchKernel, 576    1    1, 256    1    1,"<unnamed>::pack_face_z(const double *, double *, int, int, int, int, int)"
11094423963,4849,11094428812,3912,11094432724,3840,12601,120,120,0,cudaLaunchKernel, 576    1    1, 256    1    1,"<unnamed>::pack_face_y(const double *, double *, int, int, int, int, int)"
11094429102,4729,11094433831,3801,11094437632,1438176,1446706,124,124,4,cudaLaunchKernel,  12   96   96,  32    4    4,"<unnamed>::step_kernel_interior(const double *, const double *, double *, const double *, const double *, int, int, int, int, int, int, int, double, double)"
11094429152,4449,11094433601,3499,11094437100,1446106,1454054,123,123,3,cudaLaunchKernel,  12   96   96,  32    4    4,"<unnamed>::step_kernel_interior(const double *, const double *, double *, const double *, const double *, int, int, int, int, int, int, int, double, double)"
11094429433,4729,11094434162,3995,11094438157,3904,12628,122,122,2,cudaLaunchKernel, 576    1    1, 256    1    1,"<unnamed>::pack_face_y(const double *, double *, int, int, int, int, int)"
11094429493,3907,11094433400,4284,11094437684,15968,24159,120,120,0,cudaLaunchKernel, 576    1    1, 256    1    1,"<unnamed>::pack_face_z(const double *, double *, int, int, int, int, int)"
11094434432,4549,11094438981,3727,11094442708,1442330,1450606,120,120,0,cudaLaunchKernel,  12   96   96,  32    4    4,"<unnamed>::step_kernel_interior(const double *, const double *, double *, const double *, const double *, int, int, int, int, int, int, int, double, double)"
11094434863,3717,11094438580,4505,11094443085,16576,24798,122,122,2,cudaLaunchKernel, 576    1    1, 256    1    1,"<unnamed>::pack_face_z(const double *, double *, int, int, int, int, int)"
11094435324,14487,11094449811,543,11094450354,4160,19190,132,132,7,cudaLaunchKernel, 576    1    1, 256    1    1,"<unnamed>::pack_face_x(const double *, double *, int, int, int, int, int)"
11094439642,3978,11094443620,3241,11094446861,1444698,1451917,122,122,2,cudaLaunchKernel,  12   96   96,  32    4    4,"<unnamed>::step_kernel_interior(const double *, const double *, double *, const double *, const double *, int, int, int, int, int, int, int, double, double)"
11094450653,5080,11094455733,3612,11094459345,4320,13012,132,132,7,cudaLaunchKernel, 576    1    1, 256    1    1,"<unnamed>::pack_face_y(const double *, double *, int, int, int, int, int)"
11094453087,15070,11094468157,364,11094468521,4064,19498,126,126,6,cudaLaunchKernel, 576    1    1, 256    1    1,"<unnamed>::pack_face_x(const double *, double *, int, int, int, int, int)"
11094456344,3687,11094460031,4594,11094464625,16320,24601,132,132,7,cudaLaunchKernel, 576    1    1, 256    1    1,"<unnamed>::pack_face_z(const double *, double *, int, int, int, int, int)"
11094461193,3968,11094465161,3240,11094468401,1448125,1455333,132,132,7,cudaLaunchKernel,  12   96   96,  32    4    4,"<unnamed>::step_kernel_interior(const double *, const double *, double *, const double *, const double *, int, int, int, int, int, int, int, double, double)"
11094469108,4579,11094473687,3538,11094477225,4128,12245,126,126,6,cudaLaunchKernel, 576    1    1, 256    1    1,"<unnamed>::pack_face_y(const double *, double *, int, int, int, int, int)"
11094470892,15809,11094486701,599,11094487300,4064,20472,125,125,5,cudaLaunchKernel, 576    1    1, 256    1    1,"<unnamed>::pack_face_x(const double *, double *, int, int, int, int, int)"
11094474368,3677,11094478045,4364,11094482409,16512,24553,126,126,6,cudaLaunchKernel, 576    1    1, 256    1    1,"<unnamed>::pack_face_z(const double *, double *, int, int, int, int, int)"
11094479287,3747,11094483034,3183,11094486217,1441210,1448140,126,126,6,cudaLaunchKernel,  12   96   96,  32    4    4,"<unnamed>::step_kernel_interior(const double *, const double *, double *, const double *, const double *, int, int, int, int, int, int, int, double, double)"
11094487443,4598,11094492041,3323,11094495364,4352,12273,125,125,5,cudaLaunchKernel, 576    1    1, 256    1    1,"<unnamed>::pack_face_y(const double *, double *, int, int, int, int, int)"
11094492763,3536,11094496299,4633,11094500932,18240,26409,125,125,5,cudaLaunchKernel, 576    1    1, 256    1    1,"<unnamed>::pack_face_z(const double *, double *, int, int, int, int, int)"
11094497512,3737,11094501249,3971,11094505220,1442757,1450465,125,125,5,cudaLaunchKernel,  12   96   96,  32    4    4,"<unnamed>::step_kernel_interior(const double *, const double *, double *, const double *, const double *, int, int, int, int, int, int, int, double, double)"
11094604533,7124,11094611657,1275934,11095887591,4352,1287410,122,122,2,cudaLaunchKernel, 576    1    1, 256    1    1,"<unnamed>::unpack_face_x(const double *, double *, int, int, int, int, int)"
11094612438,4068,11094616506,1276653,11095893159,3744,1284465,122,122,2,cudaLaunchKernel, 576    1    1, 256    1    1,"<unnamed>::unpack_face_y(const double *, double *, int, int, int, int, int)"
11094617177,3637,11094620814,1277369,11095898183,16960,1297966,122,122,2,cudaLaunchKernel, 576    1    1, 256    1    1,"<unnamed>::unpack_face_z(const double *, double *, int, int, int, int, int)"
11094621826,3526,11094625352,1290911,11095916263,14144,1308581,122,122,2,cudaLaunchKernel,1152    1    1, 256    1    1,"<unnamed>::step_kernel_boundary_x_faces(const double *, const double *, double *, const double *, const double *, int, int, int, int, int, int, int, double, double)"
11094623769,8667,11094632436,1246386,11095878822,4800,1259853,123,123,3,cudaLaunchKernel, 576    1    1, 256    1    1,"<unnamed>::unpack_face_x(const double *, double *, int, int, int, int, int)"
11094625903,5110,11094631013,1300450,11095931463,15328,1320888,122,122,2,cudaLaunchKernel,1146    1    1, 256    1    1,"<unnamed>::step_kernel_boundary_y_faces(const double *, const double *, double *, const double *, const double *, int, int, int, int, int, int, int, double, double)"
11094631614,3847,11094635461,1312546,11095948007,141183,1457576,122,122,2,cudaLaunchKernel,1141    1    1, 256    1    1,"<unnamed>::step_kernel_boundary_z_faces(const double *, const double *, double *, const double *, const double *, int, int, int, int, int, int, int, double, double)"
11094633107,4649,11094637756,1246986,11095884742,3680,1255315,123,123,3,cudaLaunchKernel, 576    1    1, 256    1    1,"<unnamed>::unpack_face_y(const double *, double *, int, int, int, int, int)"
11094638377,3997,11094642374,1247136,11095889510,17568,1268701,123,123,3,cudaLaunchKernel, 576    1    1, 256    1    1,"<unnamed>::unpack_face_z(const double *, double *, int, int, int, int, int)"
11094640320,8718,11094649038,1212772,11095861810,5056,1226546,121,121,1,cudaLaunchKernel, 576    1    1, 256    1    1,"<unnamed>::unpack_face_x(const double *, double *, int, int, int, int, int)"
11094642776,4108,11094646884,1443330,11096090214,8000,1455438,122,122,2,cudaLaunchKernel, 576    1    1, 256    1    1,"<unnamed>::pack_face_x(const double *, double *, int, int, int, int, int)"
11094643357,3767,11094647124,1261266,11095908390,15904,1280937,123,123,3,cudaLaunchKernel,1152    1    1, 256    1    1,"<unnamed>::step_kernel_boundary_x_faces(const double *, const double *, double *, const double *, const double *, int, int, int, int, int, int, int, double, double)"
11094647475,3326,11094650801,2880560,11097531361,4512,2888398,122,122,2,cudaLaunchKernel, 576    1    1, 256    1    1,"<unnamed>::pack_face_y(const double *, double *, int, int, int, int, int)"
11094647715,4148,11094651863,1273519,11095925382,15072,1292739,123,123,3,cudaLaunchKernel,1146    1    1, 256    1    1,"<unnamed>::step_kernel_boundary_y_faces(const double *, const double *, double *, const double *, const double *, int, int, int, int, int, int, int, double, double)"
11094649709,3787,11094653496,1214554,11095868050,3712,1222053,121,121,1,cudaLaunchKernel, 576    1    1, 256    1    1,"<unnamed>::unpack_face_y(const double *, double *, int, int, int, int, int)"
11094651733,3416,11094655149,2881748,11097536897,15488,2900652,122,122,2,cudaLaunchKernel, 576    1    1, 256    1    1,"<unnamed>::pack_face_z(const double *, double *, int, int, int, int, int)"
11094652464,3847,11094656311,1285423,11095941734,142367,1431637,123,123,3,cudaLaunchKernel,1141    1    1, 256    1    1,"<unnamed>::step_kernel_boundary_z_faces(const double *, const double *, double *, const double *, const double *, int, int, int, int, int, int, int, double, double)"
11094654127,3557,11094657684,1215070,11095872754,18240,1236867,121,121,1,cudaLaunchKernel, 576    1    1, 256    1    1,"<unnamed>::unpack_face_z(const double *, double *, int, int, int, int, int)"
11094655911,3937,11094659848,1431134,11096090982,1444123,2879194,122,122,2,cudaLaunchKernel,  12   96   96,  32    4    4,"<unnamed>::step_kernel_interior(const double *, const double *, double *, const double *, const double *, int, int, int, int, int, int, int, double, double)"
11094658776,3467,11094662243,1229807,11095892050,15360,1248634,121,121,1,cudaLaunchKernel,1152    1    1, 256    1    1,"<unnamed>::step_kernel_boundary_x_faces(const double *, const double *, double *, const double *, const double *, int, int, int, int, int, int, int, double, double)"
11094662804,3877,11094666681,1241785,11095908466,15584,1261246,121,121,1,cudaLaunchKernel,1146    1    1, 256    1    1,"<unnamed>::step_kernel_boundary_y_faces(const double *, const double *, double *, const double *, const double *, int, int, int, int, int, int, int, double, double)"
11094664667,4338,11094669005,2855795,11097524800,4256,2864389,123,123,3,cudaLaunchKernel, 576    1    1, 256    1    1,"<unnamed>::pack_face_x(const double *, double *, int, int, int, int, int)"
11094667222,3486,11094670708,1254270,11095924978,144096,1401852,121,121,1,cudaLaunchKernel,1141    1    1, 256    1    1,"<unnamed>::step_kernel_boundary_z_faces(const double *, const double *, double *, const double *, const double *, int, int, int, int, int, int, int, double, double)"
11094669656,3537,11094673193,2857143,11097530336,4000,2864680,123,123,3,cudaLaunchKernel, 576    1    1, 256    1    1,"<unnamed>::pack_face_y(const double *, double *, int, int, int, int, int)"
11094669907,9337,11094679244,1229890,11095909134,7168,1246395,132,132,7,cudaLaunchKernel, 576    1    1, 256    1    1,"<unnamed>::unpack_face_x(const double *, double *, int, int, int, int, int)"
11094673774,3637,11094677411,2858269,11097535680,15296,2877202,123,123,3,cudaLaunchKernel, 576    1    1, 256    1    1,"<unnamed>::pack_face_z(const double *, double *, int, int, int, int, int)"
11094678192,4539,11094682731,1402426,11096085157,1443643,2850608,123,123,3,cudaLaunchKernel,  12   96   96,  32    4    4,"<unnamed>::step_kernel_interior(const double *, const double *, double *, const double *, const double *, int, int, int, int, int, int, int, double, double)"
11094679114,4018,11094683132,2827350,11097510482,4608,2835976,121,121,1,cudaLaunchKernel, 576    1    1, 256    1    1,"<unnamed>::pack_face_x(const double *, double *, int, int, int, int, int)"
11094679926,3987,11094683913,1233349,11095917262,3776,1241112,132,132,7,cudaLaunchKernel, 576    1    1, 256    1    1,"<unnamed>::unpack_face_y(const double *, double *, int, int, int, int, int)"
11094683683,3426,11094687109,2829901,11097517010,4032,2837359,121,121,1,cudaLaunchKernel, 576    1    1, 256    1    1,"<unnamed>::pack_face_y(const double *, double *, int, int, int, int, int)"
11094684604,3577,11094688181,1233913,11095922094,17567,1255057,132,132,7,cudaLaunchKernel, 576    1    1, 256    1    1,"<unnamed>::unpack_face_z(const double *, double *, int, int, int, int, int)"
11094687750,3457,11094691207,2830891,11097522098,15136,2849484,121,121,1,cudaLaunchKernel, 576    1    1, 256    1    1,"<unnamed>::pack_face_z(const double *, double *, int, int, int, int, int)"
11094689163,3396,11094692559,1248222,11095940781,13600,1265218,132,132,7,cudaLaunchKernel,1152    1    1, 256    1    1,"<unnamed>::step_kernel_boundary_x_faces(const double *, const double *, double *, const double *, const double *, int, int, int, int, int, int, int, double, double)"
11094691998,3477,11094695475,1374719,11096070194,1443904,2822100,121,121,1,cudaLaunchKernel,  12   96   96,  32    4    4,"<unnamed>::step_kernel_interior(const double *, const double *, double *, const double *, const double *, int, int, int, int, int, int, int, double, double)"
11094693110,3337,11094696447,1258926,11095955373,15520,1277783,132,132,7,cudaLaunchKernel,1146    1    1, 256    1    1,"<unnamed>::step_kernel_boundary_y_faces(const double *, const double *, double *, const double *, const double *, int, int, int, int, int, int, int, double, double)"
11094697078,3486,11094700564,1271289,11095971853,143744,1418519,132,132,7,cudaLaunchKernel,1141    1    1, 256    1    1,"<unnamed>::step_kernel_boundary_z_faces(const double *, const double *, double *, const double *, const double *, int, int, int, int, int, int, int, double, double)"
11094721273,5481,11094726754,2830983,11097557737,5248,2841712,132,132,7,cudaLaunchKernel, 576    1    1, 256    1    1,"<unnamed>::pack_face_x(const double *, double *, int, int, int, int, int)"
11094727355,3456,11094730811,2833294,11097564105,4352,2841102,132,132,7,cudaLaunchKernel, 576    1    1, 256    1    1,"<unnamed>::pack_face_y(const double *, double *, int, int, int, int, int)"
11094731462,3216,11094734678,2834707,11097569385,14976,2852899,132,132,7,cudaLaunchKernel, 576    1    1, 256    1    1,"<unnamed>::pack_face_z(const double *, double *, int, int, int, int, int)"
11094735680,4049,11094739729,1376956,11096116685,1446524,2827529,132,132,7,cudaLaunchKernel,  12   96   96,  32    4    4,"<unnamed>::step_kernel_interior(const double *, const double *, double *, const double *, const double *, int, int, int, int, int, int, int, double, double)"
11097638996,9138,11097648134,2489,11097650623,3072,14699,123,123,3,cudaLaunchKernel, 576    1    1, 256    1    1,"<unnamed>::unpack_face_x(const double *, double *, int, int, int, int, int)"
11097648805,4148,11097652953,3782,11097656735,2880,10810,123,123,3,cudaLaunchKernel, 576    1    1, 256    1    1,"<unnamed>::unpack_face_y(const double *, double *, int, int, int, int, int)"
11097653494,3606,11097657100,3763,11097660863,10912,18281,123,123,3,cudaLaunchKernel, 576    1    1, 256    1    1,"<unnamed>::unpack_face_z(const double *, double *, int, int, int, int, int)"
11097658022,5231,11097663253,9706,11097672959,15552,30489,123,123,3,cudaLaunchKernel,1152    1    1, 256    1    1,"<unnamed>::step_kernel_boundary_x_faces(const double *, const double *, double *, const double *, const double *, int, int, int, int, int, int, int, double, double)"
11097663774,3987,11097667761,22062,11097689823,14720,40769,123,123,3,cudaLaunchKernel,1146    1    1, 256    1    1,"<unnamed>::step_kernel_boundary_y_faces(const double *, const double *, double *, const double *, const double *, int, int, int, int, int, int, int, double, double)"
11097668393,3516,11097671909,33690,11097705599,144255,181461,123,123,3,cudaLaunchKernel,1141    1    1, 256    1    1,"<unnamed>::step_kernel_boundary_z_faces(const double *, const double *, double *, const double *, const double *, int, int, int, int, int, int, int, double, double)"
11097679383,3877,11097683260,1605117,11099288377,4224,1613218,123,123,3,cudaLaunchKernel, 576    1    1, 256    1    1,"<unnamed>::pack_face_x(const double *, double *, int, int, int, int, int)"
11097684022,3486,11097687508,1606917,11099294425,3904,1614307,123,123,3,cudaLaunchKernel, 576    1    1, 256    1    1,"<unnamed>::pack_face_y(const double *, double *, int, int, int, int, int)"
11097688039,4048,11097692087,1607298,11099299385,14752,1626098,123,123,3,cudaLaunchKernel, 576    1    1, 256    1    1,"<unnamed>::pack_face_z(const double *, double *, int, int, int, int, int)"
11097692848,3757,11097696605,154497,11097851102,1441883,1600137,123,123,3,cudaLaunchKernel,  12   96   96,  32    4    4,"<unnamed>::step_kernel_interior(const double *, const double *, double *, const double *, const double *, int, int, int, int, int, int, int, double, double)"
11110761698,12363,11110774061,2014,11110776075,3328,17705,120,120,0,cudaLaunchKernel, 576    1    1, 256    1    1,"<unnamed>::unpack_face_x(const double *, double *, int, int, int, int, int)"
11110766126,12023,11110778149,1346,11110779495,3648,17017,126,126,6,cudaLaunchKernel, 576    1    1, 256    1    1,"<unnamed>::unpack_face_x(const double *, double *, int, int, int, int, int)"
11110773841,15459,11110789300,1186,11110790486,3136,19781,124,124,4,cudaLaunchKernel, 576    1    1, 256    1    1,"<unnamed>::unpack_face_x(const double *, double *, int, int, int, int, int)"
11110774943,4989,11110779932,4015,11110783947,3712,12716,120,120,0,cudaLaunchKernel, 576    1    1, 256    1    1,"<unnamed>::unpack_face_y(const double *, double *, int, int, int, int, int)"
11110779010,4188,11110783198,3593,11110786791,3136,10917,126,126,6,cudaLaunchKernel, 576    1    1, 256    1    1,"<unnamed>::unpack_face_y(const double *, double *, int, int, int, int, int)"
11110780774,4658,11110785432,3987,11110789419,18688,27333,120,120,0,cudaLaunchKernel, 576    1    1, 256    1    1,"<unnamed>::unpack_face_z(const double *, double *, int, int, int, int, int)"
11110783789,3447,11110787236,3779,11110791015,19200,26426,126,126,6,cudaLaunchKernel, 576    1    1, 256    1    1,"<unnamed>::unpack_face_z(const double *, double *, int, int, int, int, int)"
11110786584,4108,11110790692,18471,11110809163,13856,36435,120,120,0,cudaLaunchKernel,1152    1    1, 256    1    1,"<unnamed>::step_kernel_boundary_x_faces(const double *, const double *, double *, const double *, const double *, int, int, int, int, int, int, int, double, double)"
11110788248,17552,11110805800,5503,11110811303,13728,36783,126,126,6,cudaLaunchKernel,1152    1    1, 256    1    1,"<unnamed>::step_kernel_boundary_x_faces(const double *, const double *, double *, const double *, const double *, int, int, int, int, int, int, int, double, double)"
11110790101,21480,11110811581,1561,11110813142,3360,26401,124,124,4,cudaLaunchKernel, 576    1    1, 256    1    1,"<unnamed>::unpack_face_y(const double *, double *, int, int, int, int, int)"
11110805420,4628,11110810048,14123,11110824171,15392,34143,120,120,0,cudaLaunchKernel,1146    1    1, 256    1    1,"<unnamed>::step_kernel_boundary_y_faces(const double *, const double *, double *, const double *, const double *, int, int, int, int, int, int, int, double, double)"
11110806422,3757,11110810179,16100,11110826279,15616,35473,126,126,6,cudaLaunchKernel,1146    1    1, 256    1    1,"<unnamed>::step_kernel_boundary_y_faces(const double *, const double *, double *, const double *, const double *, int, int, int, int, int, int, int, double, double)"
11110810730,3757,11110814487,28688,11110843175,143807,176252,126,126,6,cudaLaunchKernel,1141    1    1, 256    1    1,"<unnamed>::step_kernel_boundary_z_faces(const double *, const double *, double *, const double *, const double *, int, int, int, int, int, int, int, double, double)"
11110810840,4168,11110815008,25547,11110840555,141728,171443,120,120,0,cudaLaunchKernel,1141    1    1, 256    1    1,"<unnamed>::step_kernel_boundary_z_faces(const double *, const double *, double *, const double *, const double *, int, int, int, int, int, int, int, double, double)"
11110812353,4869,11110817222,3184,11110820406,18496,26549,124,124,4,cudaLaunchKernel, 576    1    1, 256    1    1,"<unnamed>::unpack_face_z(const double *, double *, int, int, int, int, int)"
11110818404,4228,11110822632,17326,11110839958,14112,35666,124,124,4,cudaLaunchKernel,1152    1    1, 256    1    1,"<unnamed>::step_kernel_boundary_x_faces(const double *, const double *, double *, const double *, const double *, int, int, int, int, int, int, int, double, double)"
11110823424,4358,11110827782,27504,11110855286,15936,47798,124,124,4,cudaLaunchKernel,1146    1    1, 256    1    1,"<unnamed>::step_kernel_boundary_y_faces(const double *, const double *, double *, const double *, const double *, int, int, int, int, int, int, int, double, double)"
11110828473,4128,11110832601,39677,11110872278,141760,185565,124,124,4,cudaLaunchKernel,1141    1    1, 256    1    1,"<unnamed>::step_kernel_boundary_z_faces(const double *, const double *, double *, const double *, const double *, int, int, int, int, int, int, int, double, double)"
11110843943,4478,11110848421,166545,11111014966,6976,177999,124,124,4,cudaLaunchKernel, 576    1    1, 256    1    1,"<unnamed>::pack_face_x(const double *, double *, int, int, int, int, int)"
11110849073,3727,11110852800,1587861,11112440661,4672,1596260,124,124,4,cudaLaunchKernel, 576    1    1, 256    1    1,"<unnamed>::pack_face_y(const double *, double *, int, int, int, int, int)"
11110851157,5149,11110856306,127161,11110983467,6592,138902,120,120,0,cudaLaunchKernel, 576    1    1, 256    1    1,"<unnamed>::pack_face_x(const double *, double *, int, int, int, int, int)"
11110852108,5260,11110857368,1551593,11112408961,6496,1563349,126,126,6,cudaLaunchKernel, 576    1    1, 256    1    1,"<unnamed>::pack_face_x(const double *, double *, int, int, int, int, int)"
11110853491,3837,11110857328,1589093,11112446421,15456,1608386,124,124,4,cudaLaunchKernel, 576    1    1, 256    1    1,"<unnamed>::pack_face_z(const double *, double *, int, int, int, int, int)"
11110856877,3567,11110860444,1551432,11112411876,6496,1561495,120,120,0,cudaLaunchKernel, 576    1    1, 256    1    1,"<unnamed>::pack_face_y(const double *, double *, int, int, int, int, int)"
11110858019,3277,11110861296,1555185,11112416481,4064,1562526,126,126,6,cudaLaunchKernel, 576    1    1, 256    1    1,"<unnamed>::pack_face_y(const double *, double *, int, int, int, int, int)"
11110858260,4578,11110862838,152864,11111015702,1428799,1586241,124,124,4,cudaLaunchKernel,  12   96   96,  32    4    4,"<unnamed>::step_kernel_interior(const double *, const double *, double *, const double *, const double *, int, int, int, int, int, int, int, double, double)"
11110861225,3527,11110864752,1554932,11112419684,15648,1574107,120,120,0,cudaLaunchKernel, 576    1    1, 256    1    1,"<unnamed>::pack_face_z(const double *, double *, int, int, int, int, int)"
11110861907,3226,11110865133,1556532,11112421665,15328,1575086,126,126,6,cudaLaunchKernel, 576    1    1, 256    1    1,"<unnamed>::pack_face_z(const double *, double *, int, int, int, int, int)"
11110865884,4959,11110870843,113392,11110984235,1433913,1552264,120,120,0,cudaLaunchKernel,  12   96   96,  32    4    4,"<unnamed>::step_kernel_interior(const double *, const double *, double *, const double *, const double *, int, int, int, int, int, int, int, double, double)"
11110865984,4058,11110870042,118060,11110988102,1427131,1549249,126,126,6,cudaLaunchKernel,  12   96   96,  32    4    4,"<unnamed>::step_kernel_interior(const double *, const double *, double *, const double *, const double *, int, int, int, int, int, int, int, double, double)"
11110895229,13656,11110908885,1038,11110909923,3584,18278,125,125,5,cudaLaunchKernel, 576    1    1, 256    1    1,"<unnamed>::unpack_face_x(const double *, double *, int, int, int, int, int)"
11110909786,4509,11110914295,3756,11110918051,3616,11881,125,125,5,cudaLaunchKernel, 576    1    1, 256    1    1,"<unnamed>::unpack_face_y(const double *, double *, int, int, int, int, int)"
11110914936,3837,11110918773,4078,11110922851,17920,25835,125,125,5,cudaLaunchKernel, 576    1    1, 256    1    1,"<unnamed>::unpack_face_z(const double *, double *, int, int, int, int, int)"
11110919855,3727,11110923582,18373,11110941955,13472,35572,125,125,5,cudaLaunchKernel,1152    1    1, 256    1    1,"<unnamed>::step_kernel_boundary_x_faces(const double *, const double *, double *, const double *, const double *, int, int, int, int, int, int, int, double, double)"
11110924204,3566,11110927770,28969,11110956739,16096,48631,125,125,5,cudaLaunchKernel,1146    1    1, 256    1    1,"<unnamed>::step_kernel_boundary_y_faces(const double *, const double *, double *, const double *, const double *, int, int, int, int, int, int, int, double, double)"
11110928351,3948,11110932299,41528,11110973827,141760,187236,125,125,5,cudaLaunchKernel,1141    1    1, 256    1    1,"<unnamed>::step_kernel_boundary_z_faces(const double *, const double *, double *, const double *, const double *, int, int, int, int, int, int, int, double, double)"
11110969349,5360,11110974709,141870,11111116579,7008,154238,125,125,5,cudaLaunchKernel, 576    1    1, 256    1    1,"<unnamed>::pack_face_x(const double *, double *, int, int, int, int, int)"
11110975260,3717,11110978977,1561320,11112540297,4512,1569549,125,125,5,cudaLaunchKernel, 576    1    1, 256    1    1,"<unnamed>::pack_face_y(const double *, double *, int, int, int, int, int)"
11110979578,3427,11110983005,1562892,11112545897,15616,1581935,125,125,5,cudaLaunchKernel, 576    1    1, 256    1    1,"<unnamed>::pack_face_z(const double *, double *, int, int, int, int, int)"
11110983826,4088,11110987914,129433,11111117347,1426630,1560151,125,125,5,cudaLaunchKernel,  12   96   96,  32    4    4,"<unnamed>::step_kernel_interior(const double *, const double *, double *, const double *, const double *, int, int, int, int, int, int, int, double, double)"
11112513682,15068,11112528750,987,11112529737,3104,19159,122,122,2,cudaLaunchKernel, 576    1    1, 256    1    1,"<unnamed>::unpack_face_x(const double *, double *, int, int, int, int, int)"
11112529972,6713,11112536685,2172,11112538857,2976,11861,122,122,2,cudaLaunchKernel, 576    1    1, 256    1    1,"<unnamed>::unpack_face_y(const double *, double *, int, int, int, int, int)"
11112537476,33143,,,11112546857,11072,33143,122,122,2,cudaLaunchKernel, 576    1    1, 256    1    1,"<unnamed>::unpack_face_z(const double *, double *, int, int, int, int, int)"
11112572162,15329,11112587491,1926,11112589417,15616,32871,122,122,2,cudaLaunchKernel,1152    1    1, 256    1    1,"<unnamed>::step_kernel_boundary_x_faces(const double *, const double *, double *, const double *, const double *, int, int, int, int, int, int, int, double, double)"
11112588463,6282,11112594745,11312,11112606057,14848,32442,122,122,2,cudaLaunchKernel,1146    1    1, 256    1    1,"<unnamed>::step_kernel_boundary_y_faces(const double *, const double *, double *, const double *, const double *, int, int, int, int, int, int, int, double, double)"
11112595516,5601,11112601117,20908,11112622025,144287,170796,122,122,2,cudaLaunchKernel,1141    1    1, 256    1    1,"<unnamed>::step_kernel_boundary_z_faces(const double *, const double *, double *, const double *, const double *, int, int, int, int, int, int, int, double, double)"
11112605254,10871,11112616125,1684,11112617809,3136,15691,121,121,1,cudaLaunchKernel, 576    1    1, 256    1    1,"<unnamed>::unpack_face_x(const double *, double *, int, int, int, int, int)"
11112616866,4288,11112621154,3855,11112625009,3168,11311,121,121,1,cudaLaunchKernel, 576    1    1, 256    1    1,"<unnamed>::unpack_face_y(const double *, double *, int, int, int, int, int)"
11112621735,3817,11112625552,3809,11112629361,11232,18858,121,121,1,cudaLaunchKernel, 576    1    1, 256    1    1,"<unnamed>::unpack_face_z(const double *, double *, int, int, int, int, int)"
11112626544,4168,11112630712,10937,11112641649,16000,31105,121,121,1,cudaLaunchKernel,1152    1    1, 256    1    1,"<unnamed>::step_kernel_boundary_x_faces(const double *, const double *, double *, const double *, const double *, int, int, int, int, int, int, int, double, double)"
11112631243,3758,11112635001,23544,11112658545,15040,42342,121,121,1,cudaLaunchKernel,1146    1    1, 256    1    1,"<unnamed>::step_kernel_boundary_y_faces(const double *, const double *, double *, const double *, const double *, int, int, int, int, int, int, int, double, double)"
11112634009,7204,11112641213,126219,11112767432,8032,141455,122,122,2,cudaLaunchKernel, 576    1    1, 256    1    1,"<unnamed>::pack_face_x(const double *, double *, int, int, int, int, int)"
11112635552,3306,11112638858,35751,11112674609,146272,185329,121,121,1,cudaLaunchKernel,1141    1    1, 256    1    1,"<unnamed>::step_kernel_boundary_z_faces(const double *, const double *, double *, const double *, const double *, int, int, int, int, int, int, int, double, double)"
11112641583,11121,11112652704,1824,11112654528,3136,16081,132,132,7,cudaLaunchKernel, 576    1    1, 256    1    1,"<unnamed>::unpack_face_x(const double *, double *, int, int, int, int, int)"
11112642034,5430,11112647464,1544059,11114191523,4832,1554321,122,122,2,cudaLaunchKernel, 576    1    1, 256    1    1,"<unnamed>::pack_face_y(const double *, double *, int, int, int, int, int)"
11112648316,5490,11112653806,1543605,11114197411,15328,1564423,122,122,2,cudaLaunchKernel, 576    1    1, 256    1    1,"<unnamed>::pack_face_z(const double *, double *, int, int, int, int, int)"
11112653446,4298,11112657744,3152,11112660896,3104,10554,132,132,7,cudaLaunchKernel, 576    1    1, 256    1    1,"<unnamed>::unpack_face_y(const double *, double *, int, int, int, int, int)"
11112655129,5901,11112661030,107138,11112768168,1427483,1540522,122,122,2,cudaLaunchKernel,  12   96   96,  32    4    4,"<unnamed>::step_kernel_interior(const double *, const double *, double *, const double *, const double *, int, int, int, int, int, int, int, double, double)"
11112658746,3737,11112662483,2541,11112665024,11776,18054,132,132,7,cudaLaunchKernel, 576    1    1, 256    1    1,"<unnamed>::unpack_face_z(const double *, double *, int, int, int, int, int)"
11112663404,4168,11112667572,10412,11112677984,15296,29876,132,132,7,cudaLaunchKernel,1152    1    1, 256    1    1,"<unnamed>::step_kernel_boundary_x_faces(const double *, const double *, double *, const double *, const double *, int, int, int, int, int, int, int, double, double)"
11112668203,3577,11112671780,22492,11112694272,16224,42293,132,132,7,cudaLaunchKernel,1146    1    1, 256    1    1,"<unnamed>::step_kernel_boundary_y_faces(const double *, const double *, double *, const double *, const double *, int, int, int, int, int, int, int, double, double)"
11112672361,3346,11112675707,35685,11112711392,142463,181494,132,132,7,cudaLaunchKernel,1141    1    1, 256    1    1,"<unnamed>::step_kernel_boundary_z_faces(const double *, const double *, double *, const double *, const double *, int, int, int, int, int, int, int, double, double)"
11112694272,6723,11112700995,120846,11112821841,7616,135185,121,121,1,cudaLaunchKernel, 576    1    1, 256    1    1,"<unnamed>::pack_face_x(const double *, double *, int, int, int, int, int)"
11112701606,14116,11112715722,1532103,11114247825,5760,1551979,121,121,1,cudaLaunchKernel, 576    1    1, 256    1    1,"<unnamed>::pack_face_y(const double *, double *, int, int, int, int, int)"
11112712797,5160,11112717957,1555351,11114273308,4543,1565054,132,132,7,cudaLaunchKernel, 576    1    1, 256    1    1,"<unnamed>::pack_face_x(const double *, double *, int, int, int, int, int)"
11112716314,3436,11112719750,1535083,11114254833,15328,1553847,121,121,1,cudaLaunchKernel, 576    1    1, 256    1    1,"<unnamed>::pack_face_z(const double *, double *, int, int, int, int, int)"
11112718828,3347,11112722175,1556764,11114278939,4256,1564367,132,132,7,cudaLaunchKernel, 576    1    1, 256    1    1,"<unnamed>::pack_face_y(const double *, double *, int, int, int, int, int)"
11112720672,4558,11112725230,97379,11112822609,1430784,1532721,121,121,1,cudaLaunchKernel,  12   96   96,  32    4    4,"<unnamed>::step_kernel_interior(const double *, const double *, double *, const double *, const double *, int, int, int, int, int, int, int, double, double)"
11112722816,3657,11112726473,1557778,11114284251,14880,1576315,132,132,7,cudaLaunchKernel, 576    1    1, 256    1    1,"<unnamed>::pack_face_z(const double *, double *, int, int, int, int, int)"
11112727384,3869,11112731253,123530,11112854783,1422652,1550051,132,132,7,cudaLaunchKernel,  12   96   96,  32    4    4,"<unnamed>::step_kernel_interior(const double *, const double *, double *, const double *, const double *, int, int, int, int, int, int, int, double, double)"
11114339696,11362,11114351058,1900,11114352958,3136,16398,123,123,3,cudaLaunchKernel, 576    1    1, 256    1    1,"<unnamed>::unpack_face_x(const double *, double *, int, int, int, int, int)"
11114351799,4108,11114355907,3995,11114359902,3072,11175,123,123,3,cudaLaunchKernel, 576    1    1, 256    1    1,"<unnamed>::unpack_face_y(const double *, double *, int, int, int, int, int)"
11114356498,3687,11114360185,3941,11114364126,11776,19404,123,123,3,cudaLaunchKernel, 576    1    1, 256    1    1,"<unnamed>::unpack_face_z(const double *, double *, int, int, int, int, int)"
11114361056,5501,11114366557,10369,11114376926,15392,31262,123,123,3,cudaLaunchKernel,1152    1    1, 256    1    1,"<unnamed>::step_kernel_boundary_x_faces(const double *, const double *, double *, const double *, const double *, int, int, int, int, int, int, int, double, double)"
11114367128,3757,11114370885,22649,11114393534,15808,42214,123,123,3,cudaLaunchKernel,1146    1    1, 256    1    1,"<unnamed>::step_kernel_boundary_y_faces(const double *, const double *, double *, const double *, const double *, int, int, int, int, int, int, int, double, double)"
11114371987,4138,11114376125,34273,11114410398,143231,181642,123,123,3,cudaLaunchKernel,1141    1    1, 256    1    1,"<unnamed>::step_kernel_boundary_z_faces(const double *, const double *, double *, const double *, const double *, int, int, int, int, int, int, int, double, double)"
11114384490,4048,11114388538,1590429,11115978967,5824,1600301,123,123,3,cudaLaunchKernel, 576    1    1, 256    1    1,"<unnamed>::pack_face_x(const double *, double *, int, int, int, int, int)"
11114389399,4148,11114393547,1592748,11115986295,4160,1601056,123,123,3,cudaLaunchKernel, 576    1    1, 256    1    1,"<unnamed>::pack_face_y(const double *, double *, int, int, int, int, int)"
11114394058,3537,11114397595,1593980,11115991575,15840,1613357,123,123,3,cudaLaunchKernel, 576    1    1, 256    1    1,"<unnamed>::pack_face_z(const double *, double *, int, int, int, int, int)"
11114398376,4088,11114402464,152381,11114554845,1430170,1586639,123,123,3,cudaLaunchKernel,  12   96   96,  32    4    4,"<unnamed>::step_kernel_interior(const double *, const double *, double *, const double *, const double *, int, int, int, int, int, int, int, double, double)"
11124206235,9337,11124215572,2203,11124217775,3232,14772,120,120,0,cudaLaunchKernel, 576    1    1, 256    1    1,"<unnamed>::unpack_face_x(const double *, double *, int, int, int, int, int)"
11124216274,3907,11124220181,3930,11124224111,3552,11389,120,120,0,cudaLaunchKernel, 576    1    1, 256    1    1,"<unnamed>::unpack_face_y(const double *, double *, int, int, int, int, int)"
11124220722,3697,11124224419,4460,11124228879,10144,18301,120,120,0,cudaLaunchKernel, 576    1    1, 256    1    1,"<unnamed>::unpack_face_z(const double *, double *, int, int, int, int, int)"
11124225341,10009,11124235350,4889,11124240239,15424,30322,120,120,0,cudaLaunchKernel,1152    1    1, 256    1    1,"<unnamed>::step_kernel_boundary_x_faces(const double *, const double *, double *, const double *, const double *, int, int, int, int, int, int, int, double, double)"
11124236052,3897,11124239949,16738,11124256687,14976,35611,120,120,0,cudaLaunchKernel,1146    1    1, 256    1    1,"<unnamed>::step_kernel_boundary_y_faces(const double *, const double *, double *, const double *, const double *, int, int, int, int, int, int, int, double, double)"
11124240700,4930,11124245630,27281,11124272911,143744,175955,120,120,0,cudaLaunchKernel,1141    1    1, 256    1    1,"<unnamed>::step_kernel_boundary_z_faces(const double *, const double *, double *, const double *, const double *, int, int, int, int, int, int, int, double, double)"
11124269575,4919,11124274494,1558378,11125832872,4544,1567841,120,120,0,cudaLaunchKernel, 576    1    1, 256    1    1,"<unnamed>::pack_face_x(const double *, double *, int, int, int, int, int)"
11124275155,3697,11124278852,1559876,11125838728,4192,1567765,120,120,0,cudaLaunchKernel, 576    1    1, 256    1    1,"<unnamed>::pack_face_y(const double *, double *, int, int, int, int, int)"
11124279523,3867,11124283390,1560682,11125844072,14880,1579429,120,120,0,cudaLaunchKernel, 576    1    1, 256    1    1,"<unnamed>::pack_face_z(const double *, double *, int, int, int, int, int)"
11124284352,3998,11124288350,129521,11124417871,1419161,1552680,120,120,0,cudaLaunchKernel,  12   96   96,  32    4    4,"<unnamed>::step_kernel_interior(const double *, const double *, double *, const double *, const double *, int, int, int, int, int, int, int, double, double)"
11132524735,11411,11132536146,1790,11132537936,3392,16593,126,126,6,cudaLaunchKernel, 576    1    1, 256    1    1,"<unnamed>::unpack_face_x(const double *, double *, int, int, int, int, int)"
11132536818,3857,11132540675,3181,11132543856,2944,9982,126,126,6,cudaLaunchKernel, 576    1    1, 256    1    1,"<unnamed>::unpack_face_y(const double *, double *, int, int, int, int, int)"
11132541196,3326,11132544522,3750,11132548272,10464,17540,126,126,6,cudaLaunchKernel, 576    1    1, 256    1    1,"<unnamed>::unpack_face_z(const double *, double *, int, int, int, int, int)"
11132545394,3466,11132548860,11124,11132559984,14880,29470,126,126,6,cudaLaunchKernel,1152    1    1, 256    1    1,"<unnamed>::step_kernel_boundary_x_faces(const double *, const double *, double *, const double *, const double *, int, int, int, int, int, int, int, double, double)"
11132549411,9328,11132558739,17181,11132575920,15456,41965,126,126,6,cudaLaunchKernel,1146    1    1, 256    1    1,"<unnamed>::step_kernel_boundary_y_faces(const double *, const double *, double *, const double *, const double *, int, int, int, int, int, int, int, double, double)"
11132559300,4528,11132563828,28572,11132592400,145375,178475,126,126,6,cudaLaunchKernel,1141    1    1, 256    1    1,"<unnamed>::step_kernel_boundary_z_faces(const double *, const double *, double *, const double *, const double *, int, int, int, int, int, int, int, double, double)"
11132614574,6182,11132620756,1541750,11134162506,4832,1552764,126,126,6,cudaLaunchKernel, 576    1    1, 256    1    1,"<unnamed>::pack_face_x(const double *, double *, int, int, int, int, int)"
11132621377,3316,11132624693,1543765,11134168458,4064,1551145,126,126,6,cudaLaunchKernel, 576    1    1, 256    1    1,"<unnamed>::pack_face_y(const double *, double *, int, int, int, int, int)"
11132625325,3406,11132628731,1544943,11134173674,14783,1563132,126,126,6,cudaLaunchKernel, 576    1    1, 256    1    1,"<unnamed>::pack_face_z(const double *, double *, int, int, int, int, int)"
11132629573,3706,11132633279,105552,11132738831,1427515,1536773,126,126,6,cudaLaunchKernel,  12   96   96,  32    4    4,"<unnamed>::step_kernel_interior(const double *, const double *, double *, const double *, const double *, int, int, int, int, int, int, int, double, double)"
11134304031,11111,11134315142,1878,11134317020,3488,16477,125,125,5,cudaLaunchKernel, 576    1    1, 256    1    1,"<unnamed>::unpack_face_x(const double *, double *, int, int, int, int, int)"
11134308459,15129,11134323588,739,11134324327,3104,18972,124,124,4,cudaLaunchKernel, 576    1    1, 256    1    1,"<unnamed>::unpack_face_x(const double *, double *, int, int, int, int, int)"
11134315873,4328,11134320201,3603,11134323804,3424,11355,125,125,5,cudaLaunchKernel, 576    1    1, 256    1    1,"<unnamed>::unpack_face_y(const double *, double *, int, int, int, int, int)"
11134321243,3387,11134324630,3686,11134328316,10880,17953,125,125,5,cudaLaunchKernel, 576    1    1, 256    1    1,"<unnamed>::unpack_face_z(const double *, double *, int, int, int, int, int)"
11134324529,4870,11134329399,3440,11134332839,2976,11286,124,124,4,cudaLaunchKernel, 576    1    1, 256    1    1,"<unnamed>::unpack_face_y(const double *, double *, int, int, int, int, int)"
11134325621,3387,11134329008,11404,11134340412,15168,29959,125,125,5,cudaLaunchKernel,1152    1    1, 256    1    1,"<unnamed>::step_kernel_boundary_x_faces(const double *, const double *, double *, const double *, const double *, int, int, int, int, int, int, int, double, double)"
11134329579,3426,11134333005,23663,11134356668,15072,42161,125,125,5,cudaLaunchKernel,1146    1    1, 256    1    1,"<unnamed>::step_kernel_boundary_y_faces(const double *, const double *, double *, const double *, const double *, int, int, int, int, int, int, int, double, double)"
11134329970,4177,11134334147,2756,11134336903,11296,18229,124,124,4,cudaLaunchKernel, 576    1    1, 256    1    1,"<unnamed>::unpack_face_z(const double *, double *, int, int, int, int, int)"
11134333516,3306,11134336822,35974,11134372796,144065,183345,125,125,5,cudaLaunchKernel,1141    1    1, 256    1    1,"<unnamed>::step_kernel_boundary_z_faces(const double *, const double *, double *, const double *, const double *, int, int, int, int, int, int, int, double, double)"
11134335129,5090,11134340219,9100,11134349319,14976,29166,124,124,4,cudaLaunchKernel,1152    1    1, 256    1    1,"<unnamed>::step_kernel_boundary_x_faces(const double *, const double *, double *, const double *, const double *, int, int, int, int, int, int, int, double, double)"
11134341010,3998,11134345008,20343,11134365351,14688,39029,124,124,4,cudaLaunchKernel,1146    1    1, 256    1    1,"<unnamed>::step_kernel_boundary_y_faces(const double *, const double *, double *, const double *, const double *, int, int, int, int, int, int, int, double, double)"
11134345839,3958,11134349797,31202,11134380999,144224,179384,124,124,4,cudaLaunchKernel,1141    1    1, 256    1    1,"<unnamed>::step_kernel_boundary_z_faces(const double *, const double *, double *, const double *, const double *, int, int, int, int, int, int, int, double, double)"
11134360697,4258,11134364955,161356,11134526311,7008,172622,124,124,4,cudaLaunchKernel, 576    1    1, 256    1    1,"<unnamed>::pack_face_x(const double *, double *, int, int, int, int, int)"
11134363462,5080,11134368542,1572836,11135941378,4672,1582588,125,125,5,cudaLaunchKernel, 576    1    1, 256    1    1,"<unnamed>::pack_face_x(const double *, double *, int, int, int, int, int)"
11134365636,4078,11134369714,1580308,11135950022,4992,1589378,124,124,4,cudaLaunchKernel, 576    1    1, 256    1    1,"<unnamed>::pack_face_y(const double *, double *, int, int, int, int, int)"
11134369534,3416,11134372950,1574412,11135947362,4288,1582116,125,125,5,cudaLaunchKernel, 576    1    1, 256    1    1,"<unnamed>::pack_face_y(const double *, double *, int, int, int, int, int)"
11134370466,4107,11134374573,1581465,11135956038,15392,1600964,124,124,4,cudaLaunchKernel, 576    1    1, 256    1    1,"<unnamed>::pack_face_z(const double *, double *, int, int, int, int, int)"
11134373591,3777,11134377368,1575306,11135952674,14849,1593932,125,125,5,cudaLaunchKernel, 576    1    1, 256    1    1,"<unnamed>::pack_face_z(const double *, double *, int, int, int, int, int)"
11134375615,4378,11134379993,147086,11134527079,1427007,1578471,124,124,4,cudaLaunchKernel,  12   96   96,  32    4    4,"<unnamed>::step_kernel_interior(const double *, const double *, double *, const double *, const double *, int, int, int, int, int, int, int, double, double)"
11134378190,3787,11134381977,135972,11134517949,1427333,1567092,125,125,5,cudaLaunchKernel,  12   96   96,  32    4    4,"<unnamed>::step_kernel_interior(const double *, const double *, double *, const double *, const double *, int, int, int, int, int, int, int, double, double)"
11134387387,16031,11134403418,1085,11134404503,3104,20220,122,122,2,cudaLaunchKernel, 576    1    1, 256    1    1,"<unnamed>::unpack_face_x(const double *, double *, int, int, int, int, int)"
11134404500,6483,11134410983,3600,11134414583,3104,13187,122,122,2,cudaLaunchKernel, 576    1    1, 256    1    1,"<unnamed>::unpack_face_y(const double *, double *, int, int, int, int, int)"
11134411924,5701,11134417625,2494,11134420119,10944,19139,122,122,2,cudaLaunchKernel, 576    1    1, 256    1    1,"<unnamed>::unpack_face_z(const double *, double *, int, int, int, int, int)"
11134418917,5861,11134424778,7469,11134432247,15296,28626,122,122,2,cudaLaunchKernel,1152    1    1, 256    1    1,"<unnamed>::step_kernel_boundary_x_faces(const double *, const double *, double *, const double *, const double *, int, int, int, int, int, int, int, double, double)"
11134425680,5490,11134431170,17429,11134448599,15008,37927,122,122,2,cudaLaunchKernel,1146    1    1, 256    1    1,"<unnamed>::step_kernel_boundary_y_faces(const double *, const double *, double *, const double *, const double *, int, int, int, int, int, int, int, double, double)"
11134431992,5250,11134437242,27645,11134464887,142624,175519,122,122,2,cudaLaunchKernel,1141    1    1, 256    1    1,"<unnamed>::step_kernel_boundary_z_faces(const double *, const double *, double *, const double *, const double *, int, int, int, int, int, int, int, double, double)"
11134465615,7394,11134473009,135558,11134608567,7360,150312,122,122,2,cudaLaunchKernel, 576    1    1, 256    1    1,"<unnamed>::pack_face_x(const double *, double *, int, int, int, int, int)"
11134473961,5700,11134479661,1562532,11136042193,4928,1573160,122,122,2,cudaLaunchKernel, 576    1    1, 256    1    1,"<unnamed>::pack_face_y(const double *, double *, int, int, int, int, int)"
11134480443,5430,11134485873,1562336,11136048209,15424,1583190,122,122,2,cudaLaunchKernel, 576    1    1, 256    1    1,"<unnamed>::pack_face_z(const double *, double *, int, int, int, int, int)"
11134487025,5822,11134492847,116456,11134609303,1436794,1559072,122,122,2,cudaLaunchKernel,  12   96   96,  32    4    4,"<unnamed>::step_kernel_interior(const double *, const double *, double *, const double *, const double *, int, int, int, int, int, int, int, double, double)"
11136048651,10359,11136059010,2157,11136061167,3136,15652,121,121,1,cudaLaunchKernel, 576    1    1, 256    1    1,"<unnamed>::unpack_face_x(const double *, double *, int, int, int, int, int)"
11136049863,9799,11136059662,1810,11136061472,3392,15001,132,132,7,cudaLaunchKernel, 576    1    1, 256    1    1,"<unnamed>::unpack_face_x(const double *, double *, int, int, int, int, int)"
11136059672,3917,11136063589,4042,11136067631,3488,11447,121,121,1,cudaLaunchKernel, 576    1    1, 256    1    1,"<unnamed>::unpack_face_y(const double *, double *, int, int, int, int, int)"
11136060333,4388,11136064721,3183,11136067904,3200,10771,132,132,7,cudaLaunchKernel, 576    1    1, 256    1    1,"<unnamed>::unpack_face_y(const double *, double *, int, int, int, int, int)"
11136064150,3917,11136068067,4332,11136072399,10592,18841,121,121,1,cudaLaunchKernel, 576    1    1, 256    1    1,"<unnamed>::unpack_face_z(const double *, double *, int, int, int, int, int)"
11136065813,3547,11136069360,3216,11136072576,10752,17515,132,132,7,cudaLaunchKernel, 576    1    1, 256    1    1,"<unnamed>::unpack_face_z(const double *, double *, int, int, int, int, int)"
11136068989,3737,11136072726,11289,11136084015,15200,30226,121,121,1,cudaLaunchKernel,1152    1    1, 256    1    1,"<unnamed>::step_kernel_boundary_x_faces(const double *, const double *, double *, const double *, const double *, int, int, int, int, int, int, int, double, double)"
11136070231,4138,11136074369,10047,11136084416,15008,29193,132,132,7,cudaLaunchKernel,1152    1    1, 256    1    1,"<unnamed>::step_kernel_boundary_x_faces(const double *, const double *, double *, const double *, const double *, int, int, int, int, int, int, int, double, double)"
11136073227,3517,11136076744,23559,11136100303,15584,42660,121,121,1,cudaLaunchKernel,1146    1    1, 256    1    1,"<unnamed>::step_kernel_boundary_y_faces(const double *, const double *, double *, const double *, const double *, int, int, int, int, int, int, int, double, double)"
11136074910,34977,,,11136100352,15360,40802,132,132,7,cudaLaunchKernel,1146    1    1, 256    1    1,"<unnamed>::step_kernel_boundary_y_faces(const double *, const double *, double *, const double *, const double *, int, int, int, int, int, int, int, double, double)"
11136077275,9888,11136087163,30004,11136117167,141856,181748,121,121,1,cudaLaunchKernel,1141    1    1, 256    1    1,"<unnamed>::step_kernel_boundary_z_faces(const double *, const double *, double *, const double *, const double *, int, int, int, int, int, int, int, double, double)"
11136110658,4839,11136115497,2167,11136117664,144928,151934,132,132,7,cudaLaunchKernel,1141    1    1, 256    1    1,"<unnamed>::step_kernel_boundary_z_faces(const double *, const double *, double *, const double *, const double *, int, int, int, int, int, int, int, double, double)"
11136132249,6312,11136138561,121422,11136259983,6880,134614,121,121,1,cudaLaunchKernel, 576    1    1, 256    1    1,"<unnamed>::pack_face_x(const double *, double *, int, int, int, int, int)"
11136139142,3466,11136142608,1551646,11137694254,4800,1559912,121,121,1,cudaLaunchKernel, 576    1    1, 256    1    1,"<unnamed>::pack_face_y(const double *, double *, int, int, int, int, int)"
11136139542,5942,11136145484,118068,11136263552,7968,131978,132,132,7,cudaLaunchKernel, 576    1    1, 256    1    1,"<unnamed>::pack_face_x(const double *, double *, int, int, int, int, int)"
11136143149,3467,11136146616,1553494,11137700110,15552,1572513,121,121,1,cudaLaunchKernel, 576    1    1, 256    1    1,"<unnamed>::pack_face_z(const double *, double *, int, int, int, int, int)"
11136146165,3637,11136149802,1542130,11137691932,4544,1550311,132,132,7,cudaLaunchKernel, 576    1    1, 256    1    1,"<unnamed>::pack_face_y(const double *, double *, int, int, int, int, int)"
11136147437,3547,11136150984,109767,11136260751,1437055,1550369,121,121,1,cudaLaunchKernel,  12   96   96,  32    4    4,"<unnamed>::step_kernel_interior(const double *, const double *, double *, const double *, const double *, int, int, int, int, int, int, int, double, double)"
11136150323,3186,11136153509,1544023,11137697532,15552,1562761,132,132,7,cudaLaunchKernel, 576    1    1, 256    1    1,"<unnamed>::pack_face_z(const double *, double *, int, int, int, int, int)"
11136154460,3868,11136158328,105960,11136264288,1432412,1542240,132,132,7,cudaLaunchKernel,  12   96   96,  32    4    4,"<unnamed>::step_kernel_interior(const double *, const double *, double *, const double *, const double *, int, int, int, int, int, int, int, double, double)"
11137940028,14057,11137954085,1436,11137955521,3072,18565,123,123,3,cudaLaunchKernel, 576    1    1, 256    1    1,"<unnamed>::unpack_face_x(const double *, double *, int, int, int, int, int)"
11137954946,4388,11137959334,2811,11137962145,3008,10207,123,123,3,cudaLaunchKernel, 576    1    1, 256    1    1,"<unnamed>::unpack_face_y(const double *, double *, int, int, int, int, int)"
11137959936,3767,11137963703,2602,11137966305,11744,18113,123,123,3,cudaLaunchKernel, 576    1    1, 256    1    1,"<unnamed>::unpack_face_z(const double *, double *, int, int, int, int, int)"
11137964745,3947,11137968692,10445,11137979137,15584,29976,123,123,3,cudaLaunchKernel,1152    1    1, 256    1    1,"<unnamed>::step_kernel_boundary_x_faces(const double *, const double *, double *, const double *, const double *, int, int, int, int, int, int, int, double, double)"
11137969303,3497,11137972800,23201,11137996001,14944,41642,123,123,3,cudaLaunchKernel,1146    1    1, 256    1    1,"<unnamed>::step_kernel_boundary_y_faces(const double *, const double *, double *, const double *, const double *, int, int, int, int, int, int, int, double, double)"
11137973391,3657,11137977048,34921,11138011969,145504,184082,123,123,3,cudaLaunchKernel,1141    1    1, 256    1    1,"<unnamed>::step_kernel_boundary_z_faces(const double *, const double *, double *, const double *, const double *, int, int, int, int, int, int, int, double, double)"
11137985845,3948,11137989793,1591994,11139581787,4064,1600006,123,123,3,cudaLaunchKernel, 576    1    1, 256    1    1,"<unnamed>::pack_face_x(const double *, double *, int, int, int, int, int)"
11137990454,9197,11137999651,1587736,11139587387,4128,1601061,123,123,3,cudaLaunchKernel, 576    1    1, 256    1    1,"<unnamed>::pack_face_y(const double *, double *, int, int, int, int, int)"
11138000222,3507,11138003729,1588938,11139592667,15328,1607773,123,123,3,cudaLaunchKernel, 576    1    1, 256    1    1,"<unnamed>::pack_face_z(const double *, double *, int, int, int, int, int)"
11138004600,3797,11138008397,150196,11138158593,1427482,1581475,123,123,3,cudaLaunchKernel,  12   96   96,  32    4    4,"<unnamed>::step_kernel_interior(const double *, const double *, double *, const double *, const double *, int, int, int, int, int, int, int, double, double)"
11145258271,10069,11145268340,2077,11145270417,3200,15346,120,120,0,cudaLaunchKernel, 576    1    1, 256    1    1,"<unnamed>::unpack_face_x(const double *, double *, int, int, int, int, int)"
11145269002,3997,11145272999,3658,11145276657,3392,11047,120,120,0,cudaLaunchKernel, 576    1    1, 256    1    1,"<unnamed>::unpack_face_y(const double *, double *, int, int, int, int, int)"
11145273550,3647,11145277197,4036,11145281233,10528,18211,120,120,0,cudaLaunchKernel, 576    1    1, 256    1    1,"<unnamed>::unpack_face_z(const double *, double *, int, int, int, int, int)"
11145278369,4418,11145282787,9998,11145292785,15200,29616,120,120,0,cudaLaunchKernel,1152    1    1, 256    1    1,"<unnamed>::step_kernel_boundary_x_faces(const double *, const double *, double *, const double *, const double *, int, int, int, int, int, int, int, double, double)"
11145283429,3596,11145287025,21920,11145308945,15808,41324,120,120,0,cudaLaunchKernel,1146    1    1, 256    1    1,"<unnamed>::step_kernel_boundary_y_faces(const double *, const double *, double *, const double *, const double *, int, int, int, int, int, int, int, double, double)"
11145287897,3436,11145291333,34668,11145326001,145343,183447,120,120,0,cudaLaunchKernel,1141    1    1, 256    1    1,"<unnamed>::step_kernel_boundary_z_faces(const double *, const double *, double *, const double *, const double *, int, int, int, int, int, int, int, double, double)"
11145314637,4699,11145319336,153032,11145472368,7712,165443,120,120,0,cudaLaunchKernel, 576    1    1, 256    1    1,"<unnamed>::pack_face_x(const double *, double *, int, int, int, int, int)"
11145320127,3537,11145323664,1574394,11146898058,4608,1582539,120,120,0,cudaLaunchKernel, 576    1    1, 256    1    1,"<unnamed>::pack_face_y(const double *, double *, int, int, int, int, int)"
11145324295,3797,11145328092,1575822,11146903914,15360,1594979,120,120,0,cudaLaunchKernel, 576    1    1, 256    1    1,"<unnamed>::pack_face_z(const double *, double *, int, int, int, int, int)"
11145329486,3827,11145333313,139791,11145473104,1429018,1572636,120,120,0,cudaLaunchKernel,  12   96   96,  32    4    4,"<unnamed>::step_kernel_interior(const double *, const double *, double *, const double *, const double *, int, int, int, int, int, int, int, double, double)"
11153566652,13094,11153579746,1370,11153581116,3360,17824,126,126,6,cudaLaunchKernel, 576    1    1, 256    1    1,"<unnamed>::unpack_face_x(const double *, double *, int, int, int, int, int)"
11153580568,4127,11153584695,3557,11153588252,3136,10820,126,126,6,cudaLaunchKernel, 576    1    1, 256    1    1,"<unnamed>::unpack_face_y(const double *, double *, int, int, int, int, int)"
11153585267,3376,11153588643,3865,11153592508,10368,17609,126,126,6,cudaLaunchKernel, 576    1    1, 256    1    1,"<unnamed>::unpack_face_z(const double *, double *, int, int, int, int, int)"
11153589655,3637,11153593292,10736,11153604028,14720,29093,126,126,6,cudaLaunchKernel,1152    1    1, 256    1    1,"<unnamed>::step_kernel_boundary_x_faces(const double *, const double *, double *, const double *, const double *, int, int, int, int, int, int, int, double, double)"
11153593813,3366,11153597179,22817,11153619996,15999,42182,126,126,6,cudaLaunchKernel,1146    1    1, 256    1    1,"<unnamed>::step_kernel_boundary_y_faces(const double *, const double *, double *, const double *, const double *, int, int, int, int, int, int, int, double, double)"
11153597700,3266,11153600966,36021,11153636987,143744,183031,126,126,6,cudaLaunchKernel,1141    1    1, 256    1    1,"<unnamed>::step_kernel_boundary_z_faces(const double *, const double *, double *, const double *, const double *, int, int, int, int, int, int, int, double, double)"
11153637986,5050,11153643036,138719,11153781755,6976,150745,126,126,6,cudaLaunchKernel, 576    1    1, 256    1    1,"<unnamed>::pack_face_x(const double *, double *, int, int, int, int, int)"
11153643627,3336,11153646963,1562338,11155209301,7712,1573386,126,126,6,cudaLaunchKernel, 576    1    1, 256    1    1,"<unnamed>::pack_face_y(const double *, double *, int, int, int, int, int)"
11153647644,3237,11153650881,1567188,11155218069,15200,1585625,126,126,6,cudaLaunchKernel, 576    1    1, 256    1    1,"<unnamed>::pack_face_z(const double *, double *, int, int, int, int, int)"
11153651792,3888,11153655680,126811,11153782491,1434330,1565029,126,126,6,cudaLaunchKernel,  12   96   96,  32    4    4,"<unnamed>::step_kernel_interior(const double *, const double *, double *, const double *, const double *, int, int, int, int, int, int, int, double, double)"
11155288920,12744,11155301664,1737,11155303401,3136,17617,122,122,2,cudaLaunchKernel, 576    1    1, 256    1    1,"<unnamed>::unpack_face_x(const double *, double *, int, int, int, int, int)"
11155302475,4468,11155306943,2826,11155309769,3104,10398,122,122,2,cudaLaunchKernel, 576    1    1, 256    1    1,"<unnamed>::unpack_face_y(const double *, double *, int, int, int, int, int)"
11155307575,3738,11155311313,2808,11155314121,11072,17618,122,122,2,cudaLaunchKernel, 576    1    1, 256    1    1,"<unnamed>::unpack_face_z(const double *, double *, int, int, int, int, int)"
11155312234,4028,11155316262,10019,11155326281,15744,29791,122,122,2,cudaLaunchKernel,1152    1    1, 256    1    1,"<unnamed>::step_kernel_boundary_x_faces(const double *, const double *, double *, const double *, const double *, int, int, int, int, int, int, int, double, double)"
11155316833,3767,11155320600,22705,11155343305,14336,40808,122,122,2,cudaLaunchKernel,1146    1    1, 256    1    1,"<unnamed>::step_kernel_boundary_y_faces(const double *, const double *, double *, const double *, const double *, int, int, int, int, int, int, int, double, double)"
11155321141,3547,11155324688,34201,11155358889,143520,181268,122,122,2,cudaLaunchKernel,1141    1    1, 256    1    1,"<unnamed>::step_kernel_boundary_z_faces(const double *, const double *, double *, const double *, const double *, int, int, int, int, int, int, int, double, double)"
11155342972,35767,11155378739,1306,11155380045,3488,40561,125,125,5,cudaLaunchKernel, 576    1    1, 256    1    1,"<unnamed>::unpack_face_x(const double *, double *, int, int, int, int, int)"
11155347611,15890,11155363501,1037,11155364538,3104,20031,124,124,4,cudaLaunchKernel, 576    1    1, 256    1    1,"<unnamed>::unpack_face_x(const double *, double *, int, int, int, int, int)"
11155348843,9227,11155358070,1573293,11156931363,4032,1586552,122,122,2,cudaLaunchKernel, 576    1    1, 256    1    1,"<unnamed>::pack_face_x(const double *, double *, int, int, int, int, int)"
11155359132,6653,11155365785,1570666,11156936451,4064,1581383,122,122,2,cudaLaunchKernel, 576    1    1, 256    1    1,"<unnamed>::pack_face_y(const double *, double *, int, int, int, int, int)"
11155364222,4568,11155368790,3332,11155372122,3072,10972,124,124,4,cudaLaunchKernel, 576    1    1, 256    1    1,"<unnamed>::unpack_face_y(const double *, double *, int, int, int, int, int)"
11155366797,6502,11155373299,1568816,11156942115,15104,1590422,122,122,2,cudaLaunchKernel, 576    1    1, 256    1    1,"<unnamed>::pack_face_z(const double *, double *, int, int, int, int, int)"
11155369352,4268,11155373620,2534,11155376154,11456,18258,124,124,4,cudaLaunchKernel, 576    1    1, 256    1    1,"<unnamed>::unpack_face_z(const double *, double *, int, int, int, int, int)"
11155374561,4699,11155379260,9502,11155388762,14848,29049,124,124,4,cudaLaunchKernel,1152    1    1, 256    1    1,"<unnamed>::step_kernel_boundary_x_faces(const double *, const double *, double *, const double *, const double *, int, int, int, int, int, int, int, double, double)"
11155374752,7093,11155381845,121588,11155503433,1431578,1560259,122,122,2,cudaLaunchKernel,  12   96   96,  32    4    4,"<unnamed>::step_kernel_interior(const double *, const double *, double *, const double *, const double *, int, int, int, int, int, int, int, double, double)"
11155379581,4538,11155384119,3766,11155387885,3424,11728,125,125,5,cudaLaunchKernel, 576    1    1, 256    1    1,"<unnamed>::unpack_face_y(const double *, double *, int, int, int, int, int)"
11155379941,3818,11155383759,20779,11155404538,15296,39893,124,124,4,cudaLaunchKernel,1146    1    1, 256    1    1,"<unnamed>::step_kernel_boundary_y_faces(const double *, const double *, double *, const double *, const double *, int, int, int, int, int, int, int, double, double)"
11155384340,3506,11155387846,32916,11155420762,144832,181254,124,124,4,cudaLaunchKernel,1141    1    1, 256    1    1,"<unnamed>::step_kernel_boundary_z_faces(const double *, const double *, double *, const double *, const double *, int, int, int, int, int, int, int, double, double)"
11155384770,3277,11155388047,4478,11155392525,10816,18571,125,125,5,cudaLaunchKernel, 576    1    1, 256    1    1,"<unnamed>::unpack_face_z(const double *, double *, int, int, int, int, int)"
11155388938,3597,11155392535,12022,11155404557,14592,30211,125,125,5,cudaLaunchKernel,1152    1    1, 256    1    1,"<unnamed>::step_kernel_boundary_x_faces(const double *, const double *, double *, const double *, const double *, int, int, int, int, int, int, int, double, double)"
11155393076,3326,11155396402,23995,11155420397,15456,42777,125,125,5,cudaLaunchKernel,1146    1    1, 256    1    1,"<unnamed>::step_kernel_boundary_y_faces(const double *, const double *, double *, const double *, const double *, int, int, int, int, int, int, int, double, double)"
11155396933,3326,11155400259,36874,11155437133,144769,184969,125,125,5,cudaLaunchKernel,1141    1    1, 256    1    1,"<unnamed>::step_kernel_boundary_z_faces(const double *, const double *, double *, const double *, const double *, int, int, int, int, int, int, int, double, double)"
11155398296,4228,11155402524,1597853,11157000377,4800,1606881,124,124,4,cudaLaunchKernel, 576    1    1, 256    1    1,"<unnamed>::pack_face_x(const double *, double *, int, int, int, int, int)"
11155403215,3678,11155406893,1599244,11157006137,4064,1606986,124,124,4,cudaLaunchKernel, 576    1    1, 256    1    1,"<unnamed>::pack_face_y(const double *, double *, int, int, int, int, int)"
11155407574,5210,11155412784,1598665,11157011449,14784,1618659,124,124,4,cudaLaunchKernel, 576    1    1, 256    1    1,"<unnamed>::pack_face_z(const double *, double *, int, int, int, int, int)"
11155413816,4428,11155418244,148278,11155566522,1438431,1591137,124,124,4,cudaLaunchKernel,  12   96   96,  32    4    4,"<unnamed>::step_kernel_interior(const double *, const double *, double *, const double *, const double *, int, int, int, int, int, int, int, double, double)"
11155429115,5059,11155434174,1568469,11157002643,4288,1577816,125,125,5,cudaLaunchKernel, 576    1    1, 256    1    1,"<unnamed>::pack_face_x(const double *, double *, int, int, int, int, int)"
11155434755,3276,11155438031,1570404,11157008435,4032,1577712,125,125,5,cudaLaunchKernel, 576    1    1, 256    1    1,"<unnamed>::pack_face_y(const double *, double *, int, int, int, int, int)"
11155438632,3367,11155441999,1571460,11157013459,15200,1590027,125,125,5,cudaLaunchKernel, 576    1    1, 256    1    1,"<unnamed>::pack_face_z(const double *, double *, int, int, int, int, int)"
11155442870,4829,11155447699,135323,11155583022,1423397,1563549,125,125,5,cudaLaunchKernel,  12   96   96,  32    4    4,"<unnamed>::step_kernel_interior(const double *, const double *, double *, const double *, const double *, int, int, int, int, int, int, int, double, double)"
11157080118,10710,11157090828,2017,11157092845,3104,15831,121,121,1,cudaLaunchKernel, 576    1    1, 256    1    1,"<unnamed>::unpack_face_x(const double *, double *, int, int, int, int, int)"
11157091519,4319,11157095838,3919,11157099757,3392,11630,121,121,1,cudaLaunchKernel, 576    1    1, 256    1    1,"<unnamed>::unpack_face_y(const double *, double *, int, int, int, int, int)"
11157096389,3968,11157100357,3784,11157104141,11072,18824,121,121,1,cudaLaunchKernel, 576    1    1, 256    1    1,"<unnamed>::unpack_face_z(const double *, double *, int, int, int, int, int)"
11157101309,10019,11157111328,4973,11157116301,15552,30544,121,121,1,cudaLaunchKernel,1152    1    1, 256    1    1,"<unnamed>::step_kernel_boundary_x_faces(const double *, const double *, double *, const double *, const double *, int, int, int, int, int, int, int, double, double)"
11157111889,3586,11157115475,17338,11157132813,15360,36284,121,121,1,cudaLaunchKernel,1146    1    1, 256    1    1,"<unnamed>::step_kernel_boundary_y_faces(const double *, const double *, double *, const double *, const double *, int, int, int, int, int, int, int, double, double)"
11157115976,3517,11157119493,29736,11157149229,144352,177605,121,121,1,cudaLaunchKernel,1141    1    1, 256    1    1,"<unnamed>::step_kernel_boundary_z_faces(const double *, const double *, double *, const double *, const double *, int, int, int, int, int, int, int, double, double)"
11157136385,4588,11157140973,153632,11157294605,3744,161964,121,121,1,cudaLaunchKernel, 576    1    1, 256    1    1,"<unnamed>::pack_face_x(const double *, double *, int, int, int, int, int)"
11157141534,3447,11157144981,1581016,11158725997,4928,1589391,121,121,1,cudaLaunchKernel, 576    1    1, 256    1    1,"<unnamed>::pack_face_y(const double *, double *, int, int, int, int, int)"
11157145622,3236,11157148858,1583091,11158731949,15520,1601847,121,121,1,cudaLaunchKernel, 576    1    1, 256    1    1,"<unnamed>::pack_face_z(const double *, double *, int, int, int, int, int)"
11157149629,3898,11157153527,142806,11157296333,1434176,1580880,121,121,1,cudaLaunchKernel,  12   96   96,  32    4    4,"<unnamed>::step_kernel_interior(const double *, const double *, double *, const double *, const double *, int, int, int, int, int, int, int, double, double)"
11157206948,12353,11157219301,1569,11157220870,3488,17410,132,132,7,cudaLaunchKernel, 576    1    1, 256    1    1,"<unnamed>::unpack_face_x(const double *, double *, int, int, int, int, int)"
11157220012,4148,11157224160,2374,11157226534,3200,9722,132,132,7,cudaLaunchKernel, 576    1    1, 256    1    1,"<unnamed>::unpack_face_y(const double *, double *, int, int, int, int, int)"
11157224851,3587,11157228438,2960,11157231398,10144,16691,132,132,7,cudaLaunchKernel, 576    1    1, 256    1    1,"<unnamed>::unpack_face_z(const double *, double *, int, int, int, int, int)"
11157229380,3687,11157233067,9563,11157242630,16224,29474,132,132,7,cudaLaunchKernel,1152    1    1, 256    1    1,"<unnamed>::step_kernel_boundary_x_faces(const double *, const double *, double *, const double *, const double *, int, int, int, int, int, int, int, double, double)"
11157233648,3677,11157237325,22649,11157259974,14368,40694,132,132,7,cudaLaunchKernel,1146    1    1, 256    1    1,"<unnamed>::step_kernel_boundary_y_faces(const double *, const double *, double *, const double *, const double *, int, int, int, int, int, int, int, double, double)"
11157237906,3336,11157241242,34124,11157275366,143424,180884,132,132,7,cudaLaunchKernel,1141    1    1, 256    1    1,"<unnamed>::step_kernel_boundary_z_faces(const double *, const double *, double *, const double *, const double *, int, int, int, int, int, int, int, double, double)"
11157263053,4899,11157267952,151990,11157419942,4064,160953,132,132,7,cudaLaunchKernel, 576    1    1, 256    1    1,"<unnamed>::pack_face_x(const double *, double *, int, int, int, int, int)"
11157268493,3317,11157271810,1569088,11158840898,4544,1576949,132,132,7,cudaLaunchKernel, 576    1    1, 256    1    1,"<unnamed>::pack_face_y(const double *, double *, int, int, int, int, int)"
11157272431,3206,11157275637,1571053,11158846690,15584,1589843,132,132,7,cudaLaunchKernel, 576    1    1, 256    1    1,"<unnamed>::pack_face_z(const double *, double *, int, int, int, int, int)"
11157276488,3727,11157280215,141423,11157421638,1423036,1568186,132,132,7,cudaLaunchKernel,  12   96   96,  32    4    4,"<unnamed>::step_kernel_interior(const double *, const double *, double *, const double *, const double *, int, int, int, int, int, int, int, double, double)"
11158906794,11221,11158918015,1744,11158919759,2976,15941,123,123,3,cudaLaunchKernel, 576    1    1, 256    1    1,"<unnamed>::unpack_face_x(const double *, double *, int, int, int, int, int)"
11158918726,4078,11158922804,2683,11158925487,3008,9769,123,123,3,cudaLaunchKernel, 576    1    1, 256    1    1,"<unnamed>::unpack_face_y(const double *, double *, int, int, int, int, int)"
11158923355,3847,11158927202,4045,11158931247,11456,19348,123,123,3,cudaLaunchKernel, 576    1    1, 256    1    1,"<unnamed>::unpack_face_z(const double *, double *, int, int, int, int, int)"
11158928164,5260,11158933424,10431,11158943855,15456,31147,123,123,3,cudaLaunchKernel,1152    1    1, 256    1    1,"<unnamed>::step_kernel_boundary_x_faces(const double *, const double *, double *, const double *, const double *, int, int, int, int, int, int, int, double, double)"
11158933985,3697,11158937682,22621,11158960303,15072,41390,123,123,3,cudaLaunchKernel,1146    1    1, 256    1    1,"<unnamed>::step_kernel_boundary_y_faces(const double *, const double *, double *, const double *, const double *, int, int, int, int, int, int, int, double, double)"
11158938263,3557,11158941820,35155,11158976975,144384,183096,123,123,3,cudaLaunchKernel,1141    1    1, 256    1    1,"<unnamed>::step_kernel_boundary_z_faces(const double *, const double *, double *, const double *, const double *, int, int, int, int, int, int, int, double, double)"
11158959934,4668,11158964602,1583759,11160548361,5792,1594219,123,123,3,cudaLaunchKernel, 576    1    1, 256    1    1,"<unnamed>::pack_face_x(const double *, double *, int, int, int, int, int)"
11158965274,3556,11158968830,1586475,11160555305,4096,1594127,123,123,3,cudaLaunchKernel, 576    1    1, 256    1    1,"<unnamed>::pack_face_y(const double *, double *, int, int, int, int, int)"
11158969361,3427,11158972788,1587701,11160560489,14880,1606008,123,123,3,cudaLaunchKernel, 576    1    1, 256    1    1,"<unnamed>::pack_face_z(const double *, double *, int, int, int, int, int)"
11158973619,4278,11158977897,144550,11159122447,1431930,1580758,123,123,3,cudaLaunchKernel,  12   96   96,  32    4    4,"<unnamed>::step_kernel_interior(const double *, const double *, double *, const double *, const double *, int, int, int, int, int, int, int, double, double)"
11177076634,12053,11177088687,1908,11177090595,3232,17193,120,120,0,cudaLaunchKernel, 576    1    1, 256    1    1,"<unnamed>::unpack_face_x(const double *, double *, int, int, int, int, int)"
11177089528,4318,11177093846,2861,11177096707,3392,10571,120,120,0,cudaLaunchKernel, 576    1    1, 256    1    1,"<unnamed>::unpack_face_y(const double *, double *, int, int, int, int, int)"
11177094397,3747,11177098144,3075,11177101219,10464,17286,120,120,0,cudaLaunchKernel, 576    1    1, 256    1    1,"<unnamed>::unpack_face_z(const double *, double *, int, int, int, int, int)"
11177099246,4248,11177103494,9309,11177112803,15680,29237,120,120,0,cudaLaunchKernel,1152    1    1, 256    1    1,"<unnamed>::step_kernel_boundary_x_faces(const double *, const double *, double *, const double *, const double *, int, int, int, int, int, int, int, double, double)"
11177104136,3546,11177107682,22081,11177129763,14688,40315,120,120,0,cudaLaunchKernel,1146    1    1, 256    1    1,"<unnamed>::step_kernel_boundary_y_faces(const double *, const double *, double *, const double *, const double *, int, int, int, int, int, int, int, double, double)"
11177108374,3556,11177111930,33545,11177145475,143903,181004,120,120,0,cudaLaunchKernel,1141    1    1, 256    1    1,"<unnamed>::step_kernel_boundary_z_faces(const double *, const double *, double *, const double *, const double *, int, int, int, int, int, int, int, double, double)"
11177139362,4679,11177144041,146361,11177290402,3936,154976,120,120,0,cudaLaunchKernel, 576    1    1, 256    1    1,"<unnamed>::pack_face_x(const double *, double *, int, int, int, int, int)"
11177144682,3777,11177148459,1568529,11178716988,5184,1577490,120,120,0,cudaLaunchKernel, 576    1    1, 256    1    1,"<unnamed>::pack_face_y(const double *, double *, int, int, int, int, int)"
11177149280,3407,11177152687,1570605,11178723292,15520,1589532,120,120,0,cudaLaunchKernel, 576    1    1, 256    1    1,"<unnamed>::pack_face_z(const double *, double *, int, int, int, int, int)"
11177153699,4248,11177157947,134183,11177292130,1428730,1567161,120,120,0,cudaLaunchKernel,  12   96   96,  32    4    4,"<unnamed>::step_kernel_interior(const double *, const double *, double *, const double *, const double *, int, int, int, int, int, int, int, double, double)"
11178863084,10650,11178873734,1392,11178875126,3456,15498,126,126,6,cudaLaunchKernel, 576    1    1, 256    1    1,"<unnamed>::unpack_face_x(const double *, double *, int, int, int, int, int)"
11178873293,14797,11178888090,849,11178888939,3136,18782,124,124,4,cudaLaunchKernel, 576    1    1, 256    1    1,"<unnamed>::unpack_face_x(const double *, double *, int, int, int, int, int)"
11178874495,3767,11178878262,3904,11178882166,3168,10839,126,126,6,cudaLaunchKernel, 576    1    1, 256    1    1,"<unnamed>::unpack_face_y(const double *, double *, int, int, int, int, int)"
11178878833,3306,11178882139,4411,11178886550,10048,17765,126,126,6,cudaLaunchKernel, 576    1    1, 256    1    1,"<unnamed>::unpack_face_z(const double *, double *, int, int, int, int, int)"
11178880286,11291,11178891577,1870,11178893447,3456,16617,125,125,5,cudaLaunchKernel, 576    1    1, 256    1    1,"<unnamed>::unpack_face_x(const double *, double *, int, int, int, int, int)"
11178883071,3647,11178886718,10904,11178897622,14784,29335,126,126,6,cudaLaunchKernel,1152    1    1, 256    1    1,"<unnamed>::step_kernel_boundary_x_faces(const double *, const double *, double *, const double *, const double *, int, int, int, int, int, int, int, double, double)"
11178887239,3206,11178890445,23241,11178913686,14528,40975,126,126,6,cudaLaunchKernel,1146    1    1, 256    1    1,"<unnamed>::step_kernel_boundary_y_faces(const double *, const double *, double *, const double *, const double *, int, int, int, int, int, int, int, double, double)"
11178888872,5751,11178894623,2476,11178897099,3104,11331,124,124,4,cudaLaunchKernel, 576    1    1, 256    1    1,"<unnamed>::unpack_face_y(const double *, double *, int, int, int, int, int)"
11178890956,3236,11178894192,35046,11178929238,143775,182057,126,126,6,cudaLaunchKernel,1141    1    1, 256    1    1,"<unnamed>::step_kernel_boundary_z_faces(const double *, const double *, double *, const double *, const double *, int, int, int, int, int, int, int, double, double)"
11178892288,3827,11178896115,2900,11178899015,3424,10151,125,125,5,cudaLaunchKernel, 576    1    1, 256    1    1,"<unnamed>::unpack_face_y(const double *, double *, int, int, int, int, int)"
11178895224,4278,11178899502,2205,11178901707,11648,18131,124,124,4,cudaLaunchKernel, 576    1    1, 256    1    1,"<unnamed>::unpack_face_z(const double *, double *, int, int, int, int, int)"
11178896727,3406,11178900133,3394,11178903527,10848,17648,125,125,5,cudaLaunchKernel, 576    1    1, 256    1    1,"<unnamed>::unpack_face_z(const double *, double *, int, int, int, int, int)"
11178900464,4187,11178904651,9760,11178914411,15488,29435,124,124,4,cudaLaunchKernel,1152    1    1, 256    1    1,"<unnamed>::step_kernel_boundary_x_faces(const double *, const double *, double *, const double *, const double *, int, int, int, int, int, int, int, double, double)"
11178901025,3496,11178904521,10878,11178915399,15040,29414,125,125,5,cudaLaunchKernel,1152    1    1, 256    1    1,"<unnamed>::step_kernel_boundary_x_faces(const double *, const double *, double *, const double *, const double *, int, int, int, int, int, int, int, double, double)"
11178905052,3256,11178908308,23123,11178931431,14176,40555,125,125,5,cudaLaunchKernel,1146    1    1, 256    1    1,"<unnamed>::step_kernel_boundary_y_faces(const double *, const double *, double *, const double *, const double *, int, int, int, int, int, int, int, double, double)"
11178905162,3527,11178908689,22234,11178930923,14944,40705,124,124,4,cudaLaunchKernel,1146    1    1, 256    1    1,"<unnamed>::step_kernel_boundary_y_faces(const double *, const double *, double *, const double *, const double *, int, int, int, int, int, int, int, double, double)"
11178908819,3266,11178912085,34770,11178946855,146529,184565,125,125,5,cudaLaunchKernel,1141    1    1, 256    1    1,"<unnamed>::step_kernel_boundary_z_faces(const double *, const double *, double *, const double *, const double *, int, int, int, int, int, int, int, double, double)"
11178909420,3808,11178913228,33663,11178946891,144576,182047,124,124,4,cudaLaunchKernel,1141    1    1, 256    1    1,"<unnamed>::step_kernel_boundary_z_faces(const double *, const double *, double *, const double *, const double *, int, int, int, int, int, int, int, double, double)"
11178920702,4518,11178925220,148881,11179074101,3968,157367,126,126,6,cudaLaunchKernel, 576    1    1, 256    1    1,"<unnamed>::pack_face_x(const double *, double *, int, int, int, int, int)"
11178925801,3507,11178929308,1567956,11180497264,4832,1576295,126,126,6,cudaLaunchKernel, 576    1    1, 256    1    1,"<unnamed>::pack_face_y(const double *, double *, int, int, int, int, int)"
11178929969,3286,11178933255,1569865,11180503120,15712,1588863,126,126,6,cudaLaunchKernel, 576    1    1, 256    1    1,"<unnamed>::pack_face_z(const double *, double *, int, int, int, int, int)"
11178934067,3667,11178937734,138127,11179075861,1425371,1567165,126,126,6,cudaLaunchKernel,  12   96   96,  32    4    4,"<unnamed>::step_kernel_interior(const double *, const double *, double *, const double *, const double *, int, int, int, int, int, int, int, double, double)"
11178943745,5200,11178948945,1563065,11180512010,6656,1574921,124,124,4,cudaLaunchKernel, 576    1    1, 256    1    1,"<unnamed>::pack_face_x(const double *, double *, int, int, int, int, int)"
11178944667,4849,11178949516,1569985,11180519501,4704,1579538,125,125,5,cudaLaunchKernel, 576    1    1, 256    1    1,"<unnamed>::pack_face_x(const double *, double *, int, int, int, int, int)"
11178949526,4057,11178953583,1566139,11180519722,4064,1574260,124,124,4,cudaLaunchKernel, 576    1    1, 256    1    1,"<unnamed>::pack_face_y(const double *, double *, int, int, int, int, int)"
11178950057,3506,11178953563,1572114,11180525677,4192,1579812,125,125,5,cudaLaunchKernel, 576    1    1, 256    1    1,"<unnamed>::pack_face_y(const double *, double *, int, int, int, int, int)"
11178954164,3137,11178957301,1573848,11180531149,14816,1591801,125,125,5,cudaLaunchKernel, 576    1    1, 256    1    1,"<unnamed>::pack_face_z(const double *, double *, int, int, int, int, int)"
11178954265,4940,11178959205,1565573,11180524778,15008,1585521,124,124,4,cudaLaunchKernel, 576    1    1, 256    1    1,"<unnamed>::pack_face_z(const double *, double *, int, int, int, int, int)"
11178958203,3807,11178962010,132430,11179094440,1428869,1565106,125,125,5,cudaLaunchKernel,  12   96   96,  32    4    4,"<unnamed>::step_kernel_interior(const double *, const double *, double *, const double *, const double *, int, int, int, int, int, int, int, double, double)"
11178960056,4118,11178964174,128253,11179092427,1425823,1558194,124,124,4,cudaLaunchKernel,  12   96   96,  32    4    4,"<unnamed>::step_kernel_interior(const double *, const double *, double *, const double *, const double *, int, int, int, int, int, int, int, double, double)"
11180609256,9538,11180618794,1985,11180620779,3104,14627,121,121,1,cudaLaunchKernel, 576    1    1, 256    1    1,"<unnamed>::unpack_face_x(const double *, double *, int, int, int, int, int)"
11180612643,14427,11180627070,1421,11180628491,2976,18824,122,122,2,cudaLaunchKernel, 576    1    1, 256    1    1,"<unnamed>::unpack_face_x(const double *, double *, int, int, int, int, int)"
11180619456,4378,11180623834,2609,11180626443,3488,10475,121,121,1,cudaLaunchKernel, 576    1    1, 256    1    1,"<unnamed>::unpack_face_y(const double *, double *, int, int, int, int, int)"
11180624375,3446,11180627821,4126,11180631947,10080,17652,121,121,1,cudaLaunchKernel, 576    1    1, 256    1    1,"<unnamed>::unpack_face_z(const double *, double *, int, int, int, int, int)"
11180628112,6141,11180634253,2398,11180636651,3040,11579,122,122,2,cudaLaunchKernel, 576    1    1, 256    1    1,"<unnamed>::unpack_face_y(const double *, double *, int, int, int, int, int)"
11180628703,3557,11180632260,10823,11180643083,15328,29708,121,121,1,cudaLaunchKernel,1152    1    1, 256    1    1,"<unnamed>::step_kernel_boundary_x_faces(const double *, const double *, double *, const double *, const double *, int, int, int, int, int, int, int, double, double)"
11180632781,3727,11180636508,22959,11180659467,15072,41758,121,121,1,cudaLaunchKernel,1146    1    1, 256    1    1,"<unnamed>::step_kernel_boundary_y_faces(const double *, const double *, double *, const double *, const double *, int, int, int, int, int, int, int, double, double)"
11180633522,11842,11180645364,1683,11180647047,3392,16917,132,132,7,cudaLaunchKernel, 576    1    1, 256    1    1,"<unnamed>::unpack_face_x(const double *, double *, int, int, int, int, int)"
11180635175,5861,11180641036,3295,11180644331,10848,20004,122,122,2,cudaLaunchKernel, 576    1    1, 256    1    1,"<unnamed>::unpack_face_z(const double *, double *, int, int, int, int, int)"
11180636998,3768,11180640766,34829,11180675595,144352,182949,121,121,1,cudaLaunchKernel,1141    1    1, 256    1    1,"<unnamed>::step_kernel_boundary_z_faces(const double *, const double *, double *, const double *, const double *, int, int, int, int, int, int, int, double, double)"
11180642308,5671,11180647979,8384,11180656363,15744,29799,122,122,2,cudaLaunchKernel,1152    1    1, 256    1    1,"<unnamed>::step_kernel_boundary_x_faces(const double *, const double *, double *, const double *, const double *, int, int, int, int, int, int, int, double, double)"
11180646015,4339,11180650354,2453,11180652807,3456,10248,132,132,7,cudaLaunchKernel, 576    1    1, 256    1    1,"<unnamed>::unpack_face_y(const double *, double *, int, int, int, int, int)"
11180648851,5651,11180654502,18629,11180673131,15263,39543,122,122,2,cudaLaunchKernel,1146    1    1, 256    1    1,"<unnamed>::step_kernel_boundary_y_faces(const double *, const double *, double *, const double *, const double *, int, int, int, int, int, int, int, double, double)"
11180650995,3848,11180654843,3628,11180658471,10528,18004,132,132,7,cudaLaunchKernel, 576    1    1, 256    1    1,"<unnamed>::unpack_face_z(const double *, double *, int, int, int, int, int)"
11180655224,5600,11180660824,28850,11180689674,144576,179026,122,122,2,cudaLaunchKernel,1141    1    1, 256    1    1,"<unnamed>::step_kernel_boundary_z_faces(const double *, const double *, double *, const double *, const double *, int, int, int, int, int, int, int, double, double)"
11180655815,3476,11180659291,10700,11180669991,15200,29376,132,132,7,cudaLaunchKernel,1152    1    1, 256    1    1,"<unnamed>::step_kernel_boundary_x_faces(const double *, const double *, double *, const double *, const double *, int, int, int, int, int, int, int, double, double)"
11180659902,3477,11180663379,22868,11180686247,16063,42408,132,132,7,cudaLaunchKernel,1146    1    1, 256    1    1,"<unnamed>::step_kernel_boundary_y_faces(const double *, const double *, double *, const double *, const double *, int, int, int, int, int, int, int, double, double)"
11180663980,3296,11180667276,36026,11180703302,143232,182554,132,132,7,cudaLaunchKernel,1141    1    1, 256    1    1,"<unnamed>::step_kernel_boundary_z_faces(const double *, const double *, double *, const double *, const double *, int, int, int, int, int, int, int, double, double)"
11180666014,5099,11180671113,149954,11180821067,7520,162573,121,121,1,cudaLaunchKernel, 576    1    1, 256    1    1,"<unnamed>::pack_face_x(const double *, double *, int, int, int, int, int)"
11180671664,3347,11180675011,1568328,11182243339,4864,1576539,121,121,1,cudaLaunchKernel, 576    1    1, 256    1    1,"<unnamed>::pack_face_y(const double *, double *, int, int, int, int, int)"
11180675612,3637,11180679249,1569914,11182249163,15584,1589135,121,121,1,cudaLaunchKernel, 576    1    1, 256    1    1,"<unnamed>::pack_face_z(const double *, double *, int, int, int, int, int)"
11180680060,3687,11180683747,138088,11180821835,1425696,1567471,121,121,1,cudaLaunchKernel,  12   96   96,  32    4    4,"<unnamed>::step_kernel_interior(const double *, const double *, double *, const double *, const double *, int, int, int, int, int, int, int, double, double)"
11180690600,4699,11180695299,152195,11180847494,6624,163518,132,132,7,cudaLaunchKernel, 576    1    1, 256    1    1,"<unnamed>::pack_face_x(const double *, double *, int, int, int, int, int)"
11180692263,7745,11180700008,1553981,11182253989,4416,1566142,122,122,2,cudaLaunchKernel, 576    1    1, 256    1    1,"<unnamed>::pack_face_x(const double *, double *, int, int, int, int, int)"
11180696000,3346,11180699346,1576976,11182276322,4960,1585282,132,132,7,cudaLaunchKernel, 576    1    1, 256    1    1,"<unnamed>::pack_face_y(const double *, double *, int, int, int, int, int)"
11180700048,14016,11180714064,1568338,11182282402,15168,1597522,132,132,7,cudaLaunchKernel, 576    1    1, 256    1    1,"<unnamed>::pack_face_z(const double *, double *, int, int, int, int, int)"
11180700899,17002,11180717901,1541624,11182259525,4096,1562722,122,122,2,cudaLaunchKernel, 576    1    1, 256    1    1,"<unnamed>::pack_face_y(const double *, double *, int, int, int, int, int)"
11180715046,4368,11180719414,128848,11180848262,1431900,1565116,132,132,7,cudaLaunchKernel,  12   96   96,  32    4    4,"<unnamed>::step_kernel_interior(const double *, const double *, double *, const double *, const double *, int, int, int, int, int, int, int, double, double)"
11180718773,5480,11180724253,1540392,11182264645,14752,1560624,122,122,2,cudaLaunchKernel, 576    1    1, 256    1    1,"<unnamed>::pack_face_z(const double *, double *, int, int, int, int, int)"
11180725475,6032,11180731507,103895,11180835402,1422619,1532546,122,122,2,cudaLaunchKernel,  12   96   96,  32    4    4,"<unnamed>::step_kernel_interior(const double *, const double *, double *, const double *, const double *, int, int, int, int, int, int, int, double, double)"
11182350471,9748,11182360219,2041,11182362260,3104,14893,123,123,3,cudaLaunchKernel, 576    1    1, 256    1    1,"<unnamed>::unpack_face_x(const double *, double *, int, int, int, int, int)"
11182360881,4268,11182365149,3927,11182369076,3104,11299,123,123,3,cudaLaunchKernel, 576    1    1, 256    1    1,"<unnamed>::unpack_face_y(const double *, double *, int, int, int, int, int)"
11182365770,3657,11182369427,3873,11182373300,12160,19690,123,123,3,cudaLaunchKernel, 576    1    1, 256    1    1,"<unnamed>::unpack_face_z(const double *, double *, int, int, int, int, int)"
11182370859,4389,11182375248,11492,11182386740,15647,31528,123,123,3,cudaLaunchKernel,1152    1    1, 256    1    1,"<unnamed>::step_kernel_boundary_x_faces(const double *, const double *, double *, const double *, const double *, int, int, int, int, int, int, int, double, double)"
11182375959,3887,11182379846,23629,11182403475,15808,43324,123,123,3,cudaLaunchKernel,1146    1    1, 256    1    1,"<unnamed>::step_kernel_boundary_y_faces(const double *, const double *, double *, const double *, const double *, int, int, int, int, int, int, int, double, double)"
11182380487,3777,11182384264,36267,11182420531,144576,184620,123,123,3,cudaLaunchKernel,1141    1    1, 256    1    1,"<unnamed>::step_kernel_boundary_z_faces(const double *, const double *, double *, const double *, const double *, int, int, int, int, int, int, int, double, double)"
11182392971,3877,11182396848,1603133,11183999981,5760,1612770,123,123,3,cudaLaunchKernel, 576    1    1, 256    1    1,"<unnamed>::pack_face_x(const double *, double *, int, int, int, int, int)"
11182397389,3527,11182400916,1606233,11184007149,4160,1613920,123,123,3,cudaLaunchKernel, 576    1    1, 256    1    1,"<unnamed>::pack_face_y(const double *, double *, int, int, int, int, int)"
11182401537,3446,11182404983,1607318,11184012301,15392,1626156,123,123,3,cudaLaunchKernel, 576    1    1, 256    1    1,"<unnamed>::pack_face_z(const double *, double *, int, int, int, int, int)"
11182405845,3897,11182409742,156677,11182566419,1439098,1599672,123,123,3,cudaLaunchKernel,  12   96   96,  32    4    4,"<unnamed>::step_kernel_interior(const double *, const double *, double *, const double *, const double *, int, int, int, int, int, int, int, double, double)"
11191665339,12374,11191677713,1617,11191679330,3040,17031,120,120,0,cudaLaunchKernel, 576    1    1, 256    1    1,"<unnamed>::unpack_face_x(const double *, double *, int, int, int, int, int)"
11191666601,10220,11191676821,1795,11191678616,3264,15279,125,125,5,cudaLaunchKernel, 576    1    1, 256    1    1,"<unnamed>::unpack_face_x(const double *, double *, int, int, int, int, int)"
11191669047,10630,11191679677,1190,11191680867,3296,15116,126,126,6,cudaLaunchKernel, 576    1    1, 256    1    1,"<unnamed>::unpack_face_x(const double *, double *, int, int, int, int, int)"
11191672133,14517,11191686650,1417,11191688067,3328,19262,124,124,4,cudaLaunchKernel, 576    1    1, 256    1    1,"<unnamed>::unpack_face_x(const double *, double *, int, int, int, int, int)"
11191677523,4037,11191681560,2944,11191684504,3520,10501,125,125,5,cudaLaunchKernel, 576    1    1, 256    1    1,"<unnamed>::unpack_face_y(const double *, double *, int, int, int, int, int)"
11191678414,4278,11191682692,2654,11191685346,3584,10516,120,120,0,cudaLaunchKernel, 576    1    1, 256    1    1,"<unnamed>::unpack_face_y(const double *, double *, int, int, int, int, int)"
11191680809,3967,11191684776,2395,11191687171,3072,9434,126,126,6,cudaLaunchKernel, 576    1    1, 256    1    1,"<unnamed>::unpack_face_y(const double *, double *, int, int, int, int, int)"
11191682151,3467,11191685618,4390,11191690008,11360,19217,125,125,5,cudaLaunchKernel, 576    1    1, 256    1    1,"<unnamed>::unpack_face_z(const double *, double *, int, int, int, int, int)"
11191683243,3918,11191687161,4041,11191691202,10208,18167,120,120,0,cudaLaunchKernel, 576    1    1, 256    1    1,"<unnamed>::unpack_face_z(const double *, double *, int, int, int, int, int)"
11191685408,31849,11191717257,3066,11191720323,9824,44739,126,126,6,cudaLaunchKernel, 576    1    1, 256    1    1,"<unnamed>::unpack_face_z(const double *, double *, int, int, int, int, int)"
11191686490,3456,11191689946,12414,11191702360,15008,30878,125,125,5,cudaLaunchKernel,1152    1    1, 256    1    1,"<unnamed>::step_kernel_boundary_x_faces(const double *, const double *, double *, const double *, const double *, int, int, int, int, int, int, int, double, double)"
11191687451,5821,11191693272,1931,11191695203,3136,10888,124,124,4,cudaLaunchKernel, 576    1    1, 256    1    1,"<unnamed>::unpack_face_y(const double *, double *, int, int, int, int, int)"
11191688073,3947,11191692020,10414,11191702434,15264,29625,120,120,0,cudaLaunchKernel,1152    1    1, 256    1    1,"<unnamed>::step_kernel_boundary_x_faces(const double *, const double *, double *, const double *, const double *, int, int, int, int, int, int, int, double, double)"
11191690457,3296,11191693753,24831,11191718584,15104,43231,125,125,5,cudaLaunchKernel,1146    1    1, 256    1    1,"<unnamed>::step_kernel_boundary_y_faces(const double *, const double *, double *, const double *, const double *, int, int, int, int, int, int, int, double, double)"
11191692681,3687,11191696368,22450,11191718818,14944,41081,120,120,0,cudaLaunchKernel,1146    1    1, 256    1    1,"<unnamed>::step_kernel_boundary_y_faces(const double *, const double *, double *, const double *, const double *, int, int, int, int, int, int, int, double, double)"
11191694094,4328,11191698422,3373,11191701795,10848,18549,124,124,4,cudaLaunchKernel, 576    1    1, 256    1    1,"<unnamed>::unpack_face_z(const double *, double *, int, int, int, int, int)"
11191694274,3266,11191697540,37428,11191734968,144032,184726,125,125,5,cudaLaunchKernel,1141    1    1, 256    1    1,"<unnamed>::step_kernel_boundary_z_faces(const double *, const double *, double *, const double *, const double *, int, int, int, int, int, int, int, double, double)"
11191697210,3596,11191700806,34012,11191734818,143967,181575,120,120,0,cudaLaunchKernel,1141    1    1, 256    1    1,"<unnamed>::step_kernel_boundary_z_faces(const double *, const double *, double *, const double *, const double *, int, int, int, int, int, int, int, double, double)"
11191699404,12143,11191711547,2152,11191713699,14720,29015,124,124,4,cudaLaunchKernel,1152    1    1, 256    1    1,"<unnamed>::step_kernel_boundary_x_faces(const double *, const double *, double *, const double *, const double *, int, int, int, int, int, int, int, double, double)"
11191712458,4238,11191716696,12651,11191729347,15040,31929,124,124,4,cudaLaunchKernel,1146    1    1, 256    1    1,"<unnamed>::step_kernel_boundary_y_faces(const double *, const double *, double *, const double *, const double *, int, int, int, int, int, int, int, double, double)"
11191717548,3797,11191721345,24130,11191745475,143776,171703,124,124,4,cudaLaunchKernel,1141    1    1, 256    1    1,"<unnamed>::step_kernel_boundary_z_faces(const double *, const double *, double *, const double *, const double *, int, int, int, int, int, int, int, double, double)"
11191718339,4268,11191722607,8564,11191731171,14816,27648,126,126,6,cudaLaunchKernel,1152    1    1, 256    1    1,"<unnamed>::step_kernel_boundary_x_faces(const double *, const double *, double *, const double *, const double *, int, int, int, int, int, int, int, double, double)"
11191723128,3317,11191726445,20566,11191747011,15232,39115,126,126,6,cudaLaunchKernel,1146    1    1, 256    1    1,"<unnamed>::step_kernel_boundary_y_faces(const double *, const double *, double *, const double *, const double *, int, int, int, int, int, int, int, double, double)"
11191726935,3247,11191730182,33149,11191763331,145471,181867,126,126,6,cudaLaunchKernel,1141    1    1, 256    1    1,"<unnamed>::step_kernel_boundary_z_faces(const double *, const double *, double *, const double *, const double *, int, int, int, int, int, int, int, double, double)"
11191738868,4819,11191743687,1564123,11193307810,4448,1573390,124,124,4,cudaLaunchKernel, 576    1    1, 256    1    1,"<unnamed>::pack_face_x(const double *, double *, int, int, int, int, int)"
11191739970,6783,11191746753,1559834,11193306587,4448,1571065,120,120,0,cudaLaunchKernel, 576    1    1, 256    1    1,"<unnamed>::pack_face_x(const double *, double *, int, int, int, int, int)"
11191744007,5932,11191749939,1552459,11193302398,4768,1563159,125,125,5,cudaLaunchKernel, 576    1    1, 256    1    1,"<unnamed>::pack_face_x(const double *, double *, int, int, int, int, int)"
11191744368,3887,11191748255,1564995,11193313250,4096,1572978,124,124,4,cudaLaunchKernel, 576    1    1, 256    1    1,"<unnamed>::pack_face_y(const double *, double *, int, int, int, int, int)"
11191747444,3917,11191751361,1561210,11193312571,4064,1569191,120,120,0,cudaLaunchKernel, 576    1    1, 256    1    1,"<unnamed>::pack_face_y(const double *, double *, int, int, int, int, int)"
11191749007,30468,11191779475,1538831,11193318306,14624,1583923,124,124,4,cudaLaunchKernel, 576    1    1, 256    1    1,"<unnamed>::pack_face_z(const double *, double *, int, int, int, int, int)"
11191750550,3266,11191753816,1554534,11193308350,4064,1561864,125,125,5,cudaLaunchKernel, 576    1    1, 256    1    1,"<unnamed>::pack_face_y(const double *, double *, int, int, int, int, int)"
11191751902,3397,11191755299,1562360,11193317659,14912,1580669,120,120,0,cudaLaunchKernel, 576    1    1, 256    1    1,"<unnamed>::pack_face_z(const double *, double *, int, int, int, int, int)"
11191754387,3126,11191757513,1556213,11193313726,14880,1574219,125,125,5,cudaLaunchKernel, 576    1    1, 256    1    1,"<unnamed>::pack_face_z(const double *, double *, int, int, int, int, int)"
11191756110,4238,11191760348,119525,11191879873,1430746,1554509,120,120,0,cudaLaunchKernel,  12   96   96,  32    4    4,"<unnamed>::step_kernel_interior(const double *, const double *, double *, const double *, const double *, int, int, int, int, int, int, int, double, double)"
11191757272,4719,11191761991,147963,11191909954,7360,160042,126,126,6,cudaLaunchKernel, 576    1    1, 256    1    1,"<unnamed>::pack_face_x(const double *, double *, int, int, int, int, int)"
11191758344,3697,11191762041,117983,11191880024,1426918,1548598,125,125,5,cudaLaunchKernel,  12   96   96,  32    4    4,"<unnamed>::step_kernel_interior(const double *, const double *, double *, const double *, const double *, int, int, int, int, int, int, int, double, double)"
11191762552,3368,11191765920,1567068,11193332988,4576,1575012,126,126,6,cudaLaunchKernel, 576    1    1, 256    1    1,"<unnamed>::pack_face_y(const double *, double *, int, int, int, int, int)"
11191766551,3146,11191769697,1568987,11193338684,15200,1587333,126,126,6,cudaLaunchKernel, 576    1    1, 256    1    1,"<unnamed>::pack_face_z(const double *, double *, int, int, int, int, int)"
11191770518,3897,11191774415,136307,11191910722,1426266,1566470,126,126,6,cudaLaunchKernel,  12   96   96,  32    4    4,"<unnamed>::step_kernel_interior(const double *, const double *, double *, const double *, const double *, int, int, int, int, int, int, int, double, double)"
11191780717,4659,11191785376,104931,11191890307,1421375,1530965,124,124,4,cudaLaunchKernel,  12   96   96,  32    4    4,"<unnamed>::step_kernel_interior(const double *, const double *, double *, const double *, const double *, int, int, int, int, int, int, int, double, double)"
11193426661,10740,11193437401,1771,11193439172,3328,15839,132,132,7,cudaLaunchKernel, 576    1    1, 256    1    1,"<unnamed>::unpack_face_x(const double *, double *, int, int, int, int, int)"
11193438063,4047,11193442110,3718,11193445828,3104,10869,132,132,7,cudaLaunchKernel, 576    1    1, 256    1    1,"<unnamed>::unpack_face_y(const double *, double *, int, int, int, int, int)"
11193442812,3396,11193446208,3716,11193449924,10496,17608,132,132,7,cudaLaunchKernel, 576    1    1, 256    1    1,"<unnamed>::unpack_face_z(const double *, double *, int, int, int, int, int)"
11193447070,3416,11193450486,11022,11193461508,15200,29638,132,132,7,cudaLaunchKernel,1152    1    1, 256    1    1,"<unnamed>::step_kernel_boundary_x_faces(const double *, const double *, double *, const double *, const double *, int, int, int, int, int, int, int, double, double)"
11193449163,13487,11193462650,1249,11193463899,3104,17840,122,122,2,cudaLaunchKernel, 576    1    1, 256    1    1,"<unnamed>::unpack_face_x(const double *, double *, int, int, int, int, int)"
11193451037,3707,11193454744,23084,11193477828,15264,42055,132,132,7,cudaLaunchKernel,1146    1    1, 256    1    1,"<unnamed>::step_kernel_boundary_y_faces(const double *, const double *, double *, const double *, const double *, int, int, int, int, int, int, int, double, double)"
11193455395,3527,11193458922,35226,11193494148,144383,183136,132,132,7,cudaLaunchKernel,1141    1    1, 256    1    1,"<unnamed>::step_kernel_boundary_z_faces(const double *, const double *, double *, const double *, const double *, int, int, int, int, int, int, int, double, double)"
11193463682,6231,11193469913,3682,11193473595,3104,13017,122,122,2,cudaLaunchKernel, 576    1    1, 256    1    1,"<unnamed>::unpack_face_y(const double *, double *, int, int, int, int, int)"
11193470755,5921,11193476676,2423,11193479099,11328,19672,122,122,2,cudaLaunchKernel, 576    1    1, 256    1    1,"<unnamed>::unpack_face_z(const double *, double *, int, int, int, int, int)"
11193475935,4268,11193480203,1589588,11195069791,4672,1598528,132,132,7,cudaLaunchKernel, 576    1    1, 256    1    1,"<unnamed>::pack_face_x(const double *, double *, int, int, int, int, int)"
11193478009,5840,11193483849,7634,11193491483,15136,28610,122,122,2,cudaLaunchKernel,1152    1    1, 256    1    1,"<unnamed>::step_kernel_boundary_x_faces(const double *, const double *, double *, const double *, const double *, int, int, int, int, int, int, int, double, double)"
11193480824,3176,11193484000,1591519,11195075519,4096,1598791,132,132,7,cudaLaunchKernel, 576    1    1, 256    1    1,"<unnamed>::pack_face_y(const double *, double *, int, int, int, int, int)"
11193484561,3306,11193487867,1592836,11195080703,15232,1611374,132,132,7,cudaLaunchKernel, 576    1    1, 256    1    1,"<unnamed>::pack_face_z(const double *, double *, int, int, int, int, int)"
11193484691,5490,11193490181,17686,11193507867,15616,38792,122,122,2,cudaLaunchKernel,1146    1    1, 256    1    1,"<unnamed>::step_kernel_boundary_y_faces(const double *, const double *, double *, const double *, const double *, int, int, int, int, int, int, int, double, double)"
11193488769,3677,11193492446,147205,11193639651,1434396,1585278,132,132,7,cudaLaunchKernel,  12   96   96,  32    4    4,"<unnamed>::step_kernel_interior(const double *, const double *, double *, const double *, const double *, int, int, int, int, int, int, int, double, double)"
11193491013,5280,11193496293,28214,11193524507,145855,179349,122,122,2,cudaLaunchKernel,1141    1    1, 256    1    1,"<unnamed>::step_kernel_boundary_z_faces(const double *, const double *, double *, const double *, const double *, int, int, int, int, int, int, int, double, double)"
11193517953,6923,11193524876,1575945,11195100821,4096,1586964,122,122,2,cudaLaunchKernel, 576    1    1, 256    1    1,"<unnamed>::pack_face_x(const double *, double *, int, int, int, int, int)"
11193525728,5560,11193531288,1574781,11195106069,4096,1584437,122,122,2,cudaLaunchKernel, 576    1    1, 256    1    1,"<unnamed>::pack_face_y(const double *, double *, int, int, int, int, int)"
11193532100,5851,11193537951,1573206,11195111157,15008,1594065,122,122,2,cudaLaunchKernel, 576    1    1, 256    1    1,"<unnamed>::pack_face_z(const double *, double *, int, int, int, int, int)"
11193539203,6222,11193545425,126089,11193671514,1433019,1565330,122,122,2,cudaLaunchKernel,  12   96   96,  32    4    4,"<unnamed>::step_kernel_interior(const double *, const double *, double *, const double *, const double *, int, int, int, int, int, int, int, double, double)"
11193541027,12393,11193553420,1918,11193555338,3136,17447,121,121,1,cudaLaunchKernel, 576    1    1, 256    1    1,"<unnamed>::unpack_face_x(const double *, double *, int, int, int, int, int)"
11193554182,4078,11193558260,3862,11193562122,3360,11300,121,121,1,cudaLaunchKernel, 576    1    1, 256    1    1,"<unnamed>::unpack_face_y(const double *, double *, int, int, int, int, int)"
11193558971,3497,11193562468,4134,11193566602,10912,18543,121,121,1,cudaLaunchKernel, 576    1    1, 256    1    1,"<unnamed>::unpack_face_z(const double *, double *, int, int, int, int, int)"
11193563420,3697,11193567117,11453,11193578570,15296,30446,121,121,1,cudaLaunchKernel,1152    1    1, 256    1    1,"<unnamed>::step_kernel_boundary_x_faces(const double *, const double *, double *, const double *, const double *, int, int, int, int, int, int, int, double, double)"
11193567658,3626,11193571284,23702,11193594986,15136,42464,121,121,1,cudaLaunchKernel,1146    1    1, 256    1    1,"<unnamed>::step_kernel_boundary_y_faces(const double *, const double *, double *, const double *, const double *, int, int, int, int, int, int, int, double, double)"
11193571936,3606,11193575542,35700,11193611242,144608,183914,121,121,1,cudaLaunchKernel,1141    1    1, 256    1    1,"<unnamed>::step_kernel_boundary_z_faces(const double *, const double *, double *, const double *, const double *, int, int, int, int, int, int, int, double, double)"
11193597754,4799,11193602553,154385,11193756938,7968,167152,121,121,1,cudaLaunchKernel, 576    1    1, 256    1    1,"<unnamed>::pack_face_x(const double *, double *, int, int, int, int, int)"
11193603094,3396,11193606490,1580624,11195187114,6496,1590516,121,121,1,cudaLaunchKernel, 576    1    1, 256    1    1,"<unnamed>::pack_face_y(const double *, double *, int, int, int, int, int)"
11193607102,3206,11193610308,1584358,11195194666,15520,1603084,121,121,1,cudaLaunchKernel, 576    1    1, 256    1    1,"<unnamed>::pack_face_z(const double *, double *, int, int, int, int, int)"
11193611109,4288,11193615397,142277,11193757674,1435552,1582117,121,121,1,cudaLaunchKernel,  12   96   96,  32    4    4,"<unnamed>::step_kernel_interior(const double *, const double *, double *, const double *, const double *, int, int, int, int, int, int, int, double, double)"
11195263917,9518,11195273435,2150,11195275585,3104,14772,123,123,3,cudaLaunchKernel, 576    1    1, 256    1    1,"<unnamed>::unpack_face_x(const double *, double *, int, int, int, int, int)"
11195274086,4288,11195278374,4027,11195282401,3072,11387,123,123,3,cudaLaunchKernel, 576    1    1, 256    1    1,"<unnamed>::unpack_face_y(const double *, double *, int, int, int, int, int)"
11195279005,3567,11195282572,3957,11195286529,12032,19556,123,123,3,cudaLaunchKernel, 576    1    1, 256    1    1,"<unnamed>::unpack_face_z(const double *, double *, int, int, int, int, int)"
11195283454,3797,11195287251,12558,11195299809,16000,32355,123,123,3,cudaLaunchKernel,1152    1    1, 256    1    1,"<unnamed>::step_kernel_boundary_x_faces(const double *, const double *, double *, const double *, const double *, int, int, int, int, int, int, int, double, double)"
11195287782,3536,11195291318,25579,11195316897,14688,43803,123,123,3,cudaLaunchKernel,1146    1    1, 256    1    1,"<unnamed>::step_kernel_boundary_y_faces(const double *, const double *, double *, const double *, const double *, int, int, int, int, int, int, int, double, double)"
11195291940,3626,11195295566,37107,11195332673,144863,185596,123,123,3,cudaLaunchKernel,1141    1    1, 256    1    1,"<unnamed>::step_kernel_boundary_z_faces(const double *, const double *, double *, const double *, const double *, int, int, int, int, int, int, int, double, double)"
11195303231,4047,11195307278,171442,11195478720,7296,182785,123,123,3,cudaLaunchKernel, 576    1    1, 256    1    1,"<unnamed>::pack_face_x(const double *, double *, int, int, int, int, int)"
11195307819,3517,11195311336,1596467,11196907803,4448,1604432,123,123,3,cudaLaunchKernel, 576    1    1, 256    1    1,"<unnamed>::pack_face_y(const double *, double *, int, int, int, int, int)"
11195311977,3567,11195315544,1597795,11196913339,15584,1616946,123,123,3,cudaLaunchKernel, 576    1    1, 256    1    1,"<unnamed>::pack_face_z(const double *, double *, int, int, int, int, int)"
11195316946,4018,11195320964,158492,11195479456,1432315,1594825,123,123,3,cudaLaunchKernel,  12   96   96,  32    4    4,"<unnamed>::step_kernel_interior(const double *, const double *, double *, const double *, const double *, int, int, int, int, int, int, int, double, double)"
11213560145,10871,11213571016,2008,11213573024,3040,15919,120,120,0,cudaLaunchKernel, 576    1    1, 256    1    1,"<unnamed>::unpack_face_x(const double *, double *, int, int, int, int, int)"
11213571807,4498,11213576305,3919,11213580224,3488,11905,120,120,0,cudaLaunchKernel, 576    1    1, 256    1    1,"<unnamed>::unpack_face_y(const double *, double *, int, int, int, int, int)"
11213576857,3737,11213580594,4302,11213584896,10976,19015,120,120,0,cudaLaunchKernel, 576    1    1, 256    1    1,"<unnamed>::unpack_face_z(const double *, double *, int, int, int, int, int)"
11213581505,3787,11213585292,11732,11213597024,15040,30559,120,120,0,cudaLaunchKernel,1152    1    1, 256    1    1,"<unnamed>::step_kernel_boundary_x_faces(const double *, const double *, double *, const double *, const double *, int, int, int, int, int, int, int, double, double)"
11213585803,3687,11213589490,23598,11213613088,15360,42645,120,120,0,cudaLaunchKernel,1146    1    1, 256    1    1,"<unnamed>::step_kernel_boundary_y_faces(const double *, const double *, double *, const double *, const double *, int, int, int, int, int, int, int, double, double)"
11213590151,4950,11213595101,34467,11213629568,144287,183704,120,120,0,cudaLaunchKernel,1141    1    1, 256    1    1,"<unnamed>::step_kernel_boundary_z_faces(const double *, const double *, double *, const double *, const double *, int, int, int, int, int, int, int, double, double)"
11213623295,5219,11213628514,1572151,11215200665,5920,1583290,120,120,0,cudaLaunchKernel, 576    1    1, 256    1    1,"<unnamed>::pack_face_x(const double *, double *, int, int, int, int, int)"
11213629216,3677,11213632893,1574812,11215207705,4128,1582617,120,120,0,cudaLaunchKernel, 576    1    1, 256    1    1,"<unnamed>::pack_face_y(const double *, double *, int, int, int, int, int)"
11213633454,3376,11213636830,1576091,11215212921,15136,1594603,120,120,0,cudaLaunchKernel, 576    1    1, 256    1    1,"<unnamed>::pack_face_z(const double *, double *, int, int, int, int, int)"
11213637642,4748,11213642390,132681,11213775071,1431290,1568719,120,120,0,cudaLaunchKernel,  12   96   96,  32    4    4,"<unnamed>::step_kernel_interior(const double *, const double *, double *, const double *, const double *, int, int, int, int, int, int, int, double, double)"
11215331947,11381,11215343328,1508,11215344836,3360,16249,126,126,6,cudaLaunchKernel, 576    1    1, 256    1    1,"<unnamed>::unpack_face_x(const double *, double *, int, int, int, int, int)"
11215337217,14808,11215352025,1019,11215353044,3072,18899,124,124,4,cudaLaunchKernel, 576    1    1, 256    1    1,"<unnamed>::unpack_face_x(const double *, double *, int, int, int, int, int)"
11215344140,5200,11215349340,3336,11215352676,3104,11640,126,126,6,cudaLaunchKernel, 576    1    1, 256    1    1,"<unnamed>::unpack_face_y(const double *, double *, int, int, int, int, int)"
11215349931,3336,11215353267,3601,11215356868,9536,16473,126,126,6,cudaLaunchKernel, 576    1    1, 256    1    1,"<unnamed>::unpack_face_z(const double *, double *, int, int, int, int, int)"
11215352947,6041,11215358988,2984,11215361972,3296,12321,124,124,4,cudaLaunchKernel, 576    1    1, 256    1    1,"<unnamed>::unpack_face_y(const double *, double *, int, int, int, int, int)"
11215354149,3316,11215357465,10603,11215368068,14752,28671,126,126,6,cudaLaunchKernel,1152    1    1, 256    1    1,"<unnamed>::step_kernel_boundary_x_faces(const double *, const double *, double *, const double *, const double *, int, int, int, int, int, int, int, double, double)"
11215357986,3316,11215361302,22542,11215383844,15328,41186,126,126,6,cudaLaunchKernel,1146    1    1, 256    1    1,"<unnamed>::step_kernel_boundary_y_faces(const double *, const double *, double *, const double *, const double *, int, int, int, int, int, int, int, double, double)"
11215359589,4258,11215363847,2349,11215366196,11360,17967,124,124,4,cudaLaunchKernel, 576    1    1, 256    1    1,"<unnamed>::unpack_face_z(const double *, double *, int, int, int, int, int)"
11215361873,3266,11215365139,35121,11215400260,143231,181618,126,126,6,cudaLaunchKernel,1141    1    1, 256    1    1,"<unnamed>::step_kernel_boundary_z_faces(const double *, const double *, double *, const double *, const double *, int, int, int, int, int, int, int, double, double)"
11215364979,4198,11215369177,9467,11215378644,15680,29345,124,124,4,cudaLaunchKernel,1152    1    1, 256    1    1,"<unnamed>::step_kernel_boundary_x_faces(const double *, const double *, double *, const double *, const double *, int, int, int, int, int, int, int, double, double)"
11215369828,3707,11215373535,21749,11215395284,15616,41072,124,124,4,cudaLaunchKernel,1146    1    1, 256    1    1,"<unnamed>::step_kernel_boundary_y_faces(const double *, const double *, double *, const double *, const double *, int, int, int, int, int, int, int, double, double)"
11215374096,3807,11215377903,34021,11215411924,144768,182596,124,124,4,cudaLaunchKernel,1141    1    1, 256    1    1,"<unnamed>::step_kernel_boundary_z_faces(const double *, const double *, double *, const double *, const double *, int, int, int, int, int, int, int, double, double)"
11215387531,4529,11215392060,1592919,11216984979,4704,1602152,124,124,4,cudaLaunchKernel, 576    1    1, 256    1    1,"<unnamed>::pack_face_x(const double *, double *, int, int, int, int, int)"
11215391679,4569,11215396248,1576358,11216972606,4416,1585343,126,126,6,cudaLaunchKernel, 576    1    1, 256    1    1,"<unnamed>::pack_face_x(const double *, double *, int, int, int, int, int)"
11215392771,3717,11215396488,1594155,11216990643,4128,1602000,124,124,4,cudaLaunchKernel, 576    1    1, 256    1    1,"<unnamed>::pack_face_y(const double *, double *, int, int, int, int, int)"
11215397109,3287,11215400396,1577906,11216978302,3999,1585192,126,126,6,cudaLaunchKernel, 576    1    1, 256    1    1,"<unnamed>::pack_face_y(const double *, double *, int, int, int, int, int)"
11215397119,3737,11215400856,1594843,11216995699,15072,1613652,124,124,4,cudaLaunchKernel, 576    1    1, 256    1    1,"<unnamed>::pack_face_z(const double *, double *, int, int, int, int, int)"
11215401037,3176,11215404213,1579336,11216983549,15232,1597744,126,126,6,cudaLaunchKernel, 576    1    1, 256    1    1,"<unnamed>::pack_face_z(const double *, double *, int, int, int, int, int)"
11215401658,4128,11215405786,151898,11215557684,1431711,1587737,124,124,4,cudaLaunchKernel,  12   96   96,  32    4    4,"<unnamed>::step_kernel_interior(const double *, const double *, double *, const double *, const double *, int, int, int, int, int, int, int, double, double)"
11215405024,3847,11215408871,135676,11215544547,1432059,1571582,126,126,6,cudaLaunchKernel,  12   96   96,  32    4    4,"<unnamed>::step_kernel_interior(const double *, const double *, double *, const double *, const double *, int, int, int, int, int, int, int, double, double)"
11215454919,12834,11215467753,1642,11215469395,3360,17836,125,125,5,cudaLaunchKernel, 576    1    1, 256    1    1,"<unnamed>::unpack_face_x(const double *, double *, int, int, int, int, int)"
11215468474,4048,11215472522,3817,11215476339,3456,11321,125,125,5,cudaLaunchKernel, 576    1    1, 256    1    1,"<unnamed>::unpack_face_y(const double *, double *, int, int, int, int, int)"
11215473113,3396,11215476509,4406,11215480915,10816,18618,125,125,5,cudaLaunchKernel, 576    1    1, 256    1    1,"<unnamed>::unpack_face_z(const double *, double *, int, int, int, int, int)"
11215477451,3236,11215480687,12164,11215492851,14432,29832,125,125,5,cudaLaunchKernel,1152    1    1, 256    1    1,"<unnamed>::step_kernel_boundary_x_faces(const double *, const double *, double *, const double *, const double *, int, int, int, int, int, int, int, double, double)"
11215481248,3276,11215484524,24039,11215508563,15296,42611,125,125,5,cudaLaunchKernel,1146    1    1, 256    1    1,"<unnamed>::step_kernel_boundary_y_faces(const double *, const double *, double *, const double *, const double *, int, int, int, int, int, int, int, double, double)"
11215485045,3858,11215488903,35980,11215524883,142112,181950,125,125,5,cudaLaunchKernel,1141    1    1, 256    1    1,"<unnamed>::step_kernel_boundary_z_faces(const double *, const double *, double *, const double *, const double *, int, int, int, int, int, int, int, double, double)"
11215523128,4959,11215528087,139996,11215668083,7232,152187,125,125,5,cudaLaunchKernel, 576    1    1, 256    1    1,"<unnamed>::pack_face_x(const double *, double *, int, int, int, int, int)"
11215528718,3296,11215532014,1565867,11217097881,4576,1573739,125,125,5,cudaLaunchKernel, 576    1    1, 256    1    1,"<unnamed>::pack_face_y(const double *, double *, int, int, int, int, int)"
11215532575,3287,11215535862,1567651,11217103513,15936,1586874,125,125,5,cudaLaunchKernel, 576    1    1, 256    1    1,"<unnamed>::pack_face_z(const double *, double *, int, int, int, int, int)"
11215536703,3617,11215540320,128531,11215668851,1432806,1564954,125,125,5,cudaLaunchKernel,  12   96   96,  32    4    4,"<unnamed>::step_kernel_interior(const double *, const double *, double *, const double *, const double *, int, int, int, int, int, int, int, double, double)"
11217069754,13977,11217083731,1200,11217084931,3040,18217,122,122,2,cudaLaunchKernel, 576    1    1, 256    1    1,"<unnamed>::unpack_face_x(const double *, double *, int, int, int, int, int)"
11217084933,5260,11217090193,3890,11217094083,3007,12157,122,122,2,cudaLaunchKernel, 576    1    1, 256    1    1,"<unnamed>::unpack_face_y(const double *, double *, int, int, int, int, int)"
11217090834,14447,11217105281,2497,11217107778,11584,28528,122,122,2,cudaLaunchKernel, 576    1    1, 256    1    1,"<unnamed>::unpack_face_z(const double *, double *, int, int, int, int, int)"
11217106403,4009,11217110412,10038,11217120450,15936,29983,122,122,2,cudaLaunchKernel,1152    1    1, 256    1    1,"<unnamed>::step_kernel_boundary_x_faces(const double *, const double *, double *, const double *, const double *, int, int, int, int, int, int, int, double, double)"
11217110973,3616,11217114589,23077,11217137666,14880,41573,122,122,2,cudaLaunchKernel,1146    1    1, 256    1    1,"<unnamed>::step_kernel_boundary_y_faces(const double *, const double *, double *, const double *, const double *, int, int, int, int, int, int, int, double, double)"
11217115130,3647,11217118777,35049,11217153826,142560,181256,122,122,2,cudaLaunchKernel,1141    1    1, 256    1    1,"<unnamed>::step_kernel_boundary_z_faces(const double *, const double *, double *, const double *, const double *, int, int, int, int, int, int, int, double, double)"
11217140428,5089,11217145517,1577871,11218723388,4352,1587312,122,122,2,cudaLaunchKernel, 576    1    1, 256    1    1,"<unnamed>::pack_face_x(const double *, double *, int, int, int, int, int)"
11217146119,3536,11217149655,1579333,11218728988,4384,1587253,122,122,2,cudaLaunchKernel, 576    1    1, 256    1    1,"<unnamed>::pack_face_y(const double *, double *, int, int, int, int, int)"
11217150186,3457,11217153643,1581297,11218734940,15008,1599762,122,122,2,cudaLaunchKernel, 576    1    1, 256    1    1,"<unnamed>::pack_face_z(const double *, double *, int, int, int, int, int)"
11217154494,4228,11217158722,138912,11217297634,1429882,1573022,122,122,2,cudaLaunchKernel,  12   96   96,  32    4    4,"<unnamed>::step_kernel_interior(const double *, const double *, double *, const double *, const double *, int, int, int, int, int, int, int, double, double)"
11217198597,9719,11217208316,2060,11217210376,2976,14755,121,121,1,cudaLaunchKernel, 576    1    1, 256    1    1,"<unnamed>::unpack_face_x(const double *, double *, int, int, int, int, int)"
11217200000,10200,11217210200,1387,11217211587,3360,14947,132,132,7,cudaLaunchKernel, 576    1    1, 256    1    1,"<unnamed>::unpack_face_x(const double *, double *, int, int, int, int, int)"
11217209028,3957,11217212985,4143,11217217128,3328,11428,121,121,1,cudaLaunchKernel, 576    1    1, 256    1    1,"<unnamed>::unpack_face_y(const double *, double *, int, int, int, int, int)"
11217210871,3927,11217214798,4565,11217219363,3168,11660,132,132,7,cudaLaunchKernel, 576    1    1, 256    1    1,"<unnamed>::unpack_face_y(const double *, double *, int, int, int, int, int)"
11217213526,3446,11217216972,4540,11217221512,10752,18738,121,121,1,cudaLaunchKernel, 576    1    1, 256    1    1,"<unnamed>::unpack_face_z(const double *, double *, int, int, int, int, int)"
11217215460,3506,11217218966,4685,11217223651,10720,18911,132,132,7,cudaLaunchKernel, 576    1    1, 256    1    1,"<unnamed>::unpack_face_z(const double *, double *, int, int, int, int, int)"
11217217914,3427,11217221341,12043,11217233384,15776,31246,121,121,1,cudaLaunchKernel,1152    1    1, 256    1    1,"<unnamed>::step_kernel_boundary_x_faces(const double *, const double *, double *, const double *, const double *, int, int, int, int, int, int, int, double, double)"
11217219828,3356,11217223184,12339,11217235523,15552,31247,132,132,7,cudaLaunchKernel,1152    1    1, 256    1    1,"<unnamed>::step_kernel_boundary_x_faces(const double *, const double *, double *, const double *, const double *, int, int, int, int, int, int, int, double, double)"
11217221862,3636,11217225498,24686,11217250184,14432,42754,121,121,1,cudaLaunchKernel,1146    1    1, 256    1    1,"<unnamed>::step_kernel_boundary_y_faces(const double *, const double *, double *, const double *, const double *, int, int, int, int, int, int, int, double, double)"
11217223715,3427,11217227142,25021,11217252163,14784,43232,132,132,7,cudaLaunchKernel,1146    1    1, 256    1    1,"<unnamed>::step_kernel_boundary_y_faces(const double *, const double *, double *, const double *, const double *, int, int, int, int, int, int, int, double, double)"
11217225999,3427,11217229426,36406,11217265832,143456,183289,121,121,1,cudaLaunchKernel,1141    1    1, 256    1    1,"<unnamed>::step_kernel_boundary_z_faces(const double *, const double *, double *, const double *, const double *, int, int, int, int, int, int, int, double, double)"
11217227773,3256,11217231029,36942,11217267971,144255,184453,132,132,7,cudaLaunchKernel,1141    1    1, 256    1    1,"<unnamed>::step_kernel_boundary_z_faces(const double *, const double *, double *, const double *, const double *, int, int, int, int, int, int, int, double, double)"
11217246758,4278,11217251036,1589763,11218840799,6048,1600089,132,132,7,cudaLaunchKernel, 576    1    1, 256    1    1,"<unnamed>::pack_face_x(const double *, double *, int, int, int, int, int)"
11217251668,3376,11217255044,1592859,11218847903,4000,1600235,132,132,7,cudaLaunchKernel, 576    1    1, 256    1    1,"<unnamed>::pack_face_y(const double *, double *, int, int, int, int, int)"
11217252790,4789,11217257579,152829,11217410408,7040,164658,121,121,1,cudaLaunchKernel, 576    1    1, 256    1    1,"<unnamed>::pack_face_x(const double *, double *, int, int, int, int, int)"
11217255665,3246,11217258911,1594048,11218852959,14911,1612205,132,132,7,cudaLaunchKernel, 576    1    1, 256    1    1,"<unnamed>::pack_face_z(const double *, double *, int, int, int, int, int)"
11217258150,3306,11217261456,1578199,11218839655,5152,1586657,121,121,1,cudaLaunchKernel, 576    1    1, 256    1    1,"<unnamed>::pack_face_y(const double *, double *, int, int, int, int, int)"
11217259953,3617,11217263570,149776,11217413346,1433725,1587118,132,132,7,cudaLaunchKernel,  12   96   96,  32    4    4,"<unnamed>::step_kernel_interior(const double *, const double *, double *, const double *, const double *, int, int, int, int, int, int, int, double, double)"
11217261987,3657,11217265644,1580123,11218845767,15552,1599332,121,121,1,cudaLaunchKernel, 576    1    1, 256    1    1,"<unnamed>::pack_face_z(const double *, double *, int, int, int, int, int)"
11217266415,3837,11217270252,140924,11217411176,1432223,1576984,121,121,1,cudaLaunchKernel,  12   96   96,  32    4    4,"<unnamed>::step_kernel_interior(const double *, const double *, double *, const double *, const double *, int, int, int, int, int, int, int, double, double)"
11218919884,10470,11218930354,1939,11218932293,3103,15512,123,123,3,cudaLaunchKernel, 576    1    1, 256    1    1,"<unnamed>::unpack_face_x(const double *, double *, int, int, int, int, int)"
11218931015,4158,11218935173,2815,11218937988,2912,9885,123,123,3,cudaLaunchKernel, 576    1    1, 256    1    1,"<unnamed>::unpack_face_y(const double *, double *, int, int, int, int, int)"
11218935714,3927,11218939641,2379,11218942020,11072,17378,123,123,3,cudaLaunchKernel, 576    1    1, 256    1    1,"<unnamed>::unpack_face_z(const double *, double *, int, int, int, int, int)"
11218940553,3737,11218944290,9954,11218954244,15136,28827,123,123,3,cudaLaunchKernel,1152    1    1, 256    1    1,"<unnamed>::step_kernel_boundary_x_faces(const double *, const double *, double *, const double *, const double *, int, int, int, int, int, int, int, double, double)"
11218944841,3697,11218948538,22122,11218970660,15936,41755,123,123,3,cudaLaunchKernel,1146    1    1, 256    1    1,"<unnamed>::step_kernel_boundary_y_faces(const double *, const double *, double *, const double *, const double *, int, int, int, int, int, int, int, double, double)"
11218949099,3537,11218952636,35208,11218987844,143840,182585,123,123,3,cudaLaunchKernel,1141    1    1, 256    1    1,"<unnamed>::step_kernel_boundary_z_faces(const double *, const double *, double *, const double *, const double *, int, int, int, int, int, int, int, double, double)"
11218960070,4147,11218964217,1588613,11220552830,6048,1598808,123,123,3,cudaLaunchKernel, 576    1    1, 256    1    1,"<unnamed>::pack_face_x(const double *, double *, int, int, int, int, int)"
11218964839,3436,11218968275,1591627,11220559902,3968,1599031,123,123,3,cudaLaunchKernel, 576    1    1, 256    1    1,"<unnamed>::pack_face_y(const double *, double *, int, int, int, int, int)"
11218968836,3667,11218972503,1592647,11220565150,14624,1610938,123,123,3,cudaLaunchKernel, 576    1    1, 256    1    1,"<unnamed>::pack_face_z(const double *, double *, int, int, int, int, int)"
11218973365,3857,11218977222,155550,11219132772,1426330,1585737,123,123,3,cudaLaunchKernel,  12   96   96,  32    4    4,"<unnamed>::step_kernel_interior(const double *, const double *, double *, const double *, const double *, int, int, int, int, int, int, int, double, double)"
11230938502,11762,11230950264,1883,11230952147,3040,16685,120,120,0,cudaLaunchKernel, 576    1    1, 256    1    1,"<unnamed>::unpack_face_x(const double *, double *, int, int, int, int, int)"
11230951077,4368,11230955445,3966,11230959411,3360,11694,120,120,0,cudaLaunchKernel, 576    1    1, 256    1    1,"<unnamed>::unpack_face_y(const double *, double *, int, int, int, int, int)"
11230956016,9688,11230965704,2346,11230968050,10752,22786,120,120,0,cudaLaunchKernel, 576    1    1, 256    1    1,"<unnamed>::unpack_face_z(const double *, double *, int, int, int, int, int)"
11230966636,4027,11230970663,9323,11230979986,15232,28582,120,120,0,cudaLaunchKernel,1152    1    1, 256    1    1,"<unnamed>::step_kernel_boundary_x_faces(const double *, const double *, double *, const double *, const double *, int, int, int, int, int, int, int, double, double)"
11230971314,3667,11230974981,21293,11230996274,14048,39008,120,120,0,cudaLaunchKernel,1146    1    1, 256    1    1,"<unnamed>::step_kernel_boundary_y_faces(const double *, const double *, double *, const double *, const double *, int, int, int, int, int, int, int, double, double)"
11230975763,3727,11230979490,31888,11231011378,143360,178975,120,120,0,cudaLaunchKernel,1141    1    1, 256    1    1,"<unnamed>::step_kernel_boundary_z_faces(const double *, const double *, double *, const double *, const double *, int, int, int, int, int, int, int, double, double)"
11231007302,5370,11231012672,143090,11231155762,7456,155916,120,120,0,cudaLaunchKernel, 576    1    1, 256    1    1,"<unnamed>::pack_face_x(const double *, double *, int, int, int, int, int)"
11231013313,3637,11231016950,1566069,11232583019,4832,1574538,120,120,0,cudaLaunchKernel, 576    1    1, 256    1    1,"<unnamed>::pack_face_y(const double *, double *, int, int, int, int, int)"
11231017611,3527,11231021138,1567929,11232589067,15424,1586880,120,120,0,cudaLaunchKernel, 576    1    1, 256    1    1,"<unnamed>::pack_face_z(const double *, double *, int, int, int, int, int)"
11231022070,3837,11231025907,130623,11231156530,1430169,1564629,120,120,0,cudaLaunchKernel,  12   96   96,  32    4    4,"<unnamed>::step_kernel_interior(const double *, const double *, double *, const double *, const double *, int, int, int, int, int, int, int, double, double)"
11232841762,10771,11232852533,1449,11232853982,3424,15644,126,126,6,cudaLaunchKernel, 576    1    1, 256    1    1,"<unnamed>::unpack_face_x(const double *, double *, int, int, int, int, int)"
11232846411,11622,11232858033,1860,11232859893,3488,16970,125,125,5,cudaLaunchKernel, 576    1    1, 256    1    1,"<unnamed>::unpack_face_x(const double *, double *, int, int, int, int, int)"
11232853034,14908,11232867942,739,11232868681,3264,18911,124,124,4,cudaLaunchKernel, 576    1    1, 256    1    1,"<unnamed>::unpack_face_x(const double *, double *, int, int, int, int, int)"
11232853434,4088,11232857522,3404,11232860926,3136,10628,126,126,6,cudaLaunchKernel, 576    1    1, 256    1    1,"<unnamed>::unpack_face_y(const double *, double *, int, int, int, int, int)"
11232858133,3286,11232861419,3603,11232865022,10176,17065,126,126,6,cudaLaunchKernel, 576    1    1, 256    1    1,"<unnamed>::unpack_face_z(const double *, double *, int, int, int, int, int)"
11232858794,3988,11232862782,3863,11232866645,3520,11371,125,125,5,cudaLaunchKernel, 576    1    1, 256    1    1,"<unnamed>::unpack_face_y(const double *, double *, int, int, int, int, int)"
11232862271,3306,11232865577,10741,11232876318,14976,29023,126,126,6,cudaLaunchKernel,1152    1    1, 256    1    1,"<unnamed>::step_kernel_boundary_x_faces(const double *, const double *, double *, const double *, const double *, int, int, int, int, int, int, int, double, double)"
11232863403,3306,11232866709,4608,11232871317,10080,17994,125,125,5,cudaLaunchKernel, 576    1    1, 256    1    1,"<unnamed>::unpack_face_z(const double *, double *, int, int, int, int, int)"
11232866078,3256,11232869334,22984,11232892318,14848,41088,126,126,6,cudaLaunchKernel,1146    1    1, 256    1    1,"<unnamed>::step_kernel_boundary_y_faces(const double *, const double *, double *, const double *, const double *, int, int, int, int, int, int, int, double, double)"
11232867631,3386,11232871017,11532,11232882549,15424,30342,125,125,5,cudaLaunchKernel,1152    1    1, 256    1    1,"<unnamed>::step_kernel_boundary_x_faces(const double *, const double *, double *, const double *, const double *, int, int, int, int, int, int, int, double, double)"
11232868603,6322,11232874925,2908,11232877833,3104,12334,124,124,4,cudaLaunchKernel, 576    1    1, 256    1    1,"<unnamed>::unpack_face_y(const double *, double *, int, int, int, int, int)"
11232869855,3266,11232873121,35389,11232908510,144703,183358,126,126,6,cudaLaunchKernel,1141    1    1, 256    1    1,"<unnamed>::step_kernel_boundary_z_faces(const double *, const double *, double *, const double *, const double *, int, int, int, int, int, int, int, double, double)"
11232871528,3306,11232874834,24451,11232899285,14624,42381,125,125,5,cudaLaunchKernel,1146    1    1, 256    1    1,"<unnamed>::step_kernel_boundary_y_faces(const double *, const double *, double *, const double *, const double *, int, int, int, int, int, int, int, double, double)"
11232875386,3306,11232878692,36529,11232915221,143265,183100,125,125,5,cudaLaunchKernel,1141    1    1, 256    1    1,"<unnamed>::step_kernel_boundary_z_faces(const double *, const double *, double *, const double *, const double *, int, int, int, int, int, int, int, double, double)"
11232875596,4017,11232879613,2412,11232882025,11168,17597,124,124,4,cudaLaunchKernel, 576    1    1, 256    1    1,"<unnamed>::unpack_face_z(const double *, double *, int, int, int, int, int)"
11232880625,4389,11232885014,9299,11232894313,15168,28856,124,124,4,cudaLaunchKernel,1152    1    1, 256    1    1,"<unnamed>::step_kernel_boundary_x_faces(const double *, const double *, double *, const double *, const double *, int, int, int, int, int, int, int, double, double)"
11232885815,3627,11232889442,21063,11232910505,14688,39378,124,124,4,cudaLaunchKernel,1146    1    1, 256    1    1,"<unnamed>::step_kernel_boundary_y_faces(const double *, const double *, double *, const double *, const double *, int, int, int, int, int, int, int, double, double)"
11232890494,3977,11232894471,31682,11232926153,141856,177515,124,124,4,cudaLaunchKernel,1141    1    1, 256    1    1,"<unnamed>::step_kernel_boundary_z_faces(const double *, const double *, double *, const double *, const double *, int, int, int, int, int, int, int, double, double)"
11232898349,4358,11232902707,1575236,11234477943,4896,1584490,126,126,6,cudaLaunchKernel, 576    1    1, 256    1    1,"<unnamed>::pack_face_x(const double *, double *, int, int, int, int, int)"
11232903318,3346,11232906664,1577359,11234484023,4000,1584705,126,126,6,cudaLaunchKernel, 576    1    1, 256    1    1,"<unnamed>::pack_face_y(const double *, double *, int, int, int, int, int)"
11232905322,4418,11232909740,149802,11233059542,6784,161004,125,125,5,cudaLaunchKernel, 576    1    1, 256    1    1,"<unnamed>::pack_face_x(const double *, double *, int, int, int, int, int)"
11232907245,3357,11232910602,1578477,11234489079,14848,1596682,126,126,6,cudaLaunchKernel, 576    1    1, 256    1    1,"<unnamed>::pack_face_z(const double *, double *, int, int, int, int, int)"
11232910271,3276,11232913547,1568048,11234481595,7104,1578428,125,125,5,cudaLaunchKernel, 576    1    1, 256    1    1,"<unnamed>::pack_face_y(const double *, double *, int, int, int, int, int)"
11232911403,3607,11232915010,139259,11233054269,1428794,1571660,126,126,6,cudaLaunchKernel,  12   96   96,  32    4    4,"<unnamed>::step_kernel_interior(const double *, const double *, double *, const double *, const double *, int, int, int, int, int, int, int, double, double)"
11232914108,3096,11232917204,1572551,11234489755,15585,1591232,125,125,5,cudaLaunchKernel, 576    1    1, 256    1    1,"<unnamed>::pack_face_z(const double *, double *, int, int, int, int, int)"
11232918005,3517,11232921522,138788,11233060310,1425157,1567462,125,125,5,cudaLaunchKernel,  12   96   96,  32    4    4,"<unnamed>::step_kernel_interior(const double *, const double *, double *, const double *, const double *, int, int, int, int, int, int, int, double, double)"
11232919338,4659,11232923997,145036,11233069033,7264,156959,124,124,4,cudaLaunchKernel, 576    1    1, 256    1    1,"<unnamed>::pack_face_x(const double *, double *, int, int, int, int, int)"
11232924778,3918,11232928696,1571600,11234500296,6304,1581822,124,124,4,cudaLaunchKernel, 576    1    1, 256    1    1,"<unnamed>::pack_face_y(const double *, double *, int, int, int, int, int)"
11232929347,3638,11232932985,1574607,11234507592,15360,1593605,124,124,4,cudaLaunchKernel, 576    1    1, 256    1    1,"<unnamed>::pack_face_z(const double *, double *, int, int, int, int, int)"
11232933976,4088,11232938064,131673,11233069737,1436479,1572240,124,124,4,cudaLaunchKernel,  12   96   96,  32    4    4,"<unnamed>::step_kernel_interior(const double *, const double *, double *, const double *, const double *, int, int, int, int, int, int, int, double, double)"
11234551016,10119,11234561135,1911,11234563046,3136,15166,121,121,1,cudaLaunchKernel, 576    1    1, 256    1    1,"<unnamed>::unpack_face_x(const double *, double *, int, int, int, int, int)"
11234561917,3917,11234565834,2684,11234568518,3456,10057,121,121,1,cudaLaunchKernel, 576    1    1, 256    1    1,"<unnamed>::unpack_face_y(const double *, double *, int, int, int, int, int)"
11234566445,3797,11234570242,2692,11234572934,10176,16665,121,121,1,cudaLaunchKernel, 576    1    1, 256    1    1,"<unnamed>::unpack_face_z(const double *, double *, int, int, int, int, int)"
11234569381,10830,11234580211,1921,11234582132,3424,16175,132,132,7,cudaLaunchKernel, 576    1    1, 256    1    1,"<unnamed>::unpack_face_x(const double *, double *, int, int, int, int, int)"
11234571184,4408,11234575592,8606,11234584198,15616,28630,121,121,1,cudaLaunchKernel,1152    1    1, 256    1    1,"<unnamed>::step_kernel_boundary_x_faces(const double *, const double *, double *, const double *, const double *, int, int, int, int, int, int, int, double, double)"
11234576133,3316,11234579449,21485,11234600934,14912,39713,121,121,1,cudaLaunchKernel,1146    1    1, 256    1    1,"<unnamed>::step_kernel_boundary_y_faces(const double *, const double *, double *, const double *, const double *, int, int, int, int, int, int, int, double, double)"
11234579940,3407,11234583347,33587,11234616934,145024,182018,121,121,1,cudaLaunchKernel,1141    1    1, 256    1    1,"<unnamed>::step_kernel_boundary_z_faces(const double *, const double *, double *, const double *, const double *, int, int, int, int, int, int, int, double, double)"
11234580862,4308,11234585170,2306,11234587476,2976,9590,132,132,7,cudaLaunchKernel, 576    1    1, 256    1    1,"<unnamed>::unpack_face_y(const double *, double *, int, int, int, int, int)"
11234586212,3487,11234589699,2673,11234592372,10752,16912,132,132,7,cudaLaunchKernel, 576    1    1, 256    1    1,"<unnamed>::unpack_face_z(const double *, double *, int, int, int, int, int)"
11234590640,9218,11234599858,4258,11234604116,15392,28868,132,132,7,cudaLaunchKernel,1152    1    1, 256    1    1,"<unnamed>::step_kernel_boundary_x_faces(const double *, const double *, double *, const double *, const double *, int, int, int, int, int, int, int, double, double)"
11234598966,4288,11234603254,1576240,11236179494,4384,1584912,121,121,1,cudaLaunchKernel, 576    1    1, 256    1    1,"<unnamed>::pack_face_x(const double *, double *, int, int, int, int, int)"
11234600749,3727,11234604476,16120,11234620596,15168,35015,132,132,7,cudaLaunchKernel,1146    1    1, 256    1    1,"<unnamed>::step_kernel_boundary_y_faces(const double *, const double *, double *, const double *, const double *, int, int, int, int, int, int, int, double, double)"
11234603935,3747,11234607682,1577380,11236185062,3968,1585095,121,121,1,cudaLaunchKernel, 576    1    1, 256    1    1,"<unnamed>::pack_face_y(const double *, double *, int, int, int, int, int)"
11234605057,3347,11234608404,28608,11234637012,144863,176818,132,132,7,cudaLaunchKernel,1141    1    1, 256    1    1,"<unnamed>::step_kernel_boundary_z_faces(const double *, const double *, double *, const double *, const double *, int, int, int, int, int, int, int, double, double)"
11234608263,3227,11234611490,1578500,11236189990,14816,1596543,121,121,1,cudaLaunchKernel, 576    1    1, 256    1    1,"<unnamed>::pack_face_z(const double *, double *, int, int, int, int, int)"
11234612381,3607,11234615988,147090,11234763078,1420096,1570793,121,121,1,cudaLaunchKernel,  12   96   96,  32    4    4,"<unnamed>::step_kernel_interior(const double *, const double *, double *, const double *, const double *, int, int, int, int, int, int, int, double, double)"
11234624875,4339,11234629214,153813,11234783027,3936,162088,132,132,7,cudaLaunchKernel, 576    1    1, 256    1    1,"<unnamed>::pack_face_x(const double *, double *, int, int, int, int, int)"
11234629845,3296,11234633141,1573114,11236206255,4800,1581210,132,132,7,cudaLaunchKernel, 576    1    1, 256    1    1,"<unnamed>::pack_face_y(const double *, double *, int, int, int, int, int)"
11234633732,3387,11234637119,1574992,11236212111,15168,1593547,132,132,7,cudaLaunchKernel, 576    1    1, 256    1    1,"<unnamed>::pack_face_z(const double *, double *, int, int, int, int, int)"
11234638010,3827,11234641837,142982,11234784819,1425244,1572053,132,132,7,cudaLaunchKernel,  12   96   96,  32    4    4,"<unnamed>::step_kernel_interior(const double *, const double *, double *, const double *, const double *, int, int, int, int, int, int, int, double, double)"
11234679839,13355,11234693194,1559,11234694753,3104,18018,122,122,2,cudaLaunchKernel, 576    1    1, 256    1    1,"<unnamed>::unpack_face_x(const double *, double *, int, int, int, int, int)"
11234694015,4369,11234698384,2801,11234701185,2912,10082,122,122,2,cudaLaunchKernel, 576    1    1, 256    1    1,"<unnamed>::unpack_face_y(const double *, double *, int, int, int, int, int)"
11234699035,13014,,,11234705473,11040,17478,122,122,2,cudaLaunchKernel, 576    1    1, 256    1    1,"<unnamed>::unpack_face_z(const double *, double *, int, int, int, int, int)"
11234713111,4048,11234717159,4026,11234721185,16032,24106,122,122,2,cudaLaunchKernel,1152    1    1, 256    1    1,"<unnamed>::step_kernel_boundary_x_faces(const double *, const double *, double *, const double *, const double *, int, int, int, int, int, int, int, double, double)"
11234717720,3728,11234721448,16825,11234738273,15616,36169,122,122,2,cudaLaunchKernel,1146    1    1, 256    1    1,"<unnamed>::step_kernel_boundary_y_faces(const double *, const double *, double *, const double *, const double *, int, int, int, int, int, int, int, double, double)"
11234721999,3516,11234725515,29430,11234754945,142687,175633,122,122,2,cudaLaunchKernel,1141    1    1, 256    1    1,"<unnamed>::step_kernel_boundary_z_faces(const double *, const double *, double *, const double *, const double *, int, int, int, int, int, int, int, double, double)"
11234748328,5010,11234753338,1568481,11236321819,4416,1577907,122,122,2,cudaLaunchKernel, 576    1    1, 256    1    1,"<unnamed>::pack_face_x(const double *, double *, int, int, int, int, int)"
11234753929,3566,11234757495,1569860,11236327355,4128,1577554,122,122,2,cudaLaunchKernel, 576    1    1, 256    1    1,"<unnamed>::pack_face_y(const double *, double *, int, int, int, int, int)"
11234758117,3586,11234761703,1571124,11236332827,14880,1589590,122,122,2,cudaLaunchKernel, 576    1    1, 256    1    1,"<unnamed>::pack_face_z(const double *, double *, int, int, int, int, int)"
11234762495,3847,11234766342,132474,11234898816,1427195,1563516,122,122,2,cudaLaunchKernel,  12   96   96,  32    4    4,"<unnamed>::step_kernel_interior(const double *, const double *, double *, const double *, const double *, int, int, int, int, int, int, int, double, double)"
11236395635,9568,11236405203,2157,11236407360,3168,14893,123,123,3,cudaLaunchKernel, 576    1    1, 256    1    1,"<unnamed>::unpack_face_x(const double *, double *, int, int, int, int, int)"
11236405834,3937,11236409771,2677,11236412448,3136,9750,123,123,3,cudaLaunchKernel, 576    1    1, 256    1    1,"<unnamed>::unpack_face_y(const double *, double *, int, int, int, int, int)"
11236410332,3537,11236413869,4211,11236418080,11680,19428,123,123,3,cudaLaunchKernel, 576    1    1, 256    1    1,"<unnamed>::unpack_face_z(const double *, double *, int, int, int, int, int)"
11236414700,5021,11236419721,11191,11236430912,15616,31828,123,123,3,cudaLaunchKernel,1152    1    1, 256    1    1,"<unnamed>::step_kernel_boundary_x_faces(const double *, const double *, double *, const double *, const double *, int, int, int, int, int, int, int, double, double)"
11236420212,3947,11236424159,23425,11236447584,15744,43116,123,123,3,cudaLaunchKernel,1146    1    1, 256    1    1,"<unnamed>::step_kernel_boundary_y_faces(const double *, const double *, double *, const double *, const double *, int, int, int, int, int, int, int, double, double)"
11236424740,3517,11236428257,36095,11236464352,142687,182299,123,123,3,cudaLaunchKernel,1141    1    1, 256    1    1,"<unnamed>::step_kernel_boundary_z_faces(const double *, const double *, double *, const double *, const double *, int, int, int, int, int, int, int, double, double)"
11236435591,10189,11236445780,1591014,11238036794,4576,1605779,123,123,3,cudaLaunchKernel, 576    1    1, 256    1    1,"<unnamed>::pack_face_x(const double *, double *, int, int, int, int, int)"
11236446491,3657,11236450148,1592342,11238042490,4128,1600127,123,123,3,cudaLaunchKernel, 576    1    1, 256    1    1,"<unnamed>::pack_face_y(const double *, double *, int, int, int, int, int)"
11236450719,3527,11236454246,1593428,11238047674,15392,1612347,123,123,3,cudaLaunchKernel, 576    1    1, 256    1    1,"<unnamed>::pack_face_z(const double *, double *, int, int, int, int, int)"
11236455017,4118,11236459135,149184,11236608319,1432827,1586129,123,123,3,cudaLaunchKernel,  12   96   96,  32    4    4,"<unnamed>::step_kernel_interior(const double *, const double *, double *, const double *, const double *, int, int, int, int, int, int, int, double, double)"
11248345073,10099,11248355172,3425,11248358597,3232,16756,120,120,0,cudaLaunchKernel, 576    1    1, 256    1    1,"<unnamed>::unpack_face_x(const double *, double *, int, int, int, int, int)"
11248350693,12614,11248363307,1333,11248364640,3360,17307,126,126,6,cudaLaunchKernel, 576    1    1, 256    1    1,"<unnamed>::unpack_face_x(const double *, double *, int, int, int, int, int)"
11248352396,10841,11248363237,2380,11248365617,3456,16677,125,125,5,cudaLaunchKernel, 576    1    1, 256    1    1,"<unnamed>::unpack_face_x(const double *, double *, int, int, int, int, int)"
11248355903,3827,11248359730,3699,11248363429,3488,11014,120,120,0,cudaLaunchKernel, 576    1    1, 256    1    1,"<unnamed>::unpack_face_y(const double *, double *, int, int, int, int, int)"
11248357145,14047,11248371192,1255,11248372447,3424,18726,124,124,4,cudaLaunchKernel, 576    1    1, 256    1    1,"<unnamed>::unpack_face_x(const double *, double *, int, int, int, int, int)"
11248360271,3677,11248363948,4153,11248368101,10304,18134,120,120,0,cudaLaunchKernel, 576    1    1, 256    1    1,"<unnamed>::unpack_face_z(const double *, double *, int, int, int, int, int)"
11248363908,3737,11248367645,2740,11248370385,3488,9965,125,125,5,cudaLaunchKernel, 576    1    1, 256    1    1,"<unnamed>::unpack_face_y(const double *, double *, int, int, int, int, int)"
11248364098,3817,11248367915,2517,11248370432,2976,9310,126,126,6,cudaLaunchKernel, 576    1    1, 256    1    1,"<unnamed>::unpack_face_y(const double *, double *, int, int, int, int, int)"
11248364790,3707,11248368497,11252,11248379749,14976,29935,120,120,0,cudaLaunchKernel,1152    1    1, 256    1    1,"<unnamed>::step_kernel_boundary_x_faces(const double *, const double *, double *, const double *, const double *, int, int, int, int, int, int, int, double, double)"
11248368256,3346,11248371602,3455,11248375057,10208,17009,125,125,5,cudaLaunchKernel, 576    1    1, 256    1    1,"<unnamed>::unpack_face_z(const double *, double *, int, int, int, int, int)"
11248368557,3376,11248371933,2627,11248374560,10368,16371,126,126,6,cudaLaunchKernel, 576    1    1, 256    1    1,"<unnamed>::unpack_face_z(const double *, double *, int, int, int, int, int)"
11248369148,4248,11248373396,22577,11248395973,14912,41737,120,120,0,cudaLaunchKernel,1146    1    1, 256    1    1,"<unnamed>::step_kernel_boundary_y_faces(const double *, const double *, double *, const double *, const double *, int, int, int, int, int, int, int, double, double)"
11248372224,4648,11248376872,2487,11248379359,2976,10111,124,124,4,cudaLaunchKernel, 576    1    1, 256    1    1,"<unnamed>::unpack_face_y(const double *, double *, int, int, int, int, int)"
11248372524,3396,11248375920,10561,11248386481,14912,28869,125,125,5,cudaLaunchKernel,1152    1    1, 256    1    1,"<unnamed>::step_kernel_boundary_x_faces(const double *, const double *, double *, const double *, const double *, int, int, int, int, int, int, int, double, double)"
11248372865,3416,11248376281,9703,11248385984,14848,27967,126,126,6,cudaLaunchKernel,1152    1    1, 256    1    1,"<unnamed>::step_kernel_boundary_x_faces(const double *, const double *, double *, const double *, const double *, int, int, int, int, int, int, int, double, double)"
11248374137,3437,11248377574,34335,11248411909,143871,181643,120,120,0,cudaLaunchKernel,1141    1    1, 256    1    1,"<unnamed>::step_kernel_boundary_z_faces(const double *, const double *, double *, const double *, const double *, int, int, int, int, int, int, int, double, double)"
11248376461,3397,11248379858,22623,11248402481,15840,41860,125,125,5,cudaLaunchKernel,1146    1    1, 256    1    1,"<unnamed>::step_kernel_boundary_y_faces(const double *, const double *, double *, const double *, const double *, int, int, int, int, int, int, int, double, double)"
11248376832,3457,11248380289,21599,11248401888,15423,40479,126,126,6,cudaLaunchKernel,1146    1    1, 256    1    1,"<unnamed>::step_kernel_boundary_y_faces(const double *, const double *, double *, const double *, const double *, int, int, int, int, int, int, int, double, double)"
11248377423,4258,11248381681,2222,11248383903,11360,17840,124,124,4,cudaLaunchKernel, 576    1    1, 256    1    1,"<unnamed>::unpack_face_z(const double *, double *, int, int, int, int, int)"
11248380359,3246,11248383605,35836,11248419441,143680,182762,125,125,5,cudaLaunchKernel,1141    1    1, 256    1    1,"<unnamed>::step_kernel_boundary_z_faces(const double *, const double *, double *, const double *, const double *, int, int, int, int, int, int, int, double, double)"
11248380810,3276,11248384086,34697,11248418783,142752,180725,126,126,6,cudaLaunchKernel,1141    1    1, 256    1    1,"<unnamed>::step_kernel_boundary_z_faces(const double *, const double *, double *, const double *, const double *, int, int, int, int, int, int, int, double, double)"
11248382733,3978,11248386711,9704,11248396415,15008,28690,124,124,4,cudaLaunchKernel,1152    1    1, 256    1    1,"<unnamed>::step_kernel_boundary_x_faces(const double *, const double *, double *, const double *, const double *, int, int, int, int, int, int, int, double, double)"
11248387232,3878,11248391110,21305,11248412415,14848,40031,124,124,4,cudaLaunchKernel,1146    1    1, 256    1    1,"<unnamed>::step_kernel_boundary_y_faces(const double *, const double *, double *, const double *, const double *, int, int, int, int, int, int, int, double, double)"
11248391791,3998,11248395789,32594,11248428383,146016,182608,124,124,4,cudaLaunchKernel,1141    1    1, 256    1    1,"<unnamed>::step_kernel_boundary_z_faces(const double *, const double *, double *, const double *, const double *, int, int, int, int, int, int, int, double, double)"
11248403503,4829,11248408332,148568,11248556900,3936,157333,120,120,0,cudaLaunchKernel, 576    1    1, 256    1    1,"<unnamed>::pack_face_x(const double *, double *, int, int, int, int, int)"
11248406439,4308,11248410747,1585155,11249995902,5056,1594519,124,124,4,cudaLaunchKernel, 576    1    1, 256    1    1,"<unnamed>::pack_face_x(const double *, double *, int, int, int, int, int)"
11248408833,4599,11248413432,1577343,11249990775,4672,1586614,125,125,5,cudaLaunchKernel, 576    1    1, 256    1    1,"<unnamed>::pack_face_x(const double *, double *, int, int, int, int, int)"
11248408893,3467,11248412360,1570934,11249983294,6272,1580673,120,120,0,cudaLaunchKernel, 576    1    1, 256    1    1,"<unnamed>::pack_face_y(const double *, double *, int, int, int, int, int)"
11248411458,3827,11248415285,1586633,11250001918,4128,1594588,124,124,4,cudaLaunchKernel, 576    1    1, 256    1    1,"<unnamed>::pack_face_y(const double *, double *, int, int, int, int, int)"
11248413021,4328,11248417349,1573241,11249990590,14975,1592544,120,120,0,cudaLaunchKernel, 576    1    1, 256    1    1,"<unnamed>::pack_face_z(const double *, double *, int, int, int, int, int)"
11248413963,3366,11248417329,1579430,11249996759,4320,1587116,125,125,5,cudaLaunchKernel, 576    1    1, 256    1    1,"<unnamed>::pack_face_y(const double *, double *, int, int, int, int, int)"
11248415826,3978,11248419804,1587170,11250006974,14624,1605772,124,124,4,cudaLaunchKernel, 576    1    1, 256    1    1,"<unnamed>::pack_face_z(const double *, double *, int, int, int, int, int)"
11248417910,3557,11248421467,1580572,11250002039,15008,1599137,125,125,5,cudaLaunchKernel, 576    1    1, 256    1    1,"<unnamed>::pack_face_z(const double *, double *, int, int, int, int, int)"
11248417940,4940,11248422880,139679,11248562559,3904,148523,126,126,6,cudaLaunchKernel, 576    1    1, 256    1    1,"<unnamed>::pack_face_x(const double *, double *, int, int, int, int, int)"
11248418291,3837,11248422128,136692,11248558820,1430522,1571051,120,120,0,cudaLaunchKernel,  12   96   96,  32    4    4,"<unnamed>::step_kernel_interior(const double *, const double *, double *, const double *, const double *, int, int, int, int, int, int, int, double, double)"
11248420585,3998,11248424583,150936,11248575519,1425663,1580597,124,124,4,cudaLaunchKernel,  12   96   96,  32    4    4,"<unnamed>::step_kernel_interior(const double *, const double *, double *, const double *, const double *, int, int, int, int, int, int, int, double, double)"
11248422278,3527,11248425805,138372,11248564177,1431494,1573393,125,125,5,cudaLaunchKernel,  12   96   96,  32    4    4,"<unnamed>::step_kernel_interior(const double *, const double *, double *, const double *, const double *, int, int, int, int, int, int, int, double, double)"
11248423471,3496,11248426967,1554562,11249981529,4864,1562922,126,126,6,cudaLaunchKernel, 576    1    1, 256    1    1,"<unnamed>::pack_face_y(const double *, double *, int, int, int, int, int)"
11248427628,3527,11248431155,1556454,11249987609,17152,1577133,126,126,6,cudaLaunchKernel, 576    1    1, 256    1    1,"<unnamed>::pack_face_z(const double *, double *, int, int, int, int, int)"
11248431967,3656,11248435623,128664,11248564287,1421146,1553466,126,126,6,cudaLaunchKernel,  12   96   96,  32    4    4,"<unnamed>::step_kernel_interior(const double *, const double *, double *, const double *, const double *, int, int, int, int, int, int, int, double, double)"
11250062542,10289,11250072831,2376,11250075207,3136,15801,122,122,2,cudaLaunchKernel, 576    1    1, 256    1    1,"<unnamed>::unpack_face_x(const double *, double *, int, int, int, int, int)"
11250073513,3968,11250077481,2718,11250080199,3104,9790,122,122,2,cudaLaunchKernel, 576    1    1, 256    1    1,"<unnamed>::unpack_face_y(const double *, double *, int, int, int, int, int)"
11250075026,10780,11250085806,1915,11250087721,3456,16151,132,132,7,cudaLaunchKernel, 576    1    1, 256    1    1,"<unnamed>::unpack_face_x(const double *, double *, int, int, int, int, int)"
11250078032,3606,11250081638,4161,11250085799,11296,19063,122,122,2,cudaLaunchKernel, 576    1    1, 256    1    1,"<unnamed>::unpack_face_z(const double *, double *, int, int, int, int, int)"
11250081999,8927,11250090926,2391,11250093317,3136,14454,121,121,1,cudaLaunchKernel, 576    1    1, 256    1    1,"<unnamed>::unpack_face_x(const double *, double *, int, int, int, int, int)"
11250082530,3677,11250086207,12072,11250098279,15232,30981,122,122,2,cudaLaunchKernel,1152    1    1, 256    1    1,"<unnamed>::step_kernel_boundary_x_faces(const double *, const double *, double *, const double *, const double *, int, int, int, int, int, int, int, double, double)"
11250086538,3767,11250090305,2600,11250092905,3168,9535,132,132,7,cudaLaunchKernel, 576    1    1, 256    1    1,"<unnamed>::unpack_face_y(const double *, double *, int, int, int, int, int)"
11250086748,3757,11250090505,24286,11250114791,15872,43915,122,122,2,cudaLaunchKernel,1146    1    1, 256    1    1,"<unnamed>::step_kernel_boundary_y_faces(const double *, const double *, double *, const double *, const double *, int, int, int, int, int, int, int, double, double)"
11250090986,3436,11250094422,38257,11250132679,146144,187837,122,122,2,cudaLaunchKernel,1141    1    1, 256    1    1,"<unnamed>::step_kernel_boundary_z_faces(const double *, const double *, double *, const double *, const double *, int, int, int, int, int, int, int, double, double)"
11250091006,3467,11250094473,3840,11250098313,10016,17323,132,132,7,cudaLaunchKernel, 576    1    1, 256    1    1,"<unnamed>::unpack_face_z(const double *, double *, int, int, int, int, int)"
11250091577,3887,11250095464,2269,11250097733,3424,9580,121,121,1,cudaLaunchKernel, 576    1    1, 256    1    1,"<unnamed>::unpack_face_y(const double *, double *, int, int, int, int, int)"
11250095404,3497,11250098901,10452,11250109353,14912,28861,132,132,7,cudaLaunchKernel,1152    1    1, 256    1    1,"<unnamed>::step_kernel_boundary_x_faces(const double *, const double *, double *, const double *, const double *, int, int, int, int, int, int, int, double, double)"
11250096036,13254,11250109290,2523,11250111813,10656,26433,121,121,1,cudaLaunchKernel, 576    1    1, 256    1    1,"<unnamed>::unpack_face_z(const double *, double *, int, int, int, int, int)"
11250099412,3557,11250102969,22416,11250125385,15520,41493,132,132,7,cudaLaunchKernel,1146    1    1, 256    1    1,"<unnamed>::step_kernel_boundary_y_faces(const double *, const double *, double *, const double *, const double *, int, int, int, int, int, int, int, double, double)"
11250103560,3276,11250106836,35061,11250141897,143488,181825,132,132,7,cudaLaunchKernel,1141    1    1, 256    1    1,"<unnamed>::step_kernel_boundary_z_faces(const double *, const double *, double *, const double *, const double *, int, int, int, int, int, int, int, double, double)"
11250110222,31339,11250141561,2380,11250143941,15392,49111,121,121,1,cudaLaunchKernel,1152    1    1, 256    1    1,"<unnamed>::step_kernel_boundary_x_faces(const double *, const double *, double *, const double *, const double *, int, int, int, int, int, int, int, double, double)"
11250110302,4919,11250115221,164690,11250279911,6624,176233,122,122,2,cudaLaunchKernel, 576    1    1, 256    1    1,"<unnamed>::pack_face_x(const double *, double *, int, int, int, int, int)"
11250115863,3556,11250119419,1591782,11251711201,6720,1602058,122,122,2,cudaLaunchKernel, 576    1    1, 256    1    1,"<unnamed>::pack_face_y(const double *, double *, int, int, int, int, int)"
11250120041,3586,11250123627,1595414,11251719041,15232,1614232,122,122,2,cudaLaunchKernel, 576    1    1, 256    1    1,"<unnamed>::pack_face_z(const double *, double *, int, int, int, int, int)"
11250122465,4288,11250126753,159848,11250286601,7520,171656,132,132,7,cudaLaunchKernel, 576    1    1, 256    1    1,"<unnamed>::pack_face_x(const double *, double *, int, int, int, int, int)"
11250124409,4137,11250128546,152101,11250280647,1435290,1591528,122,122,2,cudaLaunchKernel,  12   96   96,  32    4    4,"<unnamed>::step_kernel_interior(const double *, const double *, double *, const double *, const double *, int, int, int, int, int, int, int, double, double)"
11250127364,3397,11250130761,1585628,11251716389,4608,1593633,132,132,7,cudaLaunchKernel, 576    1    1, 256    1    1,"<unnamed>::pack_face_y(const double *, double *, int, int, int, int, int)"
11250131332,3276,11250134608,1587605,11251722213,15872,1606753,132,132,7,cudaLaunchKernel, 576    1    1, 256    1    1,"<unnamed>::pack_face_z(const double *, double *, int, int, int, int, int)"
11250135489,3908,11250139397,147940,11250287337,1432668,1584516,132,132,7,cudaLaunchKernel,  12   96   96,  32    4    4,"<unnamed>::step_kernel_interior(const double *, const double *, double *, const double *, const double *, int, int, int, int, int, int, int, double, double)"
11250142302,4078,11250146380,14137,11250160517,15296,33511,121,121,1,cudaLaunchKernel,1146    1    1, 256    1    1,"<unnamed>::step_kernel_boundary_y_faces(const double *, const double *, double *, const double *, const double *, int, int, int, int, int, int, int, double, double)"
11250147021,3547,11250150568,26333,11250176901,143776,173656,121,121,1,cudaLaunchKernel,1141    1    1, 256    1    1,"<unnamed>::step_kernel_boundary_z_faces(const double *, const double *, double *, const double *, const double *, int, int, int, int, int, int, int, double, double)"
11250169364,4539,11250173903,1574422,11251748325,5056,1584017,121,121,1,cudaLaunchKernel, 576    1    1, 256    1    1,"<unnamed>::pack_face_x(const double *, double *, int, int, int, int, int)"
11250174464,3656,11250178120,1576253,11251754373,4032,1583941,121,121,1,cudaLaunchKernel, 576    1    1, 256    1    1,"<unnamed>::pack_face_y(const double *, double *, int, int, int, int, int)"
11250178661,3427,11250182088,1577373,11251759461,14944,1595744,121,121,1,cudaLaunchKernel, 576    1    1, 256    1    1,"<unnamed>::pack_face_z(const double *, double *, int, int, int, int, int)"
11250182879,3467,11250186346,135355,11250321701,1430784,1569606,121,121,1,cudaLaunchKernel,  12   96   96,  32    4    4,"<unnamed>::step_kernel_interior(const double *, const double *, double *, const double *, const double *, int, int, int, int, int, int, int, double, double)"
11251941956,10991,11251952947,1712,11251954659,3104,15807,123,123,3,cudaLaunchKernel, 576    1    1, 256    1    1,"<unnamed>::unpack_face_x(const double *, double *, int, int, int, int, int)"
11251953648,4118,11251957766,3805,11251961571,3008,10931,123,123,3,cudaLaunchKernel, 576    1    1, 256    1    1,"<unnamed>::unpack_face_y(const double *, double *, int, int, int, int, int)"
11251958337,3698,11251962035,3760,11251965795,11456,18914,123,123,3,cudaLaunchKernel, 576    1    1, 256    1    1,"<unnamed>::unpack_face_z(const double *, double *, int, int, int, int, int)"
11251962997,4288,11251967285,11086,11251978371,16256,31630,123,123,3,cudaLaunchKernel,1152    1    1, 256    1    1,"<unnamed>::step_kernel_boundary_x_faces(const double *, const double *, double *, const double *, const double *, int, int, int, int, int, int, int, double, double)"
11251967836,3557,11251971393,24226,11251995619,14496,42279,123,123,3,cudaLaunchKernel,1146    1    1, 256    1    1,"<unnamed>::step_kernel_boundary_y_faces(const double *, const double *, double *, const double *, const double *, int, int, int, int, int, int, int, double, double)"
11251971974,3516,11251975490,35649,11252011139,142207,181372,123,123,3,cudaLaunchKernel,1141    1    1, 256    1    1,"<unnamed>::step_kernel_boundary_z_faces(const double *, const double *, double *, const double *, const double *, int, int, int, int, int, int, int, double, double)"
11255898419,9948,11255908367,1940,11255910307,3136,15024,120,120,0,cudaLaunchKernel, 576    1    1, 256    1    1,"<unnamed>::unpack_face_x(const double *, double *, int, int, int, int, int)"
11255909079,4057,11255913136,2771,11255915907,3424,10252,120,120,0,cudaLaunchKernel, 576    1    1, 256    1    1,"<unnamed>::unpack_face_y(const double *, double *, int, int, int, int, int)"
11255913667,3698,11255917365,4078,11255921443,9856,17632,120,120,0,cudaLaunchKernel, 576    1    1, 256    1    1,"<unnamed>::unpack_face_z(const double *, double *, int, int, int, int, int)"
11255918457,3787,11255922244,10143,11255932387,14848,28778,120,120,0,cudaLaunchKernel,1152    1    1, 256    1    1,"<unnamed>::step_kernel_boundary_x_faces(const double *, const double *, double *, const double *, const double *, int, int, int, int, int, int, int, double, double)"
11255922906,3967,11255926873,21450,11255948323,15264,40681,120,120,0,cudaLaunchKernel,1146    1    1, 256    1    1,"<unnamed>::step_kernel_boundary_y_faces(const double *, const double *, double *, const double *, const double *, int, int, int, int, int, int, int, double, double)"
11255927685,3486,11255931171,33504,11255964675,144063,181053,120,120,0,cudaLaunchKernel,1141    1    1, 256    1    1,"<unnamed>::step_kernel_boundary_z_faces(const double *, const double *, double *, const double *, const double *, int, int, int, int, int, int, int, double, double)"
11255959835,4819,11255964654,145108,11256109762,6912,156839,120,120,0,cudaLaunchKernel, 576    1    1, 256    1    1,"<unnamed>::pack_face_x(const double *, double *, int, int, int, int, int)"
11255965295,3597,11255968892,1575232,11257544124,4800,1583629,120,120,0,cudaLaunchKernel, 576    1    1, 256    1    1,"<unnamed>::pack_face_y(const double *, double *, int, int, int, int, int)"
11255969653,3627,11255973280,1576700,11257549980,15904,1596231,120,120,0,cudaLaunchKernel, 576    1    1, 256    1    1,"<unnamed>::pack_face_z(const double *, double *, int, int, int, int, int)"
11255974533,4257,11255978790,131740,11256110530,1437786,1573783,120,120,0,cudaLaunchKernel,  12   96   96,  32    4    4,"<unnamed>::step_kernel_interior(const double *, const double *, double *, const double *, const double *, int, int, int, int, int, int, int, double, double)"
11264056286,11942,11264068228,1277,11264069505,3616,16835,126,126,6,cudaLaunchKernel, 576    1    1, 256    1    1,"<unnamed>::unpack_face_x(const double *, double *, int, int, int, int, int)"
11264069010,3907,11264072917,2316,11264075233,3072,9295,126,126,6,cudaLaunchKernel, 576    1    1, 256    1    1,"<unnamed>::unpack_face_y(const double *, double *, int, int, int, int, int)"
11264073448,3316,11264076764,3781,11264080545,10048,17145,126,126,6,cudaLaunchKernel, 576    1    1, 256    1    1,"<unnamed>::unpack_face_z(const double *, double *, int, int, int, int, int)"
11264077646,3466,11264081112,10665,11264091777,14688,28819,126,126,6,cudaLaunchKernel,1152    1    1, 256    1    1,"<unnamed>::step_kernel_boundary_x_faces(const double *, const double *, double *, const double *, const double *, int, int, int, int, int, int, int, double, double)"
11264081693,3517,11264085210,22247,11264107457,15519,41283,126,126,6,cudaLaunchKernel,1146    1    1, 256    1    1,"<unnamed>::step_kernel_boundary_y_faces(const double *, const double *, double *, const double *, const double *, int, int, int, int, int, int, int, double, double)"
11264085771,3156,11264088927,35073,11264124000,145920,184149,126,126,6,cudaLaunchKernel,1141    1    1, 256    1    1,"<unnamed>::step_kernel_boundary_z_faces(const double *, const double *, double *, const double *, const double *, int, int, int, int, int, int, int, double, double)"
11264121960,4899,11264126859,144117,11264270976,6784,155800,126,126,6,cudaLaunchKernel, 576    1    1, 256    1    1,"<unnamed>::pack_face_x(const double *, double *, int, int, int, int, int)"
11264127440,3196,11264130636,1565806,11265696442,4288,1573290,126,126,6,cudaLaunchKernel, 576    1    1, 256    1    1,"<unnamed>::pack_face_y(const double *, double *, int, int, int, int, int)"
11264131247,3326,11264134573,1567725,11265702298,15296,1586347,126,126,6,cudaLaunchKernel, 576    1    1, 256    1    1,"<unnamed>::pack_face_z(const double *, double *, int, int, int, int, int)"
11264135475,4018,11264139493,132251,11264271744,1428538,1564807,126,126,6,cudaLaunchKernel,  12   96   96,  32    4    4,"<unnamed>::step_kernel_interior(const double *, const double *, double *, const double *, const double *, int, int, int, int, int, int, int, double, double)"
11265763626,11181,11265774807,2102,11265776909,3072,16355,122,122,2,cudaLaunchKernel, 576    1    1, 256    1    1,"<unnamed>::unpack_face_x(const double *, double *, int, int, int, int, int)"
11265775498,4048,11265779546,3859,11265783405,3136,11043,122,122,2,cudaLaunchKernel, 576    1    1, 256    1    1,"<unnamed>::unpack_face_y(const double *, double *, int, int, int, int, int)"
11265780107,3586,11265783693,4032,11265787725,10752,18370,122,122,2,cudaLaunchKernel, 576    1    1, 256    1    1,"<unnamed>::unpack_face_z(const double *, double *, int, int, int, int, int)"
11265784565,3807,11265788372,11129,11265799501,16000,30936,122,122,2,cudaLaunchKernel,1152    1    1, 256    1    1,"<unnamed>::step_kernel_boundary_x_faces(const double *, const double *, double *, const double *, const double *, int, int, int, int, int, int, int, double, double)"
11265788893,19316,11265808209,8316,11265816525,14943,42575,122,122,2,cudaLaunchKernel,1146    1    1, 256    1    1,"<unnamed>::step_kernel_boundary_y_faces(const double *, const double *, double *, const double *, const double *, int, int, int, int, int, int, int, double, double)"
11265808800,3908,11265812708,19784,11265832492,143840,167532,122,122,2,cudaLaunchKernel,1141    1    1, 256    1    1,"<unnamed>::step_kernel_boundary_z_faces(const double *, const double *, double *, const double *, const double *, int, int, int, int, int, int, int, double, double)"
11265944637,12123,11265956760,1244,11265958004,3456,16823,125,125,5,cudaLaunchKernel, 576    1    1, 256    1    1,"<unnamed>::unpack_face_x(const double *, double *, int, int, int, int, int)"
11265951560,15058,11265966618,570,11265967188,3104,18732,124,124,4,cudaLaunchKernel, 576    1    1, 256    1    1,"<unnamed>::unpack_face_x(const double *, double *, int, int, int, int, int)"
11265957561,3928,11265961489,2659,11265964148,3424,10011,125,125,5,cudaLaunchKernel, 576    1    1, 256    1    1,"<unnamed>::unpack_face_y(const double *, double *, int, int, int, int, int)"
11265962060,3466,11265965526,3998,11265969524,11040,18504,125,125,5,cudaLaunchKernel, 576    1    1, 256    1    1,"<unnamed>::unpack_face_z(const double *, double *, int, int, int, int, int)"
11265966438,3366,11265969804,11816,11265981620,14784,29966,125,125,5,cudaLaunchKernel,1152    1    1, 256    1    1,"<unnamed>::step_kernel_boundary_x_faces(const double *, const double *, double *, const double *, const double *, int, int, int, int, int, int, int, double, double)"
11265967680,5120,11265972800,1652,11265974452,3136,9908,124,124,4,cudaLaunchKernel, 576    1    1, 256    1    1,"<unnamed>::unpack_face_y(const double *, double *, int, int, int, int, int)"
11265970355,3367,11265973722,23834,11265997556,15520,42721,125,125,5,cudaLaunchKernel,1146    1    1, 256    1    1,"<unnamed>::step_kernel_boundary_y_faces(const double *, const double *, double *, const double *, const double *, int, int, int, int, int, int, int, double, double)"
11265973622,4087,11265977709,3367,11265981076,11136,18590,124,124,4,cudaLaunchKernel, 576    1    1, 256    1    1,"<unnamed>::unpack_face_z(const double *, double *, int, int, int, int, int)"
11265974293,9007,11265983300,31024,11266014324,143521,183552,125,125,5,cudaLaunchKernel,1141    1    1, 256    1    1,"<unnamed>::step_kernel_boundary_z_faces(const double *, const double *, double *, const double *, const double *, int, int, int, int, int, int, int, double, double)"
11265978701,4228,11265982929,10371,11265993300,15296,29895,124,124,4,cudaLaunchKernel,1152    1    1, 256    1    1,"<unnamed>::step_kernel_boundary_x_faces(const double *, const double *, double *, const double *, const double *, int, int, int, int, int, int, int, double, double)"
11265983711,4488,11265988199,21389,11266009588,15488,41365,124,124,4,cudaLaunchKernel,1146    1    1, 256    1    1,"<unnamed>::step_kernel_boundary_y_faces(const double *, const double *, double *, const double *, const double *, int, int, int, int, int, int, int, double, double)"
11265989030,10430,11265999460,26800,11266026260,145888,183118,124,124,4,cudaLaunchKernel,1141    1    1, 256    1    1,"<unnamed>::step_kernel_boundary_z_faces(const double *, const double *, double *, const double *, const double *, int, int, int, int, int, int, int, double, double)"
11266011043,4789,11266015832,143069,11266158901,7296,155154,125,125,5,cudaLaunchKernel, 576    1    1, 256    1    1,"<unnamed>::pack_face_x(const double *, double *, int, int, int, int, int)"
11266016383,3326,11266019709,1568189,11267587898,4992,1576507,125,125,5,cudaLaunchKernel, 576    1    1, 256    1    1,"<unnamed>::pack_face_y(const double *, double *, int, int, int, int, int)"
11266020280,3406,11266023686,1570516,11267594202,16032,1589954,125,125,5,cudaLaunchKernel, 576    1    1, 256    1    1,"<unnamed>::pack_face_z(const double *, double *, int, int, int, int, int)"
11266024578,3747,11266028325,131312,11266159637,1432069,1567128,125,125,5,cudaLaunchKernel,  12   96   96,  32    4    4,"<unnamed>::step_kernel_interior(const double *, const double *, double *, const double *, const double *, int, int, int, int, int, int, int, double, double)"
11266024748,5140,11266029888,1572819,11267602707,4608,1582567,124,124,4,cudaLaunchKernel, 576    1    1, 256    1    1,"<unnamed>::pack_face_x(const double *, double *, int, int, int, int, int)"
11266030599,3667,11266034266,1574329,11267608595,4096,1582092,124,124,4,cudaLaunchKernel, 576    1    1, 256    1    1,"<unnamed>::pack_face_y(const double *, double *, int, int, int, int, int)"
11266035228,5400,11266040628,1573055,11267613683,14976,1593431,124,124,4,cudaLaunchKernel, 576    1    1, 256    1    1,"<unnamed>::pack_face_z(const double *, double *, int, int, int, int, int)"
11266041590,8726,11266050316,122824,11266173140,1433343,1564893,124,124,4,cudaLaunchKernel,  12   96   96,  32    4    4,"<unnamed>::step_kernel_interior(const double *, const double *, double *, const double *, const double *, int, int, int, int, int, int, int, double, double)"
11267680000,11041,11267691041,2018,11267693059,3040,16099,121,121,1,cudaLaunchKernel, 576    1    1, 256    1    1,"<unnamed>::unpack_face_x(const double *, double *, int, int, int, int, int)"
11267691722,4007,11267695729,3954,11267699683,3328,11289,121,121,1,cudaLaunchKernel, 576    1    1, 256    1    1,"<unnamed>::unpack_face_y(const double *, double *, int, int, int, int, int)"
11267696351,3808,11267700159,3940,11267704099,10848,18596,121,121,1,cudaLaunchKernel, 576    1    1, 256    1    1,"<unnamed>::unpack_face_z(const double *, double *, int, int, int, int, int)"
11267701131,12393,11267713524,2543,11267716067,15520,30456,121,121,1,cudaLaunchKernel,1152    1    1, 256    1    1,"<unnamed>::step_kernel_boundary_x_faces(const double *, const double *, double *, const double *, const double *, int, int, int, int, int, int, int, double, double)"
11267714155,3637,11267717792,14787,11267732579,14432,32856,121,121,1,cudaLaunchKernel,1146    1    1, 256    1    1,"<unnamed>::step_kernel_boundary_y_faces(const double *, const double *, double *, const double *, const double *, int, int, int, int, int, int, int, double, double)"
11267718323,3586,11267721909,26158,11267748067,146208,175952,121,121,1,cudaLaunchKernel,1141    1    1, 256    1    1,"<unnamed>::step_kernel_boundary_z_faces(const double *, const double *, double *, const double *, const double *, int, int, int, int, int, int, int, double, double)"
11267861482,13736,11267875218,1447,11267876665,3424,18607,132,132,7,cudaLaunchKernel, 576    1    1, 256    1    1,"<unnamed>::unpack_face_x(const double *, double *, int, int, int, int, int)"
11267876080,4769,11267880849,3176,11267884025,3104,11049,132,132,7,cudaLaunchKernel, 576    1    1, 256    1    1,"<unnamed>::unpack_face_y(const double *, double *, int, int, int, int, int)"
11267881941,3656,11267885597,2780,11267888377,10368,16804,132,132,7,cudaLaunchKernel, 576    1    1, 256    1    1,"<unnamed>::unpack_face_z(const double *, double *, int, int, int, int, int)"
11267886489,3959,11267890448,9417,11267899865,15264,28640,132,132,7,cudaLaunchKernel,1152    1    1, 256    1    1,"<unnamed>::step_kernel_boundary_x_faces(const double *, const double *, double *, const double *, const double *, int, int, int, int, int, int, int, double, double)"
11267891039,3466,11267894505,21648,11267916153,14880,39994,132,132,7,cudaLaunchKernel,1146    1    1, 256    1    1,"<unnamed>::step_kernel_boundary_y_faces(const double *, const double *, double *, const double *, const double *, int, int, int, int, int, int, int, double, double)"
11267895076,3256,11267898332,33629,11267931961,143263,180148,132,132,7,cudaLaunchKernel,1141    1    1, 256    1    1,"<unnamed>::step_kernel_boundary_z_faces(const double *, const double *, double *, const double *, const double *, int, int, int, int, int, int, int, double, double)"
11277379314,10499,11277389813,1838,11277391651,3232,15569,120,120,0,cudaLaunchKernel, 576    1    1, 256    1    1,"<unnamed>::unpack_face_x(const double *, double *, int, int, int, int, int)"
11277383932,10210,11277394142,1613,11277395755,3360,15183,126,126,6,cudaLaunchKernel, 576    1    1, 256    1    1,"<unnamed>::unpack_face_x(const double *, double *, int, int, int, int, int)"
11277387750,10711,11277398461,1987,11277400448,3456,16154,125,125,5,cudaLaunchKernel, 576    1    1, 256    1    1,"<unnamed>::unpack_face_x(const double *, double *, int, int, int, int, int)"
11277390585,3967,11277394552,4043,11277398595,3424,11434,120,120,0,cudaLaunchKernel, 576    1    1, 256    1    1,"<unnamed>::unpack_face_y(const double *, double *, int, int, int, int, int)"
11277391026,14177,11277405203,1274,11277406477,3424,18875,124,124,4,cudaLaunchKernel, 576    1    1, 256    1    1,"<unnamed>::unpack_face_x(const double *, double *, int, int, int, int, int)"
11277394823,3798,11277398621,3534,11277402155,3072,10404,126,126,6,cudaLaunchKernel, 576    1    1, 256    1    1,"<unnamed>::unpack_face_y(const double *, double *, int, int, int, int, int)"
11277395123,3638,11277398761,4378,11277403139,9984,18000,120,120,0,cudaLaunchKernel, 576    1    1, 256    1    1,"<unnamed>::unpack_face_z(const double *, double *, int, int, int, int, int)"
11277399122,3897,11277403019,3381,11277406400,3392,10670,125,125,5,cudaLaunchKernel, 576    1    1, 256    1    1,"<unnamed>::unpack_face_y(const double *, double *, int, int, int, int, int)"
11277399162,3276,11277402438,3877,11277406315,10336,17489,126,126,6,cudaLaunchKernel, 576    1    1, 256    1    1,"<unnamed>::unpack_face_z(const double *, double *, int, int, int, int, int)"
11277399713,4358,11277404071,10268,11277414339,15552,30178,120,120,0,cudaLaunchKernel,1152    1    1, 256    1    1,"<unnamed>::step_kernel_boundary_x_faces(const double *, const double *, double *, const double *, const double *, int, int, int, int, int, int, int, double, double)"
11277403320,3496,11277406816,10891,11277417707,14752,29139,126,126,6,cudaLaunchKernel,1152    1    1, 256    1    1,"<unnamed>::step_kernel_boundary_x_faces(const double *, const double *, double *, const double *, const double *, int, int, int, int, int, int, int, double, double)"
11277403590,3256,11277406846,4194,11277411040,10144,17594,125,125,5,cudaLaunchKernel, 576    1    1, 256    1    1,"<unnamed>::unpack_face_z(const double *, double *, int, int, int, int, int)"
11277404602,3938,11277408540,22439,11277430979,14560,40937,120,120,0,cudaLaunchKernel,1146    1    1, 256    1    1,"<unnamed>::step_kernel_boundary_y_faces(const double *, const double *, double *, const double *, const double *, int, int, int, int, int, int, int, double, double)"
11277406245,5621,11277411866,3155,11277415021,3104,11880,124,124,4,cudaLaunchKernel, 576    1    1, 256    1    1,"<unnamed>::unpack_face_y(const double *, double *, int, int, int, int, int)"
11277407327,3266,11277410593,23082,11277433675,14560,40908,126,126,6,cudaLaunchKernel,1146    1    1, 256    1    1,"<unnamed>::step_kernel_boundary_y_faces(const double *, const double *, double *, const double *, const double *, int, int, int, int, int, int, int, double, double)"
11277407728,3557,11277411285,11019,11277422304,15296,29872,125,125,5,cudaLaunchKernel,1152    1    1, 256    1    1,"<unnamed>::step_kernel_boundary_x_faces(const double *, const double *, double *, const double *, const double *, int, int, int, int, int, int, int, double, double)"
11277409171,3386,11277412557,33974,11277446531,143647,181007,120,120,0,cudaLaunchKernel,1141    1    1, 256    1    1,"<unnamed>::step_kernel_boundary_z_faces(const double *, const double *, double *, const double *, const double *, int, int, int, int, int, int, int, double, double)"
11277411094,3096,11277414190,35037,11277449227,143551,181684,126,126,6,cudaLaunchKernel,1141    1    1, 256    1    1,"<unnamed>::step_kernel_boundary_z_faces(const double *, const double *, double *, const double *, const double *, int, int, int, int, int, int, int, double, double)"
11277411816,3326,11277415142,23450,11277438592,14592,41368,125,125,5,cudaLaunchKernel,1146    1    1, 256    1    1,"<unnamed>::step_kernel_boundary_y_faces(const double *, const double *, double *, const double *, const double *, int, int, int, int, int, int, int, double, double)"
11277412517,4098,11277416615,2566,11277419181,10688,17352,124,124,4,cudaLaunchKernel, 576    1    1, 256    1    1,"<unnamed>::unpack_face_z(const double *, double *, int, int, int, int, int)"
11277415673,3256,11277418929,35247,11277454176,144768,183271,125,125,5,cudaLaunchKernel,1141    1    1, 256    1    1,"<unnamed>::step_kernel_boundary_z_faces(const double *, const double *, double *, const double *, const double *, int, int, int, int, int, int, int, double, double)"
11277417757,4819,11277422576,8413,11277430989,15680,28912,124,124,4,cudaLaunchKernel,1152    1    1, 256    1    1,"<unnamed>::step_kernel_boundary_x_faces(const double *, const double *, double *, const double *, const double *, int, int, int, int, int, int, int, double, double)"
11277423227,3637,11277426864,21309,11277448173,14560,39506,124,124,4,cudaLaunchKernel,1146    1    1, 256    1    1,"<unnamed>::step_kernel_boundary_y_faces(const double *, const double *, double *, const double *, const double *, int, int, int, int, int, int, int, double, double)"
11277427545,3697,11277431242,32515,11277463757,141728,177940,124,124,4,cudaLaunchKernel,1141    1    1, 256    1    1,"<unnamed>::step_kernel_boundary_z_faces(const double *, const double *, double *, const double *, const double *, int, int, int, int, int, int, int, double, double)"
