API Start (ns),API Dur (ns),Queue Start (ns),Queue Dur (ns),Kernel Start (ns),Kernel Dur (ns),Total Dur (ns),PID,TID,DevId,API Function,GridXYZ,BlockXYZ,Kernel Name
5984489166,335353,,,5984809730,1504,335353,120,120,0,cudaLaunchKernel,   1    1    1,   1    1    1,<unnamed>::warmup_kernel(double *)
5985499783,83858,5985583641,102,5985583743,3776,87736,120,120,0,cudaLaunchKernel, 256    1    1, 256    1    1,"<unnamed>::pack_face_x(const double *, double *, int, int, int, int, int)"
5985587198,21540,5985608738,9596,5985618334,4000,35136,120,120,0,cudaLaunchKernel, 256    1    1, 256    1    1,"<unnamed>::pack_face_y(const double *, double *, int, int, int, int, int)"
5985612285,25107,5985637392,9326,5985646718,8864,43297,120,120,0,cudaLaunchKernel, 256    1    1, 256    1    1,"<unnamed>::pack_face_z(const double *, double *, int, int, int, int, int)"
6002154085,338578,,,6002485083,1504,338578,126,126,6,cudaLaunchKernel,   1    1    1,   1    1    1,<unnamed>::warmup_kernel(double *)
6003196430,51888,6003248318,9786,6003258104,3616,65290,126,126,6,cudaLaunchKernel, 256    1    1, 256    1    1,"<unnamed>::pack_face_x(const double *, double *, int, int, int, int, int)"
6003250913,24737,6003275650,12726,6003288376,4096,41559,126,126,6,cudaLaunchKernel, 256    1    1, 256    1    1,"<unnamed>::pack_face_y(const double *, double *, int, int, int, int, int)"
6003278235,18685,6003296920,4767,6003301687,8512,31964,126,126,6,cudaLaunchKernel, 256    1    1, 256    1    1,"<unnamed>::pack_face_z(const double *, double *, int, int, int, int, int)"
6008897833,411697,,,6009304153,1536,411697,133,133,7,cudaLaunchKernel,   1    1    1,   1    1    1,<unnamed>::warmup_kernel(double *)
6010059956,47479,,,6010107255,3680,50979,133,133,7,cudaLaunchKernel, 256    1    1, 256    1    1,"<unnamed>::pack_face_x(const double *, double *, int, int, int, int, int)"
6010109799,24556,6010134355,4004,6010138359,3872,32432,133,133,7,cudaLaunchKernel, 256    1    1, 256    1    1,"<unnamed>::pack_face_y(const double *, double *, int, int, int, int, int)"
6010138503,15781,6010154284,3051,6010157335,8352,27184,133,133,7,cudaLaunchKernel, 256    1    1, 256    1    1,"<unnamed>::pack_face_z(const double *, double *, int, int, int, int, int)"
6036578702,363205,,,6036936550,1472,363205,125,125,5,cudaLaunchKernel,   1    1    1,   1    1    1,<unnamed>::warmup_kernel(double *)
6037569141,47008,6037616149,1779,6037617928,3872,52659,125,125,5,cudaLaunchKernel, 256    1    1, 256    1    1,"<unnamed>::pack_face_x(const double *, double *, int, int, int, int, int)"
6037619525,21731,6037641256,4321,6037645577,4064,30116,125,125,5,cudaLaunchKernel, 256    1    1, 256    1    1,"<unnamed>::pack_face_y(const double *, double *, int, int, int, int, int)"
6037643610,15340,6037658950,2691,6037661641,8544,26575,125,125,5,cudaLaunchKernel, 256    1    1, 256    1    1,"<unnamed>::pack_face_z(const double *, double *, int, int, int, int, int)"
6060291778,266482,,,6060555038,1504,266482,123,123,3,cudaLaunchKernel,   1    1    1,   1    1    1,<unnamed>::warmup_kernel(double *)
6061163782,41178,6061204960,2235,6061207195,3872,47285,123,123,3,cudaLaunchKernel, 256    1    1, 256    1    1,"<unnamed>::pack_face_x(const double *, double *, int, int, int, int, int)"
6061207485,24476,6061231961,15138,6061247099,3904,43518,123,123,3,cudaLaunchKernel, 256    1    1, 256    1    1,"<unnamed>::pack_face_y(const double *, double *, int, int, int, int, int)"
6061234385,17213,6061251598,18989,6061270587,8640,44842,123,123,3,cudaLaunchKernel, 256    1    1, 256    1    1,"<unnamed>::pack_face_z(const double *, double *, int, int, int, int, int)"
6063619053,258708,,,6063871798,1504,258708,122,122,2,cudaLaunchKernel,   1    1    1,   1    1    1,<unnamed>::warmup_kernel(double *)
6064426957,46237,6064473194,1705,6064474899,3744,51686,122,122,2,cudaLaunchKernel, 256    1    1, 256    1    1,"<unnamed>::pack_face_x(const double *, double *, int, int, int, int, int)"
6064474997,17774,6064492771,4240,6064497011,3872,25886,122,122,2,cudaLaunchKernel, 256    1    1, 256    1    1,"<unnamed>::pack_face_y(const double *, double *, int, int, int, int, int)"
6064494555,19997,6064514552,2683,6064517235,8480,31160,122,122,2,cudaLaunchKernel, 256    1    1, 256    1    1,"<unnamed>::pack_face_z(const double *, double *, int, int, int, int, int)"
6067990799,40165,,,6068030751,2496,42448,133,133,7,cudaLaunchKernel, 256    1    1, 256    1    1,"<unnamed>::unpack_face_x(const double *, double *, int, int, int, int, int)"
6068034751,25087,6068059838,2145,6068061983,2464,29696,133,133,7,cudaLaunchKernel, 256    1    1, 256    1    1,"<unnamed>::unpack_face_y(const double *, double *, int, int, int, int, int)"
6068061592,14237,6068075829,2602,6068078431,5855,22694,133,133,7,cudaLaunchKernel, 256    1    1, 256    1    1,"<unnamed>::unpack_face_z(const double *, double *, int, int, int, int, int)"
6068190045,25858,6068215903,2015,6068217918,2304,30177,133,133,7,cudaLaunchKernel,   1    2    2,  32    4    4,"<unnamed>::step_kernel_interior(const double *, const double *, double *, const double *, const double *, int, int, int, int, int, int, int, double, double)"
6068218258,19717,6068237975,1927,6068239902,1952,23596,133,133,7,cudaLaunchKernel,   1    1    1, 256    1    1,"<unnamed>::step_kernel_boundary_x_faces(const double *, const double *, double *, const double *, const double *, int, int, int, int, int, int, int, double, double)"
6068239287,23505,6068262792,2710,6068265502,1952,28167,133,133,7,cudaLaunchKernel,   1    1    1, 256    1    1,"<unnamed>::step_kernel_boundary_y_faces(const double *, const double *, double *, const double *, const double *, int, int, int, int, int, int, int, double, double)"
6068264465,22552,,,6068285342,2048,22925,133,133,7,cudaLaunchKernel,   1    1    1, 256    1    1,"<unnamed>::step_kernel_boundary_z_faces(const double *, const double *, double *, const double *, const double *, int, int, int, int, int, int, int, double, double)"
6068300583,6302,6068306885,2553,6068309438,2496,11351,133,133,7,cudaLaunchKernel,   1    2    2,  32    4    4,"<unnamed>::step_kernel_interior(const double *, const double *, double *, const double *, const double *, int, int, int, int, int, int, int, double, double)"
6068307656,4158,6068311814,2424,6068314238,2048,8630,133,133,7,cudaLaunchKernel,   1    1    1, 256    1    1,"<unnamed>::step_kernel_boundary_x_faces(const double *, const double *, double *, const double *, const double *, int, int, int, int, int, int, int, double, double)"
6068312425,3607,6068316032,3870,6068319902,2048,9525,133,133,7,cudaLaunchKernel,   1    1    1, 256    1    1,"<unnamed>::step_kernel_boundary_y_faces(const double *, const double *, double *, const double *, const double *, int, int, int, int, int, int, int, double, double)"
6068316533,4869,6068321402,2564,6068323966,2016,9449,133,133,7,cudaLaunchKernel,   1    1    1, 256    1    1,"<unnamed>::step_kernel_boundary_z_faces(const double *, const double *, double *, const double *, const double *, int, int, int, int, int, int, int, double, double)"
6073772113,52419,6073824532,730,6073825262,2464,55613,122,122,2,cudaLaunchKernel, 256    1    1, 256    1    1,"<unnamed>::unpack_face_x(const double *, double *, int, int, int, int, int)"
6073827047,19887,6073846934,4408,6073851342,2432,26727,122,122,2,cudaLaunchKernel, 256    1    1, 256    1    1,"<unnamed>::unpack_face_y(const double *, double *, int, int, int, int, int)"
6073848627,22512,6073871139,2859,6073873998,6016,31387,122,122,2,cudaLaunchKernel, 256    1    1, 256    1    1,"<unnamed>::unpack_face_z(const double *, double *, int, int, int, int, int)"
6074006265,25948,6074032213,2040,6074034253,2304,30292,122,122,2,cudaLaunchKernel,   1    2    2,  32    4    4,"<unnamed>::step_kernel_interior(const double *, const double *, double *, const double *, const double *, int, int, int, int, int, int, int, double, double)"
6074034558,21160,6074055718,2663,6074058381,1920,25743,122,122,2,cudaLaunchKernel,   1    1    1, 256    1    1,"<unnamed>::step_kernel_boundary_x_faces(const double *, const double *, double *, const double *, const double *, int, int, int, int, int, int, int, double, double)"
6074057541,19306,6074076847,2974,6074079821,1920,24200,122,122,2,cudaLaunchKernel,   1    1    1, 256    1    1,"<unnamed>::step_kernel_boundary_y_faces(const double *, const double *, double *, const double *, const double *, int, int, int, int, int, int, int, double, double)"
6074078380,23195,6074101575,2886,6074104461,2016,28097,122,122,2,cudaLaunchKernel,   1    1    1, 256    1    1,"<unnamed>::step_kernel_boundary_z_faces(const double *, const double *, double *, const double *, const double *, int, int, int, int, int, int, int, double, double)"
6074114699,6162,6074120861,2992,6074123853,2464,11618,122,122,2,cudaLaunchKernel,   1    2    2,  32    4    4,"<unnamed>::step_kernel_interior(const double *, const double *, double *, const double *, const double *, int, int, int, int, int, int, int, double, double)"
6074121582,3907,6074125489,2940,6074128429,2048,8895,122,122,2,cudaLaunchKernel,   1    1    1, 256    1    1,"<unnamed>::step_kernel_boundary_x_faces(const double *, const double *, double *, const double *, const double *, int, int, int, int, int, int, int, double, double)"
6074126020,4128,6074130148,4137,6074134285,2016,10281,122,122,2,cudaLaunchKernel,   1    1    1, 256    1    1,"<unnamed>::step_kernel_boundary_y_faces(const double *, const double *, double *, const double *, const double *, int, int, int, int, int, int, int, double, double)"
6074130789,4439,6074135228,2833,6074138061,1984,9256,122,122,2,cudaLaunchKernel,   1    1    1, 256    1    1,"<unnamed>::step_kernel_boundary_z_faces(const double *, const double *, double *, const double *, const double *, int, int, int, int, int, int, int, double, double)"
6083102891,258408,,,6083352368,1536,258408,124,124,4,cudaLaunchKernel,   1    1    1,   1    1    1,<unnamed>::warmup_kernel(double *)
6083930523,41547,6083972070,746,6083972816,3680,45973,124,124,4,cudaLaunchKernel, 256    1    1, 256    1    1,"<unnamed>::pack_face_x(const double *, double *, int, int, int, int, int)"
6083974655,25519,6084000174,3746,6084003920,4064,33329,124,124,4,cudaLaunchKernel, 256    1    1, 256    1    1,"<unnamed>::pack_face_y(const double *, double *, int, int, int, int, int)"
6084001948,15529,6084017477,2571,6084020048,8736,26836,124,124,4,cudaLaunchKernel, 256    1    1, 256    1    1,"<unnamed>::pack_face_z(const double *, double *, int, int, int, int, int)"
6089958251,292793,,,6090247434,1632,292793,121,121,1,cudaLaunchKernel,   1    1    1,   1    1    1,<unnamed>::warmup_kernel(double *)
6090784590,53450,,,6090833098,4032,53450,121,121,1,cudaLaunchKernel, 256    1    1, 256    1    1,"<unnamed>::pack_face_x(const double *, double *, int, int, int, int, int)"
6090840886,19998,6090860884,4278,6090865162,4736,29012,121,121,1,cudaLaunchKernel, 256    1    1, 256    1    1,"<unnamed>::pack_face_y(const double *, double *, int, int, int, int, int)"
6090863068,17734,6090880802,2920,6090883722,8704,29358,121,121,1,cudaLaunchKernel, 256    1    1, 256    1    1,"<unnamed>::pack_face_z(const double *, double *, int, int, int, int, int)"
6102502992,38342,,,6102541138,2495,40641,126,126,6,cudaLaunchKernel, 256    1    1, 256    1    1,"<unnamed>::unpack_face_x(const double *, double *, int, int, int, int, int)"
6102543889,22232,6102566121,1416,6102567537,2432,26080,126,126,6,cudaLaunchKernel, 256    1    1, 256    1    1,"<unnamed>::unpack_face_y(const double *, double *, int, int, int, int, int)"
6102568365,14357,6102582722,2575,6102585297,5856,22788,126,126,6,cudaLaunchKernel, 256    1    1, 256    1    1,"<unnamed>::unpack_face_z(const double *, double *, int, int, int, int, int)"
6102683823,23564,6102707387,1174,6102708561,2304,27042,126,126,6,cudaLaunchKernel,   1    2    2,  32    4    4,"<unnamed>::step_kernel_interior(const double *, const double *, double *, const double *, const double *, int, int, int, int, int, int, int, double, double)"
6102709832,55194,6102765026,1775,6102766801,1920,58889,126,126,6,cudaLaunchKernel,   1    1    1, 256    1    1,"<unnamed>::step_kernel_boundary_x_faces(const double *, const double *, double *, const double *, const double *, int, int, int, int, int, int, int, double, double)"
6102768192,20839,6102789031,2250,6102791281,1920,25009,126,126,6,cudaLaunchKernel,   1    1    1, 256    1    1,"<unnamed>::step_kernel_boundary_y_faces(const double *, const double *, double *, const double *, const double *, int, int, int, int, int, int, int, double, double)"
6102791756,32020,6102823776,1168,6102824944,1984,35172,126,126,6,cudaLaunchKernel,   1    1    1, 256    1    1,"<unnamed>::step_kernel_boundary_z_faces(const double *, const double *, double *, const double *, const double *, int, int, int, int, int, int, int, double, double)"
6102832384,5801,6102838185,2183,6102840368,2432,10416,126,126,6,cudaLaunchKernel,   1    2    2,  32    4    4,"<unnamed>::step_kernel_interior(const double *, const double *, double *, const double *, const double *, int, int, int, int, int, int, int, double, double)"
6102838996,3587,6102842583,2297,6102844880,2016,7900,126,126,6,cudaLaunchKernel,   1    1    1, 256    1    1,"<unnamed>::step_kernel_boundary_x_faces(const double *, const double *, double *, const double *, const double *, int, int, int, int, int, int, int, double, double)"
6102843184,3777,6102846961,2367,6102849328,2016,8160,126,126,6,cudaLaunchKernel,   1    1    1, 256    1    1,"<unnamed>::step_kernel_boundary_y_faces(const double *, const double *, double *, const double *, const double *, int, int, int, int, int, int, int, double, double)"
6102847482,3256,6102850738,2494,6102853232,1984,7734,126,126,6,cudaLaunchKernel,   1    1    1, 256    1    1,"<unnamed>::step_kernel_boundary_z_faces(const double *, const double *, double *, const double *, const double *, int, int, int, int, int, int, int, double, double)"
6102974140,37841,6103011981,759,6103012740,2496,41096,124,124,4,cudaLaunchKernel, 256    1    1, 256    1    1,"<unnamed>::unpack_face_x(const double *, double *, int, int, int, int, int)"
6103014095,25469,6103039564,1048,6103040612,2432,28949,124,124,4,cudaLaunchKernel, 256    1    1, 256    1    1,"<unnamed>::unpack_face_y(const double *, double *, int, int, int, int, int)"
6103041879,16460,6103058339,2561,6103060900,5856,24877,124,124,4,cudaLaunchKernel, 256    1    1, 256    1    1,"<unnamed>::unpack_face_z(const double *, double *, int, int, int, int, int)"
6103206048,27282,6103233330,1362,6103234692,2272,30916,124,124,4,cudaLaunchKernel,   1    2    2,  32    4    4,"<unnamed>::step_kernel_interior(const double *, const double *, double *, const double *, const double *, int, int, int, int, int, int, int, double, double)"
6103236315,22302,6103258617,2219,6103260836,1952,26473,124,124,4,cudaLaunchKernel,   1    1    1, 256    1    1,"<unnamed>::step_kernel_boundary_x_faces(const double *, const double *, double *, const double *, const double *, int, int, int, int, int, int, int, double, double)"
6103259869,20449,6103280318,2566,6103282884,1888,24903,124,124,4,cudaLaunchKernel,   1    1    1, 256    1    1,"<unnamed>::step_kernel_boundary_y_faces(const double *, const double *, double *, const double *, const double *, int, int, int, int, int, int, int, double, double)"
6103281931,23284,6103305215,2245,6103307460,1984,27513,124,124,4,cudaLaunchKernel,   1    1    1, 256    1    1,"<unnamed>::step_kernel_boundary_z_faces(const double *, const double *, double *, const double *, const double *, int, int, int, int, int, int, int, double, double)"
6103316286,5090,6103321376,2404,6103323780,2464,9958,124,124,4,cudaLaunchKernel,   1    2    2,  32    4    4,"<unnamed>::step_kernel_interior(const double *, const double *, double *, const double *, const double *, int, int, int, int, int, int, int, double, double)"
6103322107,3968,6103326075,2121,6103328196,2048,8137,124,124,4,cudaLaunchKernel,   1    1    1, 256    1    1,"<unnamed>::step_kernel_boundary_x_faces(const double *, const double *, double *, const double *, const double *, int, int, int, int, int, int, int, double, double)"
6103326585,3868,6103330453,2223,6103332676,1984,8075,124,124,4,cudaLaunchKernel,   1    1    1, 256    1    1,"<unnamed>::step_kernel_boundary_y_faces(const double *, const double *, double *, const double *, const double *, int, int, int, int, int, int, int, double, double)"
6103330944,4328,6103335272,2492,6103337764,1984,8804,124,124,4,cudaLaunchKernel,   1    1    1, 256    1    1,"<unnamed>::step_kernel_boundary_z_faces(const double *, const double *, double *, const double *, const double *, int, int, int, int, int, int, int, double, double)"
6106518596,43502,6106562098,227,6106562325,2496,46225,125,125,5,cudaLaunchKernel, 256    1    1, 256    1    1,"<unnamed>::unpack_face_x(const double *, double *, int, int, int, int, int)"
6106536259,34585,6106570844,299,6106571143,2432,37316,123,123,3,cudaLaunchKernel, 256    1    1, 256    1    1,"<unnamed>::unpack_face_x(const double *, double *, int, int, int, int, int)"
6106565193,21220,6106586413,1832,6106588245,2432,25484,125,125,5,cudaLaunchKernel, 256    1    1, 256    1    1,"<unnamed>::unpack_face_y(const double *, double *, int, int, int, int, int)"
6106572858,24186,6106597044,3859,6106600903,2400,30445,123,123,3,cudaLaunchKernel, 256    1    1, 256    1    1,"<unnamed>::unpack_face_y(const double *, double *, int, int, int, int, int)"
6106588086,13477,6106601563,2394,6106603957,6240,22111,125,125,5,cudaLaunchKernel, 256    1    1, 256    1    1,"<unnamed>::unpack_face_z(const double *, double *, int, int, int, int, int)"
6106598938,18735,6106617673,2430,6106620103,5920,27085,123,123,3,cudaLaunchKernel, 256    1    1, 256    1    1,"<unnamed>::unpack_face_z(const double *, double *, int, int, int, int, int)"
6106703365,21420,6106724785,2021,6106726806,2336,25777,125,125,5,cudaLaunchKernel,   1    2    2,  32    4    4,"<unnamed>::step_kernel_interior(const double *, const double *, double *, const double *, const double *, int, int, int, int, int, int, int, double, double)"
6106715658,26750,6106742408,2207,6106744615,2304,31261,123,123,3,cudaLaunchKernel,   1    2    2,  32    4    4,"<unnamed>::step_kernel_interior(const double *, const double *, double *, const double *, const double *, int, int, int, int, int, int, int, double, double)"
6106726789,17953,6106744742,2416,6106747158,1920,22289,125,125,5,cudaLaunchKernel,   1    1    1, 256    1    1,"<unnamed>::step_kernel_boundary_x_faces(const double *, const double *, double *, const double *, const double *, int, int, int, int, int, int, int, double, double)"
6106744321,20439,6106764760,2799,6106767559,1920,25158,123,123,3,cudaLaunchKernel,   1    1    1, 256    1    1,"<unnamed>::step_kernel_boundary_x_faces(const double *, const double *, double *, const double *, const double *, int, int, int, int, int, int, int, double, double)"
6106746085,16611,6106762696,2798,6106765494,1920,21329,125,125,5,cudaLaunchKernel,   1    1    1, 256    1    1,"<unnamed>::step_kernel_boundary_y_faces(const double *, const double *, double *, const double *, const double *, int, int, int, int, int, int, int, double, double)"
6106764139,15920,6106780059,2523,6106782582,2016,20459,125,125,5,cudaLaunchKernel,   1    1    1, 256    1    1,"<unnamed>::step_kernel_boundary_z_faces(const double *, const double *, double *, const double *, const double *, int, int, int, int, int, int, int, double, double)"
6106766132,17524,6106783656,2398,6106786054,1920,21842,123,123,3,cudaLaunchKernel,   1    1    1, 256    1    1,"<unnamed>::step_kernel_boundary_y_faces(const double *, const double *, double *, const double *, const double *, int, int, int, int, int, int, int, double, double)"
6106785089,19787,6106804876,186,6106805062,2016,21989,123,123,3,cudaLaunchKernel,   1    1    1, 256    1    1,"<unnamed>::step_kernel_boundary_z_faces(const double *, const double *, double *, const double *, const double *, int, int, int, int, int, int, int, double, double)"
6106791531,4248,6106795779,2451,6106798230,2432,9131,125,125,5,cudaLaunchKernel,   1    2    2,  32    4    4,"<unnamed>::step_kernel_interior(const double *, const double *, double *, const double *, const double *, int, int, int, int, int, int, int, double, double)"
6106796590,3517,6106800107,2379,6106802486,2016,7912,125,125,5,cudaLaunchKernel,   1    1    1, 256    1    1,"<unnamed>::step_kernel_boundary_x_faces(const double *, const double *, double *, const double *, const double *, int, int, int, int, int, int, int, double, double)"
6106800728,3507,6106804235,2443,6106806678,2016,7966,125,125,5,cudaLaunchKernel,   1    1    1, 256    1    1,"<unnamed>::step_kernel_boundary_y_faces(const double *, const double *, double *, const double *, const double *, int, int, int, int, int, int, int, double, double)"
6106804756,39975,6106844731,2203,6106846934,1984,44162,125,125,5,cudaLaunchKernel,   1    1    1, 256    1    1,"<unnamed>::step_kernel_boundary_z_faces(const double *, const double *, double *, const double *, const double *, int, int, int, int, int, int, int, double, double)"
6106823801,6052,6106829853,2505,6106832358,2464,11021,123,123,3,cudaLaunchKernel,   1    2    2,  32    4    4,"<unnamed>::step_kernel_interior(const double *, const double *, double *, const double *, const double *, int, int, int, int, int, int, int, double, double)"
6106830704,3838,6106834542,2200,6106836742,2016,8054,123,123,3,cudaLaunchKernel,   1    1    1, 256    1    1,"<unnamed>::step_kernel_boundary_x_faces(const double *, const double *, double *, const double *, const double *, int, int, int, int, int, int, int, double, double)"
6106835143,4208,6106839351,2767,6106842118,2016,8991,123,123,3,cudaLaunchKernel,   1    1    1, 256    1    1,"<unnamed>::step_kernel_boundary_y_faces(const double *, const double *, double *, const double *, const double *, int, int, int, int, int, int, int, double, double)"
6106839982,3496,6106843478,2736,6106846214,1984,8216,123,123,3,cudaLaunchKernel,   1    1    1, 256    1    1,"<unnamed>::step_kernel_boundary_z_faces(const double *, const double *, double *, const double *, const double *, int, int, int, int, int, int, int, double, double)"
6107688101,40648,6107728749,795,6107729544,2688,44131,121,121,1,cudaLaunchKernel, 256    1    1, 256    1    1,"<unnamed>::unpack_face_x(const double *, double *, int, int, int, int, int)"
6107730943,19076,6107750019,2661,6107752680,2688,24425,121,121,1,cudaLaunchKernel, 256    1    1, 256    1    1,"<unnamed>::unpack_face_y(const double *, double *, int, int, int, int, int)"
6107751852,22683,,,6107774472,6144,28764,121,121,1,cudaLaunchKernel, 256    1    1, 256    1    1,"<unnamed>::unpack_face_z(const double *, double *, int, int, int, int, int)"
6107786888,57418,,,6107843972,2528,59612,120,120,0,cudaLaunchKernel, 256    1    1, 256    1    1,"<unnamed>::unpack_face_x(const double *, double *, int, int, int, int, int)"
6107846741,17563,6107864304,2548,6107866852,2464,22575,120,120,0,cudaLaunchKernel, 256    1    1, 256    1    1,"<unnamed>::unpack_face_y(const double *, double *, int, int, int, int, int)"
6107866789,19105,6107885894,2622,6107888516,6016,27743,120,120,0,cudaLaunchKernel, 256    1    1, 256    1    1,"<unnamed>::unpack_face_z(const double *, double *, int, int, int, int, int)"
6107893929,45316,6107939245,1595,6107940840,2496,49407,121,121,1,cudaLaunchKernel,   1    2    2,  32    4    4,"<unnamed>::step_kernel_interior(const double *, const double *, double *, const double *, const double *, int, int, int, int, int, int, int, double, double)"
6107941550,24806,6107966356,2100,6107968456,2112,29018,121,121,1,cudaLaunchKernel,   1    1    1, 256    1    1,"<unnamed>::step_kernel_boundary_x_faces(const double *, const double *, double *, const double *, const double *, int, int, int, int, int, int, int, double, double)"
6107967939,25408,6107993347,2789,6107996136,2112,30309,121,121,1,cudaLaunchKernel,   1    1    1, 256    1    1,"<unnamed>::step_kernel_boundary_y_faces(const double *, const double *, double *, const double *, const double *, int, int, int, int, int, int, int, double, double)"
6107995040,19868,6108014908,2988,6108017896,2208,25064,121,121,1,cudaLaunchKernel,   1    1    1, 256    1    1,"<unnamed>::step_kernel_boundary_z_faces(const double *, const double *, double *, const double *, const double *, int, int, int, int, int, int, int, double, double)"
6108007615,23804,6108031419,2088,6108033507,2304,28196,120,120,0,cudaLaunchKernel,   1    2    2,  32    4    4,"<unnamed>::step_kernel_interior(const double *, const double *, double *, const double *, const double *, int, int, int, int, int, int, int, double, double)"
6108026831,5149,6108031980,2652,6108034632,2688,10489,121,121,1,cudaLaunchKernel,   1    2    2,  32    4    4,"<unnamed>::step_kernel_interior(const double *, const double *, double *, const double *, const double *, int, int, int, int, int, int, int, double, double)"
6108032962,4499,6108037461,2643,6108040104,2208,9350,121,121,1,cudaLaunchKernel,   1    1    1, 256    1    1,"<unnamed>::step_kernel_boundary_x_faces(const double *, const double *, double *, const double *, const double *, int, int, int, int, int, int, int, double, double)"
6108033293,19456,6108052749,2646,6108055395,1920,24022,120,120,0,cudaLaunchKernel,   1    1    1, 256    1    1,"<unnamed>::step_kernel_boundary_x_faces(const double *, const double *, double *, const double *, const double *, int, int, int, int, int, int, int, double, double)"
6108038112,3717,6108041829,3939,6108045768,2176,9832,121,121,1,cudaLaunchKernel,   1    1    1, 256    1    1,"<unnamed>::step_kernel_boundary_y_faces(const double *, const double *, double *, const double *, const double *, int, int, int, int, int, int, int, double, double)"
6108042640,3828,6108046468,2788,6108049256,2176,8792,121,121,1,cudaLaunchKernel,   1    1    1, 256    1    1,"<unnamed>::step_kernel_boundary_z_faces(const double *, const double *, double *, const double *, const double *, int, int, int, int, int, int, int, double, double)"
6108054362,18305,6108072667,2792,6108075459,1920,23017,120,120,0,cudaLaunchKernel,   1    1    1, 256    1    1,"<unnamed>::step_kernel_boundary_y_faces(const double *, const double *, double *, const double *, const double *, int, int, int, int, int, int, int, double, double)"
6108074230,17532,6108091762,2609,6108094371,1984,22125,120,120,0,cudaLaunchKernel,   1    1    1, 256    1    1,"<unnamed>::step_kernel_boundary_z_faces(const double *, const double *, double *, const double *, const double *, int, int, int, int, int, int, int, double, double)"
6108101281,4859,6108106140,2567,6108108707,2464,9890,120,120,0,cudaLaunchKernel,   1    2    2,  32    4    4,"<unnamed>::step_kernel_interior(const double *, const double *, double *, const double *, const double *, int, int, int, int, int, int, int, double, double)"
6108106882,3637,6108110519,2572,6108113091,2048,8257,120,120,0,cudaLaunchKernel,   1    1    1, 256    1    1,"<unnamed>::step_kernel_boundary_x_faces(const double *, const double *, double *, const double *, const double *, int, int, int, int, int, int, int, double, double)"
6108111040,3737,6108114777,3466,6108118243,2016,9219,120,120,0,cudaLaunchKernel,   1    1    1, 256    1    1,"<unnamed>::step_kernel_boundary_y_faces(const double *, const double *, double *, const double *, const double *, int, int, int, int, int, int, int, double, double)"
6108115348,3757,6108119105,2882,6108121987,1984,8623,120,120,0,cudaLaunchKernel,   1    1    1, 256    1    1,"<unnamed>::step_kernel_boundary_z_faces(const double *, const double *, double *, const double *, const double *, int, int, int, int, int, int, int, double, double)"
6108536652,14627,6108551279,555,6108551834,3008,18190,126,126,6,cudaLaunchKernel, 256    1    1, 256    1    1,"<unnamed>::pack_face_x(const double *, double *, int, int, int, int, int)"
6108541551,15800,6108557351,573,6108557924,2976,19349,122,122,2,cudaLaunchKernel, 256    1    1, 256    1    1,"<unnamed>::pack_face_x(const double *, double *, int, int, int, int, int)"
6108551520,15559,6108567079,185,6108567264,3072,18816,124,124,4,cudaLaunchKernel, 256    1    1, 256    1    1,"<unnamed>::pack_face_x(const double *, double *, int, int, int, int, int)"
6108552151,4899,6108557050,3488,6108560538,2976,11363,126,126,6,cudaLaunchKernel, 256    1    1, 256    1    1,"<unnamed>::pack_face_y(const double *, double *, int, int, int, int, int)"
6108557741,4018,6108561759,2747,6108564506,3584,10349,126,126,6,cudaLaunchKernel, 256    1    1, 256    1    1,"<unnamed>::pack_face_z(const double *, double *, int, int, int, int, int)"
6108558232,5280,6108563512,3852,6108567364,2880,12012,122,122,2,cudaLaunchKernel, 256    1    1, 256    1    1,"<unnamed>::pack_face_y(const double *, double *, int, int, int, int, int)"
6108558232,12655,6108570887,1274,6108572161,3072,17001,120,120,0,cudaLaunchKernel, 256    1    1, 256    1    1,"<unnamed>::pack_face_x(const double *, double *, int, int, int, int, int)"
6108562841,3637,6108566478,2572,6108569050,411934,418143,126,126,6,cudaLaunchKernel,   8   64   64,  32    4    4,"<unnamed>::step_kernel_interior(const double *, const double *, double *, const double *, const double *, int, int, int, int, int, int, int, double, double)"
6108564234,4379,6108568613,2815,6108571428,3616,10810,122,122,2,cudaLaunchKernel, 256    1    1, 256    1    1,"<unnamed>::pack_face_z(const double *, double *, int, int, int, int, int)"
6108568072,5270,6108573342,3426,6108576768,2976,11672,124,124,4,cudaLaunchKernel, 256    1    1, 256    1    1,"<unnamed>::pack_face_y(const double *, double *, int, int, int, int, int)"
6108569785,4599,6108574384,2484,6108576868,410942,418025,122,122,2,cudaLaunchKernel,   8   64   64,  32    4    4,"<unnamed>::step_kernel_interior(const double *, const double *, double *, const double *, const double *, int, int, int, int, int, int, int, double, double)"
6108571669,4989,6108576658,3855,6108580513,2976,11820,120,120,0,cudaLaunchKernel, 256    1    1, 256    1    1,"<unnamed>::pack_face_y(const double *, double *, int, int, int, int, int)"
6108574895,5089,6108579984,2320,6108582304,3936,11345,124,124,4,cudaLaunchKernel, 256    1    1, 256    1    1,"<unnamed>::pack_face_z(const double *, double *, int, int, int, int, int)"
6108577359,4549,6108581908,2701,6108584609,3648,10898,120,120,0,cudaLaunchKernel, 256    1    1, 256    1    1,"<unnamed>::pack_face_z(const double *, double *, int, int, int, int, int)"
6108582028,4809,6108586837,2251,6108589088,403872,410932,124,124,4,cudaLaunchKernel,   8   64   64,  32    4    4,"<unnamed>::step_kernel_interior(const double *, const double *, double *, const double *, const double *, int, int, int, int, int, int, int, double, double)"
6108582950,4168,6108587118,2515,6108589633,407262,413945,120,120,0,cudaLaunchKernel,   8   64   64,  32    4    4,"<unnamed>::step_kernel_interior(const double *, const double *, double *, const double *, const double *, int, int, int, int, int, int, int, double, double)"
6108598980,15679,6108614659,465,6108615124,2944,19088,133,133,7,cudaLaunchKernel, 256    1    1, 256    1    1,"<unnamed>::pack_face_x(const double *, double *, int, int, int, int, int)"
6108603228,15028,6108618256,493,6108618749,3136,18657,125,125,5,cudaLaunchKernel, 256    1    1, 256    1    1,"<unnamed>::pack_face_x(const double *, double *, int, int, int, int, int)"
6108615631,4849,6108620480,3284,6108623764,3008,11141,133,133,7,cudaLaunchKernel, 256    1    1, 256    1    1,"<unnamed>::pack_face_y(const double *, double *, int, int, int, int, int)"
6108619037,5501,6108624538,3491,6108628029,3104,12096,125,125,5,cudaLaunchKernel, 256    1    1, 256    1    1,"<unnamed>::pack_face_y(const double *, double *, int, int, int, int, int)"
6108621121,3998,6108625119,2677,6108627796,3584,10259,133,133,7,cudaLaunchKernel, 256    1    1, 256    1    1,"<unnamed>::pack_face_z(const double *, double *, int, int, int, int, int)"
6108622003,14006,6108636009,895,6108636904,3328,18229,121,121,1,cudaLaunchKernel, 256    1    1, 256    1    1,"<unnamed>::pack_face_x(const double *, double *, int, int, int, int, int)"
6108625139,3697,6108628836,3385,6108632221,3648,10730,125,125,5,cudaLaunchKernel, 256    1    1, 256    1    1,"<unnamed>::pack_face_z(const double *, double *, int, int, int, int, int)"
6108626582,4197,6108630779,2265,6108633044,408255,414717,133,133,7,cudaLaunchKernel,   8   64   64,  32    4    4,"<unnamed>::step_kernel_interior(const double *, const double *, double *, const double *, const double *, int, int, int, int, int, int, int, double, double)"
6108629898,3807,6108633705,2228,6108635933,409794,415829,125,125,5,cudaLaunchKernel,   8   64   64,  32    4    4,"<unnamed>::step_kernel_interior(const double *, const double *, double *, const double *, const double *, int, int, int, int, int, int, int, double, double)"
6108632082,14637,6108646719,832,6108647551,2976,18445,123,123,3,cudaLaunchKernel, 256    1    1, 256    1    1,"<unnamed>::pack_face_x(const double *, double *, int, int, int, int, int)"
6108637021,5571,6108642592,3848,6108646440,3328,12747,121,121,1,cudaLaunchKernel, 256    1    1, 256    1    1,"<unnamed>::pack_face_y(const double *, double *, int, int, int, int, int)"
6108643333,4438,6108647771,3245,6108651016,3904,11587,121,121,1,cudaLaunchKernel, 256    1    1, 256    1    1,"<unnamed>::pack_face_z(const double *, double *, int, int, int, int, int)"
6108647631,4929,6108652560,3695,6108656255,2944,11568,123,123,3,cudaLaunchKernel, 256    1    1, 256    1    1,"<unnamed>::pack_face_y(const double *, double *, int, int, int, int, int)"
6108649124,4308,6108653432,2576,6108656008,404287,411171,121,121,1,cudaLaunchKernel,   8   64   64,  32    4    4,"<unnamed>::step_kernel_interior(const double *, const double *, double *, const double *, const double *, int, int, int, int, int, int, int, double, double)"
6108653282,4678,6108657960,2967,6108660927,3552,11197,123,123,3,cudaLaunchKernel, 256    1    1, 256    1    1,"<unnamed>::pack_face_z(const double *, double *, int, int, int, int, int)"
6108659133,4539,6108663672,2631,6108666303,408862,416032,123,123,3,cudaLaunchKernel,   8   64   64,  32    4    4,"<unnamed>::step_kernel_interior(const double *, const double *, double *, const double *, const double *, int, int, int, int, int, int, int, double, double)"
6108766506,8326,6108774832,262659,6109037491,4512,275497,133,133,7,cudaLaunchKernel, 256    1    1, 256    1    1,"<unnamed>::unpack_face_x(const double *, double *, int, int, int, int, int)"
6108773579,8737,6108782316,199446,6108981762,5824,214007,122,122,2,cudaLaunchKernel, 256    1    1, 256    1    1,"<unnamed>::unpack_face_x(const double *, double *, int, int, int, int, int)"
6108775603,3887,6108779490,263569,6109043059,3072,270528,133,133,7,cudaLaunchKernel, 256    1    1, 256    1    1,"<unnamed>::unpack_face_y(const double *, double *, int, int, int, int, int)"
6108780162,3747,6108783909,263758,6109047667,4960,272465,133,133,7,cudaLaunchKernel, 256    1    1, 256    1    1,"<unnamed>::unpack_face_z(const double *, double *, int, int, int, int, int)"
6108783047,4468,6108787515,201351,6108988866,3008,208827,122,122,2,cudaLaunchKernel, 256    1    1, 256    1    1,"<unnamed>::unpack_face_y(const double *, double *, int, int, int, int, int)"
6108784049,7554,6108791603,265044,6109056647,4992,277590,121,121,1,cudaLaunchKernel, 256    1    1, 256    1    1,"<unnamed>::unpack_face_x(const double *, double *, int, int, int, int, int)"
6108784860,3677,6108788537,265050,6109053587,7488,276215,133,133,7,cudaLaunchKernel, 512    1    1, 256    1    1,"<unnamed>::step_kernel_boundary_x_faces(const double *, const double *, double *, const double *, const double *, int, int, int, int, int, int, int, double, double)"
6108784890,7364,6108792254,279423,6109071677,4096,290883,123,123,3,cudaLaunchKernel, 256    1    1, 256    1    1,"<unnamed>::unpack_face_x(const double *, double *, int, int, int, int, int)"
6108788086,3868,6108791954,201168,6108993122,4480,209516,122,122,2,cudaLaunchKernel, 256    1    1, 256    1    1,"<unnamed>::unpack_face_z(const double *, double *, int, int, int, int, int)"
6108789148,3467,6108792615,269516,6109062131,7520,280503,133,133,7,cudaLaunchKernel, 508    1    1, 256    1    1,"<unnamed>::step_kernel_boundary_y_faces(const double *, const double *, double *, const double *, const double *, int, int, int, int, int, int, int, double, double)"
6108792415,5580,6108797995,264892,6109062887,3328,273800,121,121,1,cudaLaunchKernel, 256    1    1, 256    1    1,"<unnamed>::unpack_face_y(const double *, double *, int, int, int, int, int)"
6108792855,3667,6108796522,202328,6108998850,6976,212971,122,122,2,cudaLaunchKernel, 512    1    1, 256    1    1,"<unnamed>::step_kernel_boundary_x_faces(const double *, const double *, double *, const double *, const double *, int, int, int, int, int, int, int, double, double)"
6108792936,3967,6108796903,279990,6109076893,3072,287029,123,123,3,cudaLaunchKernel, 256    1    1, 256    1    1,"<unnamed>::unpack_face_y(const double *, double *, int, int, int, int, int)"
6108793226,3426,6108796652,273927,6109070579,51584,328937,133,133,7,cudaLaunchKernel, 505    1    1, 256    1    1,"<unnamed>::step_kernel_boundary_z_faces(const double *, const double *, double *, const double *, const double *, int, int, int, int, int, int, int, double, double)"
6108797153,3607,6108800760,206346,6109007106,7872,217825,122,122,2,cudaLaunchKernel, 508    1    1, 256    1    1,"<unnamed>::step_kernel_boundary_y_faces(const double *, const double *, double *, const double *, const double *, int, int, int, int, int, int, int, double, double)"
6108797634,3667,6108801301,279688,6109080989,4736,288091,123,123,3,cudaLaunchKernel, 256    1    1, 256    1    1,"<unnamed>::unpack_face_z(const double *, double *, int, int, int, int, int)"
6108798676,4469,6108803145,264254,6109067399,4704,273427,121,121,1,cudaLaunchKernel, 256    1    1, 256    1    1,"<unnamed>::unpack_face_z(const double *, double *, int, int, int, int, int)"
6108801291,4118,6108805409,210657,6109016066,53344,268119,122,122,2,cudaLaunchKernel, 505    1    1, 256    1    1,"<unnamed>::step_kernel_boundary_z_faces(const double *, const double *, double *, const double *, const double *, int, int, int, int, int, int, int, double, double)"
6108802423,3797,6108806220,280465,6109086685,7040,291302,123,123,3,cudaLaunchKernel, 512    1    1, 256    1    1,"<unnamed>::step_kernel_boundary_x_faces(const double *, const double *, double *, const double *, const double *, int, int, int, int, int, int, int, double, double)"
6108804497,3677,6108808174,265241,6109073415,7328,276246,121,121,1,cudaLaunchKernel, 512    1    1, 256    1    1,"<unnamed>::step_kernel_boundary_x_faces(const double *, const double *, double *, const double *, const double *, int, int, int, int, int, int, int, double, double)"
6108804607,3828,6108808435,716607,6109525042,5440,725875,133,133,7,cudaLaunchKernel, 256    1    1, 256    1    1,"<unnamed>::pack_face_x(const double *, double *, int, int, int, int, int)"
6108806912,17302,6108824214,270535,6109094749,7744,295581,123,123,3,cudaLaunchKernel, 508    1    1, 256    1    1,"<unnamed>::step_kernel_boundary_y_faces(const double *, const double *, double *, const double *, const double *, int, int, int, int, int, int, int, double, double)"
6108808855,14708,6108823563,258428,6109081991,10048,283184,121,121,1,cudaLaunchKernel, 508    1    1, 256    1    1,"<unnamed>::step_kernel_boundary_y_faces(const double *, const double *, double *, const double *, const double *, int, int, int, int, int, int, int, double, double)"
6108808986,15619,6108824605,706997,6109531602,3328,725944,133,133,7,cudaLaunchKernel, 256    1    1, 256    1    1,"<unnamed>::pack_face_y(const double *, double *, int, int, int, int, int)"
6108824264,4429,6108828693,264434,6109093127,52256,321119,121,121,1,cudaLaunchKernel, 505    1    1, 256    1    1,"<unnamed>::step_kernel_boundary_z_faces(const double *, const double *, double *, const double *, const double *, int, int, int, int, int, int, int, double, double)"
6108824885,4168,6108829053,274496,6109103549,51744,330408,123,123,3,cudaLaunchKernel, 505    1    1, 256    1    1,"<unnamed>::step_kernel_boundary_z_faces(const double *, const double *, double *, const double *, const double *, int, int, int, int, int, int, int, double, double)"
6108825877,4088,6108829965,706053,6109536018,7807,717948,133,133,7,cudaLaunchKernel, 256    1    1, 256    1    1,"<unnamed>::pack_face_z(const double *, double *, int, int, int, int, int)"
6108826198,4809,6108831007,239459,6109070466,7808,252076,122,122,2,cudaLaunchKernel, 256    1    1, 256    1    1,"<unnamed>::pack_face_x(const double *, double *, int, int, int, int, int)"
6108830857,4218,6108835075,288304,6109123379,407327,699849,133,133,7,cudaLaunchKernel,   8   64   64,  32    4    4,"<unnamed>::step_kernel_interior(const double *, const double *, double *, const double *, const double *, int, int, int, int, int, int, int, double, double)"
6108831628,3627,6108835255,637801,6109473056,5792,647220,122,122,2,cudaLaunchKernel, 256    1    1, 256    1    1,"<unnamed>::pack_face_y(const double *, double *, int, int, int, int, int)"
6108835836,3677,6108839513,640423,6109479936,8448,652548,122,122,2,cudaLaunchKernel, 256    1    1, 256    1    1,"<unnamed>::pack_face_z(const double *, double *, int, int, int, int, int)"
6108837850,4208,6108842058,716753,6109558811,5152,726113,123,123,3,cudaLaunchKernel, 256    1    1, 256    1    1,"<unnamed>::pack_face_x(const double *, double *, int, int, int, int, int)"
6108837990,3988,6108841978,304525,6109146503,7584,316097,121,121,1,cudaLaunchKernel, 256    1    1, 256    1    1,"<unnamed>::pack_face_x(const double *, double *, int, int, int, int, int)"
6108840264,4268,6108844532,226510,6109071042,407550,638328,122,122,2,cudaLaunchKernel,   8   64   64,  32    4    4,"<unnamed>::step_kernel_interior(const double *, const double *, double *, const double *, const double *, int, int, int, int, int, int, int, double, double)"
6108842689,3476,6108846165,718886,6109565051,3392,725754,123,123,3,cudaLaunchKernel, 256    1    1, 256    1    1,"<unnamed>::pack_face_y(const double *, double *, int, int, int, int, int)"
6108842859,3487,6108846346,701533,6109547879,5760,710780,121,121,1,cudaLaunchKernel, 256    1    1, 256    1    1,"<unnamed>::pack_face_y(const double *, double *, int, int, int, int, int)"
6108846736,3667,6108850403,719032,6109569435,7840,730539,123,123,3,cudaLaunchKernel, 256    1    1, 256    1    1,"<unnamed>::pack_face_z(const double *, double *, int, int, int, int, int)"
6108846947,3526,6108850473,704222,6109554695,8608,716356,121,121,1,cudaLaunchKernel, 256    1    1, 256    1    1,"<unnamed>::pack_face_z(const double *, double *, int, int, int, int, int)"
6108851246,4007,6108855253,301128,6109156381,407774,712909,123,123,3,cudaLaunchKernel,   8   64   64,  32    4    4,"<unnamed>::step_kernel_interior(const double *, const double *, double *, const double *, const double *, int, int, int, int, int, int, int, double, double)"
6108851366,4879,6108856245,290834,6109147079,406272,701985,121,121,1,cudaLaunchKernel,   8   64   64,  32    4    4,"<unnamed>::step_kernel_interior(const double *, const double *, double *, const double *, const double *, int, int, int, int, int, int, int, double, double)"
6109648770,9117,6109657887,2716,6109660603,2464,14297,123,123,3,cudaLaunchKernel, 256    1    1, 256    1    1,"<unnamed>::unpack_face_x(const double *, double *, int, int, int, int, int)"
6109658548,4007,6109662555,3872,6109666427,2368,10247,123,123,3,cudaLaunchKernel, 256    1    1, 256    1    1,"<unnamed>::unpack_face_y(const double *, double *, int, int, int, int, int)"
6109663217,4117,6109667334,2389,6109669723,3904,10410,123,123,3,cudaLaunchKernel, 256    1    1, 256    1    1,"<unnamed>::unpack_face_z(const double *, double *, int, int, int, int, int)"
6109668276,4058,6109672334,2765,6109675099,6272,13095,123,123,3,cudaLaunchKernel, 512    1    1, 256    1    1,"<unnamed>::step_kernel_boundary_x_faces(const double *, const double *, double *, const double *, const double *, int, int, int, int, int, int, int, double, double)"
6109673516,4148,6109677664,4667,6109682331,7584,16399,123,123,3,cudaLaunchKernel, 508    1    1, 256    1    1,"<unnamed>::step_kernel_boundary_y_faces(const double *, const double *, double *, const double *, const double *, int, int, int, int, int, int, int, double, double)"
6109678255,3456,6109681711,9132,6109690843,50240,62828,123,123,3,cudaLaunchKernel, 505    1    1, 256    1    1,"<unnamed>::step_kernel_boundary_z_faces(const double *, const double *, double *, const double *, const double *, int, int, int, int, int, int, int, double, double)"
6109689496,3917,6109693413,48662,6109742075,7360,59939,123,123,3,cudaLaunchKernel, 256    1    1, 256    1    1,"<unnamed>::pack_face_x(const double *, double *, int, int, int, int, int)"
6109694004,3838,6109697842,451911,6110149753,4256,460005,123,123,3,cudaLaunchKernel, 256    1    1, 256    1    1,"<unnamed>::pack_face_y(const double *, double *, int, int, int, int, int)"
6109698423,3547,6109701970,453831,6110155801,8288,465666,123,123,3,cudaLaunchKernel, 256    1    1, 256    1    1,"<unnamed>::pack_face_z(const double *, double *, int, int, int, int, int)"
6109702772,4178,6109706950,35669,6109742619,410814,450661,123,123,3,cudaLaunchKernel,   8   64   64,  32    4    4,"<unnamed>::step_kernel_interior(const double *, const double *, double *, const double *, const double *, int, int, int, int, int, int, int, double, double)"
6125441927,11011,6125452938,1549,6125454487,3008,15568,126,126,6,cudaLaunchKernel, 256    1    1, 256    1    1,"<unnamed>::unpack_face_x(const double *, double *, int, int, int, int, int)"
6125448319,13195,6125461514,1768,6125463282,2656,17619,120,120,0,cudaLaunchKernel, 256    1    1, 256    1    1,"<unnamed>::unpack_face_x(const double *, double *, int, int, int, int, int)"
6125453449,13575,6125467024,1198,6125468222,2977,17750,125,125,5,cudaLaunchKernel, 256    1    1, 256    1    1,"<unnamed>::unpack_face_x(const double *, double *, int, int, int, int, int)"
6125453659,3988,6125457647,3272,6125460919,2624,9884,126,126,6,cudaLaunchKernel, 256    1    1, 256    1    1,"<unnamed>::unpack_face_y(const double *, double *, int, int, int, int, int)"
6125454701,15089,6125469790,984,6125470774,2656,18729,124,124,4,cudaLaunchKernel, 256    1    1, 256    1    1,"<unnamed>::unpack_face_x(const double *, double *, int, int, int, int, int)"
6125458218,4899,6125463117,3530,6125466647,4384,12813,126,126,6,cudaLaunchKernel, 256    1    1, 256    1    1,"<unnamed>::unpack_face_z(const double *, double *, int, int, int, int, int)"
6125463307,4990,6125468297,3913,6125472210,3104,12007,120,120,0,cudaLaunchKernel, 256    1    1, 256    1    1,"<unnamed>::unpack_face_y(const double *, double *, int, int, int, int, int)"
6125464159,3467,6125467626,4493,6125472119,7136,15096,126,126,6,cudaLaunchKernel, 512    1    1, 256    1    1,"<unnamed>::step_kernel_boundary_x_faces(const double *, const double *, double *, const double *, const double *, int, int, int, int, int, int, int, double, double)"
6125467856,5671,6125473527,3464,6125476991,2912,12047,125,125,5,cudaLaunchKernel, 256    1    1, 256    1    1,"<unnamed>::unpack_face_y(const double *, double *, int, int, int, int, int)"
6125468187,3626,6125471813,8434,6125480247,7616,19676,126,126,6,cudaLaunchKernel, 508    1    1, 256    1    1,"<unnamed>::step_kernel_boundary_y_faces(const double *, const double *, double *, const double *, const double *, int, int, int, int, int, int, int, double, double)"
6125468968,3757,6125472725,4445,6125477170,4480,12682,120,120,0,cudaLaunchKernel, 256    1    1, 256    1    1,"<unnamed>::unpack_face_z(const double *, double *, int, int, int, int, int)"
6125471383,5961,6125477344,2262,6125479606,2656,10879,124,124,4,cudaLaunchKernel, 256    1    1, 256    1    1,"<unnamed>::unpack_face_y(const double *, double *, int, int, int, int, int)"
6125472405,3246,6125475651,13172,6125488823,53248,69666,126,126,6,cudaLaunchKernel, 505    1    1, 256    1    1,"<unnamed>::step_kernel_boundary_z_faces(const double *, const double *, double *, const double *, const double *, int, int, int, int, int, int, int, double, double)"
6125473777,4098,6125477875,4895,6125482770,7264,16257,120,120,0,cudaLaunchKernel, 512    1    1, 256    1    1,"<unnamed>::step_kernel_boundary_x_faces(const double *, const double *, double *, const double *, const double *, int, int, int, int, int, int, int, double, double)"
6125474288,3767,6125478055,3736,6125481791,5056,12559,125,125,5,cudaLaunchKernel, 256    1    1, 256    1    1,"<unnamed>::unpack_face_z(const double *, double *, int, int, int, int, int)"
6125478256,4628,6125482884,3154,6125486038,4640,12422,124,124,4,cudaLaunchKernel, 256    1    1, 256    1    1,"<unnamed>::unpack_face_z(const double *, double *, int, int, int, int, int)"
6125478456,3567,6125482023,9067,6125491090,7488,20122,120,120,0,cudaLaunchKernel, 508    1    1, 256    1    1,"<unnamed>::step_kernel_boundary_y_faces(const double *, const double *, double *, const double *, const double *, int, int, int, int, int, int, int, double, double)"
6125479127,3617,6125482744,5127,6125487871,7648,16392,125,125,5,cudaLaunchKernel, 512    1    1, 256    1    1,"<unnamed>::step_kernel_boundary_x_faces(const double *, const double *, double *, const double *, const double *, int, int, int, int, int, int, int, double, double)"
6125482754,3747,6125486501,13197,6125499698,52351,69295,120,120,0,cudaLaunchKernel, 505    1    1, 256    1    1,"<unnamed>::step_kernel_boundary_z_faces(const double *, const double *, double *, const double *, const double *, int, int, int, int, int, int, int, double, double)"
6125483285,3466,6125486751,9952,6125496703,7328,20746,125,125,5,cudaLaunchKernel, 508    1    1, 256    1    1,"<unnamed>::step_kernel_boundary_y_faces(const double *, const double *, double *, const double *, const double *, int, int, int, int, int, int, int, double, double)"
6125484167,4488,6125488655,2983,6125491638,7072,14543,124,124,4,cudaLaunchKernel, 512    1    1, 256    1    1,"<unnamed>::step_kernel_boundary_x_faces(const double *, const double *, double *, const double *, const double *, int, int, int, int, int, int, int, double, double)"
6125487393,3496,6125490889,14134,6125505023,52480,70110,125,125,5,cudaLaunchKernel, 505    1    1, 256    1    1,"<unnamed>::step_kernel_boundary_z_faces(const double *, const double *, double *, const double *, const double *, int, int, int, int, int, int, int, double, double)"
6125489186,4268,6125493454,6312,6125499766,7872,18452,124,124,4,cudaLaunchKernel, 508    1    1, 256    1    1,"<unnamed>::step_kernel_boundary_y_faces(const double *, const double *, double *, const double *, const double *, int, int, int, int, int, int, int, double, double)"
6125494125,4579,6125498704,9894,6125508598,52480,66953,124,124,4,cudaLaunchKernel, 505    1    1, 256    1    1,"<unnamed>::step_kernel_boundary_z_faces(const double *, const double *, double *, const double *, const double *, int, int, int, int, int, int, int, double, double)"
6125509644,5511,6125515155,27876,6125543031,7072,40459,126,126,6,cudaLaunchKernel, 256    1    1, 256    1    1,"<unnamed>::pack_face_x(const double *, double *, int, int, int, int, int)"
6125510877,4749,6125515626,46380,6125562006,6816,57945,124,124,4,cudaLaunchKernel, 256    1    1, 256    1    1,"<unnamed>::pack_face_x(const double *, double *, int, int, int, int, int)"
6125516177,3416,6125519593,421197,6125940790,4032,428645,126,126,6,cudaLaunchKernel, 256    1    1, 256    1    1,"<unnamed>::pack_face_y(const double *, double *, int, int, int, int, int)"
6125516637,3868,6125520505,437212,6125957717,4064,445144,124,124,4,cudaLaunchKernel, 256    1    1, 256    1    1,"<unnamed>::pack_face_y(const double *, double *, int, int, int, int, int)"
6125520204,3327,6125523531,422571,6125946102,8415,434313,126,126,6,cudaLaunchKernel, 256    1    1, 256    1    1,"<unnamed>::pack_face_z(const double *, double *, int, int, int, int, int)"
6125521096,3588,6125524684,438121,6125962805,8288,449997,124,124,4,cudaLaunchKernel, 256    1    1, 256    1    1,"<unnamed>::pack_face_z(const double *, double *, int, int, int, int, int)"
6125521176,5321,6125526497,26608,6125553105,6944,38873,120,120,0,cudaLaunchKernel, 256    1    1, 256    1    1,"<unnamed>::pack_face_x(const double *, double *, int, int, int, int, int)"
6125524363,3857,6125528220,15323,6125543543,401471,420651,126,126,6,cudaLaunchKernel,   8   64   64,  32    4    4,"<unnamed>::step_kernel_interior(const double *, const double *, double *, const double *, const double *, int, int, int, int, int, int, int, double, double)"
6125525525,4889,6125530414,32104,6125562518,398975,435968,124,124,4,cudaLaunchKernel,   8   64   64,  32    4    4,"<unnamed>::step_kernel_interior(const double *, const double *, double *, const double *, const double *, int, int, int, int, int, int, int, double, double)"
6125527118,3547,6125530665,422023,6125952688,4192,429762,120,120,0,cudaLaunchKernel, 256    1    1, 256    1    1,"<unnamed>::pack_face_y(const double *, double *, int, int, int, int, int)"
6125531216,3456,6125534672,423264,6125957936,8447,435167,120,120,0,cudaLaunchKernel, 256    1    1, 256    1    1,"<unnamed>::pack_face_z(const double *, double *, int, int, int, int, int)"
6125531406,5581,6125536987,21508,6125558495,3232,30321,125,125,5,cudaLaunchKernel, 256    1    1, 256    1    1,"<unnamed>::pack_face_x(const double *, double *, int, int, int, int, int)"
6125535434,4438,6125539872,13777,6125553649,402847,421062,120,120,0,cudaLaunchKernel,   8   64   64,  32    4    4,"<unnamed>::step_kernel_interior(const double *, const double *, double *, const double *, const double *, int, int, int, int, int, int, int, double, double)"
6125537648,3537,6125541185,414207,6125955392,3712,421456,125,125,5,cudaLaunchKernel, 256    1    1, 256    1    1,"<unnamed>::pack_face_y(const double *, double *, int, int, int, int, int)"
6125542357,3807,6125546164,413996,6125960160,8352,426155,125,125,5,cudaLaunchKernel, 256    1    1, 256    1    1,"<unnamed>::pack_face_z(const double *, double *, int, int, int, int, int)"
6125547046,4628,6125551674,8293,6125559967,398689,411610,125,125,5,cudaLaunchKernel,   8   64   64,  32    4    4,"<unnamed>::step_kernel_interior(const double *, const double *, double *, const double *, const double *, int, int, int, int, int, int, int, double, double)"
6126026069,14307,6126040376,1223,6126041599,2432,17962,122,122,2,cudaLaunchKernel, 256    1    1, 256    1    1,"<unnamed>::unpack_face_x(const double *, double *, int, int, int, int, int)"
6126041418,7043,6126048461,2098,6126050559,2368,11509,122,122,2,cudaLaunchKernel, 256    1    1, 256    1    1,"<unnamed>::unpack_face_y(const double *, double *, int, int, int, int, int)"
6126049252,5901,6126055153,3598,6126058751,3936,13435,122,122,2,cudaLaunchKernel, 256    1    1, 256    1    1,"<unnamed>::unpack_face_z(const double *, double *, int, int, int, int, int)"
6126056636,5951,6126062587,2500,6126065087,6432,14883,122,122,2,cudaLaunchKernel, 512    1    1, 256    1    1,"<unnamed>::step_kernel_boundary_x_faces(const double *, const double *, double *, const double *, const double *, int, int, int, int, int, int, int, double, double)"
6126063429,5651,6126069080,3559,6126072639,7231,16441,122,122,2,cudaLaunchKernel, 508    1    1, 256    1    1,"<unnamed>::step_kernel_boundary_y_faces(const double *, const double *, double *, const double *, const double *, int, int, int, int, int, int, int, double, double)"
6126069991,5811,6126075802,5540,6126081342,49600,60951,122,122,2,cudaLaunchKernel, 505    1    1, 256    1    1,"<unnamed>::step_kernel_boundary_z_faces(const double *, const double *, double *, const double *, const double *, int, int, int, int, int, int, int, double, double)"
6126072436,11962,6126084398,2263,6126086661,2688,16913,121,121,1,cudaLaunchKernel, 256    1    1, 256    1    1,"<unnamed>::unpack_face_x(const double *, double *, int, int, int, int, int)"
6126085320,4570,6126089890,4003,6126093893,2656,11229,121,121,1,cudaLaunchKernel, 256    1    1, 256    1    1,"<unnamed>::unpack_face_y(const double *, double *, int, int, int, int, int)"
6126090601,4258,6126094859,2778,6126097637,4288,11324,121,121,1,cudaLaunchKernel, 256    1    1, 256    1    1,"<unnamed>::unpack_face_z(const double *, double *, int, int, int, int, int)"
6126095921,4098,6126100019,3122,6126103141,6976,14196,121,121,1,cudaLaunchKernel, 512    1    1, 256    1    1,"<unnamed>::step_kernel_boundary_x_faces(const double *, const double *, double *, const double *, const double *, int, int, int, int, int, int, int, double, double)"
6126100710,4168,6126104878,6391,6126111269,7488,18047,121,121,1,cudaLaunchKernel, 508    1    1, 256    1    1,"<unnamed>::step_kernel_boundary_y_faces(const double *, const double *, double *, const double *, const double *, int, int, int, int, int, int, int, double, double)"
6126105088,7204,6126112292,19674,6126131966,2976,29854,122,122,2,cudaLaunchKernel, 256    1    1, 256    1    1,"<unnamed>::pack_face_x(const double *, double *, int, int, int, int, int)"
6126105529,3757,6126109286,10591,6126119877,49408,63756,121,121,1,cudaLaunchKernel, 505    1    1, 256    1    1,"<unnamed>::step_kernel_boundary_z_faces(const double *, const double *, double *, const double *, const double *, int, int, int, int, int, int, int, double, double)"
6126113183,5020,6126118203,409602,6126527805,4576,419198,122,122,2,cudaLaunchKernel, 256    1    1, 256    1    1,"<unnamed>::pack_face_y(const double *, double *, int, int, int, int, int)"
6126119195,5330,6126124525,408944,6126533469,8640,422914,122,122,2,cudaLaunchKernel, 256    1    1, 256    1    1,"<unnamed>::pack_face_z(const double *, double *, int, int, int, int, int)"
6126125847,6422,6126132269,3505,6126135774,395295,405222,122,122,2,cudaLaunchKernel,   8   64   64,  32    4    4,"<unnamed>::step_kernel_interior(const double *, const double *, double *, const double *, const double *, int, int, int, int, int, int, int, double, double)"
6126134644,5139,6126139783,30494,6126170277,6656,42289,121,121,1,cudaLaunchKernel, 256    1    1, 256    1    1,"<unnamed>::pack_face_x(const double *, double *, int, int, int, int, int)"
6126140485,3686,6126144171,423898,6126568069,4000,431584,121,121,1,cudaLaunchKernel, 256    1    1, 256    1    1,"<unnamed>::pack_face_y(const double *, double *, int, int, int, int, int)"
6126144883,4388,6126149271,424174,6126573445,8544,437106,121,121,1,cudaLaunchKernel, 256    1    1, 256    1    1,"<unnamed>::pack_face_z(const double *, double *, int, int, int, int, int)"
6126150734,5360,6126156094,14759,6126170853,400768,420887,121,121,1,cudaLaunchKernel,   8   64   64,  32    4    4,"<unnamed>::step_kernel_interior(const double *, const double *, double *, const double *, const double *, int, int, int, int, int, int, int, double, double)"
6126164670,12593,6126177263,1335,6126178598,2496,16424,133,133,7,cudaLaunchKernel, 256    1    1, 256    1    1,"<unnamed>::unpack_face_x(const double *, double *, int, int, int, int, int)"
6126178055,4018,6126182073,3437,6126185510,2432,9887,133,133,7,cudaLaunchKernel, 256    1    1, 256    1    1,"<unnamed>::unpack_face_y(const double *, double *, int, int, int, int, int)"
6126182745,3597,6126186342,2752,6126189094,3872,10221,133,133,7,cudaLaunchKernel, 256    1    1, 256    1    1,"<unnamed>::unpack_face_z(const double *, double *, int, int, int, int, int)"
6126187504,3566,6126191070,2888,6126193958,6688,13142,133,133,7,cudaLaunchKernel, 512    1    1, 256    1    1,"<unnamed>::step_kernel_boundary_x_faces(const double *, const double *, double *, const double *, const double *, int, int, int, int, int, int, int, double, double)"
6126191702,3676,6126195378,6356,6126201734,7488,17520,133,133,7,cudaLaunchKernel, 508    1    1, 256    1    1,"<unnamed>::step_kernel_boundary_y_faces(const double *, const double *, double *, const double *, const double *, int, int, int, int, int, int, int, double, double)"
6126195919,3437,6126199356,10954,6126210310,48576,62967,133,133,7,cudaLaunchKernel, 505    1    1, 256    1    1,"<unnamed>::step_kernel_boundary_z_faces(const double *, const double *, double *, const double *, const double *, int, int, int, int, int, int, int, double, double)"
6126225275,4568,6126229843,30003,6126259846,7232,41803,133,133,7,cudaLaunchKernel, 256    1    1, 256    1    1,"<unnamed>::pack_face_x(const double *, double *, int, int, int, int, int)"
6126230414,3447,6126233861,421024,6126654885,4287,428758,133,133,7,cudaLaunchKernel, 256    1    1, 256    1    1,"<unnamed>::pack_face_y(const double *, double *, int, int, int, int, int)"
6126234452,3727,6126238179,421985,6126660164,8448,434160,133,133,7,cudaLaunchKernel, 256    1    1, 256    1    1,"<unnamed>::pack_face_z(const double *, double *, int, int, int, int, int)"
6126239090,3788,6126242878,17480,6126260358,398175,419443,133,133,7,cudaLaunchKernel,   8   64   64,  32    4    4,"<unnamed>::step_kernel_interior(const double *, const double *, double *, const double *, const double *, int, int, int, int, int, int, int, double, double)"
6126705119,10741,6126715860,1987,6126717847,2464,15192,123,123,3,cudaLaunchKernel, 256    1    1, 256    1    1,"<unnamed>::unpack_face_x(const double *, double *, int, int, int, int, int)"
6126716621,4198,6126720819,4004,6126724823,2368,10570,123,123,3,cudaLaunchKernel, 256    1    1, 256    1    1,"<unnamed>::unpack_face_y(const double *, double *, int, int, int, int, int)"
6126721430,4148,6126725578,2701,6126728279,3904,10753,123,123,3,cudaLaunchKernel, 256    1    1, 256    1    1,"<unnamed>::unpack_face_z(const double *, double *, int, int, int, int, int)"
6126726570,3677,6126730247,3024,6126733271,6368,13069,123,123,3,cudaLaunchKernel, 512    1    1, 256    1    1,"<unnamed>::step_kernel_boundary_x_faces(const double *, const double *, double *, const double *, const double *, int, int, int, int, int, int, int, double, double)"
6126731389,4198,6126735587,5556,6126741143,7488,17242,123,123,3,cudaLaunchKernel, 508    1    1, 256    1    1,"<unnamed>::step_kernel_boundary_y_faces(const double *, const double *, double *, const double *, const double *, int, int, int, int, int, int, int, double, double)"
6126736198,3637,6126739835,9820,6126749655,49280,62737,123,123,3,cudaLaunchKernel, 505    1    1, 256    1    1,"<unnamed>::step_kernel_boundary_z_faces(const double *, const double *, double *, const double *, const double *, int, int, int, int, int, int, int, double, double)"
6126747669,3999,6126751668,444322,6127195990,3775,452096,123,123,3,cudaLaunchKernel, 256    1    1, 256    1    1,"<unnamed>::pack_face_x(const double *, double *, int, int, int, int, int)"
6126752329,3717,6126756046,444743,6127200789,3488,451948,123,123,3,cudaLaunchKernel, 256    1    1, 256    1    1,"<unnamed>::pack_face_y(const double *, double *, int, int, int, int, int)"
6126756627,3527,6126760154,445659,6127205813,7776,456962,123,123,3,cudaLaunchKernel, 256    1    1, 256    1    1,"<unnamed>::pack_face_z(const double *, double *, int, int, int, int, int)"
6126760955,3757,6126764712,35215,6126799927,399422,438394,123,123,3,cudaLaunchKernel,   8   64   64,  32    4    4,"<unnamed>::step_kernel_interior(const double *, const double *, double *, const double *, const double *, int, int, int, int, int, int, int, double, double)"
6146508671,12152,6146520823,910,6146521733,2880,15942,126,126,6,cudaLaunchKernel, 256    1    1, 256    1    1,"<unnamed>::unpack_face_x(const double *, double *, int, int, int, int, int)"
6146521785,3998,6146525783,3534,6146529317,2400,9932,126,126,6,cudaLaunchKernel, 256    1    1, 256    1    1,"<unnamed>::unpack_face_y(const double *, double *, int, int, int, int, int)"
6146526374,4569,6146530943,2534,6146533477,4224,11327,126,126,6,cudaLaunchKernel, 256    1    1, 256    1    1,"<unnamed>::unpack_face_z(const double *, double *, int, int, int, int, int)"
6146531845,3767,6146535612,3145,6146538757,6592,13504,126,126,6,cudaLaunchKernel, 512    1    1, 256    1    1,"<unnamed>::step_kernel_boundary_x_faces(const double *, const double *, double *, const double *, const double *, int, int, int, int, int, int, int, double, double)"
6146536163,3226,6146539389,6984,6146546373,7456,17666,126,126,6,cudaLaunchKernel, 508    1    1, 256    1    1,"<unnamed>::step_kernel_boundary_y_faces(const double *, const double *, double *, const double *, const double *, int, int, int, int, int, int, int, double, double)"
6146539960,3286,6146543246,11607,6146554853,49375,64268,126,126,6,cudaLaunchKernel, 505    1    1, 256    1    1,"<unnamed>::step_kernel_boundary_z_faces(const double *, const double *, double *, const double *, const double *, int, int, int, int, int, int, int, double, double)"
6146571219,29295,6146600514,4834,6146605348,3104,37233,126,126,6,cudaLaunchKernel, 256    1    1, 256    1    1,"<unnamed>::pack_face_x(const double *, double *, int, int, int, int, int)"
6146601386,5730,6146607116,2648,6146609764,3584,11962,126,126,6,cudaLaunchKernel, 256    1    1, 256    1    1,"<unnamed>::pack_face_y(const double *, double *, int, int, int, int, int)"
6146607707,3367,6146611074,3298,6146614372,7616,14281,126,126,6,cudaLaunchKernel, 256    1    1, 256    1    1,"<unnamed>::pack_face_z(const double *, double *, int, int, int, int, int)"
6146611965,3617,6146615582,3494,6146619076,401215,408326,126,126,6,cudaLaunchKernel,   8   64   64,  32    4    4,"<unnamed>::step_kernel_interior(const double *, const double *, double *, const double *, const double *, int, int, int, int, int, int, int, double, double)"
6148341458,12964,6148354422,1617,6148356039,2464,17045,120,120,0,cudaLaunchKernel, 256    1    1, 256    1    1,"<unnamed>::unpack_face_x(const double *, double *, int, int, int, int, int)"
6148348451,14497,6148362948,692,6148363640,2816,18005,125,125,5,cudaLaunchKernel, 256    1    1, 256    1    1,"<unnamed>::unpack_face_x(const double *, double *, int, int, int, int, int)"
6148350886,16891,,,6148367111,2496,18721,124,124,4,cudaLaunchKernel, 256    1    1, 256    1    1,"<unnamed>::unpack_face_x(const double *, double *, int, int, int, int, int)"
6148355214,4378,6148359592,3807,6148363399,2848,11033,120,120,0,cudaLaunchKernel, 256    1    1, 256    1    1,"<unnamed>::unpack_face_y(const double *, double *, int, int, int, int, int)"
6148360183,3837,6148364020,3475,6148367495,4160,11472,120,120,0,cudaLaunchKernel, 256    1    1, 256    1    1,"<unnamed>::unpack_face_z(const double *, double *, int, int, int, int, int)"
6148363950,4238,6148368188,3228,6148371416,2720,10186,125,125,5,cudaLaunchKernel, 256    1    1, 256    1    1,"<unnamed>::unpack_face_y(const double *, double *, int, int, int, int, int)"
6148365002,9318,6148374320,2679,6148376999,6464,18461,120,120,0,cudaLaunchKernel, 512    1    1, 256    1    1,"<unnamed>::step_kernel_boundary_x_faces(const double *, const double *, double *, const double *, const double *, int, int, int, int, int, int, int, double, double)"
6148368859,6062,6148374921,1630,6148376551,2432,10124,124,124,4,cudaLaunchKernel, 256    1    1, 256    1    1,"<unnamed>::unpack_face_y(const double *, double *, int, int, int, int, int)"
6148369270,3968,6148373238,2530,6148375768,3904,10402,125,125,5,cudaLaunchKernel, 256    1    1, 256    1    1,"<unnamed>::unpack_face_z(const double *, double *, int, int, int, int, int)"
6148374270,3686,6148377956,2868,6148380824,6464,13018,125,125,5,cudaLaunchKernel, 512    1    1, 256    1    1,"<unnamed>::step_kernel_boundary_x_faces(const double *, const double *, double *, const double *, const double *, int, int, int, int, int, int, int, double, double)"
6148374911,3727,6148378638,5945,6148384583,7200,16872,120,120,0,cudaLaunchKernel, 508    1    1, 256    1    1,"<unnamed>::step_kernel_boundary_y_faces(const double *, const double *, double *, const double *, const double *, int, int, int, int, int, int, int, double, double)"
6148375983,6131,6148382114,2981,6148385095,3936,13048,124,124,4,cudaLaunchKernel, 256    1    1, 256    1    1,"<unnamed>::unpack_face_z(const double *, double *, int, int, int, int, int)"
6148378517,3417,6148381934,6346,6148388280,7360,17123,125,125,5,cudaLaunchKernel, 508    1    1, 256    1    1,"<unnamed>::step_kernel_boundary_y_faces(const double *, const double *, double *, const double *, const double *, int, int, int, int, int, int, int, double, double)"
6148379219,4909,6148384128,8647,6148392775,48672,62228,120,120,0,cudaLaunchKernel, 505    1    1, 256    1    1,"<unnamed>::step_kernel_boundary_z_faces(const double *, const double *, double *, const double *, const double *, int, int, int, int, int, int, int, double, double)"
6148382475,3426,6148385901,10955,6148396856,49312,63693,125,125,5,cudaLaunchKernel, 505    1    1, 256    1    1,"<unnamed>::step_kernel_boundary_z_faces(const double *, const double *, double *, const double *, const double *, int, int, int, int, int, int, int, double, double)"
6148383677,6452,6148390129,1430,6148391559,6496,14378,124,124,4,cudaLaunchKernel, 512    1    1, 256    1    1,"<unnamed>::step_kernel_boundary_x_faces(const double *, const double *, double *, const double *, const double *, int, int, int, int, int, int, int, double, double)"
6148391462,6272,6148397734,1601,6148399335,7456,15329,124,124,4,cudaLaunchKernel, 508    1    1, 256    1    1,"<unnamed>::step_kernel_boundary_y_faces(const double *, const double *, double *, const double *, const double *, int, int, int, int, int, int, int, double, double)"
6148398765,5851,6148404616,3295,6148407911,49120,58266,124,124,4,cudaLaunchKernel, 505    1    1, 256    1    1,"<unnamed>::step_kernel_boundary_z_faces(const double *, const double *, double *, const double *, const double *, int, int, int, int, int, int, int, double, double)"
6148416820,5340,6148422160,20439,6148442599,5952,31731,120,120,0,cudaLaunchKernel, 256    1    1, 256    1    1,"<unnamed>::pack_face_x(const double *, double *, int, int, int, int, int)"
6148419676,5009,6148424685,22539,6148447224,6144,33692,125,125,5,cudaLaunchKernel, 256    1    1, 256    1    1,"<unnamed>::pack_face_x(const double *, double *, int, int, int, int, int)"
6148422792,3626,6148426418,413939,6148840357,3808,421373,120,120,0,cudaLaunchKernel, 256    1    1, 256    1    1,"<unnamed>::pack_face_y(const double *, double *, int, int, int, int, int)"
6148423172,7124,6148430296,27823,6148458119,6176,41123,124,124,4,cudaLaunchKernel, 256    1    1, 256    1    1,"<unnamed>::pack_face_x(const double *, double *, int, int, int, int, int)"
6148425757,3847,6148429604,415158,6148844762,4576,423581,125,125,5,cudaLaunchKernel, 256    1    1, 256    1    1,"<unnamed>::pack_face_y(const double *, double *, int, int, int, int, int)"
6148426969,3547,6148430516,414897,6148845413,8416,426860,120,120,0,cudaLaunchKernel, 256    1    1, 256    1    1,"<unnamed>::pack_face_z(const double *, double *, int, int, int, int, int)"
6148430155,3397,6148433552,417066,6148850618,8384,428847,125,125,5,cudaLaunchKernel, 256    1    1, 256    1    1,"<unnamed>::pack_face_z(const double *, double *, int, int, int, int, int)"
6148431247,5721,6148436968,416831,6148853799,6048,428600,124,124,4,cudaLaunchKernel, 256    1    1, 256    1    1,"<unnamed>::pack_face_y(const double *, double *, int, int, int, int, int)"
6148431368,4348,6148435716,7427,6148443143,400638,412413,120,120,0,cudaLaunchKernel,   8   64   64,  32    4    4,"<unnamed>::step_kernel_interior(const double *, const double *, double *, const double *, const double *, int, int, int, int, int, int, int, double, double)"
6148434373,3547,6148437920,9848,6148447768,400354,413749,125,125,5,cudaLaunchKernel,   8   64   64,  32    4    4,"<unnamed>::step_kernel_interior(const double *, const double *, double *, const double *, const double *, int, int, int, int, int, int, int, double, double)"
6148438020,5540,6148443560,417439,6148860999,8672,431651,124,124,4,cudaLaunchKernel, 256    1    1, 256    1    1,"<unnamed>::pack_face_z(const double *, double *, int, int, int, int, int)"
6148445033,6092,6148451125,7506,6148458631,401440,415038,124,124,4,cudaLaunchKernel,   8   64   64,  32    4    4,"<unnamed>::step_kernel_interior(const double *, const double *, double *, const double *, const double *, int, int, int, int, int, int, int, double, double)"
6148936580,14467,6148951047,1245,6148952292,2432,18144,122,122,2,cudaLaunchKernel, 256    1    1, 256    1    1,"<unnamed>::unpack_face_x(const double *, double *, int, int, int, int, int)"
6148952159,13506,6148965665,1955,6148967620,2400,17861,122,122,2,cudaLaunchKernel, 256    1    1, 256    1    1,"<unnamed>::unpack_face_y(const double *, double *, int, int, int, int, int)"
6148953151,10760,6148963911,2362,6148966273,2720,15842,121,121,1,cudaLaunchKernel, 256    1    1, 256    1    1,"<unnamed>::unpack_face_x(const double *, double *, int, int, int, int, int)"
6148962829,10350,6148973179,1647,6148974826,2816,14813,133,133,7,cudaLaunchKernel, 256    1    1, 256    1    1,"<unnamed>::unpack_face_x(const double *, double *, int, int, int, int, int)"
6148964643,4188,6148968831,4034,6148972865,3008,11230,121,121,1,cudaLaunchKernel, 256    1    1, 256    1    1,"<unnamed>::unpack_face_y(const double *, double *, int, int, int, int, int)"
6148966486,6162,6148972648,3707,6148976355,4160,14029,122,122,2,cudaLaunchKernel, 256    1    1, 256    1    1,"<unnamed>::unpack_face_z(const double *, double *, int, int, int, int, int)"
6148969422,3697,6148973119,3906,6148977025,4224,11827,121,121,1,cudaLaunchKernel, 256    1    1, 256    1    1,"<unnamed>::unpack_face_z(const double *, double *, int, int, int, int, int)"
6148973940,3948,6148977888,3434,6148981322,2400,9782,133,133,7,cudaLaunchKernel, 256    1    1, 256    1    1,"<unnamed>::unpack_face_y(const double *, double *, int, int, int, int, int)"
6148974010,4128,6148978138,4135,6148982273,6624,14887,121,121,1,cudaLaunchKernel, 512    1    1, 256    1    1,"<unnamed>::step_kernel_boundary_x_faces(const double *, const double *, double *, const double *, const double *, int, int, int, int, int, int, int, double, double)"
6148974010,6222,6148980232,2235,6148982467,6304,14761,122,122,2,cudaLaunchKernel, 512    1    1, 256    1    1,"<unnamed>::step_kernel_boundary_x_faces(const double *, const double *, double *, const double *, const double *, int, int, int, int, int, int, int, double, double)"
6148978629,3538,6148982167,2675,6148984842,3936,10149,133,133,7,cudaLaunchKernel, 256    1    1, 256    1    1,"<unnamed>::unpack_face_z(const double *, double *, int, int, int, int, int)"
6148978659,10581,6148989240,2569,6148991809,7488,20638,121,121,1,cudaLaunchKernel, 508    1    1, 256    1    1,"<unnamed>::step_kernel_boundary_y_faces(const double *, const double *, double *, const double *, const double *, int, int, int, int, int, int, int, double, double)"
6148981014,5491,6148986505,3354,6148989859,7424,16269,122,122,2,cudaLaunchKernel, 508    1    1, 256    1    1,"<unnamed>::step_kernel_boundary_y_faces(const double *, const double *, double *, const double *, const double *, int, int, int, int, int, int, int, double, double)"
6148983058,4268,6148987326,2476,6148989802,6432,13176,133,133,7,cudaLaunchKernel, 512    1    1, 256    1    1,"<unnamed>::step_kernel_boundary_x_faces(const double *, const double *, double *, const double *, const double *, int, int, int, int, int, int, int, double, double)"
6148987236,5741,6148992977,5426,6148998403,49472,60639,122,122,2,cudaLaunchKernel, 505    1    1, 256    1    1,"<unnamed>::step_kernel_boundary_z_faces(const double *, const double *, double *, const double *, const double *, int, int, int, int, int, int, int, double, double)"
6148987957,3487,6148991444,5750,6148997194,7296,16533,133,133,7,cudaLaunchKernel, 508    1    1, 256    1    1,"<unnamed>::step_kernel_boundary_y_faces(const double *, const double *, double *, const double *, const double *, int, int, int, int, int, int, int, double, double)"
6148989941,4238,6148994179,6302,6149000481,48576,59116,121,121,1,cudaLaunchKernel, 505    1    1, 256    1    1,"<unnamed>::step_kernel_boundary_z_faces(const double *, const double *, double *, const double *, const double *, int, int, int, int, int, int, int, double, double)"
6148992025,3336,6148995361,10153,6149005514,49760,63249,133,133,7,cudaLaunchKernel, 505    1    1, 256    1    1,"<unnamed>::step_kernel_boundary_z_faces(const double *, const double *, double *, const double *, const double *, int, int, int, int, int, int, int, double, double)"
6149013606,4568,6149018174,38092,6149056266,6784,49444,133,133,7,cudaLaunchKernel, 256    1    1, 256    1    1,"<unnamed>::pack_face_x(const double *, double *, int, int, int, int, int)"
6149018395,6361,6149024756,417198,6149441954,5248,428807,122,122,2,cudaLaunchKernel, 256    1    1, 256    1    1,"<unnamed>::pack_face_x(const double *, double *, int, int, int, int, int)"
6149018795,3657,6149022452,430869,6149453321,3808,438334,133,133,7,cudaLaunchKernel, 256    1    1, 256    1    1,"<unnamed>::pack_face_y(const double *, double *, int, int, int, int, int)"
6149021591,5039,6149026630,23611,6149050241,7808,36458,121,121,1,cudaLaunchKernel, 256    1    1, 256    1    1,"<unnamed>::pack_face_x(const double *, double *, int, int, int, int, int)"
6149022993,3276,6149026269,431884,6149458153,8512,443672,133,133,7,cudaLaunchKernel, 256    1    1, 256    1    1,"<unnamed>::pack_face_z(const double *, double *, int, int, int, int, int)"
6149025618,5551,6149031169,417121,6149448290,3328,426000,122,122,2,cudaLaunchKernel, 256    1    1, 256    1    1,"<unnamed>::pack_face_y(const double *, double *, int, int, int, int, int)"
6149027171,3837,6149031008,25802,6149056810,399903,429542,133,133,7,cudaLaunchKernel,   8   64   64,  32    4    4,"<unnamed>::step_kernel_interior(const double *, const double *, double *, const double *, const double *, int, int, int, int, int, int, int, double, double)"
6149027361,3988,6149031349,412556,6149443905,4576,421120,121,121,1,cudaLaunchKernel, 256    1    1, 256    1    1,"<unnamed>::pack_face_y(const double *, double *, int, int, int, int, int)"
6149032020,5881,6149037901,414805,6149452706,7968,428654,122,122,2,cudaLaunchKernel, 256    1    1, 256    1    1,"<unnamed>::pack_face_z(const double *, double *, int, int, int, int, int)"
6149032120,3597,6149035717,414140,6149449857,8672,426409,121,121,1,cudaLaunchKernel, 256    1    1, 256    1    1,"<unnamed>::pack_face_z(const double *, double *, int, int, int, int, int)"
6149036569,4057,6149040626,10191,6149050817,396480,410728,121,121,1,cudaLaunchKernel,   8   64   64,  32    4    4,"<unnamed>::step_kernel_interior(const double *, const double *, double *, const double *, const double *, int, int, int, int, int, int, int, double, double)"
6149039143,5651,6149044794,4105,6149048899,398527,408283,122,122,2,cudaLaunchKernel,   8   64   64,  32    4    4,"<unnamed>::step_kernel_interior(const double *, const double *, double *, const double *, const double *, int, int, int, int, int, int, int, double, double)"
6149538054,10461,6149548515,1882,6149550397,2432,14775,123,123,3,cudaLaunchKernel, 256    1    1, 256    1    1,"<unnamed>::unpack_face_x(const double *, double *, int, int, int, int, int)"
6149549246,10119,6149559365,2360,6149561725,2368,14847,123,123,3,cudaLaunchKernel, 256    1    1, 256    1    1,"<unnamed>::unpack_face_y(const double *, double *, int, int, int, int, int)"
6149559986,4138,6149564124,2625,6149566749,3872,10635,123,123,3,cudaLaunchKernel, 256    1    1, 256    1    1,"<unnamed>::unpack_face_z(const double *, double *, int, int, int, int, int)"
6149565947,4299,6149570246,3799,6149574045,6464,14562,123,123,3,cudaLaunchKernel, 512    1    1, 256    1    1,"<unnamed>::step_kernel_boundary_x_faces(const double *, const double *, double *, const double *, const double *, int, int, int, int, int, int, int, double, double)"
6149570817,3606,6149574423,7014,6149581437,7744,18364,123,123,3,cudaLaunchKernel, 508    1    1, 256    1    1,"<unnamed>::step_kernel_boundary_y_faces(const double *, const double *, double *, const double *, const double *, int, int, int, int, int, int, int, double, double)"
6149574964,3597,6149578561,11580,6149590141,49151,64328,123,123,3,cudaLaunchKernel, 505    1    1, 256    1    1,"<unnamed>::step_kernel_boundary_z_faces(const double *, const double *, double *, const double *, const double *, int, int, int, int, int, int, int, double, double)"
6149586877,4057,6149590934,49478,6149640412,3264,56799,123,123,3,cudaLaunchKernel, 256    1    1, 256    1    1,"<unnamed>::pack_face_x(const double *, double *, int, int, int, int, int)"
6149591616,3697,6149595313,439274,6150034587,5056,448027,123,123,3,cudaLaunchKernel, 256    1    1, 256    1    1,"<unnamed>::pack_face_y(const double *, double *, int, int, int, int, int)"
6149595964,3546,6149599510,441221,6150040731,8608,453375,123,123,3,cudaLaunchKernel, 256    1    1, 256    1    1,"<unnamed>::pack_face_z(const double *, double *, int, int, int, int, int)"
6149600252,3727,6149603979,38033,6149642012,396351,438111,123,123,3,cudaLaunchKernel,   8   64   64,  32    4    4,"<unnamed>::step_kernel_interior(const double *, const double *, double *, const double *, const double *, int, int, int, int, int, int, int, double, double)"
6166874432,10811,6166885243,1690,6166886933,2912,15413,126,126,6,cudaLaunchKernel, 256    1    1, 256    1    1,"<unnamed>::unpack_face_x(const double *, double *, int, int, int, int, int)"
6166885925,3647,6166889572,3921,6166893493,2752,10320,126,126,6,cudaLaunchKernel, 256    1    1, 256    1    1,"<unnamed>::unpack_face_y(const double *, double *, int, int, int, int, int)"
6166890113,3456,6166893569,3764,6166897333,4960,12180,126,126,6,cudaLaunchKernel, 256    1    1, 256    1    1,"<unnamed>::unpack_face_z(const double *, double *, int, int, int, int, int)"
6166894481,3426,6166897907,5314,6166903221,7200,15940,126,126,6,cudaLaunchKernel, 512    1    1, 256    1    1,"<unnamed>::step_kernel_boundary_x_faces(const double *, const double *, double *, const double *, const double *, int, int, int, int, int, int, int, double, double)"
6166898478,3176,6166901654,9759,6166911413,7616,20551,126,126,6,cudaLaunchKernel, 508    1    1, 256    1    1,"<unnamed>::step_kernel_boundary_y_faces(const double *, const double *, double *, const double *, const double *, int, int, int, int, int, int, int, double, double)"
6166902155,16661,6166918816,2101,6166920917,52991,71753,126,126,6,cudaLaunchKernel, 505    1    1, 256    1    1,"<unnamed>::step_kernel_boundary_z_faces(const double *, const double *, double *, const double *, const double *, int, int, int, int, int, int, int, double, double)"
6166945977,6292,6166952269,420806,6167373075,4192,431290,126,126,6,cudaLaunchKernel, 256    1    1, 256    1    1,"<unnamed>::pack_face_x(const double *, double *, int, int, int, int, int)"
6166952850,3567,6166956417,421906,6167378323,3552,429025,126,126,6,cudaLaunchKernel, 256    1    1, 256    1    1,"<unnamed>::pack_face_y(const double *, double *, int, int, int, int, int)"
6166957579,3697,6166961276,422039,6167383315,8000,433736,126,126,6,cudaLaunchKernel, 256    1    1, 256    1    1,"<unnamed>::pack_face_z(const double *, double *, int, int, int, int, int)"
6166962108,3847,6166965955,8913,6166974868,401983,414743,126,126,6,cudaLaunchKernel,   8   64   64,  32    4    4,"<unnamed>::step_kernel_interior(const double *, const double *, double *, const double *, const double *, int, int, int, int, int, int, int, double, double)"
6168614294,10851,6168625145,1839,6168626984,2464,15154,120,120,0,cudaLaunchKernel, 256    1    1, 256    1    1,"<unnamed>::unpack_face_x(const double *, double *, int, int, int, int, int)"
6168621177,13095,6168634272,1415,6168635687,2752,17262,125,125,5,cudaLaunchKernel, 256    1    1, 256    1    1,"<unnamed>::unpack_face_x(const double *, double *, int, int, int, int, int)"
6168623021,15068,6168638089,274,6168638363,2496,17838,124,124,4,cudaLaunchKernel, 256    1    1, 256    1    1,"<unnamed>::unpack_face_x(const double *, double *, int, int, int, int, int)"
6168626477,4479,6168630956,3836,6168634792,2784,11099,120,120,0,cudaLaunchKernel, 256    1    1, 256    1    1,"<unnamed>::unpack_face_y(const double *, double *, int, int, int, int, int)"
6168631507,3676,6168635183,3545,6168638728,4256,11477,120,120,0,cudaLaunchKernel, 256    1    1, 256    1    1,"<unnamed>::unpack_face_z(const double *, double *, int, int, int, int, int)"
6168634973,4148,6168639121,3542,6168642663,2848,10538,125,125,5,cudaLaunchKernel, 256    1    1, 256    1    1,"<unnamed>::unpack_face_y(const double *, double *, int, int, int, int, int)"
6168636105,3958,6168640063,3945,6168644008,6656,14559,120,120,0,cudaLaunchKernel, 512    1    1, 256    1    1,"<unnamed>::step_kernel_boundary_x_faces(const double *, const double *, double *, const double *, const double *, int, int, int, int, int, int, int, double, double)"
6168639261,4669,6168643930,3553,6168647483,2368,10590,124,124,4,cudaLaunchKernel, 256    1    1, 256    1    1,"<unnamed>::unpack_face_y(const double *, double *, int, int, int, int, int)"
6168639712,4418,6168644130,2565,6168646695,3968,10951,125,125,5,cudaLaunchKernel, 256    1    1, 256    1    1,"<unnamed>::unpack_face_z(const double *, double *, int, int, int, int, int)"
6168640634,3426,6168644060,7628,6168651688,7296,18350,120,120,0,cudaLaunchKernel, 508    1    1, 256    1    1,"<unnamed>::step_kernel_boundary_y_faces(const double *, const double *, double *, const double *, const double *, int, int, int, int, int, int, int, double, double)"
6168644631,4428,6168649059,1912,6168650971,3936,10276,124,124,4,cudaLaunchKernel, 256    1    1, 256    1    1,"<unnamed>::unpack_face_z(const double *, double *, int, int, int, int, int)"
6168644681,3467,6168648148,11924,6168660072,49152,64543,120,120,0,cudaLaunchKernel, 505    1    1, 256    1    1,"<unnamed>::step_kernel_boundary_z_faces(const double *, const double *, double *, const double *, const double *, int, int, int, int, int, int, int, double, double)"
6168645112,3727,6168648839,2976,6168651815,6432,13135,125,125,5,cudaLaunchKernel, 512    1    1, 256    1    1,"<unnamed>::step_kernel_boundary_x_faces(const double *, const double *, double *, const double *, const double *, int, int, int, int, int, int, int, double, double)"
6168649410,3437,6168652847,6584,6168659431,7328,17349,125,125,5,cudaLaunchKernel, 508    1    1, 256    1    1,"<unnamed>::step_kernel_boundary_y_faces(const double *, const double *, double *, const double *, const double *, int, int, int, int, int, int, int, double, double)"
6168649951,4599,6168654550,2213,6168656763,6464,13276,124,124,4,cudaLaunchKernel, 512    1    1, 256    1    1,"<unnamed>::step_kernel_boundary_x_faces(const double *, const double *, double *, const double *, const double *, int, int, int, int, int, int, int, double, double)"
6168653408,3346,6168656754,11029,6168667783,48992,63367,125,125,5,cudaLaunchKernel, 505    1    1, 256    1    1,"<unnamed>::step_kernel_boundary_z_faces(const double *, const double *, double *, const double *, const double *, int, int, int, int, int, int, int, double, double)"
6168655351,3999,6168659350,4869,6168664219,7264,16132,124,124,4,cudaLaunchKernel, 508    1    1, 256    1    1,"<unnamed>::step_kernel_boundary_y_faces(const double *, const double *, double *, const double *, const double *, int, int, int, int, int, int, int, double, double)"
6168660141,3597,6168663738,8737,6168672475,49024,61358,124,124,4,cudaLaunchKernel, 505    1    1, 256    1    1,"<unnamed>::step_kernel_boundary_z_faces(const double *, const double *, double *, const double *, const double *, int, int, int, int, int, int, int, double, double)"
6168674117,4930,6168679047,31393,6168710440,7520,43843,120,120,0,cudaLaunchKernel, 256    1    1, 256    1    1,"<unnamed>::pack_face_x(const double *, double *, int, int, int, int, int)"
6168674759,4308,6168679067,43552,6168722619,6976,54836,124,124,4,cudaLaunchKernel, 256    1    1, 256    1    1,"<unnamed>::pack_face_x(const double *, double *, int, int, int, int, int)"
6168679598,3727,6168683325,435709,6169119034,5536,444972,124,124,4,cudaLaunchKernel, 256    1    1, 256    1    1,"<unnamed>::pack_face_y(const double *, double *, int, int, int, int, int)"
6168679668,3547,6168683215,426199,6169109414,5984,435730,120,120,0,cudaLaunchKernel, 256    1    1, 256    1    1,"<unnamed>::pack_face_y(const double *, double *, int, int, int, int, int)"
6168683756,3526,6168687282,429396,6169116678,8416,441338,120,120,0,cudaLaunchKernel, 256    1    1, 256    1    1,"<unnamed>::pack_face_z(const double *, double *, int, int, int, int, int)"
6168684006,3877,6168687883,437679,6169125562,8352,449908,124,124,4,cudaLaunchKernel, 256    1    1, 256    1    1,"<unnamed>::pack_face_z(const double *, double *, int, int, int, int, int)"
6168687913,5451,6168693364,420404,6169113768,6752,432607,125,125,5,cudaLaunchKernel, 256    1    1, 256    1    1,"<unnamed>::pack_face_x(const double *, double *, int, int, int, int, int)"
6168688144,3677,6168691821,19131,6168710952,404030,426838,120,120,0,cudaLaunchKernel,   8   64   64,  32    4    4,"<unnamed>::step_kernel_interior(const double *, const double *, double *, const double *, const double *, int, int, int, int, int, int, int, double, double)"
6168688805,5560,6168694365,28798,6168723163,401183,435541,124,124,4,cudaLaunchKernel,   8   64   64,  32    4    4,"<unnamed>::step_kernel_interior(const double *, const double *, double *, const double *, const double *, int, int, int, int, int, int, int, double, double)"
6168693965,3486,6168697451,424285,6169121736,3552,431323,125,125,5,cudaLaunchKernel, 256    1    1, 256    1    1,"<unnamed>::pack_face_y(const double *, double *, int, int, int, int, int)"
6168698052,3196,6168701248,425320,6169126568,7841,436357,125,125,5,cudaLaunchKernel, 256    1    1, 256    1    1,"<unnamed>::pack_face_z(const double *, double *, int, int, int, int, int)"
6168702050,3687,6168705737,12062,6168717799,402945,418694,125,125,5,cudaLaunchKernel,   8   64   64,  32    4    4,"<unnamed>::step_kernel_interior(const double *, const double *, double *, const double *, const double *, int, int, int, int, int, int, int, double, double)"
6169181264,10359,6169191623,1742,6169193365,2944,15045,133,133,7,cudaLaunchKernel, 256    1    1, 256    1    1,"<unnamed>::unpack_face_x(const double *, double *, int, int, int, int, int)"
6169192304,3817,6169196121,2492,6169198613,2400,8709,133,133,7,cudaLaunchKernel, 256    1    1, 256    1    1,"<unnamed>::unpack_face_y(const double *, double *, int, int, int, int, int)"
6169195120,9768,6169204888,2310,6169207198,2784,14862,121,121,1,cudaLaunchKernel, 256    1    1, 256    1    1,"<unnamed>::unpack_face_x(const double *, double *, int, int, int, int, int)"
6169196733,3476,6169200209,2276,6169202485,3904,9656,133,133,7,cudaLaunchKernel, 256    1    1, 256    1    1,"<unnamed>::unpack_face_z(const double *, double *, int, int, int, int, int)"
6169201181,3837,6169205018,3547,6169208565,6272,13656,133,133,7,cudaLaunchKernel, 512    1    1, 256    1    1,"<unnamed>::step_kernel_boundary_x_faces(const double *, const double *, double *, const double *, const double *, int, int, int, int, int, int, int, double, double)"
6169205539,4118,6169209657,2981,6169212638,2912,10011,121,121,1,cudaLaunchKernel, 256    1    1, 256    1    1,"<unnamed>::unpack_face_y(const double *, double *, int, int, int, int, int)"
6169205659,3337,6169208996,6961,6169215957,7616,17914,133,133,7,cudaLaunchKernel, 508    1    1, 256    1    1,"<unnamed>::step_kernel_boundary_y_faces(const double *, const double *, double *, const double *, const double *, int, int, int, int, int, int, int, double, double)"
6169209547,3376,6169212923,11674,6169224597,48511,63561,133,133,7,cudaLaunchKernel, 505    1    1, 256    1    1,"<unnamed>::step_kernel_boundary_z_faces(const double *, const double *, double *, const double *, const double *, int, int, int, int, int, int, int, double, double)"
6169210328,3877,6169214205,2529,6169216734,4288,10694,121,121,1,cudaLaunchKernel, 256    1    1, 256    1    1,"<unnamed>::unpack_face_z(const double *, double *, int, int, int, int, int)"
6169215297,4118,6169219415,4167,6169223582,6528,14813,121,121,1,cudaLaunchKernel, 512    1    1, 256    1    1,"<unnamed>::step_kernel_boundary_x_faces(const double *, const double *, double *, const double *, const double *, int, int, int, int, int, int, int, double, double)"
6169220046,3979,6169224025,7589,6169231614,7520,19088,121,121,1,cudaLaunchKernel, 508    1    1, 256    1    1,"<unnamed>::step_kernel_boundary_y_faces(const double *, const double *, double *, const double *, const double *, int, int, int, int, int, int, int, double, double)"
6169224676,3787,6169228463,11663,6169240126,48864,64314,121,121,1,cudaLaunchKernel, 505    1    1, 256    1    1,"<unnamed>::step_kernel_boundary_z_faces(const double *, const double *, double *, const double *, const double *, int, int, int, int, int, int, int, double, double)"
6169234905,4669,6169239574,34590,6169274164,3264,42523,133,133,7,cudaLaunchKernel, 256    1    1, 256    1    1,"<unnamed>::pack_face_x(const double *, double *, int, int, int, int, int)"
6169240135,3667,6169243802,424345,6169668147,4000,432012,133,133,7,cudaLaunchKernel, 256    1    1, 256    1    1,"<unnamed>::pack_face_y(const double *, double *, int, int, int, int, int)"
6169244884,4528,6169249412,435866,6169685278,5376,445770,121,121,1,cudaLaunchKernel, 256    1    1, 256    1    1,"<unnamed>::pack_face_x(const double *, double *, int, int, int, int, int)"
6169245034,3867,6169248901,424302,6169673203,8544,436713,133,133,7,cudaLaunchKernel, 256    1    1, 256    1    1,"<unnamed>::pack_face_z(const double *, double *, int, int, int, int, int)"
6169249853,3767,6169253620,21856,6169275476,396287,421910,133,133,7,cudaLaunchKernel,   8   64   64,  32    4    4,"<unnamed>::step_kernel_interior(const double *, const double *, double *, const double *, const double *, int, int, int, int, int, int, int, double, double)"
6169250154,3607,6169253761,437949,6169691710,3712,445268,121,121,1,cudaLaunchKernel, 256    1    1, 256    1    1,"<unnamed>::pack_face_y(const double *, double *, int, int, int, int, int)"
6169254522,3547,6169258069,438793,6169696862,8064,450404,121,121,1,cudaLaunchKernel, 256    1    1, 256    1    1,"<unnamed>::pack_face_z(const double *, double *, int, int, int, int, int)"
6169258840,4058,6169262898,27116,6169290014,401088,432262,121,121,1,cudaLaunchKernel,   8   64   64,  32    4    4,"<unnamed>::step_kernel_interior(const double *, const double *, double *, const double *, const double *, int, int, int, int, int, int, int, double, double)"
6169334323,15859,6169350182,781,6169350963,2432,19072,122,122,2,cudaLaunchKernel, 256    1    1, 256    1    1,"<unnamed>::unpack_face_x(const double *, double *, int, int, int, int, int)"
6169351274,6563,6169357837,2373,6169360210,2400,11336,122,122,2,cudaLaunchKernel, 256    1    1, 256    1    1,"<unnamed>::unpack_face_y(const double *, double *, int, int, int, int, int)"
6169358748,6162,6169364910,2244,6169367154,4256,12662,122,122,2,cudaLaunchKernel, 256    1    1, 256    1    1,"<unnamed>::unpack_face_z(const double *, double *, int, int, int, int, int)"
6169366353,5710,6169372063,2323,6169374386,6240,14273,122,122,2,cudaLaunchKernel, 512    1    1, 256    1    1,"<unnamed>::step_kernel_boundary_x_faces(const double *, const double *, double *, const double *, const double *, int, int, int, int, int, int, int, double, double)"
6169373015,5851,6169378866,2784,6169381650,7520,16155,122,122,2,cudaLaunchKernel, 508    1    1, 256    1    1,"<unnamed>::step_kernel_boundary_y_faces(const double *, const double *, double *, const double *, const double *, int, int, int, int, int, int, int, double, double)"
6169379668,5490,6169385158,5068,6169390226,48544,59102,122,122,2,cudaLaunchKernel, 505    1    1, 256    1    1,"<unnamed>::step_kernel_boundary_z_faces(const double *, const double *, double *, const double *, const double *, int, int, int, int, int, int, int, double, double)"
6169412059,7134,6169419193,20697,6169439890,3104,30935,122,122,2,cudaLaunchKernel, 256    1    1, 256    1    1,"<unnamed>::pack_face_x(const double *, double *, int, int, int, int, int)"
6169420044,36589,,,6169444498,3072,36589,122,122,2,cudaLaunchKernel, 256    1    1, 256    1    1,"<unnamed>::pack_face_y(const double *, double *, int, int, int, int, int)"
6169457715,6883,6169464598,1820,6169466418,7136,15839,122,122,2,cudaLaunchKernel, 256    1    1, 256    1    1,"<unnamed>::pack_face_z(const double *, double *, int, int, int, int, int)"
6169465780,5901,6169471681,2481,6169474162,398206,406588,122,122,2,cudaLaunchKernel,   8   64   64,  32    4    4,"<unnamed>::step_kernel_interior(const double *, const double *, double *, const double *, const double *, int, int, int, int, int, int, int, double, double)"
6169921049,13145,6169934194,1594,6169935788,2432,17171,123,123,3,cudaLaunchKernel, 256    1    1, 256    1    1,"<unnamed>::unpack_face_x(const double *, double *, int, int, int, int, int)"
6169934995,4579,6169939574,2518,6169942092,2368,9465,123,123,3,cudaLaunchKernel, 256    1    1, 256    1    1,"<unnamed>::unpack_face_y(const double *, double *, int, int, int, int, int)"
6169940165,3777,6169943942,3814,6169947756,3936,11527,123,123,3,cudaLaunchKernel, 256    1    1, 256    1    1,"<unnamed>::unpack_face_z(const double *, double *, int, int, int, int, int)"
6169944984,3797,6169948781,3839,6169952620,6304,13940,123,123,3,cudaLaunchKernel, 512    1    1, 256    1    1,"<unnamed>::step_kernel_boundary_x_faces(const double *, const double *, double *, const double *, const double *, int, int, int, int, int, int, int, double, double)"
6169949432,3557,6169952989,6991,6169959980,7648,18196,123,123,3,cudaLaunchKernel, 508    1    1, 256    1    1,"<unnamed>::step_kernel_boundary_y_faces(const double *, const double *, double *, const double *, const double *, int, int, int, int, int, int, int, double, double)"
6169953540,3787,6169957327,11293,6169968620,49600,64680,123,123,3,cudaLaunchKernel, 505    1    1, 256    1    1,"<unnamed>::step_kernel_boundary_z_faces(const double *, const double *, double *, const double *, const double *, int, int, int, int, int, int, int, double, double)"
6169971504,4398,6169975902,43438,6170019340,7360,55196,123,123,3,cudaLaunchKernel, 256    1    1, 256    1    1,"<unnamed>::pack_face_x(const double *, double *, int, int, int, int, int)"
6169976603,3538,6169980141,438365,6170418506,4160,446063,123,123,3,cudaLaunchKernel, 256    1    1, 256    1    1,"<unnamed>::pack_face_y(const double *, double *, int, int, int, int, int)"
6169980742,3497,6169984239,439419,6170423658,8544,451460,123,123,3,cudaLaunchKernel, 256    1    1, 256    1    1,"<unnamed>::pack_face_z(const double *, double *, int, int, int, int, int)"
6169985591,4338,6169989929,29987,6170019916,402974,437299,123,123,3,cudaLaunchKernel,   8   64   64,  32    4    4,"<unnamed>::step_kernel_interior(const double *, const double *, double *, const double *, const double *, int, int, int, int, int, int, int, double, double)"
6187158380,9999,6187168379,1770,6187170149,2880,14649,126,126,6,cudaLaunchKernel, 256    1    1, 256    1    1,"<unnamed>::unpack_face_x(const double *, double *, int, int, int, int, int)"
6187169010,3757,6187172767,2438,6187175205,2400,8595,126,126,6,cudaLaunchKernel, 256    1    1, 256    1    1,"<unnamed>::unpack_face_y(const double *, double *, int, int, int, int, int)"
6187173288,4879,6187178167,2254,6187180421,4224,11357,126,126,6,cudaLaunchKernel, 256    1    1, 256    1    1,"<unnamed>::unpack_face_z(const double *, double *, int, int, int, int, int)"
6187179069,3447,6187182516,3697,6187186213,6272,13416,126,126,6,cudaLaunchKernel, 512    1    1, 256    1    1,"<unnamed>::step_kernel_boundary_x_faces(const double *, const double *, double *, const double *, const double *, int, int, int, int, int, int, int, double, double)"
6187183067,3176,6187186243,7586,6187193829,7680,18442,126,126,6,cudaLaunchKernel, 508    1    1, 256    1    1,"<unnamed>::step_kernel_boundary_y_faces(const double *, const double *, double *, const double *, const double *, int, int, int, int, int, int, int, double, double)"
6187186723,3237,6187189960,12509,6187202469,49344,65090,126,126,6,cudaLaunchKernel, 505    1    1, 256    1    1,"<unnamed>::step_kernel_boundary_z_faces(const double *, const double *, double *, const double *, const double *, int, int, int, int, int, int, int, double, double)"
6187215498,5220,6187220718,32151,6187252869,3296,40667,126,126,6,cudaLaunchKernel, 256    1    1, 256    1    1,"<unnamed>::pack_face_x(const double *, double *, int, int, int, int, int)"
6187221680,3236,6187224916,427599,6187652515,5824,436659,126,126,6,cudaLaunchKernel, 256    1    1, 256    1    1,"<unnamed>::pack_face_y(const double *, double *, int, int, int, int, int)"
6187225457,3236,6187228693,430830,6187659523,8352,442418,126,126,6,cudaLaunchKernel, 256    1    1, 256    1    1,"<unnamed>::pack_face_z(const double *, double *, int, int, int, int, int)"
6187229485,3456,6187232941,21304,6187254245,403870,428630,126,126,6,cudaLaunchKernel,   8   64   64,  32    4    4,"<unnamed>::step_kernel_interior(const double *, const double *, double *, const double *, const double *, int, int, int, int, int, int, int, double, double)"
6188956502,11782,6188968284,1774,6188970058,2591,16147,120,120,0,cudaLaunchKernel, 256    1    1, 256    1    1,"<unnamed>::unpack_face_x(const double *, double *, int, int, int, int, int)"
6188963014,12594,6188975608,1342,6188976950,2752,16688,125,125,5,cudaLaunchKernel, 256    1    1, 256    1    1,"<unnamed>::unpack_face_x(const double *, double *, int, int, int, int, int)"
6188968925,3997,6188972922,2895,6188975817,2848,9740,120,120,0,cudaLaunchKernel, 256    1    1, 256    1    1,"<unnamed>::unpack_face_y(const double *, double *, int, int, int, int, int)"
6188973484,4247,6188977731,2054,6188979785,4160,10461,120,120,0,cudaLaunchKernel, 256    1    1, 256    1    1,"<unnamed>::unpack_face_z(const double *, double *, int, int, int, int, int)"
6188976379,5069,6188981448,2542,6188983990,2784,10395,125,125,5,cudaLaunchKernel, 256    1    1, 256    1    1,"<unnamed>::unpack_face_y(const double *, double *, int, int, int, int, int)"
6188978974,3997,6188982971,3886,6188986857,6336,14219,120,120,0,cudaLaunchKernel, 512    1    1, 256    1    1,"<unnamed>::step_kernel_boundary_x_faces(const double *, const double *, double *, const double *, const double *, int, int, int, int, int, int, int, double, double)"
6188982060,4638,6188986698,2348,6188989046,3904,10890,125,125,5,cudaLaunchKernel, 256    1    1, 256    1    1,"<unnamed>::unpack_face_z(const double *, double *, int, int, int, int, int)"
6188983532,3667,6188987199,7146,6188994345,7488,18301,120,120,0,cudaLaunchKernel, 508    1    1, 256    1    1,"<unnamed>::step_kernel_boundary_y_faces(const double *, const double *, double *, const double *, const double *, int, int, int, int, int, int, int, double, double)"
6188987740,3717,6188991457,2709,6188994166,6144,12570,125,125,5,cudaLaunchKernel, 512    1    1, 256    1    1,"<unnamed>::step_kernel_boundary_x_faces(const double *, const double *, double *, const double *, const double *, int, int, int, int, int, int, int, double, double)"
6188987800,3497,6188991297,11848,6189003145,50048,65393,120,120,0,cudaLaunchKernel, 505    1    1, 256    1    1,"<unnamed>::step_kernel_boundary_z_faces(const double *, const double *, double *, const double *, const double *, int, int, int, int, int, int, int, double, double)"
6188992018,3266,6188995284,6018,6189001302,7392,16676,125,125,5,cudaLaunchKernel, 508    1    1, 256    1    1,"<unnamed>::step_kernel_boundary_y_faces(const double *, const double *, double *, const double *, const double *, int, int, int, int, int, int, int, double, double)"
6188995815,3317,6188999132,10554,6189009686,48928,62799,125,125,5,cudaLaunchKernel, 505    1    1, 256    1    1,"<unnamed>::step_kernel_boundary_z_faces(const double *, const double *, double *, const double *, const double *, int, int, int, int, int, int, int, double, double)"
6189018068,4759,6189022827,31454,6189054281,3488,39701,120,120,0,cudaLaunchKernel, 256    1    1, 256    1    1,"<unnamed>::pack_face_x(const double *, double *, int, int, int, int, int)"
6189023388,3717,6189027105,427910,6189455015,4320,435947,120,120,0,cudaLaunchKernel, 256    1    1, 256    1    1,"<unnamed>::pack_face_y(const double *, double *, int, int, int, int, int)"
6189027696,3316,6189031012,429347,6189460359,8352,441015,120,120,0,cudaLaunchKernel, 256    1    1, 256    1    1,"<unnamed>::pack_face_z(const double *, double *, int, int, int, int, int)"
6189030862,4759,6189035621,418771,6189454392,5664,429194,125,125,5,cudaLaunchKernel, 256    1    1, 256    1    1,"<unnamed>::pack_face_x(const double *, double *, int, int, int, int, int)"
6189032125,3857,6189035982,20059,6189056041,402910,426826,120,120,0,cudaLaunchKernel,   8   64   64,  32    4    4,"<unnamed>::step_kernel_interior(const double *, const double *, double *, const double *, const double *, int, int, int, int, int, int, int, double, double)"
6189036162,4609,6189040771,420341,6189461112,3616,428566,125,125,5,cudaLaunchKernel, 256    1    1, 256    1    1,"<unnamed>::pack_face_y(const double *, double *, int, int, int, int, int)"
6189041322,3116,6189044438,421602,6189466040,7712,432430,125,125,5,cudaLaunchKernel, 256    1    1, 256    1    1,"<unnamed>::pack_face_z(const double *, double *, int, int, int, int, int)"
6189045239,3366,6189048605,11161,6189059766,400482,415009,125,125,5,cudaLaunchKernel,   8   64   64,  32    4    4,"<unnamed>::step_kernel_interior(const double *, const double *, double *, const double *, const double *, int, int, int, int, int, int, int, double, double)"
6189098239,16181,6189114420,762,6189115182,2464,19407,124,124,4,cudaLaunchKernel, 256    1    1, 256    1    1,"<unnamed>::unpack_face_x(const double *, double *, int, int, int, int, int)"
6189115191,4699,6189119890,2364,6189122254,2400,9463,124,124,4,cudaLaunchKernel, 256    1    1, 256    1    1,"<unnamed>::unpack_face_y(const double *, double *, int, int, int, int, int)"
6189120782,4458,6189125240,2294,6189127534,3904,10656,124,124,4,cudaLaunchKernel, 256    1    1, 256    1    1,"<unnamed>::unpack_face_z(const double *, double *, int, int, int, int, int)"
6189126262,4328,6189130590,3536,6189134126,6432,14296,124,124,4,cudaLaunchKernel, 512    1    1, 256    1    1,"<unnamed>::step_kernel_boundary_x_faces(const double *, const double *, double *, const double *, const double *, int, int, int, int, int, int, int, double, double)"
6189131281,3848,6189135129,6389,6189141518,7712,17949,124,124,4,cudaLaunchKernel, 508    1    1, 256    1    1,"<unnamed>::step_kernel_boundary_y_faces(const double *, const double *, double *, const double *, const double *, int, int, int, int, int, int, int, double, double)"
6189135830,4048,6189139878,10376,6189150254,49152,63576,124,124,4,cudaLaunchKernel, 505    1    1, 256    1    1,"<unnamed>::step_kernel_boundary_z_faces(const double *, const double *, double *, const double *, const double *, int, int, int, int, int, int, int, double, double)"
6189150848,5180,6189156028,44530,6189200558,3328,53038,124,124,4,cudaLaunchKernel, 256    1    1, 256    1    1,"<unnamed>::pack_face_x(const double *, double *, int, int, int, int, int)"
6189156599,3917,6189160516,437642,6189598158,4032,445591,124,124,4,cudaLaunchKernel, 256    1    1, 256    1    1,"<unnamed>::pack_face_y(const double *, double *, int, int, int, int, int)"
6189161067,3437,6189164504,438806,6189603310,8288,450531,124,124,4,cudaLaunchKernel, 256    1    1, 256    1    1,"<unnamed>::pack_face_z(const double *, double *, int, int, int, int, int)"
6189165305,4008,6189169313,32877,6189202190,399488,436373,124,124,4,cudaLaunchKernel,   8   64   64,  32    4    4,"<unnamed>::step_kernel_interior(const double *, const double *, double *, const double *, const double *, int, int, int, int, int, int, int, double, double)"
6189521948,10570,6189532518,1657,6189534175,2848,15075,133,133,7,cudaLaunchKernel, 256    1    1, 256    1    1,"<unnamed>::unpack_face_x(const double *, double *, int, int, int, int, int)"
6189524934,14186,6189539120,1138,6189540258,2656,17980,122,122,2,cudaLaunchKernel, 256    1    1, 256    1    1,"<unnamed>::unpack_face_x(const double *, double *, int, int, int, int, int)"
6189531686,9538,6189541224,2387,6189543611,2720,14645,121,121,1,cudaLaunchKernel, 256    1    1, 256    1    1,"<unnamed>::unpack_face_x(const double *, double *, int, int, int, int, int)"
6189533229,3797,6189537026,2301,6189539327,2432,8530,133,133,7,cudaLaunchKernel, 256    1    1, 256    1    1,"<unnamed>::unpack_face_y(const double *, double *, int, int, int, int, int)"
6189537678,3797,6189541475,3324,6189544799,3872,10993,133,133,7,cudaLaunchKernel, 256    1    1, 256    1    1,"<unnamed>::unpack_face_z(const double *, double *, int, int, int, int, int)"
6189540232,6252,6189546484,2190,6189548674,2528,10970,122,122,2,cudaLaunchKernel, 256    1    1, 256    1    1,"<unnamed>::unpack_face_y(const double *, double *, int, int, int, int, int)"
6189541886,4238,6189546124,2671,6189548795,2976,9885,121,121,1,cudaLaunchKernel, 256    1    1, 256    1    1,"<unnamed>::unpack_face_y(const double *, double *, int, int, int, int, int)"
6189542366,3457,6189545823,3808,6189549631,6400,13665,133,133,7,cudaLaunchKernel, 512    1    1, 256    1    1,"<unnamed>::step_kernel_boundary_x_faces(const double *, const double *, double *, const double *, const double *, int, int, int, int, int, int, int, double, double)"
6189546434,3366,6189549800,7287,6189557087,7456,18109,133,133,7,cudaLaunchKernel, 508    1    1, 256    1    1,"<unnamed>::step_kernel_boundary_y_faces(const double *, const double *, double *, const double *, const double *, int, int, int, int, int, int, int, double, double)"
6189546685,4007,6189550692,3959,6189554651,4224,12190,121,121,1,cudaLaunchKernel, 256    1    1, 256    1    1,"<unnamed>::unpack_face_z(const double *, double *, int, int, int, int, int)"
6189547386,5771,6189553157,3837,6189556994,5280,14888,122,122,2,cudaLaunchKernel, 256    1    1, 256    1    1,"<unnamed>::unpack_face_z(const double *, double *, int, int, int, int, int)"
6189550341,3347,6189553688,11879,6189565567,48800,64026,133,133,7,cudaLaunchKernel, 505    1    1, 256    1    1,"<unnamed>::step_kernel_boundary_z_faces(const double *, const double *, double *, const double *, const double *, int, int, int, int, int, int, int, double, double)"
6189551574,3747,6189555321,4642,6189559963,6624,15013,121,121,1,cudaLaunchKernel, 512    1    1, 256    1    1,"<unnamed>::step_kernel_boundary_x_faces(const double *, const double *, double *, const double *, const double *, int, int, int, int, int, int, int, double, double)"
6189554519,6122,6189560641,2849,6189563490,6976,15947,122,122,2,cudaLaunchKernel, 512    1    1, 256    1    1,"<unnamed>::step_kernel_boundary_x_faces(const double *, const double *, double *, const double *, const double *, int, int, int, int, int, int, int, double, double)"
6189556002,3747,6189559749,7990,6189567739,7840,19577,121,121,1,cudaLaunchKernel, 508    1    1, 256    1    1,"<unnamed>::step_kernel_boundary_y_faces(const double *, const double *, double *, const double *, const double *, int, int, int, int, int, int, int, double, double)"
6189560370,3757,6189564127,12668,6189576795,49696,66121,121,121,1,cudaLaunchKernel, 505    1    1, 256    1    1,"<unnamed>::step_kernel_boundary_z_faces(const double *, const double *, double *, const double *, const double *, int, int, int, int, int, int, int, double, double)"
6189561623,5700,6189567323,4199,6189571522,7456,17355,122,122,2,cudaLaunchKernel, 508    1    1, 256    1    1,"<unnamed>::step_kernel_boundary_y_faces(const double *, const double *, double *, const double *, const double *, int, int, int, int, int, int, int, double, double)"
6189568135,5972,6189574107,6119,6189580226,53920,66011,122,122,2,cudaLaunchKernel, 505    1    1, 256    1    1,"<unnamed>::step_kernel_boundary_z_faces(const double *, const double *, double *, const double *, const double *, int, int, int, int, int, int, int, double, double)"
6189589726,5010,6189594736,32843,6189627579,7680,45533,121,121,1,cudaLaunchKernel, 256    1    1, 256    1    1,"<unnamed>::pack_face_x(const double *, double *, int, int, int, int, int)"
6189595537,4368,6189599905,425114,6190025019,4160,433642,121,121,1,cudaLaunchKernel, 256    1    1, 256    1    1,"<unnamed>::pack_face_y(const double *, double *, int, int, int, int, int)"
6189600547,3566,6189604113,426570,6190030683,8608,438744,121,121,1,cudaLaunchKernel, 256    1    1, 256    1    1,"<unnamed>::pack_face_z(const double *, double *, int, int, int, int, int)"
6189605115,4278,6189609393,18762,6189628155,400544,423584,121,121,1,cudaLaunchKernel,   8   64   64,  32    4    4,"<unnamed>::step_kernel_interior(const double *, const double *, double *, const double *, const double *, int, int, int, int, int, int, int, double, double)"
6189605225,7214,6189612439,22987,6189635426,3264,33465,122,122,2,cudaLaunchKernel, 256    1    1, 256    1    1,"<unnamed>::pack_face_x(const double *, double *, int, int, int, int, int)"
6189609293,6953,6189616246,2697,6189618943,3168,12818,133,133,7,cudaLaunchKernel, 256    1    1, 256    1    1,"<unnamed>::pack_face_x(const double *, double *, int, int, int, int, int)"
6189613321,5470,6189618791,20955,6189639746,3264,29689,122,122,2,cudaLaunchKernel, 256    1    1, 256    1    1,"<unnamed>::pack_face_y(const double *, double *, int, int, int, int, int)"
6189617268,3517,6189620785,2478,6189623263,3424,9419,133,133,7,cudaLaunchKernel, 256    1    1, 256    1    1,"<unnamed>::pack_face_y(const double *, double *, int, int, int, int, int)"
6189619753,5550,6189625303,18795,6189644098,6688,31033,122,122,2,cudaLaunchKernel, 256    1    1, 256    1    1,"<unnamed>::pack_face_z(const double *, double *, int, int, int, int, int)"
6189621356,3536,6189624892,2915,6189627807,6848,13299,133,133,7,cudaLaunchKernel, 256    1    1, 256    1    1,"<unnamed>::pack_face_z(const double *, double *, int, int, int, int, int)"
6189626034,4138,6189630172,3011,6189633183,400735,407884,133,133,7,cudaLaunchKernel,   8   64   64,  32    4    4,"<unnamed>::step_kernel_interior(const double *, const double *, double *, const double *, const double *, int, int, int, int, int, int, int, double, double)"
6189626485,41118,6189667603,2127,6189669730,395998,439243,122,122,2,cudaLaunchKernel,   8   64   64,  32    4    4,"<unnamed>::step_kernel_interior(const double *, const double *, double *, const double *, const double *, int, int, int, int, int, int, int, double, double)"
6190097554,10600,6190108154,1986,6190110140,2464,15050,123,123,3,cudaLaunchKernel, 256    1    1, 256    1    1,"<unnamed>::unpack_face_x(const double *, double *, int, int, int, int, int)"
6190108875,4428,6190113303,3749,6190117052,2432,10609,123,123,3,cudaLaunchKernel, 256    1    1, 256    1    1,"<unnamed>::unpack_face_y(const double *, double *, int, int, int, int, int)"
6190113985,3737,6190117722,2690,6190120412,3904,10331,123,123,3,cudaLaunchKernel, 256    1    1, 256    1    1,"<unnamed>::unpack_face_z(const double *, double *, int, int, int, int, int)"
6190118583,3837,6190122420,2824,6190125244,6336,12997,123,123,3,cudaLaunchKernel, 512    1    1, 256    1    1,"<unnamed>::step_kernel_boundary_x_faces(const double *, const double *, double *, const double *, const double *, int, int, int, int, int, int, int, double, double)"
6190123562,4258,6190127820,5136,6190132956,7456,16850,123,123,3,cudaLaunchKernel, 508    1    1, 256    1    1,"<unnamed>::step_kernel_boundary_y_faces(const double *, const double *, double *, const double *, const double *, int, int, int, int, int, int, int, double, double)"
6190128442,3997,6190132439,9029,6190141468,50144,63170,123,123,3,cudaLaunchKernel, 505    1    1, 256    1    1,"<unnamed>::step_kernel_boundary_z_faces(const double *, const double *, double *, const double *, const double *, int, int, int, int, int, int, int, double, double)"
6190140555,3838,6190144393,48307,6190192700,7040,59185,123,123,3,cudaLaunchKernel, 256    1    1, 256    1    1,"<unnamed>::pack_face_x(const double *, double *, int, int, int, int, int)"
6190145064,3516,6190148580,443030,6190591610,5600,452146,123,123,3,cudaLaunchKernel, 256    1    1, 256    1    1,"<unnamed>::pack_face_y(const double *, double *, int, int, int, int, int)"
6190149172,3506,6190152678,446196,6190598874,8352,458054,123,123,3,cudaLaunchKernel, 256    1    1, 256    1    1,"<unnamed>::pack_face_z(const double *, double *, int, int, int, int, int)"
6190153580,4288,6190157868,35408,6190193276,403550,443246,123,123,3,cudaLaunchKernel,   8   64   64,  32    4    4,"<unnamed>::step_kernel_interior(const double *, const double *, double *, const double *, const double *, int, int, int, int, int, int, int, double, double)"
6203843861,12703,6203856564,911,6203857475,2816,16430,126,126,6,cudaLaunchKernel, 256    1    1, 256    1    1,"<unnamed>::unpack_face_x(const double *, double *, int, int, int, int, int)"
6203857276,4107,6203861383,2364,6203863747,2400,8871,126,126,6,cudaLaunchKernel, 256    1    1, 256    1    1,"<unnamed>::unpack_face_y(const double *, double *, int, int, int, int, int)"
6203861924,3287,6203865211,3528,6203868739,4256,11071,126,126,6,cudaLaunchKernel, 256    1    1, 256    1    1,"<unnamed>::unpack_face_z(const double *, double *, int, int, int, int, int)"
6203866102,3276,6203869378,4609,6203873987,6432,14317,126,126,6,cudaLaunchKernel, 512    1    1, 256    1    1,"<unnamed>::step_kernel_boundary_x_faces(const double *, const double *, double *, const double *, const double *, int, int, int, int, int, int, int, double, double)"
6203869919,3247,6203873166,8629,6203881795,7584,19460,126,126,6,cudaLaunchKernel, 508    1    1, 256    1    1,"<unnamed>::step_kernel_boundary_y_faces(const double *, const double *, double *, const double *, const double *, int, int, int, int, int, int, int, double, double)"
6203873707,3356,6203877063,13276,6203890339,49280,65912,126,126,6,cudaLaunchKernel, 505    1    1, 256    1    1,"<unnamed>::step_kernel_boundary_z_faces(const double *, const double *, double *, const double *, const double *, int, int, int, int, int, int, int, double, double)"
6203927519,7243,6203934762,5881,6203940643,3296,16420,126,126,6,cudaLaunchKernel, 256    1    1, 256    1    1,"<unnamed>::pack_face_x(const double *, double *, int, int, int, int, int)"
6203935333,3306,6203938639,6356,6203944995,3168,12830,126,126,6,cudaLaunchKernel, 256    1    1, 256    1    1,"<unnamed>::pack_face_y(const double *, double *, int, int, int, int, int)"
6203939190,7805,6203946995,2256,6203949251,7296,17357,126,126,6,cudaLaunchKernel, 256    1    1, 256    1    1,"<unnamed>::pack_face_z(const double *, double *, int, int, int, int, int)"
6203947937,3867,6203951804,2695,6203954499,402686,409248,126,126,6,cudaLaunchKernel,   8   64   64,  32    4    4,"<unnamed>::step_kernel_interior(const double *, const double *, double *, const double *, const double *, int, int, int, int, int, int, int, double, double)"
6205457604,11271,6205468875,1842,6205470717,2496,15609,120,120,0,cudaLaunchKernel, 256    1    1, 256    1    1,"<unnamed>::unpack_face_x(const double *, double *, int, int, int, int, int)"
6205463726,12703,6205476429,1417,6205477846,2752,16872,125,125,5,cudaLaunchKernel, 256    1    1, 256    1    1,"<unnamed>::unpack_face_x(const double *, double *, int, int, int, int, int)"
6205465890,14888,6205480778,698,6205481476,2464,18050,124,124,4,cudaLaunchKernel, 256    1    1, 256    1    1,"<unnamed>::unpack_face_x(const double *, double *, int, int, int, int, int)"
6205469506,4048,6205473554,2634,6205476188,2784,9466,120,120,0,cudaLaunchKernel, 256    1    1, 256    1    1,"<unnamed>::unpack_face_y(const double *, double *, int, int, int, int, int)"
6205474095,3687,6205477782,3910,6205481692,4224,11821,120,120,0,cudaLaunchKernel, 256    1    1, 256    1    1,"<unnamed>::unpack_face_z(const double *, double *, int, int, int, int, int)"
6205477111,5069,6205482180,2514,6205484694,2784,10367,125,125,5,cudaLaunchKernel, 256    1    1, 256    1    1,"<unnamed>::unpack_face_y(const double *, double *, int, int, int, int, int)"
6205478644,3586,6205482230,4710,6205486940,6208,14504,120,120,0,cudaLaunchKernel, 512    1    1, 256    1    1,"<unnamed>::step_kernel_boundary_x_faces(const double *, const double *, double *, const double *, const double *, int, int, int, int, int, int, int, double, double)"
6205481790,10580,6205492370,1074,6205493444,2432,14086,124,124,4,cudaLaunchKernel, 256    1    1, 256    1    1,"<unnamed>::unpack_face_y(const double *, double *, int, int, int, int, int)"
6205482781,3467,6205486248,7956,6205494204,7360,18783,120,120,0,cudaLaunchKernel, 508    1    1, 256    1    1,"<unnamed>::step_kernel_boundary_y_faces(const double *, const double *, double *, const double *, const double *, int, int, int, int, int, int, int, double, double)"
6205482791,3567,6205486358,3648,6205490006,3904,11119,125,125,5,cudaLaunchKernel, 256    1    1, 256    1    1,"<unnamed>::unpack_face_z(const double *, double *, int, int, int, int, int)"
6205486839,5040,6205491879,10741,6205502620,48704,64485,120,120,0,cudaLaunchKernel, 505    1    1, 256    1    1,"<unnamed>::step_kernel_boundary_z_faces(const double *, const double *, double *, const double *, const double *, int, int, int, int, int, int, int, double, double)"
6205487310,3377,6205490687,4279,6205494966,6080,13736,125,125,5,cudaLaunchKernel, 512    1    1, 256    1    1,"<unnamed>::step_kernel_boundary_x_faces(const double *, const double *, double *, const double *, const double *, int, int, int, int, int, int, int, double, double)"
6205491208,3427,6205494635,7435,6205502070,7232,18094,125,125,5,cudaLaunchKernel, 508    1    1, 256    1    1,"<unnamed>::step_kernel_boundary_y_faces(const double *, const double *, double *, const double *, const double *, int, int, int, int, int, int, int, double, double)"
6205493192,4428,6205497620,3184,6205500804,3936,11548,124,124,4,cudaLaunchKernel, 256    1    1, 256    1    1,"<unnamed>::unpack_face_z(const double *, double *, int, int, int, int, int)"
6205495206,3616,6205498822,11568,6205510390,48960,64144,125,125,5,cudaLaunchKernel, 505    1    1, 256    1    1,"<unnamed>::step_kernel_boundary_z_faces(const double *, const double *, double *, const double *, const double *, int, int, int, int, int, int, int, double, double)"
6205498622,3988,6205502610,3250,6205505860,6368,13606,124,124,4,cudaLaunchKernel, 512    1    1, 256    1    1,"<unnamed>::step_kernel_boundary_x_faces(const double *, const double *, double *, const double *, const double *, int, int, int, int, int, int, int, double, double)"
6205503131,4017,6205507148,6008,6205513156,7296,17321,124,124,4,cudaLaunchKernel, 508    1    1, 256    1    1,"<unnamed>::step_kernel_boundary_y_faces(const double *, const double *, double *, const double *, const double *, int, int, int, int, int, int, int, double, double)"
6205507649,3817,6205511466,10138,6205521604,49184,63139,124,124,4,cudaLaunchKernel, 505    1    1, 256    1    1,"<unnamed>::step_kernel_boundary_z_faces(const double *, const double *, double *, const double *, const double *, int, int, int, int, int, int, int, double, double)"
6205524771,5360,6205530131,22249,6205552380,5792,33401,120,120,0,cudaLaunchKernel, 256    1    1, 256    1    1,"<unnamed>::pack_face_x(const double *, double *, int, int, int, int, int)"
6205527106,5971,6205533077,433582,6205966659,4224,443777,124,124,4,cudaLaunchKernel, 256    1    1, 256    1    1,"<unnamed>::pack_face_x(const double *, double *, int, int, int, int, int)"
6205530672,3336,6205534008,415874,6205949882,5824,425034,120,120,0,cudaLaunchKernel, 256    1    1, 256    1    1,"<unnamed>::pack_face_y(const double *, double *, int, int, int, int, int)"
6205533678,3637,6205537315,434688,6205972003,3424,441749,124,124,4,cudaLaunchKernel, 256    1    1, 256    1    1,"<unnamed>::pack_face_y(const double *, double *, int, int, int, int, int)"
6205534580,3346,6205537926,418996,6205956922,8416,430758,120,120,0,cudaLaunchKernel, 256    1    1, 256    1    1,"<unnamed>::pack_face_z(const double *, double *, int, int, int, int, int)"
6205538166,3557,6205541723,434792,6205976515,7808,446157,124,124,4,cudaLaunchKernel, 256    1    1, 256    1    1,"<unnamed>::pack_face_z(const double *, double *, int, int, int, int, int)"
6205538817,4148,6205542965,9927,6205552892,403038,417113,120,120,0,cudaLaunchKernel,   8   64   64,  32    4    4,"<unnamed>::step_kernel_interior(const double *, const double *, double *, const double *, const double *, int, int, int, int, int, int, int, double, double)"
6205542494,4248,6205546742,25070,6205571812,398879,428197,124,124,4,cudaLaunchKernel,   8   64   64,  32    4    4,"<unnamed>::step_kernel_interior(const double *, const double *, double *, const double *, const double *, int, int, int, int, int, int, int, double, double)"
6205545871,6292,6205552163,8275,6205560438,3136,17703,125,125,5,cudaLaunchKernel, 256    1    1, 256    1    1,"<unnamed>::pack_face_x(const double *, double *, int, int, int, int, int)"
6205552734,3466,6205556200,8494,6205564694,3232,15192,125,125,5,cudaLaunchKernel, 256    1    1, 256    1    1,"<unnamed>::pack_face_y(const double *, double *, int, int, int, int, int)"
6205556771,3176,6205559947,9291,6205569238,9728,22195,125,125,5,cudaLaunchKernel, 256    1    1, 256    1    1,"<unnamed>::pack_face_z(const double *, double *, int, int, int, int, int)"
6205560759,8516,6205569275,3547,6205572822,399618,411681,125,125,5,cudaLaunchKernel,   8   64   64,  32    4    4,"<unnamed>::step_kernel_interior(const double *, const double *, double *, const double *, const double *, int, int, int, int, int, int, int, double, double)"
6205635961,10018,6205645979,1786,6205647765,2880,14684,133,133,7,cudaLaunchKernel, 256    1    1, 256    1    1,"<unnamed>::unpack_face_x(const double *, double *, int, int, int, int, int)"
6205646611,3867,6205650478,3399,6205653877,2528,9794,133,133,7,cudaLaunchKernel, 256    1    1, 256    1    1,"<unnamed>::unpack_face_y(const double *, double *, int, int, int, int, int)"
6205651139,3507,6205654646,2879,6205657525,4512,10898,133,133,7,cudaLaunchKernel, 256    1    1, 256    1    1,"<unnamed>::unpack_face_z(const double *, double *, int, int, int, int, int)"
6205680515,4218,6205684733,2200,6205686933,7104,13522,133,133,7,cudaLaunchKernel, 512    1    1, 256    1    1,"<unnamed>::step_kernel_boundary_x_faces(const double *, const double *, double *, const double *, const double *, int, int, int, int, int, int, int, double, double)"
6205685374,3407,6205688781,6216,6205694997,7712,17335,133,133,7,cudaLaunchKernel, 508    1    1, 256    1    1,"<unnamed>::step_kernel_boundary_y_faces(const double *, const double *, double *, const double *, const double *, int, int, int, int, int, int, int, double, double)"
6205689432,3466,6205692898,11059,6205703957,55232,69757,133,133,7,cudaLaunchKernel, 505    1    1, 256    1    1,"<unnamed>::step_kernel_boundary_z_faces(const double *, const double *, double *, const double *, const double *, int, int, int, int, int, int, int, double, double)"
6205712375,4639,6205717014,43167,6205760181,7456,55262,133,133,7,cudaLaunchKernel, 256    1    1, 256    1    1,"<unnamed>::pack_face_x(const double *, double *, int, int, int, int, int)"
6205717855,3337,6205721192,433004,6206154196,5920,442261,133,133,7,cudaLaunchKernel, 256    1    1, 256    1    1,"<unnamed>::pack_face_y(const double *, double *, int, int, int, int, int)"
6205721763,3356,6205725119,436084,6206161203,8448,447888,133,133,7,cudaLaunchKernel, 256    1    1, 256    1    1,"<unnamed>::pack_face_z(const double *, double *, int, int, int, int, int)"
6205726111,3727,6205729838,30855,6205760693,399039,433621,133,133,7,cudaLaunchKernel,   8   64   64,  32    4    4,"<unnamed>::step_kernel_interior(const double *, const double *, double *, const double *, const double *, int, int, int, int, int, int, int, double, double)"
6206041335,13717,6206055052,1397,6206056449,2688,17802,122,122,2,cudaLaunchKernel, 256    1    1, 256    1    1,"<unnamed>::unpack_face_x(const double *, double *, int, int, int, int, int)"
6206056094,5921,6206062015,3298,6206065313,2560,11779,122,122,2,cudaLaunchKernel, 256    1    1, 256    1    1,"<unnamed>::unpack_face_y(const double *, double *, int, int, int, int, int)"
6206062876,6422,6206069298,2191,6206071489,5184,13797,122,122,2,cudaLaunchKernel, 256    1    1, 256    1    1,"<unnamed>::unpack_face_z(const double *, double *, int, int, int, int, int)"
6206070661,5651,6206076312,2889,6206079201,6976,15516,122,122,2,cudaLaunchKernel, 512    1    1, 256    1    1,"<unnamed>::step_kernel_boundary_x_faces(const double *, const double *, double *, const double *, const double *, int, int, int, int, int, int, int, double, double)"
6206077263,5541,6206082804,4525,6206087329,7679,17745,122,122,2,cudaLaunchKernel, 508    1    1, 256    1    1,"<unnamed>::step_kernel_boundary_y_faces(const double *, const double *, double *, const double *, const double *, int, int, int, int, int, int, int, double, double)"
6206083705,5851,6206089556,6636,6206096192,52864,65351,122,122,2,cudaLaunchKernel, 505    1    1, 256    1    1,"<unnamed>::step_kernel_boundary_z_faces(const double *, const double *, double *, const double *, const double *, int, int, int, int, int, int, int, double, double)"
6206112149,6622,6206118771,428524,6206547295,3968,439114,122,122,2,cudaLaunchKernel, 256    1    1, 256    1    1,"<unnamed>::pack_face_x(const double *, double *, int, int, int, int, int)"
6206119633,5450,6206125083,427332,6206552415,3616,436398,122,122,2,cudaLaunchKernel, 256    1    1, 256    1    1,"<unnamed>::pack_face_y(const double *, double *, int, int, int, int, int)"
6206125965,5300,6206131265,425790,6206557055,7840,438930,122,122,2,cudaLaunchKernel, 256    1    1, 256    1    1,"<unnamed>::pack_face_z(const double *, double *, int, int, int, int, int)"
6206132497,6051,6206138548,11596,6206150144,400895,418542,122,122,2,cudaLaunchKernel,   8   64   64,  32    4    4,"<unnamed>::step_kernel_interior(const double *, const double *, double *, const double *, const double *, int, int, int, int, int, int, int, double, double)"
6206237134,12695,6206249829,1588,6206251417,2688,16971,121,121,1,cudaLaunchKernel, 256    1    1, 256    1    1,"<unnamed>::unpack_face_x(const double *, double *, int, int, int, int, int)"
6206250600,4429,6206255029,3940,6206258969,3008,11377,121,121,1,cudaLaunchKernel, 256    1    1, 256    1    1,"<unnamed>::unpack_face_y(const double *, double *, int, int, int, int, int)"
6206255820,3657,6206259477,3716,6206263193,4256,11629,121,121,1,cudaLaunchKernel, 256    1    1, 256    1    1,"<unnamed>::unpack_face_z(const double *, double *, int, int, int, int, int)"
6206260409,3787,6206264196,4309,6206268505,6560,14656,121,121,1,cudaLaunchKernel, 512    1    1, 256    1    1,"<unnamed>::step_kernel_boundary_x_faces(const double *, const double *, double *, const double *, const double *, int, int, int, int, int, int, int, double, double)"
6206264727,3867,6206268594,7495,6206276089,7456,18818,121,121,1,cudaLaunchKernel, 508    1    1, 256    1    1,"<unnamed>::step_kernel_boundary_y_faces(const double *, const double *, double *, const double *, const double *, int, int, int, int, int, int, int, double, double)"
6206269265,4138,6206273403,11262,6206284665,49056,64456,121,121,1,cudaLaunchKernel, 505    1    1, 256    1    1,"<unnamed>::step_kernel_boundary_z_faces(const double *, const double *, double *, const double *, const double *, int, int, int, int, int, int, int, double, double)"
6206296977,4890,6206301867,428206,6206730073,5824,438920,121,121,1,cudaLaunchKernel, 256    1    1, 256    1    1,"<unnamed>::pack_face_x(const double *, double *, int, int, int, int, int)"
6206302618,3707,6206306325,430788,6206737113,3584,438079,121,121,1,cudaLaunchKernel, 256    1    1, 256    1    1,"<unnamed>::pack_face_y(const double *, double *, int, int, int, int, int)"
6206307016,4208,6206311224,430977,6206742201,7968,443153,121,121,1,cudaLaunchKernel, 256    1    1, 256    1    1,"<unnamed>::pack_face_z(const double *, double *, int, int, int, int, int)"
6206312076,3757,6206315833,19104,6206334937,401216,424077,121,121,1,cudaLaunchKernel,   8   64   64,  32    4    4,"<unnamed>::step_kernel_interior(const double *, const double *, double *, const double *, const double *, int, int, int, int, int, int, int, double, double)"
6206806809,20760,6206827569,1897,6206829466,2432,25089,123,123,3,cudaLaunchKernel, 256    1    1, 256    1    1,"<unnamed>::unpack_face_x(const double *, double *, int, int, int, int, int)"
6206828370,4138,6206832508,3998,6206836506,2400,10536,123,123,3,cudaLaunchKernel, 256    1    1, 256    1    1,"<unnamed>::unpack_face_y(const double *, double *, int, int, int, int, int)"
6206833089,3717,6206836806,3028,6206839834,3904,10649,123,123,3,cudaLaunchKernel, 256    1    1, 256    1    1,"<unnamed>::unpack_face_z(const double *, double *, int, int, int, int, int)"
6206837677,3848,6206841525,3237,6206844762,6528,13613,123,123,3,cudaLaunchKernel, 512    1    1, 256    1    1,"<unnamed>::step_kernel_boundary_x_faces(const double *, const double *, double *, const double *, const double *, int, int, int, int, int, int, int, double, double)"
6206842096,3717,6206845813,6469,6206852282,7520,17706,123,123,3,cudaLaunchKernel, 508    1    1, 256    1    1,"<unnamed>::step_kernel_boundary_y_faces(const double *, const double *, double *, const double *, const double *, int, int, int, int, int, int, int, double, double)"
6206846374,3677,6206850051,10807,6206860858,49503,63987,123,123,3,cudaLaunchKernel, 505    1    1, 256    1    1,"<unnamed>::step_kernel_boundary_z_faces(const double *, const double *, double *, const double *, const double *, int, int, int, int, int, int, int, double, double)"
6206858446,3838,6206862284,49197,6206911481,7104,60139,123,123,3,cudaLaunchKernel, 256    1    1, 256    1    1,"<unnamed>::pack_face_x(const double *, double *, int, int, int, int, int)"
6206862895,3586,6206866481,443079,6207309560,3872,450537,123,123,3,cudaLaunchKernel, 256    1    1, 256    1    1,"<unnamed>::pack_face_y(const double *, double *, int, int, int, int, int)"
6206867043,3767,6206870810,443678,6207314488,8192,455637,123,123,3,cudaLaunchKernel, 256    1    1, 256    1    1,"<unnamed>::pack_face_z(const double *, double *, int, int, int, int, int)"
6206871641,3767,6206875408,36617,6206912025,400927,441311,123,123,3,cudaLaunchKernel,   8   64   64,  32    4    4,"<unnamed>::step_kernel_interior(const double *, const double *, double *, const double *, const double *, int, int, int, int, int, int, int, double, double)"
6217626406,10751,6217637157,1032,6217638189,2976,14759,126,126,6,cudaLaunchKernel, 256    1    1, 256    1    1,"<unnamed>::unpack_face_x(const double *, double *, int, int, int, int, int)"
6217638028,3958,6217641986,3435,6217645421,2624,10017,126,126,6,cudaLaunchKernel, 256    1    1, 256    1    1,"<unnamed>::unpack_face_y(const double *, double *, int, int, int, int, int)"
6217642527,3426,6217645953,3212,6217649165,4832,11470,126,126,6,cudaLaunchKernel, 256    1    1, 256    1    1,"<unnamed>::unpack_face_z(const double *, double *, int, int, int, int, int)"
6217646855,3376,6217650231,4886,6217655117,7168,15430,126,126,6,cudaLaunchKernel, 512    1    1, 256    1    1,"<unnamed>::step_kernel_boundary_x_faces(const double *, const double *, double *, const double *, const double *, int, int, int, int, int, int, int, double, double)"
6217650782,3286,6217654068,9177,6217663245,7520,19983,126,126,6,cudaLaunchKernel, 508    1    1, 256    1    1,"<unnamed>::step_kernel_boundary_y_faces(const double *, const double *, double *, const double *, const double *, int, int, int, int, int, int, int, double, double)"
6217654619,3427,6217658046,13679,6217671725,53888,70994,126,126,6,cudaLaunchKernel, 505    1    1, 256    1    1,"<unnamed>::step_kernel_boundary_z_faces(const double *, const double *, double *, const double *, const double *, int, int, int, int, int, int, int, double, double)"
6217690397,30597,6217720994,5803,6217726797,3136,39536,126,126,6,cudaLaunchKernel, 256    1    1, 256    1    1,"<unnamed>::pack_face_x(const double *, double *, int, int, int, int, int)"
6217721705,3867,6217725572,5417,6217730989,3168,12452,126,126,6,cudaLaunchKernel, 256    1    1, 256    1    1,"<unnamed>::pack_face_y(const double *, double *, int, int, int, int, int)"
6217726735,3797,6217730532,4649,6217735181,6848,15294,126,126,6,cudaLaunchKernel, 256    1    1, 256    1    1,"<unnamed>::pack_face_z(const double *, double *, int, int, int, int, int)"
6217731404,3767,6217735171,3818,6217738989,402270,409855,126,126,6,cudaLaunchKernel,   8   64   64,  32    4    4,"<unnamed>::step_kernel_interior(const double *, const double *, double *, const double *, const double *, int, int, int, int, int, int, int, double, double)"
6219404099,13264,6219417363,1913,6219419276,3040,18217,125,125,5,cudaLaunchKernel, 256    1    1, 256    1    1,"<unnamed>::unpack_face_x(const double *, double *, int, int, int, int, int)"
6219408487,13495,6219421982,1277,6219423259,2464,17236,120,120,0,cudaLaunchKernel, 256    1    1, 256    1    1,"<unnamed>::unpack_face_x(const double *, double *, int, int, int, int, int)"
6219410420,15049,6219425469,1086,6219426555,2496,18631,124,124,4,cudaLaunchKernel, 256    1    1, 256    1    1,"<unnamed>::unpack_face_x(const double *, double *, int, int, int, int, int)"
6219418085,4158,6219422243,3561,6219425804,2880,10599,125,125,5,cudaLaunchKernel, 256    1    1, 256    1    1,"<unnamed>::unpack_face_y(const double *, double *, int, int, int, int, int)"
6219422794,4488,6219427282,4201,6219431483,2880,11569,120,120,0,cudaLaunchKernel, 256    1    1, 256    1    1,"<unnamed>::unpack_face_y(const double *, double *, int, int, int, int, int)"
6219422894,3406,6219426300,3504,6219429804,4256,11166,125,125,5,cudaLaunchKernel, 256    1    1, 256    1    1,"<unnamed>::unpack_face_z(const double *, double *, int, int, int, int, int)"
6219427012,5120,6219432132,2935,6219435067,2400,10455,124,124,4,cudaLaunchKernel, 256    1    1, 256    1    1,"<unnamed>::unpack_face_y(const double *, double *, int, int, int, int, int)"
6219427272,3317,6219430589,4559,6219435148,7168,15044,125,125,5,cudaLaunchKernel, 512    1    1, 256    1    1,"<unnamed>::step_kernel_boundary_x_faces(const double *, const double *, double *, const double *, const double *, int, int, int, int, int, int, int, double, double)"
6219427874,3567,6219431441,4106,6219435547,4192,11865,120,120,0,cudaLaunchKernel, 256    1    1, 256    1    1,"<unnamed>::unpack_face_z(const double *, double *, int, int, int, int, int)"
6219431130,3357,6219434487,9077,6219443564,7424,19858,125,125,5,cudaLaunchKernel, 508    1    1, 256    1    1,"<unnamed>::step_kernel_boundary_y_faces(const double *, const double *, double *, const double *, const double *, int, int, int, int, int, int, int, double, double)"
6219432383,3626,6219436009,4722,6219440731,6624,14972,120,120,0,cudaLaunchKernel, 512    1    1, 256    1    1,"<unnamed>::step_kernel_boundary_x_faces(const double *, const double *, double *, const double *, const double *, int, int, int, int, int, int, int, double, double)"
6219432783,3918,6219436701,2014,6219438715,3936,9868,124,124,4,cudaLaunchKernel, 256    1    1, 256    1    1,"<unnamed>::unpack_face_z(const double *, double *, int, int, int, int, int)"
6219434987,3287,6219438274,13834,6219452108,52993,70114,125,125,5,cudaLaunchKernel, 505    1    1, 256    1    1,"<unnamed>::step_kernel_boundary_z_faces(const double *, const double *, double *, const double *, const double *, int, int, int, int, int, int, int, double, double)"
6219436510,3457,6219439967,8444,6219448411,7168,19069,120,120,0,cudaLaunchKernel, 508    1    1, 256    1    1,"<unnamed>::step_kernel_boundary_y_faces(const double *, const double *, double *, const double *, const double *, int, int, int, int, int, int, int, double, double)"
6219437733,3927,6219441660,2463,6219444123,6368,12758,124,124,4,cudaLaunchKernel, 512    1    1, 256    1    1,"<unnamed>::step_kernel_boundary_x_faces(const double *, const double *, double *, const double *, const double *, int, int, int, int, int, int, int, double, double)"
6219440508,3607,6219444115,12584,6219456699,49280,65471,120,120,0,cudaLaunchKernel, 505    1    1, 256    1    1,"<unnamed>::step_kernel_boundary_z_faces(const double *, const double *, double *, const double *, const double *, int, int, int, int, int, int, int, double, double)"
6219442201,3737,6219445938,5513,6219451451,7424,16674,124,124,4,cudaLaunchKernel, 508    1    1, 256    1    1,"<unnamed>::step_kernel_boundary_y_faces(const double *, const double *, double *, const double *, const double *, int, int, int, int, int, int, int, double, double)"
6219446579,3898,6219450477,9358,6219459835,50048,63304,124,124,4,cudaLaunchKernel, 505    1    1, 256    1    1,"<unnamed>::step_kernel_boundary_z_faces(const double *, const double *, double *, const double *, const double *, int, int, int, int, int, int, int, double, double)"
6219460846,5130,6219465976,44995,6219510971,6848,56973,124,124,4,cudaLaunchKernel, 256    1    1, 256    1    1,"<unnamed>::pack_face_x(const double *, double *, int, int, int, int, int)"
6219467098,3757,6219470855,437268,6219908123,3840,444865,124,124,4,cudaLaunchKernel, 256    1    1, 256    1    1,"<unnamed>::pack_face_y(const double *, double *, int, int, int, int, int)"
6219471396,3647,6219475043,438104,6219913147,8608,450359,124,124,4,cudaLaunchKernel, 256    1    1, 256    1    1,"<unnamed>::pack_face_z(const double *, double *, int, int, int, int, int)"
6219473109,5049,6219478158,29005,6219507163,6144,40198,120,120,0,cudaLaunchKernel, 256    1    1, 256    1    1,"<unnamed>::pack_face_x(const double *, double *, int, int, int, int, int)"
6219473920,5060,6219478980,421898,6219900878,3840,430798,125,125,5,cudaLaunchKernel, 256    1    1, 256    1    1,"<unnamed>::pack_face_x(const double *, double *, int, int, int, int, int)"
6219475834,4068,6219479902,31645,6219511547,400000,435713,124,124,4,cudaLaunchKernel,   8   64   64,  32    4    4,"<unnamed>::step_kernel_interior(const double *, const double *, double *, const double *, const double *, int, int, int, int, int, int, int, double, double)"
6219478760,3486,6219482246,422131,6219904377,4128,429745,120,120,0,cudaLaunchKernel, 256    1    1, 256    1    1,"<unnamed>::pack_face_y(const double *, double *, int, int, int, int, int)"
6219479621,4368,6219483989,421881,6219905870,3456,429705,125,125,5,cudaLaunchKernel, 256    1    1, 256    1    1,"<unnamed>::pack_face_y(const double *, double *, int, int, int, int, int)"
6219482787,3417,6219486204,423549,6219909753,8448,435414,120,120,0,cudaLaunchKernel, 256    1    1, 256    1    1,"<unnamed>::pack_face_z(const double *, double *, int, int, int, int, int)"
6219484550,3156,6219487706,422868,6219910574,8000,434024,125,125,5,cudaLaunchKernel, 256    1    1, 256    1    1,"<unnamed>::pack_face_z(const double *, double *, int, int, int, int, int)"
6219487105,3657,6219490762,16945,6219507707,400286,420888,120,120,0,cudaLaunchKernel,   8   64   64,  32    4    4,"<unnamed>::step_kernel_interior(const double *, const double *, double *, const double *, const double *, int, int, int, int, int, int, int, double, double)"
6219488528,3456,6219491984,14205,6219506189,398081,415742,125,125,5,cudaLaunchKernel,   8   64   64,  32    4    4,"<unnamed>::step_kernel_interior(const double *, const double *, double *, const double *, const double *, int, int, int, int, int, int, int, double, double)"
6219971739,10530,6219982269,1234,6219983503,2752,14516,133,133,7,cudaLaunchKernel, 256    1    1, 256    1    1,"<unnamed>::unpack_face_x(const double *, double *, int, int, int, int, int)"
6219979584,9778,6219989362,2277,6219991639,2688,14743,121,121,1,cudaLaunchKernel, 256    1    1, 256    1    1,"<unnamed>::unpack_face_x(const double *, double *, int, int, int, int, int)"
6219983090,3948,6219987038,3377,6219990415,2368,9693,133,133,7,cudaLaunchKernel, 256    1    1, 256    1    1,"<unnamed>::unpack_face_y(const double *, double *, int, int, int, int, int)"
6219987749,3437,6219991186,2653,6219993839,3872,9962,133,133,7,cudaLaunchKernel, 256    1    1, 256    1    1,"<unnamed>::unpack_face_z(const double *, double *, int, int, int, int, int)"
6219990053,4330,6219994383,4008,6219998391,3072,11410,121,121,1,cudaLaunchKernel, 256    1    1, 256    1    1,"<unnamed>::unpack_face_y(const double *, double *, int, int, int, int, int)"
6219992137,3668,6219995805,2898,6219998703,6592,13158,133,133,7,cudaLaunchKernel, 512    1    1, 256    1    1,"<unnamed>::step_kernel_boundary_x_faces(const double *, const double *, double *, const double *, const double *, int, int, int, int, int, int, int, double, double)"
6219995104,3637,6219998741,3778,6220002519,4224,11639,121,121,1,cudaLaunchKernel, 256    1    1, 256    1    1,"<unnamed>::unpack_face_z(const double *, double *, int, int, int, int, int)"
6219996467,3316,6219999783,6472,6220006255,7168,16956,133,133,7,cudaLaunchKernel, 508    1    1, 256    1    1,"<unnamed>::step_kernel_boundary_y_faces(const double *, const double *, double *, const double *, const double *, int, int, int, int, int, int, int, double, double)"
6219999813,3777,6220003590,4401,6220007991,6592,14770,121,121,1,cudaLaunchKernel, 512    1    1, 256    1    1,"<unnamed>::step_kernel_boundary_x_faces(const double *, const double *, double *, const double *, const double *, int, int, int, int, int, int, int, double, double)"
6220000304,3446,6220003750,10665,6220014415,48864,62975,133,133,7,cudaLaunchKernel, 505    1    1, 256    1    1,"<unnamed>::step_kernel_boundary_z_faces(const double *, const double *, double *, const double *, const double *, int, int, int, int, int, int, int, double, double)"
6220004241,3657,6220007898,7901,6220015799,7744,19302,121,121,1,cudaLaunchKernel, 508    1    1, 256    1    1,"<unnamed>::step_kernel_boundary_y_faces(const double *, const double *, double *, const double *, const double *, int, int, int, int, int, int, int, double, double)"
6220006565,14397,6220020962,1159,6220022121,2432,17988,122,122,2,cudaLaunchKernel, 256    1    1, 256    1    1,"<unnamed>::unpack_face_x(const double *, double *, int, int, int, int, int)"
6220008549,3697,6220012246,12449,6220024695,49408,65554,121,121,1,cudaLaunchKernel, 505    1    1, 256    1    1,"<unnamed>::step_kernel_boundary_z_faces(const double *, const double *, double *, const double *, const double *, int, int, int, int, int, int, int, double, double)"
6220019400,3967,6220023367,439911,6220463278,4032,447910,133,133,7,cudaLaunchKernel, 256    1    1, 256    1    1,"<unnamed>::pack_face_x(const double *, double *, int, int, int, int, int)"
6220022044,6413,6220028457,2336,6220030793,2368,11117,122,122,2,cudaLaunchKernel, 256    1    1, 256    1    1,"<unnamed>::unpack_face_y(const double *, double *, int, int, int, int, int)"
6220023918,3256,6220027174,441192,6220468366,3392,447840,133,133,7,cudaLaunchKernel, 256    1    1, 256    1    1,"<unnamed>::pack_face_y(const double *, double *, int, int, int, int, int)"
6220027795,3256,6220031051,441699,6220472750,7840,452795,133,133,7,cudaLaunchKernel, 256    1    1, 256    1    1,"<unnamed>::pack_face_z(const double *, double *, int, int, int, int, int)"
6220029228,5580,6220034808,3633,6220038441,4160,13373,122,122,2,cudaLaunchKernel, 256    1    1, 256    1    1,"<unnamed>::unpack_face_z(const double *, double *, int, int, int, int, int)"
6220029338,4699,6220034037,436705,6220470742,5600,447004,121,121,1,cudaLaunchKernel, 256    1    1, 256    1    1,"<unnamed>::pack_face_x(const double *, double *, int, int, int, int, int)"
6220032504,4198,6220036702,27569,6220064271,402399,434166,133,133,7,cudaLaunchKernel,   8   64   64,  32    4    4,"<unnamed>::step_kernel_interior(const double *, const double *, double *, const double *, const double *, int, int, int, int, int, int, int, double, double)"
6220034808,3808,6220038616,438878,6220477494,3616,446302,121,121,1,cudaLaunchKernel, 256    1    1, 256    1    1,"<unnamed>::pack_face_y(const double *, double *, int, int, int, int, int)"
6220036221,5801,6220042022,2211,6220044233,6368,14380,122,122,2,cudaLaunchKernel, 512    1    1, 256    1    1,"<unnamed>::step_kernel_boundary_x_faces(const double *, const double *, double *, const double *, const double *, int, int, int, int, int, int, int, double, double)"
6220039337,3727,6220043064,439390,6220482454,8032,451149,121,121,1,cudaLaunchKernel, 256    1    1, 256    1    1,"<unnamed>::pack_face_z(const double *, double *, int, int, int, int, int)"
6220042944,5791,6220048735,2890,6220051625,7744,16425,122,122,2,cudaLaunchKernel, 508    1    1, 256    1    1,"<unnamed>::step_kernel_boundary_y_faces(const double *, const double *, double *, const double *, const double *, int, int, int, int, int, int, int, double, double)"
6220043996,3887,6220047883,27372,6220075255,401311,432570,121,121,1,cudaLaunchKernel,   8   64   64,  32    4    4,"<unnamed>::step_kernel_interior(const double *, const double *, double *, const double *, const double *, int, int, int, int, int, int, int, double, double)"
6220049466,5520,6220054986,5439,6220060425,49440,60399,122,122,2,cudaLaunchKernel, 505    1    1, 256    1    1,"<unnamed>::step_kernel_boundary_z_faces(const double *, const double *, double *, const double *, const double *, int, int, int, int, int, int, int, double, double)"
6220078761,6682,6220085443,420804,6220506247,3744,431230,122,122,2,cudaLaunchKernel, 256    1    1, 256    1    1,"<unnamed>::pack_face_x(const double *, double *, int, int, int, int, int)"
6220086295,5361,6220091656,419679,6220511335,3264,428304,122,122,2,cudaLaunchKernel, 256    1    1, 256    1    1,"<unnamed>::pack_face_y(const double *, double *, int, int, int, int, int)"
6220092528,5420,6220097948,417899,6220515847,7904,431223,122,122,2,cudaLaunchKernel, 256    1    1, 256    1    1,"<unnamed>::pack_face_z(const double *, double *, int, int, int, int, int)"
6220099040,6091,6220105131,5950,6220111081,398494,410535,122,122,2,cudaLaunchKernel,   8   64   64,  32    4    4,"<unnamed>::step_kernel_interior(const double *, const double *, double *, const double *, const double *, int, int, int, int, int, int, int, double, double)"
6220571571,35116,6220606687,1284,6220607971,2432,38832,123,123,3,cudaLaunchKernel, 256    1    1, 256    1    1,"<unnamed>::unpack_face_x(const double *, double *, int, int, int, int, int)"
6220607819,4308,6220612127,2468,6220614595,2368,9144,123,123,3,cudaLaunchKernel, 256    1    1, 256    1    1,"<unnamed>::unpack_face_y(const double *, double *, int, int, int, int, int)"
6220612688,3647,6220616335,2644,6220618979,3872,10163,123,123,3,cudaLaunchKernel, 256    1    1, 256    1    1,"<unnamed>::unpack_face_z(const double *, double *, int, int, int, int, int)"
6220617297,4118,6220621415,3900,6220625315,6528,14546,123,123,3,cudaLaunchKernel, 512    1    1, 256    1    1,"<unnamed>::step_kernel_boundary_x_faces(const double *, const double *, double *, const double *, const double *, int, int, int, int, int, int, int, double, double)"
6220622106,3426,6220625532,7335,6220632867,7232,17993,123,123,3,cudaLaunchKernel, 508    1    1, 256    1    1,"<unnamed>::step_kernel_boundary_y_faces(const double *, const double *, double *, const double *, const double *, int, int, int, int, int, int, int, double, double)"
6220626113,3557,6220629670,11485,6220641155,49536,64578,123,123,3,cudaLaunchKernel, 505    1    1, 256    1    1,"<unnamed>::step_kernel_boundary_z_faces(const double *, const double *, double *, const double *, const double *, int, int, int, int, int, int, int, double, double)"
6220637745,3877,6220641622,50061,6220691683,3360,57298,123,123,3,cudaLaunchKernel, 256    1    1, 256    1    1,"<unnamed>::pack_face_x(const double *, double *, int, int, int, int, int)"
6220642304,3797,6220646101,445580,6221091681,4256,453633,123,123,3,cudaLaunchKernel, 256    1    1, 256    1    1,"<unnamed>::pack_face_y(const double *, double *, int, int, int, int, int)"
6220646732,3577,6220650309,447068,6221097377,8608,459253,123,123,3,cudaLaunchKernel, 256    1    1, 256    1    1,"<unnamed>::pack_face_z(const double *, double *, int, int, int, int, int)"
6220651130,3939,6220655069,38630,6220693699,401790,444359,123,123,3,cudaLaunchKernel,   8   64   64,  32    4    4,"<unnamed>::step_kernel_interior(const double *, const double *, double *, const double *, const double *, int, int, int, int, int, int, int, double, double)"
6237957332,11952,6237969284,1497,6237970781,2880,16329,126,126,6,cudaLaunchKernel, 256    1    1, 256    1    1,"<unnamed>::unpack_face_x(const double *, double *, int, int, int, int, int)"
6237969995,4048,6237974043,3554,6237977597,2560,10162,126,126,6,cudaLaunchKernel, 256    1    1, 256    1    1,"<unnamed>::unpack_face_y(const double *, double *, int, int, int, int, int)"
6237974624,4569,6237979193,2436,6237981629,4384,11389,126,126,6,cudaLaunchKernel, 256    1    1, 256    1    1,"<unnamed>::unpack_face_z(const double *, double *, int, int, int, int, int)"
6237980094,3497,6237983591,3446,6237987037,7232,14175,126,126,6,cudaLaunchKernel, 512    1    1, 256    1    1,"<unnamed>::step_kernel_boundary_x_faces(const double *, const double *, double *, const double *, const double *, int, int, int, int, int, int, int, double, double)"
6237984142,3437,6237987579,7810,6237995389,7680,18927,126,126,6,cudaLaunchKernel, 508    1    1, 256    1    1,"<unnamed>::step_kernel_boundary_y_faces(const double *, const double *, double *, const double *, const double *, int, int, int, int, int, int, int, double, double)"
6237988120,3267,6237991387,12706,6238004093,52928,68901,126,126,6,cudaLaunchKernel, 505    1    1, 256    1    1,"<unnamed>::step_kernel_boundary_z_faces(const double *, const double *, double *, const double *, const double *, int, int, int, int, int, int, int, double, double)"
6238019419,4709,6238024128,426363,6238450491,6272,437344,126,126,6,cudaLaunchKernel, 256    1    1, 256    1    1,"<unnamed>::pack_face_x(const double *, double *, int, int, int, int, int)"
6238024699,3326,6238028025,429666,6238457691,3296,436288,126,126,6,cudaLaunchKernel, 256    1    1, 256    1    1,"<unnamed>::pack_face_y(const double *, double *, int, int, int, int, int)"
6238029097,3848,6238032945,429066,6238462011,7776,440690,126,126,6,cudaLaunchKernel, 256    1    1, 256    1    1,"<unnamed>::pack_face_z(const double *, double *, int, int, int, int, int)"
6238033746,3647,6238037393,20780,6238058173,397694,422121,126,126,6,cudaLaunchKernel,   8   64   64,  32    4    4,"<unnamed>::step_kernel_interior(const double *, const double *, double *, const double *, const double *, int, int, int, int, int, int, int, double, double)"
6239719295,12624,6239731919,1774,6239733693,2464,16862,120,120,0,cudaLaunchKernel, 256    1    1, 256    1    1,"<unnamed>::unpack_face_x(const double *, double *, int, int, int, int, int)"
6239728232,14898,6239743130,1044,6239744174,2496,18438,124,124,4,cudaLaunchKernel, 256    1    1, 256    1    1,"<unnamed>::unpack_face_x(const double *, double *, int, int, int, int, int)"
6239733312,4538,6239737850,3875,6239741725,2848,11261,120,120,0,cudaLaunchKernel, 256    1    1, 256    1    1,"<unnamed>::unpack_face_y(const double *, double *, int, int, int, int, int)"
6239738421,8927,6239747348,2697,6239750045,4192,15816,120,120,0,cudaLaunchKernel, 256    1    1, 256    1    1,"<unnamed>::unpack_face_z(const double *, double *, int, int, int, int, int)"
6239744172,4779,6239748951,3095,6239752046,2400,10274,124,124,4,cudaLaunchKernel, 256    1    1, 256    1    1,"<unnamed>::unpack_face_y(const double *, double *, int, int, int, int, int)"
6239748290,3757,6239752047,3374,6239755421,6496,13627,120,120,0,cudaLaunchKernel, 512    1    1, 256    1    1,"<unnamed>::step_kernel_boundary_x_faces(const double *, const double *, double *, const double *, const double *, int, int, int, int, int, int, int, double, double)"
6239749532,3767,6239753299,2299,6239755598,3904,9970,124,124,4,cudaLaunchKernel, 256    1    1, 256    1    1,"<unnamed>::unpack_face_z(const double *, double *, int, int, int, int, int)"
6239752588,3546,6239756134,6839,6239762973,7487,17872,120,120,0,cudaLaunchKernel, 508    1    1, 256    1    1,"<unnamed>::step_kernel_boundary_y_faces(const double *, const double *, double *, const double *, const double *, int, int, int, int, int, int, int, double, double)"
6239755062,4138,6239759200,2062,6239761262,6560,12760,124,124,4,cudaLaunchKernel, 512    1    1, 256    1    1,"<unnamed>::step_kernel_boundary_x_faces(const double *, const double *, double *, const double *, const double *, int, int, int, int, int, int, int, double, double)"
6239756705,3667,6239760372,11144,6239771516,50016,64827,120,120,0,cudaLaunchKernel, 505    1    1, 256    1    1,"<unnamed>::step_kernel_boundary_z_faces(const double *, const double *, double *, const double *, const double *, int, int, int, int, int, int, int, double, double)"
6239759871,3938,6239763809,4973,6239768782,7520,16431,124,124,4,cudaLaunchKernel, 508    1    1, 256    1    1,"<unnamed>::step_kernel_boundary_y_faces(const double *, const double *, double *, const double *, const double *, int, int, int, int, int, int, int, double, double)"
6239764570,3897,6239768467,8859,6239777326,49600,62356,124,124,4,cudaLaunchKernel, 505    1    1, 256    1    1,"<unnamed>::step_kernel_boundary_z_faces(const double *, const double *, double *, const double *, const double *, int, int, int, int, int, int, int, double, double)"
6239779229,4819,6239784048,435422,6240219470,6784,447025,124,124,4,cudaLaunchKernel, 256    1    1, 256    1    1,"<unnamed>::pack_face_x(const double *, double *, int, int, int, int, int)"
6239785120,3817,6239788937,438309,6240227246,3392,445518,124,124,4,cudaLaunchKernel, 256    1    1, 256    1    1,"<unnamed>::pack_face_y(const double *, double *, int, int, int, int, int)"
6239789227,4850,6239794077,28543,6239822620,6528,39921,120,120,0,cudaLaunchKernel, 256    1    1, 256    1    1,"<unnamed>::pack_face_x(const double *, double *, int, int, int, int, int)"
6239789728,3667,6239793395,438427,6240231822,7872,449966,124,124,4,cudaLaunchKernel, 256    1    1, 256    1    1,"<unnamed>::pack_face_z(const double *, double *, int, int, int, int, int)"
6239794337,5560,6239799897,28149,6239828046,396992,430701,124,124,4,cudaLaunchKernel,   8   64   64,  32    4    4,"<unnamed>::step_kernel_interior(const double *, const double *, double *, const double *, const double *, int, int, int, int, int, int, int, double, double)"
6239794628,3516,6239798144,418490,6240216634,4000,426006,120,120,0,cudaLaunchKernel, 256    1    1, 256    1    1,"<unnamed>::pack_face_y(const double *, double *, int, int, int, int, int)"
6239798675,3356,6239802031,419723,6240221754,8320,431399,120,120,0,cudaLaunchKernel, 256    1    1, 256    1    1,"<unnamed>::pack_face_z(const double *, double *, int, int, int, int, int)"
6239802773,3947,6239806720,16412,6239823132,397726,418085,120,120,0,cudaLaunchKernel,   8   64   64,  32    4    4,"<unnamed>::step_kernel_interior(const double *, const double *, double *, const double *, const double *, int, int, int, int, int, int, int, double, double)"
6239870721,14568,6239885289,755,6239886044,2816,18139,125,125,5,cudaLaunchKernel, 256    1    1, 256    1    1,"<unnamed>::unpack_face_x(const double *, double *, int, int, int, int, int)"
6239886751,4419,6239891170,3610,6239894780,2720,10749,125,125,5,cudaLaunchKernel, 256    1    1, 256    1    1,"<unnamed>::unpack_face_y(const double *, double *, int, int, int, int, int)"
6239891801,3436,6239895237,3351,6239898588,3904,10691,125,125,5,cudaLaunchKernel, 256    1    1, 256    1    1,"<unnamed>::unpack_face_z(const double *, double *, int, int, int, int, int)"
6239896219,3457,6239899676,3936,6239903612,6336,13729,125,125,5,cudaLaunchKernel, 512    1    1, 256    1    1,"<unnamed>::step_kernel_boundary_x_faces(const double *, const double *, double *, const double *, const double *, int, int, int, int, int, int, int, double, double)"
6239900197,3426,6239903623,7509,6239911132,7392,18327,125,125,5,cudaLaunchKernel, 508    1    1, 256    1    1,"<unnamed>::step_kernel_boundary_y_faces(const double *, const double *, double *, const double *, const double *, int, int, int, int, int, int, int, double, double)"
6239904184,19787,6239923971,2041,6239926012,49408,71236,125,125,5,cudaLaunchKernel, 505    1    1, 256    1    1,"<unnamed>::step_kernel_boundary_z_faces(const double *, const double *, double *, const double *, const double *, int, int, int, int, int, int, int, double, double)"
6239959488,5501,6239964989,11615,6239976604,3168,20284,125,125,5,cudaLaunchKernel, 256    1    1, 256    1    1,"<unnamed>::pack_face_x(const double *, double *, int, int, int, int, int)"
6239965580,3356,6239968936,407766,6240376702,4256,415378,125,125,5,cudaLaunchKernel, 256    1    1, 256    1    1,"<unnamed>::pack_face_y(const double *, double *, int, int, int, int, int)"
6239969618,3166,6239972784,409230,6240382014,8512,420908,125,125,5,cudaLaunchKernel, 256    1    1, 256    1    1,"<unnamed>::pack_face_z(const double *, double *, int, int, int, int, int)"
6239973595,3467,6239977062,2742,6239979804,400482,406691,125,125,5,cudaLaunchKernel,   8   64   64,  32    4    4,"<unnamed>::step_kernel_interior(const double *, const double *, double *, const double *, const double *, int, int, int, int, int, int, int, double, double)"
6240289972,21400,6240311372,1165,6240312537,2463,25028,122,122,2,cudaLaunchKernel, 256    1    1, 256    1    1,"<unnamed>::unpack_face_x(const double *, double *, int, int, int, int, int)"
6240312484,6492,6240318976,2392,6240321368,2368,11252,122,122,2,cudaLaunchKernel, 256    1    1, 256    1    1,"<unnamed>::unpack_face_y(const double *, double *, int, int, int, int, int)"
6240319908,5580,6240325488,2376,6240327864,4192,12148,122,122,2,cudaLaunchKernel, 256    1    1, 256    1    1,"<unnamed>::unpack_face_z(const double *, double *, int, int, int, int, int)"
6240326861,5821,6240332682,2350,6240335032,6304,14475,122,122,2,cudaLaunchKernel, 512    1    1, 256    1    1,"<unnamed>::step_kernel_boundary_x_faces(const double *, const double *, double *, const double *, const double *, int, int, int, int, int, int, int, double, double)"
6240333493,5641,6240339134,3354,6240342488,7488,16483,122,122,2,cudaLaunchKernel, 508    1    1, 256    1    1,"<unnamed>::step_kernel_boundary_y_faces(const double *, const double *, double *, const double *, const double *, int, int, int, int, int, int, int, double, double)"
6240339865,5511,6240345376,5880,6240351256,48992,60383,122,122,2,cudaLaunchKernel, 505    1    1, 256    1    1,"<unnamed>::step_kernel_boundary_z_faces(const double *, const double *, double *, const double *, const double *, int, int, int, int, int, int, int, double, double)"
6240368390,6472,6240374862,26378,6240401240,3296,36146,122,122,2,cudaLaunchKernel, 256    1    1, 256    1    1,"<unnamed>::pack_face_x(const double *, double *, int, int, int, int, int)"
6240375733,5330,6240381063,418736,6240799799,3968,428034,122,122,2,cudaLaunchKernel, 256    1    1, 256    1    1,"<unnamed>::pack_face_y(const double *, double *, int, int, int, int, int)"
6240381795,5220,6240387015,418000,6240805015,8352,431572,122,122,2,cudaLaunchKernel, 256    1    1, 256    1    1,"<unnamed>::pack_face_z(const double *, double *, int, int, int, int, int)"
6240388107,5841,6240393948,9020,6240402968,400447,415308,122,122,2,cudaLaunchKernel,   8   64   64,  32    4    4,"<unnamed>::step_kernel_interior(const double *, const double *, double *, const double *, const double *, int, int, int, int, int, int, int, double, double)"
6240437931,10630,6240448561,2146,6240450707,2688,15464,121,121,1,cudaLaunchKernel, 256    1    1, 256    1    1,"<unnamed>::unpack_face_x(const double *, double *, int, int, int, int, int)"
6240449272,4088,6240453360,3363,6240456723,2944,10395,121,121,1,cudaLaunchKernel, 256    1    1, 256    1    1,"<unnamed>::unpack_face_y(const double *, double *, int, int, int, int, int)"
6240453921,3537,6240457458,3297,6240460755,4256,11090,121,121,1,cudaLaunchKernel, 256    1    1, 256    1    1,"<unnamed>::unpack_face_z(const double *, double *, int, int, int, int, int)"
6240458600,10660,6240469260,2439,6240471699,6560,19659,121,121,1,cudaLaunchKernel, 512    1    1, 256    1    1,"<unnamed>::step_kernel_boundary_x_faces(const double *, const double *, double *, const double *, const double *, int, int, int, int, int, int, int, double, double)"
6240469981,4098,6240474079,5396,6240479475,7424,16918,121,121,1,cudaLaunchKernel, 508    1    1, 256    1    1,"<unnamed>::step_kernel_boundary_y_faces(const double *, const double *, double *, const double *, const double *, int, int, int, int, int, int, int, double, double)"
6240474730,3487,6240478217,9866,6240488083,50528,63881,121,121,1,cudaLaunchKernel, 505    1    1, 256    1    1,"<unnamed>::step_kernel_boundary_z_faces(const double *, const double *, double *, const double *, const double *, int, int, int, int, int, int, int, double, double)"
6240496461,4448,6240500909,38726,6240539635,3456,46630,121,121,1,cudaLaunchKernel, 256    1    1, 256    1    1,"<unnamed>::pack_face_x(const double *, double *, int, int, int, int, int)"
6240501651,3446,6240505097,429354,6240934451,5696,438496,121,121,1,cudaLaunchKernel, 256    1    1, 256    1    1,"<unnamed>::pack_face_y(const double *, double *, int, int, int, int, int)"
6240505778,3848,6240509626,431737,6240941363,8544,444129,121,121,1,cudaLaunchKernel, 256    1    1, 256    1    1,"<unnamed>::pack_face_z(const double *, double *, int, int, int, int, int)"
6240510607,3878,6240514485,27134,6240541619,398752,429764,121,121,1,cudaLaunchKernel,   8   64   64,  32    4    4,"<unnamed>::step_kernel_interior(const double *, const double *, double *, const double *, const double *, int, int, int, int, int, int, int, double, double)"
6240584988,12624,6240597612,653,6240598265,2784,16061,133,133,7,cudaLaunchKernel, 256    1    1, 256    1    1,"<unnamed>::unpack_face_x(const double *, double *, int, int, int, int, int)"
6240598383,3927,6240602310,2451,6240604761,2432,8810,133,133,7,cudaLaunchKernel, 256    1    1, 256    1    1,"<unnamed>::unpack_face_y(const double *, double *, int, int, int, int, int)"
6240602952,3787,6240606739,2374,6240609113,3872,10033,133,133,7,cudaLaunchKernel, 256    1    1, 256    1    1,"<unnamed>::unpack_face_z(const double *, double *, int, int, int, int, int)"
6240607741,3576,6240611317,3588,6240614905,6368,13532,133,133,7,cudaLaunchKernel, 512    1    1, 256    1    1,"<unnamed>::step_kernel_boundary_x_faces(const double *, const double *, double *, const double *, const double *, int, int, int, int, int, int, int, double, double)"
6240611938,3347,6240615285,7140,6240622425,7392,17879,133,133,7,cudaLaunchKernel, 508    1    1, 256    1    1,"<unnamed>::step_kernel_boundary_y_faces(const double *, const double *, double *, const double *, const double *, int, int, int, int, int, int, int, double, double)"
6240615836,3356,6240619192,11713,6240630905,49760,64829,133,133,7,cudaLaunchKernel, 505    1    1, 256    1    1,"<unnamed>::step_kernel_boundary_z_faces(const double *, const double *, double *, const double *, const double *, int, int, int, int, int, int, int, double, double)"
6240640273,4448,6240644721,37000,6240681721,3232,44680,133,133,7,cudaLaunchKernel, 256    1    1, 256    1    1,"<unnamed>::pack_face_x(const double *, double *, int, int, int, int, int)"
6240645242,3346,6240648588,37293,6240685881,3200,43839,133,133,7,cudaLaunchKernel, 256    1    1, 256    1    1,"<unnamed>::pack_face_y(const double *, double *, int, int, int, int, int)"
6240649169,30598,6240679767,402913,6241082680,8576,442087,133,133,7,cudaLaunchKernel, 256    1    1, 256    1    1,"<unnamed>::pack_face_z(const double *, double *, int, int, int, int, int)"
6240680849,4117,6240684966,2291,6240687257,403359,409767,133,133,7,cudaLaunchKernel,   8   64   64,  32    4    4,"<unnamed>::step_kernel_interior(const double *, const double *, double *, const double *, const double *, int, int, int, int, int, int, int, double, double)"
6241128974,15900,6241144874,1704,6241146578,2464,20068,123,123,3,cudaLaunchKernel, 256    1    1, 256    1    1,"<unnamed>::unpack_face_x(const double *, double *, int, int, int, int, int)"
6241145635,4268,6241149903,2595,6241152498,2368,9231,123,123,3,cudaLaunchKernel, 256    1    1, 256    1    1,"<unnamed>::unpack_face_y(const double *, double *, int, int, int, int, int)"
6241150434,3647,6241154081,3889,6241157970,3904,11440,123,123,3,cudaLaunchKernel, 256    1    1, 256    1    1,"<unnamed>::unpack_face_z(const double *, double *, int, int, int, int, int)"
6241155063,3897,6241158960,3906,6241162866,6431,14234,123,123,3,cudaLaunchKernel, 512    1    1, 256    1    1,"<unnamed>::step_kernel_boundary_x_faces(const double *, const double *, double *, const double *, const double *, int, int, int, int, int, int, int, double, double)"
6241160102,4068,6241164170,6183,6241170353,7488,17739,123,123,3,cudaLaunchKernel, 508    1    1, 256    1    1,"<unnamed>::step_kernel_boundary_y_faces(const double *, const double *, double *, const double *, const double *, int, int, int, int, int, int, int, double, double)"
6241164801,3687,6241168488,10313,6241178801,49024,63024,123,123,3,cudaLaunchKernel, 505    1    1, 256    1    1,"<unnamed>::step_kernel_boundary_z_faces(const double *, const double *, double *, const double *, const double *, int, int, int, int, int, int, int, double, double)"
6241176894,4118,6241181012,443804,6241624816,3776,451698,123,123,3,cudaLaunchKernel, 256    1    1, 256    1    1,"<unnamed>::pack_face_x(const double *, double *, int, int, int, int, int)"
6241181633,3657,6241185290,444390,6241629680,3296,451343,123,123,3,cudaLaunchKernel, 256    1    1, 256    1    1,"<unnamed>::pack_face_y(const double *, double *, int, int, int, int, int)"
6241185881,3497,6241189378,445230,6241634608,7808,456535,123,123,3,cudaLaunchKernel, 256    1    1, 256    1    1,"<unnamed>::pack_face_z(const double *, double *, int, int, int, int, int)"
6241190230,3757,6241193987,34798,6241228785,399391,437946,123,123,3,cudaLaunchKernel,   8   64   64,  32    4    4,"<unnamed>::step_kernel_interior(const double *, const double *, double *, const double *, const double *, int, int, int, int, int, int, int, double, double)"
6258221933,11351,6258233284,1802,6258235086,2784,15937,126,126,6,cudaLaunchKernel, 256    1    1, 256    1    1,"<unnamed>::unpack_face_x(const double *, double *, int, int, int, int, int)"
6258233905,3837,6258237742,2336,6258240078,2368,8541,126,126,6,cudaLaunchKernel, 256    1    1, 256    1    1,"<unnamed>::unpack_face_y(const double *, double *, int, int, int, int, int)"
6258238314,3317,6258241631,2447,6258244078,4256,10020,126,126,6,cudaLaunchKernel, 256    1    1, 256    1    1,"<unnamed>::unpack_face_z(const double *, double *, int, int, int, int, int)"
6258242462,3567,6258246029,3745,6258249774,6336,13648,126,126,6,cudaLaunchKernel, 512    1    1, 256    1    1,"<unnamed>::step_kernel_boundary_x_faces(const double *, const double *, double *, const double *, const double *, int, int, int, int, int, int, int, double, double)"
6258246590,3196,6258249786,7476,6258257262,7392,18064,126,126,6,cudaLaunchKernel, 508    1    1, 256    1    1,"<unnamed>::step_kernel_boundary_y_faces(const double *, const double *, double *, const double *, const double *, int, int, int, int, int, int, int, double, double)"
6258250277,3266,6258253543,12135,6258265678,48927,64328,126,126,6,cudaLaunchKernel, 505    1    1, 256    1    1,"<unnamed>::step_kernel_boundary_z_faces(const double *, const double *, double *, const double *, const double *, int, int, int, int, int, int, int, double, double)"
6258279542,4899,6258284441,426003,6258710444,5888,436790,126,126,6,cudaLaunchKernel, 256    1    1, 256    1    1,"<unnamed>::pack_face_x(const double *, double *, int, int, int, int, int)"
6258285052,3507,6258288559,428765,6258717324,3360,435632,126,126,6,cudaLaunchKernel, 256    1    1, 256    1    1,"<unnamed>::pack_face_y(const double *, double *, int, int, int, int, int)"
6258289661,3707,6258293368,428980,6258722348,7968,440655,126,126,6,cudaLaunchKernel, 256    1    1, 256    1    1,"<unnamed>::pack_face_z(const double *, double *, int, int, int, int, int)"
6258294269,3527,6258297796,17897,6258315693,400383,421807,126,126,6,cudaLaunchKernel,   8   64   64,  32    4    4,"<unnamed>::step_kernel_interior(const double *, const double *, double *, const double *, const double *, int, int, int, int, int, int, int, double, double)"
6260024983,11052,6260036035,1595,6260037630,2496,15143,120,120,0,cudaLaunchKernel, 256    1    1, 256    1    1,"<unnamed>::unpack_face_x(const double *, double *, int, int, int, int, int)"
6260031116,13184,6260044300,1246,6260045546,2752,17182,125,125,5,cudaLaunchKernel, 256    1    1, 256    1    1,"<unnamed>::unpack_face_x(const double *, double *, int, int, int, int, int)"
6260032288,15699,6260047987,687,6260048674,2464,18850,124,124,4,cudaLaunchKernel, 256    1    1, 256    1    1,"<unnamed>::unpack_face_x(const double *, double *, int, int, int, int, int)"
6260037047,3997,6260041044,2730,6260043774,2752,9479,120,120,0,cudaLaunchKernel, 256    1    1, 256    1    1,"<unnamed>::unpack_face_y(const double *, double *, int, int, int, int, int)"
6260041575,3477,6260045052,2690,6260047742,4128,10295,120,120,0,cudaLaunchKernel, 256    1    1, 256    1    1,"<unnamed>::unpack_face_z(const double *, double *, int, int, int, int, int)"
6260044982,3977,6260048959,2763,6260051722,2753,9493,125,125,5,cudaLaunchKernel, 256    1    1, 256    1    1,"<unnamed>::unpack_face_y(const double *, double *, int, int, int, int, int)"
6260045903,3687,6260049590,4168,6260053758,6496,14351,120,120,0,cudaLaunchKernel, 512    1    1, 256    1    1,"<unnamed>::step_kernel_boundary_x_faces(const double *, const double *, double *, const double *, const double *, int, int, int, int, int, int, int, double, double)"
6260048759,4428,6260053187,2527,6260055714,2432,9387,124,124,4,cudaLaunchKernel, 256    1    1, 256    1    1,"<unnamed>::unpack_face_y(const double *, double *, int, int, int, int, int)"
6260049540,4308,6260053848,2003,6260055851,3936,10247,125,125,5,cudaLaunchKernel, 256    1    1, 256    1    1,"<unnamed>::unpack_face_z(const double *, double *, int, int, int, int, int)"
6260050101,3777,6260053878,7400,6260061278,7200,18377,120,120,0,cudaLaunchKernel, 508    1    1, 256    1    1,"<unnamed>::step_kernel_boundary_y_faces(const double *, const double *, double *, const double *, const double *, int, int, int, int, int, int, int, double, double)"
6260053838,3888,6260057726,2084,6260059810,3904,9876,124,124,4,cudaLaunchKernel, 256    1    1, 256    1    1,"<unnamed>::unpack_face_z(const double *, double *, int, int, int, int, int)"
6260054399,3858,6260058257,11533,6260069790,48480,63871,120,120,0,cudaLaunchKernel, 505    1    1, 256    1    1,"<unnamed>::step_kernel_boundary_z_faces(const double *, const double *, double *, const double *, const double *, int, int, int, int, int, int, int, double, double)"
6260054840,3397,6260058237,3822,6260062059,6400,13619,125,125,5,cudaLaunchKernel, 512    1    1, 256    1    1,"<unnamed>::step_kernel_boundary_x_faces(const double *, const double *, double *, const double *, const double *, int, int, int, int, int, int, int, double, double)"
6260058788,3636,6260062424,7251,6260069675,7168,18055,125,125,5,cudaLaunchKernel, 508    1    1, 256    1    1,"<unnamed>::step_kernel_boundary_y_faces(const double *, const double *, double *, const double *, const double *, int, int, int, int, int, int, int, double, double)"
6260058858,3917,6260062775,3147,6260065922,6208,13272,124,124,4,cudaLaunchKernel, 512    1    1, 256    1    1,"<unnamed>::step_kernel_boundary_x_faces(const double *, const double *, double *, const double *, const double *, int, int, int, int, int, int, int, double, double)"
6260062935,3206,6260066141,11726,6260077867,49536,64468,125,125,5,cudaLaunchKernel, 505    1    1, 256    1    1,"<unnamed>::step_kernel_boundary_z_faces(const double *, const double *, double *, const double *, const double *, int, int, int, int, int, int, int, double, double)"
6260063346,4158,6260067504,5586,6260073090,7200,16944,124,124,4,cudaLaunchKernel, 508    1    1, 256    1    1,"<unnamed>::step_kernel_boundary_y_faces(const double *, const double *, double *, const double *, const double *, int, int, int, int, int, int, int, double, double)"
6260068035,4007,6260072042,9240,6260081282,48576,61823,124,124,4,cudaLaunchKernel, 505    1    1, 256    1    1,"<unnamed>::step_kernel_boundary_z_faces(const double *, const double *, double *, const double *, const double *, int, int, int, int, int, int, int, double, double)"
6260082843,4819,6260087662,43284,6260130946,3296,51399,124,124,4,cudaLaunchKernel, 256    1    1, 256    1    1,"<unnamed>::pack_face_x(const double *, double *, int, int, int, int, int)"
6260085027,4999,6260090026,428338,6260518364,3936,437273,120,120,0,cudaLaunchKernel, 256    1    1, 256    1    1,"<unnamed>::pack_face_x(const double *, double *, int, int, int, int, int)"
6260088734,3777,6260092511,437186,6260529697,5632,446595,124,124,4,cudaLaunchKernel, 256    1    1, 256    1    1,"<unnamed>::pack_face_y(const double *, double *, int, int, int, int, int)"
6260090577,3427,6260094004,429448,6260523452,3520,436395,120,120,0,cudaLaunchKernel, 256    1    1, 256    1    1,"<unnamed>::pack_face_y(const double *, double *, int, int, int, int, int)"
6260093072,4268,6260097340,438949,6260536289,8416,451633,124,124,4,cudaLaunchKernel, 256    1    1, 256    1    1,"<unnamed>::pack_face_z(const double *, double *, int, int, int, int, int)"
6260094585,3606,6260098191,429997,6260528188,8032,441635,120,120,0,cudaLaunchKernel, 256    1    1, 256    1    1,"<unnamed>::pack_face_z(const double *, double *, int, int, int, int, int)"
6260096799,5049,6260101848,422036,6260523884,5504,432589,125,125,5,cudaLaunchKernel, 256    1    1, 256    1    1,"<unnamed>::pack_face_x(const double *, double *, int, int, int, int, int)"
6260098111,4469,6260102580,29966,6260132546,403135,437570,124,124,4,cudaLaunchKernel,   8   64   64,  32    4    4,"<unnamed>::step_kernel_interior(const double *, const double *, double *, const double *, const double *, int, int, int, int, int, int, int, double, double)"
6260099123,3888,6260103011,16379,6260119390,402526,422793,120,120,0,cudaLaunchKernel,   8   64   64,  32    4    4,"<unnamed>::step_kernel_interior(const double *, const double *, double *, const double *, const double *, int, int, int, int, int, int, int, double, double)"
6260102429,3337,6260105766,424870,6260530636,3360,431567,125,125,5,cudaLaunchKernel, 256    1    1, 256    1    1,"<unnamed>::pack_face_y(const double *, double *, int, int, int, int, int)"
6260106417,3306,6260109723,425361,6260535084,7872,436539,125,125,5,cudaLaunchKernel, 256    1    1, 256    1    1,"<unnamed>::pack_face_z(const double *, double *, int, int, int, int, int)"
6260110545,3667,6260114212,14375,6260128587,401025,419067,125,125,5,cudaLaunchKernel,   8   64   64,  32    4    4,"<unnamed>::step_kernel_interior(const double *, const double *, double *, const double *, const double *, int, int, int, int, int, int, int, double, double)"
6260591632,10821,6260602453,1615,6260604068,2912,15348,133,133,7,cudaLaunchKernel, 256    1    1, 256    1    1,"<unnamed>::unpack_face_x(const double *, double *, int, int, int, int, int)"
6260594789,14397,6260609186,1222,6260610408,2464,18083,122,122,2,cudaLaunchKernel, 256    1    1, 256    1    1,"<unnamed>::unpack_face_x(const double *, double *, int, int, int, int, int)"
6260601231,9909,6260611140,2316,6260613456,2720,14945,121,121,1,cudaLaunchKernel, 256    1    1, 256    1    1,"<unnamed>::unpack_face_x(const double *, double *, int, int, int, int, int)"
6260603104,3828,6260606932,3440,6260610372,2400,9668,133,133,7,cudaLaunchKernel, 256    1    1, 256    1    1,"<unnamed>::unpack_face_y(const double *, double *, int, int, int, int, int)"
6260607613,3657,6260611270,3454,6260614724,3904,11015,133,133,7,cudaLaunchKernel, 256    1    1, 256    1    1,"<unnamed>::unpack_face_z(const double *, double *, int, int, int, int, int)"
6260610238,6322,6260616560,2296,6260618856,2400,11018,122,122,2,cudaLaunchKernel, 256    1    1, 256    1    1,"<unnamed>::unpack_face_y(const double *, double *, int, int, int, int, int)"
6260611831,4118,6260615949,2723,6260618672,2944,9785,121,121,1,cudaLaunchKernel, 256    1    1, 256    1    1,"<unnamed>::unpack_face_y(const double *, double *, int, int, int, int, int)"
6260612171,3467,6260615638,4110,6260619748,6208,13785,133,133,7,cudaLaunchKernel, 512    1    1, 256    1    1,"<unnamed>::step_kernel_boundary_x_faces(const double *, const double *, double *, const double *, const double *, int, int, int, int, int, int, int, double, double)"
6260616249,3537,6260619786,7322,6260627108,7520,18379,133,133,7,cudaLaunchKernel, 508    1    1, 256    1    1,"<unnamed>::step_kernel_boundary_y_faces(const double *, const double *, double *, const double *, const double *, int, int, int, int, int, int, int, double, double)"
6260616490,3907,6260620397,4067,6260624464,4288,12262,121,121,1,cudaLaunchKernel, 256    1    1, 256    1    1,"<unnamed>::unpack_face_z(const double *, double *, int, int, int, int, int)"
6260617391,5581,6260622972,3628,6260626600,4224,13433,122,122,2,cudaLaunchKernel, 256    1    1, 256    1    1,"<unnamed>::unpack_face_z(const double *, double *, int, int, int, int, int)"
6260620357,9437,6260629794,5826,6260635620,48864,64127,133,133,7,cudaLaunchKernel, 505    1    1, 256    1    1,"<unnamed>::step_kernel_boundary_z_faces(const double *, const double *, double *, const double *, const double *, int, int, int, int, int, int, int, double, double)"
6260621399,3747,6260625146,4694,6260629840,6688,15129,121,121,1,cudaLaunchKernel, 512    1    1, 256    1    1,"<unnamed>::step_kernel_boundary_x_faces(const double *, const double *, double *, const double *, const double *, int, int, int, int, int, int, int, double, double)"
6260624535,5831,6260630366,2410,6260632776,6368,14609,122,122,2,cudaLaunchKernel, 512    1    1, 256    1    1,"<unnamed>::step_kernel_boundary_x_faces(const double *, const double *, double *, const double *, const double *, int, int, int, int, int, int, int, double, double)"
6260625807,3887,6260629694,7922,6260637616,7456,19265,121,121,1,cudaLaunchKernel, 508    1    1, 256    1    1,"<unnamed>::step_kernel_boundary_y_faces(const double *, const double *, double *, const double *, const double *, int, int, int, int, int, int, int, double, double)"
6260630336,3787,6260634123,12069,6260646192,49152,65008,121,121,1,cudaLaunchKernel, 505    1    1, 256    1    1,"<unnamed>::step_kernel_boundary_z_faces(const double *, const double *, double *, const double *, const double *, int, int, int, int, int, int, int, double, double)"
6260631297,5901,6260637198,3130,6260640328,7168,16199,122,122,2,cudaLaunchKernel, 508    1    1, 256    1    1,"<unnamed>::step_kernel_boundary_y_faces(const double *, const double *, double *, const double *, const double *, int, int, int, int, int, int, int, double, double)"
6260637950,5640,6260643590,4898,6260648488,50783,61321,122,122,2,cudaLaunchKernel, 505    1    1, 256    1    1,"<unnamed>::step_kernel_boundary_z_faces(const double *, const double *, double *, const double *, const double *, int, int, int, int, int, int, int, double, double)"
6260646225,4318,6260650543,432916,6261083459,4256,441490,133,133,7,cudaLaunchKernel, 256    1    1, 256    1    1,"<unnamed>::pack_face_x(const double *, double *, int, int, int, int, int)"
6260651024,4659,6260655683,40781,6260696464,8192,53632,121,121,1,cudaLaunchKernel, 256    1    1, 256    1    1,"<unnamed>::pack_face_x(const double *, double *, int, int, int, int, int)"
6260651175,3256,6260654431,434276,6261088707,3520,441052,133,133,7,cudaLaunchKernel, 256    1    1, 256    1    1,"<unnamed>::pack_face_y(const double *, double *, int, int, int, int, int)"
6260655613,4088,6260659701,433454,6261093155,7968,445510,133,133,7,cudaLaunchKernel, 256    1    1, 256    1    1,"<unnamed>::pack_face_z(const double *, double *, int, int, int, int, int)"
6260656404,3777,6260660181,435003,6261095184,3968,442748,121,121,1,cudaLaunchKernel, 256    1    1, 256    1    1,"<unnamed>::pack_face_y(const double *, double *, int, int, int, int, int)"
6260660702,3838,6260664540,20968,6260685508,401791,426597,133,133,7,cudaLaunchKernel,   8   64   64,  32    4    4,"<unnamed>::step_kernel_interior(const double *, const double *, double *, const double *, const double *, int, int, int, int, int, int, int, double, double)"
6260660873,3747,6260664620,436196,6261100816,9120,449063,121,121,1,cudaLaunchKernel, 256    1    1, 256    1    1,"<unnamed>::pack_face_z(const double *, double *, int, int, int, int, int)"
6260665431,4118,6260669549,27491,6260697040,401664,433273,121,121,1,cudaLaunchKernel,   8   64   64,  32    4    4,"<unnamed>::step_kernel_interior(const double *, const double *, double *, const double *, const double *, int, int, int, int, int, int, int, double, double)"
6260666273,6682,6260672955,27436,6260700391,7040,41158,122,122,2,cudaLaunchKernel, 256    1    1, 256    1    1,"<unnamed>::pack_face_x(const double *, double *, int, int, int, int, int)"
6260673817,5080,6260678897,422261,6261101158,5248,432589,122,122,2,cudaLaunchKernel, 256    1    1, 256    1    1,"<unnamed>::pack_face_y(const double *, double *, int, int, int, int, int)"
6260679768,5410,6260685178,422252,6261107430,8352,436014,122,122,2,cudaLaunchKernel, 256    1    1, 256    1    1,"<unnamed>::pack_face_z(const double *, double *, int, int, int, int, int)"
6260686401,5982,6260692383,8584,6260700967,405663,420229,122,122,2,cudaLaunchKernel,   8   64   64,  32    4    4,"<unnamed>::step_kernel_interior(const double *, const double *, double *, const double *, const double *, int, int, int, int, int, int, int, double, double)"
6261178760,9869,6261188629,2061,6261190690,2432,14362,123,123,3,cudaLaunchKernel, 256    1    1, 256    1    1,"<unnamed>::unpack_face_x(const double *, double *, int, int, int, int, int)"
6261189330,4017,6261193347,3839,6261197186,2368,10224,123,123,3,cudaLaunchKernel, 256    1    1, 256    1    1,"<unnamed>::unpack_face_y(const double *, double *, int, int, int, int, int)"
6261193918,4058,6261197976,2794,6261200770,3904,10756,123,123,3,cudaLaunchKernel, 256    1    1, 256    1    1,"<unnamed>::unpack_face_z(const double *, double *, int, int, int, int, int)"
6261199128,3767,6261202895,2931,6261205826,6400,13098,123,123,3,cudaLaunchKernel, 512    1    1, 256    1    1,"<unnamed>::step_kernel_boundary_x_faces(const double *, const double *, double *, const double *, const double *, int, int, int, int, int, int, int, double, double)"
6261203527,8806,6261212333,2229,6261214562,7648,18683,123,123,3,cudaLaunchKernel, 508    1    1, 256    1    1,"<unnamed>::step_kernel_boundary_y_faces(const double *, const double *, double *, const double *, const double *, int, int, int, int, int, int, int, double, double)"
6261212924,3757,6261216681,6457,6261223138,49664,59878,123,123,3,cudaLaunchKernel, 505    1    1, 256    1    1,"<unnamed>::step_kernel_boundary_z_faces(const double *, const double *, double *, const double *, const double *, int, int, int, int, int, int, int, double, double)"
6272278225,11341,6272289566,1720,6272291286,2752,15813,126,126,6,cudaLaunchKernel, 256    1    1, 256    1    1,"<unnamed>::unpack_face_x(const double *, double *, int, int, int, int, int)"
6272283575,11181,6272294756,1729,6272296485,2464,15374,120,120,0,cudaLaunchKernel, 256    1    1, 256    1    1,"<unnamed>::unpack_face_x(const double *, double *, int, int, int, int, int)"
6272288264,12313,6272300577,1273,6272301850,2848,16434,125,125,5,cudaLaunchKernel, 256    1    1, 256    1    1,"<unnamed>::unpack_face_x(const double *, double *, int, int, int, int, int)"
6272290147,3677,6272293824,2422,6272296246,2400,8499,126,126,6,cudaLaunchKernel, 256    1    1, 256    1    1,"<unnamed>::unpack_face_y(const double *, double *, int, int, int, int, int)"
6272291219,14848,6272306067,1127,6272307194,2496,18471,124,124,4,cudaLaunchKernel, 256    1    1, 256    1    1,"<unnamed>::unpack_face_x(const double *, double *, int, int, int, int, int)"
6272294335,4889,6272299224,3486,6272302710,4384,12759,126,126,6,cudaLaunchKernel, 256    1    1, 256    1    1,"<unnamed>::unpack_face_z(const double *, double *, int, int, int, int, int)"
6272295477,3968,6272299445,2672,6272302117,2784,9424,120,120,0,cudaLaunchKernel, 256    1    1, 256    1    1,"<unnamed>::unpack_face_y(const double *, double *, int, int, int, int, int)"
6272299986,3536,6272303522,3875,6272307397,4192,11603,120,120,0,cudaLaunchKernel, 256    1    1, 256    1    1,"<unnamed>::unpack_face_z(const double *, double *, int, int, int, int, int)"
6272300156,3687,6272303843,4339,6272308182,6208,14234,126,126,6,cudaLaunchKernel, 512    1    1, 256    1    1,"<unnamed>::step_kernel_boundary_x_faces(const double *, const double *, double *, const double *, const double *, int, int, int, int, int, int, int, double, double)"
6272301298,4889,6272306187,2479,6272308666,2752,10120,125,125,5,cudaLaunchKernel, 256    1    1, 256    1    1,"<unnamed>::unpack_face_y(const double *, double *, int, int, int, int, int)"
6272304354,3757,6272308111,4630,6272312741,6400,14787,120,120,0,cudaLaunchKernel, 512    1    1, 256    1    1,"<unnamed>::step_kernel_boundary_x_faces(const double *, const double *, double *, const double *, const double *, int, int, int, int, int, int, int, double, double)"
6272304384,3276,6272307660,7754,6272315414,7296,18326,126,126,6,cudaLaunchKernel, 508    1    1, 256    1    1,"<unnamed>::step_kernel_boundary_y_faces(const double *, const double *, double *, const double *, const double *, int, int, int, int, int, int, int, double, double)"
6272306798,3337,6272310135,3683,6272313818,3936,10956,125,125,5,cudaLaunchKernel, 256    1    1, 256    1    1,"<unnamed>::unpack_face_z(const double *, double *, int, int, int, int, int)"
6272306939,4458,6272311397,1973,6272313370,2400,8831,124,124,4,cudaLaunchKernel, 256    1    1, 256    1    1,"<unnamed>::unpack_face_y(const double *, double *, int, int, int, int, int)"
6272308161,3326,6272311487,12407,6272323894,49248,64981,126,126,6,cudaLaunchKernel, 505    1    1, 256    1    1,"<unnamed>::step_kernel_boundary_z_faces(const double *, const double *, double *, const double *, const double *, int, int, int, int, int, int, int, double, double)"
6272308632,3677,6272312309,8112,6272320421,7488,19277,120,120,0,cudaLaunchKernel, 508    1    1, 256    1    1,"<unnamed>::step_kernel_boundary_y_faces(const double *, const double *, double *, const double *, const double *, int, int, int, int, int, int, int, double, double)"
6272311077,3286,6272314363,4575,6272318938,6304,14165,125,125,5,cudaLaunchKernel, 512    1    1, 256    1    1,"<unnamed>::step_kernel_boundary_x_faces(const double *, const double *, double *, const double *, const double *, int, int, int, int, int, int, int, double, double)"
6272311998,4038,6272316036,3574,6272319610,3904,11516,124,124,4,cudaLaunchKernel, 256    1    1, 256    1    1,"<unnamed>::unpack_face_z(const double *, double *, int, int, int, int, int)"
6272312840,3506,6272316346,12587,6272328933,49727,65820,120,120,0,cudaLaunchKernel, 505    1    1, 256    1    1,"<unnamed>::step_kernel_boundary_z_faces(const double *, const double *, double *, const double *, const double *, int, int, int, int, int, int, int, double, double)"
6272314894,3376,6272318270,8028,6272326298,7808,19212,125,125,5,cudaLaunchKernel, 508    1    1, 256    1    1,"<unnamed>::step_kernel_boundary_y_faces(const double *, const double *, double *, const double *, const double *, int, int, int, int, int, int, int, double, double)"
6272317819,4358,6272322177,2457,6272324634,6688,13503,124,124,4,cudaLaunchKernel, 512    1    1, 256    1    1,"<unnamed>::step_kernel_boundary_x_faces(const double *, const double *, double *, const double *, const double *, int, int, int, int, int, int, int, double, double)"
6272318821,3116,6272321937,13225,6272335162,49441,65782,125,125,5,cudaLaunchKernel, 505    1    1, 256    1    1,"<unnamed>::step_kernel_boundary_z_faces(const double *, const double *, double *, const double *, const double *, int, int, int, int, int, int, int, double, double)"
6272322698,4118,6272326816,5530,6272332346,7392,17040,124,124,4,cudaLaunchKernel, 508    1    1, 256    1    1,"<unnamed>::step_kernel_boundary_y_faces(const double *, const double *, double *, const double *, const double *, int, int, int, int, int, int, int, double, double)"
6272327487,3677,6272331164,9662,6272340826,51136,64475,124,124,4,cudaLaunchKernel, 505    1    1, 256    1    1,"<unnamed>::step_kernel_boundary_z_faces(const double *, const double *, double *, const double *, const double *, int, int, int, int, int, int, int, double, double)"
6272337887,5139,6272343026,429795,6272772821,4192,439126,126,126,6,cudaLaunchKernel, 256    1    1, 256    1    1,"<unnamed>::pack_face_x(const double *, double *, int, int, int, int, int)"
6272340552,5430,6272345982,46940,6272392922,6848,59218,124,124,4,cudaLaunchKernel, 256    1    1, 256    1    1,"<unnamed>::pack_face_x(const double *, double *, int, int, int, int, int)"
6272343888,3416,6272347304,430765,6272778069,3455,437636,126,126,6,cudaLaunchKernel, 256    1    1, 256    1    1,"<unnamed>::pack_face_y(const double *, double *, int, int, int, int, int)"
6272346513,4879,6272351392,28292,6272379684,7488,40659,120,120,0,cudaLaunchKernel, 256    1    1, 256    1    1,"<unnamed>::pack_face_x(const double *, double *, int, int, int, int, int)"
6272346673,3737,6272350410,439440,6272789850,4288,447465,124,124,4,cudaLaunchKernel, 256    1    1, 256    1    1,"<unnamed>::pack_face_y(const double *, double *, int, int, int, int, int)"
6272347855,3186,6272351041,431539,6272782580,7840,442565,126,126,6,cudaLaunchKernel, 256    1    1, 256    1    1,"<unnamed>::pack_face_z(const double *, double *, int, int, int, int, int)"
6272350951,3858,6272354809,440257,6272795066,8224,452339,124,124,4,cudaLaunchKernel, 256    1    1, 256    1    1,"<unnamed>::pack_face_z(const double *, double *, int, int, int, int, int)"
6272351853,3547,6272355400,18766,6272374166,402463,424776,126,126,6,cudaLaunchKernel,   8   64   64,  32    4    4,"<unnamed>::step_kernel_interior(const double *, const double *, double *, const double *, const double *, int, int, int, int, int, int, int, double, double)"
6272351913,3427,6272355340,424278,6272779618,4000,431705,120,120,0,cudaLaunchKernel, 256    1    1, 256    1    1,"<unnamed>::pack_face_y(const double *, double *, int, int, int, int, int)"
6272355570,4198,6272359768,33666,6272393434,400064,437928,124,124,4,cudaLaunchKernel,   8   64   64,  32    4    4,"<unnamed>::step_kernel_interior(const double *, const double *, double *, const double *, const double *, int, int, int, int, int, int, int, double, double)"
6272355921,3727,6272359648,425122,6272784770,8480,437329,120,120,0,cudaLaunchKernel, 256    1    1, 256    1    1,"<unnamed>::pack_face_z(const double *, double *, int, int, int, int, int)"
6272360539,3998,6272364537,15659,6272380196,403038,422695,120,120,0,cudaLaunchKernel,   8   64   64,  32    4    4,"<unnamed>::step_kernel_interior(const double *, const double *, double *, const double *, const double *, int, int, int, int, int, int, int, double, double)"
6272379726,6122,6272385848,3683,6272389531,3328,13133,125,125,5,cudaLaunchKernel, 256    1    1, 256    1    1,"<unnamed>::pack_face_x(const double *, double *, int, int, int, int, int)"
6272386409,3326,6272389735,4276,6272394011,3168,10770,125,125,5,cudaLaunchKernel, 256    1    1, 256    1    1,"<unnamed>::pack_face_y(const double *, double *, int, int, int, int, int)"
6272390306,3427,6272393733,4470,6272398203,9472,17369,125,125,5,cudaLaunchKernel, 256    1    1, 256    1    1,"<unnamed>::pack_face_z(const double *, double *, int, int, int, int, int)"
6272394634,3857,6272398491,4096,6272402587,400225,408178,125,125,5,cudaLaunchKernel,   8   64   64,  32    4    4,"<unnamed>::step_kernel_interior(const double *, const double *, double *, const double *, const double *, int, int, int, int, int, int, int, double, double)"
6272846166,10440,6272856606,1798,6272858404,2752,14990,133,133,7,cudaLaunchKernel, 256    1    1, 256    1    1,"<unnamed>::unpack_face_x(const double *, double *, int, int, int, int, int)"
6272848090,9427,6272857517,2401,6272859918,2784,14612,121,121,1,cudaLaunchKernel, 256    1    1, 256    1    1,"<unnamed>::unpack_face_x(const double *, double *, int, int, int, int, int)"
6272857257,4077,6272861334,3374,6272864708,2400,9851,133,133,7,cudaLaunchKernel, 256    1    1, 256    1    1,"<unnamed>::unpack_face_y(const double *, double *, int, int, int, int, int)"
6272858169,4017,6272862186,4036,6272866222,3008,11061,121,121,1,cudaLaunchKernel, 256    1    1, 256    1    1,"<unnamed>::unpack_face_y(const double *, double *, int, int, int, int, int)"
6272862026,3757,6272865783,2445,6272868228,3872,10074,133,133,7,cudaLaunchKernel, 256    1    1, 256    1    1,"<unnamed>::unpack_face_z(const double *, double *, int, int, int, int, int)"
6272862767,4198,6272866965,3385,6272870350,4256,11839,121,121,1,cudaLaunchKernel, 256    1    1, 256    1    1,"<unnamed>::unpack_face_z(const double *, double *, int, int, int, int, int)"
6272866815,3947,6272870762,2490,6272873252,6336,12773,133,133,7,cudaLaunchKernel, 512    1    1, 256    1    1,"<unnamed>::step_kernel_boundary_x_faces(const double *, const double *, double *, const double *, const double *, int, int, int, int, int, int, int, double, double)"
6272867817,4518,6272872335,3455,6272875790,6560,14533,121,121,1,cudaLaunchKernel, 512    1    1, 256    1    1,"<unnamed>::step_kernel_boundary_x_faces(const double *, const double *, double *, const double *, const double *, int, int, int, int, int, int, int, double, double)"
6272873006,3607,6272876613,7017,6272883630,7584,18208,121,121,1,cudaLaunchKernel, 508    1    1, 256    1    1,"<unnamed>::step_kernel_boundary_y_faces(const double *, const double *, double *, const double *, const double *, int, int, int, int, int, int, int, double, double)"
6272877355,3636,6272880991,11215,6272892206,49440,64291,121,121,1,cudaLaunchKernel, 505    1    1, 256    1    1,"<unnamed>::step_kernel_boundary_z_faces(const double *, const double *, double *, const double *, const double *, int, int, int, int, int, int, int, double, double)"
6272897562,4168,6272901730,2210,6272903940,7744,14122,133,133,7,cudaLaunchKernel, 508    1    1, 256    1    1,"<unnamed>::step_kernel_boundary_y_faces(const double *, const double *, double *, const double *, const double *, int, int, int, int, int, int, int, double, double)"
6272902321,19397,6272921718,3022,6272924740,49088,71507,133,133,7,cudaLaunchKernel, 505    1    1, 256    1    1,"<unnamed>::step_kernel_boundary_z_faces(const double *, const double *, double *, const double *, const double *, int, int, int, int, int, int, int, double, double)"
6273055491,15449,6273070940,666,6273071606,2400,18515,122,122,2,cudaLaunchKernel, 256    1    1, 256    1    1,"<unnamed>::unpack_face_x(const double *, double *, int, int, int, int, int)"
6273072242,6622,6273078864,1766,6273080630,2400,10788,122,122,2,cudaLaunchKernel, 256    1    1, 256    1    1,"<unnamed>::unpack_face_y(const double *, double *, int, int, int, int, int)"
6273079656,6081,6273085737,3085,6273088822,4160,13326,122,122,2,cudaLaunchKernel, 256    1    1, 256    1    1,"<unnamed>::unpack_face_z(const double *, double *, int, int, int, int, int)"
6273087140,6262,6273093402,2172,6273095574,6272,14706,122,122,2,cudaLaunchKernel, 512    1    1, 256    1    1,"<unnamed>::step_kernel_boundary_x_faces(const double *, const double *, double *, const double *, const double *, int, int, int, int, int, int, int, double, double)"
6273094253,5531,6273099784,3310,6273103094,7584,16425,122,122,2,cudaLaunchKernel, 508    1    1, 256    1    1,"<unnamed>::step_kernel_boundary_y_faces(const double *, const double *, double *, const double *, const double *, int, int, int, int, int, int, int, double, double)"
6273100665,5491,6273106156,5738,6273111894,49312,60541,122,122,2,cudaLaunchKernel, 505    1    1, 256    1    1,"<unnamed>::step_kernel_boundary_z_faces(const double *, const double *, double *, const double *, const double *, int, int, int, int, int, int, int, double, double)"
6290837059,12483,6290849542,1372,6290850914,2880,16735,125,125,5,cudaLaunchKernel, 256    1    1, 256    1    1,"<unnamed>::unpack_face_x(const double *, double *, int, int, int, int, int)"
6290850283,3878,6290854161,3697,6290857858,2880,10455,125,125,5,cudaLaunchKernel, 256    1    1, 256    1    1,"<unnamed>::unpack_face_y(const double *, double *, int, int, int, int, int)"
6290854762,3687,6290858449,3505,6290861954,5088,12280,125,125,5,cudaLaunchKernel, 256    1    1, 256    1    1,"<unnamed>::unpack_face_z(const double *, double *, int, int, int, int, int)"
6290859451,4448,6290863899,4199,6290868098,7649,16296,125,125,5,cudaLaunchKernel, 512    1    1, 256    1    1,"<unnamed>::step_kernel_boundary_x_faces(const double *, const double *, double *, const double *, const double *, int, int, int, int, int, int, int, double, double)"
6290864460,3547,6290868007,8732,6290876739,7360,19639,125,125,5,cudaLaunchKernel, 508    1    1, 256    1    1,"<unnamed>::step_kernel_boundary_y_faces(const double *, const double *, double *, const double *, const double *, int, int, int, int, int, int, int, double, double)"
6290868558,3286,6290871844,13311,6290885155,52256,68853,125,125,5,cudaLaunchKernel, 505    1    1, 256    1    1,"<unnamed>::step_kernel_boundary_z_faces(const double *, const double *, double *, const double *, const double *, int, int, int, int, int, int, int, double, double)"
6292597268,11000,6292608268,1530,6292609798,2592,15122,120,120,0,cudaLaunchKernel, 256    1    1, 256    1    1,"<unnamed>::unpack_face_x(const double *, double *, int, int, int, int, int)"
6292601616,11882,6292613498,1229,6292614727,2880,15991,126,126,6,cudaLaunchKernel, 256    1    1, 256    1    1,"<unnamed>::unpack_face_x(const double *, double *, int, int, int, int, int)"
6292609431,4127,6292613558,4176,6292617734,2784,11087,120,120,0,cudaLaunchKernel, 256    1    1, 256    1    1,"<unnamed>::unpack_face_y(const double *, double *, int, int, int, int, int)"
6292614129,3597,6292617726,3848,6292621574,4224,11669,120,120,0,cudaLaunchKernel, 256    1    1, 256    1    1,"<unnamed>::unpack_face_z(const double *, double *, int, int, int, int, int)"
6292614150,3877,6292618027,3548,6292621575,2368,9793,126,126,6,cudaLaunchKernel, 256    1    1, 256    1    1,"<unnamed>::unpack_face_y(const double *, double *, int, int, int, int, int)"
6292618578,3828,6292622406,4448,6292626854,6528,14804,120,120,0,cudaLaunchKernel, 512    1    1, 256    1    1,"<unnamed>::step_kernel_boundary_x_faces(const double *, const double *, double *, const double *, const double *, int, int, int, int, int, int, int, double, double)"
6292618608,3347,6292621955,3044,6292624999,4287,10678,126,126,6,cudaLaunchKernel, 256    1    1, 256    1    1,"<unnamed>::unpack_face_z(const double *, double *, int, int, int, int, int)"
6292622807,3376,6292626183,4223,6292630406,6240,13839,126,126,6,cudaLaunchKernel, 512    1    1, 256    1    1,"<unnamed>::step_kernel_boundary_x_faces(const double *, const double *, double *, const double *, const double *, int, int, int, int, int, int, int, double, double)"
6292622947,3446,6292626393,8173,6292634566,7136,18755,120,120,0,cudaLaunchKernel, 508    1    1, 256    1    1,"<unnamed>::step_kernel_boundary_y_faces(const double *, const double *, double *, const double *, const double *, int, int, int, int, int, int, int, double, double)"
6292626734,3206,6292629940,7698,6292637638,7488,18392,126,126,6,cudaLaunchKernel, 508    1    1, 256    1    1,"<unnamed>::step_kernel_boundary_y_faces(const double *, const double *, double *, const double *, const double *, int, int, int, int, int, int, int, double, double)"
6292626955,3556,6292630511,12215,6292642726,49984,65755,120,120,0,cudaLaunchKernel, 505    1    1, 256    1    1,"<unnamed>::step_kernel_boundary_z_faces(const double *, const double *, double *, const double *, const double *, int, int, int, int, int, int, int, double, double)"
6292630431,3256,6292633687,12623,6292646310,49056,64935,126,126,6,cudaLaunchKernel, 505    1    1, 256    1    1,"<unnamed>::step_kernel_boundary_z_faces(const double *, const double *, double *, const double *, const double *, int, int, int, int, int, int, int, double, double)"
6292806001,53171,,,6292857069,2464,53532,124,124,4,cudaLaunchKernel, 256    1    1, 256    1    1,"<unnamed>::unpack_face_x(const double *, double *, int, int, int, int, int)"
6292860825,7134,6292867959,1430,6292869389,2400,10964,124,124,4,cudaLaunchKernel, 256    1    1, 256    1    1,"<unnamed>::unpack_face_y(const double *, double *, int, int, int, int, int)"
6292868960,6312,6292875272,3109,6292878381,3904,13325,124,124,4,cudaLaunchKernel, 256    1    1, 256    1    1,"<unnamed>::unpack_face_z(const double *, double *, int, int, int, int, int)"
6292877186,6552,6292883738,2259,6292885997,6464,15275,124,124,4,cudaLaunchKernel, 512    1    1, 256    1    1,"<unnamed>::step_kernel_boundary_x_faces(const double *, const double *, double *, const double *, const double *, int, int, int, int, int, int, int, double, double)"
6292884810,6112,6292890922,2499,6292893421,7392,16003,124,124,4,cudaLaunchKernel, 508    1    1, 256    1    1,"<unnamed>::step_kernel_boundary_y_faces(const double *, const double *, double *, const double *, const double *, int, int, int, int, int, int, int, double, double)"
6292891813,5791,6292897604,4553,6292902157,49088,59432,124,124,4,cudaLaunchKernel, 505    1    1, 256    1    1,"<unnamed>::step_kernel_boundary_z_faces(const double *, const double *, double *, const double *, const double *, int, int, int, int, int, int, int, double, double)"
