API Start (ns),API Dur (ns),Queue Start (ns),Queue Dur (ns),Kernel Start (ns),Kernel Dur (ns),Total Dur (ns),PID,TID,DevId,API Function,GridXYZ,BlockXYZ,Kernel Name
21980094018,318321,,,21980408212,1472,318321,126,126,6,cudaLaunchKernel,   1    1    1,   1    1    1,<unnamed>::warmup_kernel(double *)
21981045202,44645,21981089847,1116,21981090963,5824,51585,126,126,6,cudaLaunchKernel, 977    1    1, 256    1    1,"<unnamed>::pack_face_x(const double *, double *, int, int, int, int, int)"
21981092622,57359,21981149981,2486,21981152467,6688,66533,126,126,6,cudaLaunchKernel, 977    1    1, 256    1    1,"<unnamed>::pack_face_y(const double *, double *, int, int, int, int, int)"
21981152916,18865,21981171781,2478,21981174259,26944,48287,126,126,6,cudaLaunchKernel, 977    1    1, 256    1    1,"<unnamed>::pack_face_z(const double *, double *, int, int, int, int, int)"
22023571849,376179,,,22023938571,1504,376179,120,120,0,cudaLaunchKernel,   1    1    1,   1    1    1,<unnamed>::warmup_kernel(double *)
22024573438,60985,22024634423,9044,22024643467,5696,75725,120,120,0,cudaLaunchKernel, 977    1    1, 256    1    1,"<unnamed>::pack_face_x(const double *, double *, int, int, int, int, int)"
22024637098,23976,22024661074,3321,22024664395,6080,33377,120,120,0,cudaLaunchKernel, 977    1    1, 256    1    1,"<unnamed>::pack_face_y(const double *, double *, int, int, int, int, int)"
22024662997,14998,22024677995,3904,22024681899,27232,46134,120,120,0,cudaLaunchKernel, 977    1    1, 256    1    1,"<unnamed>::pack_face_z(const double *, double *, int, int, int, int, int)"
22509631495,367312,,,22509992700,1472,367312,121,121,1,cudaLaunchKernel,   1    1    1,   1    1    1,<unnamed>::warmup_kernel(double *)
22510694099,41398,22510735497,5591,22510741088,6048,53037,121,121,1,cudaLaunchKernel, 977    1    1, 256    1    1,"<unnamed>::pack_face_x(const double *, double *, int, int, int, int, int)"
22510737932,34275,22510772207,7570,22510779777,6368,48213,121,121,1,cudaLaunchKernel, 977    1    1, 256    1    1,"<unnamed>::pack_face_y(const double *, double *, int, int, int, int, int)"
22510775052,22482,22510797534,6691,22510804225,27232,56405,121,121,1,cudaLaunchKernel, 977    1    1, 256    1    1,"<unnamed>::pack_face_z(const double *, double *, int, int, int, int, int)"
22807342143,362904,22807705047,8360,22807713407,1504,372768,123,123,3,cudaLaunchKernel,   1    1    1,   1    1    1,<unnamed>::warmup_kernel(double *)
22808365493,60565,22808426058,20447,22808446505,5728,86740,123,123,3,cudaLaunchKernel, 977    1    1, 256    1    1,"<unnamed>::pack_face_x(const double *, double *, int, int, int, int, int)"
22808428302,23293,22808451595,26942,22808478537,6432,56667,123,123,3,cudaLaunchKernel, 977    1    1, 256    1    1,"<unnamed>::pack_face_y(const double *, double *, int, int, int, int, int)"
22808454030,21460,22808475490,22056,22808497546,27200,70716,123,123,3,cudaLaunchKernel, 977    1    1, 256    1    1,"<unnamed>::pack_face_z(const double *, double *, int, int, int, int, int)"
22846624588,310877,,,22846899213,1472,310877,130,130,7,cudaLaunchKernel,   1    1    1,   1    1    1,<unnamed>::warmup_kernel(double *)
22847499860,38522,22847538382,1309,22847539691,5760,45591,130,130,7,cudaLaunchKernel, 977    1    1, 256    1    1,"<unnamed>::pack_face_x(const double *, double *, int, int, int, int, int)"
22847540716,18775,22847559491,3272,22847562763,6368,28415,130,130,7,cudaLaunchKernel, 977    1    1, 256    1    1,"<unnamed>::pack_face_y(const double *, double *, int, int, int, int, int)"
22847560934,16011,22847576945,2778,22847579723,27648,46437,130,130,7,cudaLaunchKernel, 977    1    1, 256    1    1,"<unnamed>::pack_face_z(const double *, double *, int, int, int, int, int)"
22850265286,253979,22850519265,15111,22850534376,1504,270594,122,122,2,cudaLaunchKernel,   1    1    1,   1    1    1,<unnamed>::warmup_kernel(double *)
22850949628,36448,22850986076,19635,22851005711,5632,61715,122,122,2,cudaLaunchKernel, 977    1    1, 256    1    1,"<unnamed>::pack_face_x(const double *, double *, int, int, int, int, int)"
22850988410,16772,22851005182,22001,22851027183,6304,45077,122,122,2,cudaLaunchKernel, 977    1    1, 256    1    1,"<unnamed>::pack_face_y(const double *, double *, int, int, int, int, int)"
22851006604,16943,22851023547,21012,22851044559,27233,65188,122,122,2,cudaLaunchKernel, 977    1    1, 256    1    1,"<unnamed>::pack_face_z(const double *, double *, int, int, int, int, int)"
22861984474,32803,22862017277,19317,22862036594,3616,55736,122,122,2,cudaLaunchKernel, 977    1    1, 256    1    1,"<unnamed>::unpack_face_x(const double *, double *, int, int, int, int, int)"
22861994333,44474,22862038807,18273,22862057080,3808,66555,123,123,3,cudaLaunchKernel, 977    1    1, 256    1    1,"<unnamed>::unpack_face_x(const double *, double *, int, int, int, int, int)"
22862019451,22893,22862042344,22186,22862064530,3936,49015,122,122,2,cudaLaunchKernel, 977    1    1, 256    1    1,"<unnamed>::unpack_face_y(const double *, double *, int, int, int, int, int)"
22862040971,22953,22862063924,21028,22862084952,3904,47885,123,123,3,cudaLaunchKernel, 977    1    1, 256    1    1,"<unnamed>::unpack_face_y(const double *, double *, int, int, int, int, int)"
22862044027,18004,22862062031,20995,22862083026,39969,78968,122,122,2,cudaLaunchKernel, 977    1    1, 256    1    1,"<unnamed>::unpack_face_z(const double *, double *, int, int, int, int, int)"
22862066469,17423,22862083892,19748,22862103640,40737,77908,123,123,3,cudaLaunchKernel, 977    1    1, 256    1    1,"<unnamed>::unpack_face_z(const double *, double *, int, int, int, int, int)"
22862198829,22282,22862221111,22334,22862243445,2304,46920,122,122,2,cudaLaunchKernel,   1    2    2,  32    4    4,"<unnamed>::step_kernel_interior(const double *, const double *, double *, const double *, const double *, int, int, int, int, int, int, int, double, double)"
22862222954,17924,22862240878,21255,22862262133,2336,41515,122,122,2,cudaLaunchKernel,   1    1    1, 256    1    1,"<unnamed>::step_kernel_boundary_x_faces(const double *, const double *, double *, const double *, const double *, int, int, int, int, int, int, int, double, double)"
22862227523,26309,22862253832,19507,22862273339,2304,48120,123,123,3,cudaLaunchKernel,   1    2    2,  32    4    4,"<unnamed>::step_kernel_interior(const double *, const double *, double *, const double *, const double *, int, int, int, int, int, int, int, double, double)"
22862242471,16832,22862259303,21358,22862280661,1984,40174,122,122,2,cudaLaunchKernel,   1    1    1, 256    1    1,"<unnamed>::step_kernel_boundary_y_faces(const double *, const double *, double *, const double *, const double *, int, int, int, int, int, int, int, double, double)"
22862255976,24256,22862280232,19859,22862300091,2144,46259,123,123,3,cudaLaunchKernel,   1    1    1, 256    1    1,"<unnamed>::step_kernel_boundary_x_faces(const double *, const double *, double *, const double *, const double *, int, int, int, int, int, int, int, double, double)"
22862260765,16441,22862277206,21120,22862298326,2112,39673,122,122,2,cudaLaunchKernel,   1    1    1, 256    1    1,"<unnamed>::step_kernel_boundary_z_faces(const double *, const double *, double *, const double *, const double *, int, int, int, int, int, int, int, double, double)"
22862282055,20420,22862302475,19952,22862322427,2144,42516,123,123,3,cudaLaunchKernel,   1    1    1, 256    1    1,"<unnamed>::step_kernel_boundary_y_faces(const double *, const double *, double *, const double *, const double *, int, int, int, int, int, int, int, double, double)"
22862287336,4539,22862291875,20915,22862312790,2464,27918,122,122,2,cudaLaunchKernel,   1    2    2,  32    4    4,"<unnamed>::step_kernel_interior(const double *, const double *, double *, const double *, const double *, int, int, int, int, int, int, int, double, double)"
22862292646,3787,22862296433,21189,22862317622,2048,27024,122,122,2,cudaLaunchKernel,   1    1    1, 256    1    1,"<unnamed>::step_kernel_boundary_x_faces(const double *, const double *, double *, const double *, const double *, int, int, int, int, int, int, int, double, double)"
22862296964,3837,22862300801,22261,22862323062,2016,28114,122,122,2,cudaLaunchKernel,   1    1    1, 256    1    1,"<unnamed>::step_kernel_boundary_y_faces(const double *, const double *, double *, const double *, const double *, int, int, int, int, int, int, int, double, double)"
22862301272,3828,22862305100,21194,22862326294,1984,27006,122,122,2,cudaLaunchKernel,   1    1    1, 256    1    1,"<unnamed>::step_kernel_boundary_z_faces(const double *, const double *, double *, const double *, const double *, int, int, int, int, int, int, int, double, double)"
22862303937,44083,22862348020,15240,22862363260,2112,61435,123,123,3,cudaLaunchKernel,   1    1    1, 256    1    1,"<unnamed>::step_kernel_boundary_z_faces(const double *, const double *, double *, const double *, const double *, int, int, int, int, int, int, int, double, double)"
22862357608,5250,22862362858,19730,22862382588,2464,27444,123,123,3,cudaLaunchKernel,   1    2    2,  32    4    4,"<unnamed>::step_kernel_interior(const double *, const double *, double *, const double *, const double *, int, int, int, int, int, int, int, double, double)"
22862363729,3868,22862367597,19663,22862387260,2016,25547,123,123,3,cudaLaunchKernel,   1    1    1, 256    1    1,"<unnamed>::step_kernel_boundary_x_faces(const double *, const double *, double *, const double *, const double *, int, int, int, int, int, int, int, double, double)"
22862368188,4789,22862372977,20875,22862393852,2016,27680,123,123,3,cudaLaunchKernel,   1    1    1, 256    1    1,"<unnamed>::step_kernel_boundary_y_faces(const double *, const double *, double *, const double *, const double *, int, int, int, int, int, int, int, double, double)"
22862373598,4479,22862378077,19871,22862397948,1984,26334,123,123,3,cudaLaunchKernel,   1    1    1, 256    1    1,"<unnamed>::step_kernel_boundary_z_faces(const double *, const double *, double *, const double *, const double *, int, int, int, int, int, int, int, double, double)"
23109353853,305738,,,23109656419,1472,305738,125,125,5,cudaLaunchKernel,   1    1    1,   1    1    1,<unnamed>::warmup_kernel(double *)
23110226660,32161,23110258821,1504,23110260325,5856,39521,125,125,5,cudaLaunchKernel, 977    1    1, 256    1    1,"<unnamed>::pack_face_x(const double *, double *, int, int, int, int, int)"
23110260724,24617,23110285341,3368,23110288709,6112,34097,125,125,5,cudaLaunchKernel, 977    1    1, 256    1    1,"<unnamed>::pack_face_y(const double *, double *, int, int, int, int, int)"
23110287055,71423,23110358478,1208,23110359686,27616,100247,125,125,5,cudaLaunchKernel, 977    1    1, 256    1    1,"<unnamed>::pack_face_z(const double *, double *, int, int, int, int, int)"
23117540669,49442,,,23117581443,3840,49442,130,130,7,cudaLaunchKernel, 977    1    1, 256    1    1,"<unnamed>::unpack_face_x(const double *, double *, int, int, int, int, int)"
23117556969,73880,23117630849,6614,23117637463,3809,84303,121,121,1,cudaLaunchKernel, 977    1    1, 256    1    1,"<unnamed>::unpack_face_x(const double *, double *, int, int, int, int, int)"
23117592816,18435,23117611251,3440,23117614691,3840,25715,130,130,7,cudaLaunchKernel, 977    1    1, 256    1    1,"<unnamed>::unpack_face_y(const double *, double *, int, int, int, int, int)"
23117613094,18155,23117631249,2322,23117633571,40704,61181,130,130,7,cudaLaunchKernel, 977    1    1, 256    1    1,"<unnamed>::unpack_face_z(const double *, double *, int, int, int, int, int)"
23117634355,24105,23117658460,10940,23117669400,3872,38917,121,121,1,cudaLaunchKernel, 977    1    1, 256    1    1,"<unnamed>::unpack_face_y(const double *, double *, int, int, int, int, int)"
23117661586,15850,23117677436,9916,23117687352,39936,65702,121,121,1,cudaLaunchKernel, 977    1    1, 256    1    1,"<unnamed>::unpack_face_z(const double *, double *, int, int, int, int, int)"
23117768448,22622,23117791070,3397,23117794467,2272,28291,130,130,7,cudaLaunchKernel,   1    2    2,  32    4    4,"<unnamed>::step_kernel_interior(const double *, const double *, double *, const double *, const double *, int, int, int, int, int, int, int, double, double)"
23117793014,14938,23117807952,2355,23117810307,2144,19437,130,130,7,cudaLaunchKernel,   1    1    1, 256    1    1,"<unnamed>::step_kernel_boundary_x_faces(const double *, const double *, double *, const double *, const double *, int, int, int, int, int, int, int, double, double)"
23117809374,14469,23117823843,2464,23117826307,2144,19077,130,130,7,cudaLaunchKernel,   1    1    1, 256    1    1,"<unnamed>::step_kernel_boundary_y_faces(const double *, const double *, double *, const double *, const double *, int, int, int, int, int, int, int, double, double)"
23117825185,21510,,,23117845155,2112,22082,130,130,7,cudaLaunchKernel,   1    1    1, 256    1    1,"<unnamed>::step_kernel_boundary_z_faces(const double *, const double *, double *, const double *, const double *, int, int, int, int, int, int, int, double, double)"
23117831717,52749,23117884466,8647,23117893113,2272,63668,121,121,1,cudaLaunchKernel,   1    2    2,  32    4    4,"<unnamed>::step_kernel_interior(const double *, const double *, double *, const double *, const double *, int, int, int, int, int, int, int, double, double)"
23117856654,4839,23117861493,2126,23117863619,2432,9397,130,130,7,cudaLaunchKernel,   1    2    2,  32    4    4,"<unnamed>::step_kernel_interior(const double *, const double *, double *, const double *, const double *, int, int, int, int, int, int, int, double, double)"
23117862225,3807,23117866032,2035,23117868067,2016,7858,130,130,7,cudaLaunchKernel,   1    1    1, 256    1    1,"<unnamed>::step_kernel_boundary_x_faces(const double *, const double *, double *, const double *, const double *, int, int, int, int, int, int, int, double, double)"
23117866573,3556,23117870129,3186,23117873315,1984,8726,130,130,7,cudaLaunchKernel,   1    1    1, 256    1    1,"<unnamed>::step_kernel_boundary_y_faces(const double *, const double *, double *, const double *, const double *, int, int, int, int, int, int, int, double, double)"
23117870721,3696,23117874417,2450,23117876867,1984,8130,130,130,7,cudaLaunchKernel,   1    1    1, 256    1    1,"<unnamed>::step_kernel_boundary_z_faces(const double *, const double *, double *, const double *, const double *, int, int, int, int, int, int, int, double, double)"
23117887712,24708,23117912420,9781,23117922201,2144,36633,121,121,1,cudaLaunchKernel,   1    1    1, 256    1    1,"<unnamed>::step_kernel_boundary_x_faces(const double *, const double *, double *, const double *, const double *, int, int, int, int, int, int, int, double, double)"
23117914043,25367,23117939410,3879,23117943289,2144,31390,121,121,1,cudaLaunchKernel,   1    1    1, 256    1    1,"<unnamed>::step_kernel_boundary_y_faces(const double *, const double *, double *, const double *, const double *, int, int, int, int, int, int, int, double, double)"
23117941394,23394,23117964788,9702,23117974490,2112,35208,121,121,1,cudaLaunchKernel,   1    1    1, 256    1    1,"<unnamed>::step_kernel_boundary_z_faces(const double *, const double *, double *, const double *, const double *, int, int, int, int, int, int, int, double, double)"
23117975728,5681,23117981409,9849,23117991258,2432,17962,121,121,1,cudaLaunchKernel,   1    2    2,  32    4    4,"<unnamed>::step_kernel_interior(const double *, const double *, double *, const double *, const double *, int, int, int, int, int, int, int, double, double)"
23117982251,4298,23117986549,9445,23117995994,2016,15759,121,121,1,cudaLaunchKernel,   1    1    1, 256    1    1,"<unnamed>::step_kernel_boundary_x_faces(const double *, const double *, double *, const double *, const double *, int, int, int, int, int, int, int, double, double)"
23117987160,3877,23117991037,11005,23118002042,1984,16866,121,121,1,cudaLaunchKernel,   1    1    1, 256    1    1,"<unnamed>::step_kernel_boundary_y_faces(const double *, const double *, double *, const double *, const double *, int, int, int, int, int, int, int, double, double)"
23117991588,4019,23117995607,9923,23118005530,1984,15926,121,121,1,cudaLaunchKernel,   1    1    1, 256    1    1,"<unnamed>::step_kernel_boundary_z_faces(const double *, const double *, double *, const double *, const double *, int, int, int, int, int, int, int, double, double)"
23219014297,234171,23219248468,218,23219248686,1888,236277,124,124,4,cudaLaunchKernel,   1    1    1,   1    1    1,<unnamed>::warmup_kernel(double *)
23219534317,31771,23219566088,5479,23219571567,6752,44002,124,124,4,cudaLaunchKernel, 977    1    1, 256    1    1,"<unnamed>::pack_face_x(const double *, double *, int, int, int, int, int)"
23219573742,29055,23219602797,7074,23219609871,7328,43457,124,124,4,cudaLaunchKernel, 977    1    1, 256    1    1,"<unnamed>::pack_face_y(const double *, double *, int, int, int, int, int)"
23219604380,20348,23219624728,5783,23219630511,27296,53427,124,124,4,cudaLaunchKernel, 977    1    1, 256    1    1,"<unnamed>::pack_face_z(const double *, double *, int, int, int, int, int)"
23254844831,114415,23254959246,715,23254959961,3520,118650,126,126,6,cudaLaunchKernel, 977    1    1, 256    1    1,"<unnamed>::unpack_face_x(const double *, double *, int, int, int, int, int)"
23254962803,29717,23254992520,5777,23254998297,3840,39334,126,126,6,cudaLaunchKernel, 977    1    1, 256    1    1,"<unnamed>::unpack_face_y(const double *, double *, int, int, int, int, int)"
23254995595,22272,23255017867,4526,23255022393,40320,67118,126,126,6,cudaLaunchKernel, 977    1    1, 256    1    1,"<unnamed>::unpack_face_z(const double *, double *, int, int, int, int, int)"
23255183129,26901,23255210030,4555,23255214585,2304,33760,126,126,6,cudaLaunchKernel,   1    2    2,  32    4    4,"<unnamed>::step_kernel_interior(const double *, const double *, double *, const double *, const double *, int, int, int, int, int, int, int, double, double)"
23255213366,22622,23255235988,5029,23255241017,2144,29795,126,126,6,cudaLaunchKernel,   1    1    1, 256    1    1,"<unnamed>::step_kernel_boundary_x_faces(const double *, const double *, double *, const double *, const double *, int, int, int, int, int, int, int, double, double)"
23255237962,20930,23255258892,5293,23255264185,1984,28207,126,126,6,cudaLaunchKernel,   1    1    1, 256    1    1,"<unnamed>::step_kernel_boundary_y_faces(const double *, const double *, double *, const double *, const double *, int, int, int, int, int, int, int, double, double)"
23255260706,21259,23255281965,5164,23255287129,2112,28535,126,126,6,cudaLaunchKernel,   1    1    1, 256    1    1,"<unnamed>::step_kernel_boundary_z_faces(const double *, const double *, double *, const double *, const double *, int, int, int, int, int, int, int, double, double)"
23255292706,5029,23255297735,5266,23255303001,2432,12727,126,126,6,cudaLaunchKernel,   1    2    2,  32    4    4,"<unnamed>::step_kernel_interior(const double *, const double *, double *, const double *, const double *, int, int, int, int, int, int, int, double, double)"
23255298496,4028,23255302524,5085,23255307609,1984,11097,126,126,6,cudaLaunchKernel,   1    1    1, 256    1    1,"<unnamed>::step_kernel_boundary_x_faces(const double *, const double *, double *, const double *, const double *, int, int, int, int, int, int, int, double, double)"
23255303105,3827,23255306932,6309,23255313241,2016,12152,126,126,6,cudaLaunchKernel,   1    1    1, 256    1    1,"<unnamed>::step_kernel_boundary_y_faces(const double *, const double *, double *, const double *, const double *, int, int, int, int, int, int, int, double, double)"
23255307423,3998,23255311421,5340,23255316761,2016,11354,126,126,6,cudaLaunchKernel,   1    1    1, 256    1    1,"<unnamed>::step_kernel_boundary_z_faces(const double *, const double *, double *, const double *, const double *, int, int, int, int, int, int, int, double, double)"
23256865733,65454,23256931187,6591,23256937778,3776,75821,120,120,0,cudaLaunchKernel, 977    1    1, 256    1    1,"<unnamed>::unpack_face_x(const double *, double *, int, int, int, int, int)"
23256933651,19477,23256953128,11211,23256964339,3904,34592,120,120,0,cudaLaunchKernel, 977    1    1, 256    1    1,"<unnamed>::unpack_face_y(const double *, double *, int, int, int, int, int)"
23256955262,22732,23256977994,9865,23256987859,40704,73301,120,120,0,cudaLaunchKernel, 977    1    1, 256    1    1,"<unnamed>::unpack_face_z(const double *, double *, int, int, int, int, int)"
23257126134,57549,23257183683,9104,23257192787,2304,68957,120,120,0,cudaLaunchKernel,   1    2    2,  32    4    4,"<unnamed>::step_kernel_interior(const double *, const double *, double *, const double *, const double *, int, int, int, int, int, int, int, double, double)"
23257163916,41558,23257205474,711,23257206185,3904,46173,125,125,5,cudaLaunchKernel, 977    1    1, 256    1    1,"<unnamed>::unpack_face_x(const double *, double *, int, int, int, int, int)"
23257172622,37190,23257209812,4324,23257214136,4512,46026,124,124,4,cudaLaunchKernel, 977    1    1, 256    1    1,"<unnamed>::unpack_face_x(const double *, double *, int, int, int, int, int)"
23257186709,21360,23257208069,9774,23257217843,1984,33118,120,120,0,cudaLaunchKernel,   1    1    1, 256    1    1,"<unnamed>::step_kernel_boundary_x_faces(const double *, const double *, double *, const double *, const double *, int, int, int, int, int, int, int, double, double)"
23257207538,17533,23257225071,3642,23257228713,4064,25239,125,125,5,cudaLaunchKernel, 977    1    1, 256    1    1,"<unnamed>::unpack_face_y(const double *, double *, int, int, int, int, int)"
23257209832,18084,23257227916,9543,23257237459,1984,29611,120,120,0,cudaLaunchKernel,   1    1    1, 256    1    1,"<unnamed>::step_kernel_boundary_y_faces(const double *, const double *, double *, const double *, const double *, int, int, int, int, int, int, int, double, double)"
23257212567,18194,23257230761,7279,23257238040,4672,30145,124,124,4,cudaLaunchKernel, 977    1    1, 256    1    1,"<unnamed>::unpack_face_y(const double *, double *, int, int, int, int, int)"
23257226624,18805,23257245429,2132,23257247561,40640,61577,125,125,5,cudaLaunchKernel, 977    1    1, 256    1    1,"<unnamed>::unpack_face_z(const double *, double *, int, int, int, int, int)"
23257229519,17713,23257247232,9779,23257257011,2112,29604,120,120,0,cudaLaunchKernel,   1    1    1, 256    1    1,"<unnamed>::step_kernel_boundary_z_faces(const double *, const double *, double *, const double *, const double *, int, int, int, int, int, int, int, double, double)"
23257232475,25899,23257258374,2450,23257260824,44096,72445,124,124,4,cudaLaunchKernel, 977    1    1, 256    1    1,"<unnamed>::unpack_face_z(const double *, double *, int, int, int, int, int)"
23257256070,4719,23257260789,9790,23257270579,2464,16973,120,120,0,cudaLaunchKernel,   1    2    2,  32    4    4,"<unnamed>::step_kernel_interior(const double *, const double *, double *, const double *, const double *, int, int, int, int, int, int, int, double, double)"
23257261510,3767,23257265277,9750,23257275027,2016,15533,120,120,0,cudaLaunchKernel,   1    1    1, 256    1    1,"<unnamed>::step_kernel_boundary_x_faces(const double *, const double *, double *, const double *, const double *, int, int, int, int, int, int, int, double, double)"
23257265868,4088,23257269956,11183,23257281139,1984,17255,120,120,0,cudaLaunchKernel,   1    1    1, 256    1    1,"<unnamed>::step_kernel_boundary_y_faces(const double *, const double *, double *, const double *, const double *, int, int, int, int, int, int, int, double, double)"
23257270507,3657,23257274164,10047,23257284211,1984,15688,120,120,0,cudaLaunchKernel,   1    1    1, 256    1    1,"<unnamed>::step_kernel_boundary_z_faces(const double *, const double *, double *, const double *, const double *, int, int, int, int, int, int, int, double, double)"
23257413837,23845,23257437682,1624,23257439306,2336,27805,125,125,5,cudaLaunchKernel,   1    2    2,  32    4    4,"<unnamed>::step_kernel_interior(const double *, const double *, double *, const double *, const double *, int, int, int, int, int, int, int, double, double)"
23257429095,26782,23257455877,6804,23257462681,2784,36370,124,124,4,cudaLaunchKernel,   1    2    2,  32    4    4,"<unnamed>::step_kernel_interior(const double *, const double *, double *, const double *, const double *, int, int, int, int, int, int, int, double, double)"
23257439516,16821,23257456337,2457,23257458794,2304,21582,125,125,5,cudaLaunchKernel,   1    1    1, 256    1    1,"<unnamed>::step_kernel_boundary_x_faces(const double *, const double *, double *, const double *, const double *, int, int, int, int, int, int, int, double, double)"
23257457800,18565,23257476365,2205,23257478570,1984,22754,125,125,5,cudaLaunchKernel,   1    1    1, 256    1    1,"<unnamed>::step_kernel_boundary_y_faces(const double *, const double *, double *, const double *, const double *, int, int, int, int, int, int, int, double, double)"
23257458021,19636,23257477657,6304,23257483961,2752,28692,124,124,4,cudaLaunchKernel,   1    1    1, 256    1    1,"<unnamed>::step_kernel_boundary_x_faces(const double *, const double *, double *, const double *, const double *, int, int, int, int, int, int, int, double, double)"
23257477918,17813,23257495731,2295,23257498026,2112,22220,125,125,5,cudaLaunchKernel,   1    1    1, 256    1    1,"<unnamed>::step_kernel_boundary_z_faces(const double *, const double *, double *, const double *, const double *, int, int, int, int, int, int, int, double, double)"
23257479200,19026,23257498226,6119,23257504345,2464,27609,124,124,4,cudaLaunchKernel,   1    1    1, 256    1    1,"<unnamed>::step_kernel_boundary_y_faces(const double *, const double *, double *, const double *, const double *, int, int, int, int, int, int, int, double, double)"
23257499719,17943,23257517662,6107,23257523769,2592,26642,124,124,4,cudaLaunchKernel,   1    1    1, 256    1    1,"<unnamed>::step_kernel_boundary_z_faces(const double *, const double *, double *, const double *, const double *, int, int, int, int, int, int, int, double, double)"
23257505960,5050,23257511010,2152,23257513162,2464,9666,125,125,5,cudaLaunchKernel,   1    2    2,  32    4    4,"<unnamed>::step_kernel_interior(const double *, const double *, double *, const double *, const double *, int, int, int, int, int, int, int, double, double)"
23257512032,3767,23257515799,2131,23257517930,2016,7914,125,125,5,cudaLaunchKernel,   1    1    1, 256    1    1,"<unnamed>::step_kernel_boundary_x_faces(const double *, const double *, double *, const double *, const double *, int, int, int, int, int, int, int, double, double)"
23257516350,7514,23257523864,1842,23257525706,2016,11372,125,125,5,cudaLaunchKernel,   1    1    1, 256    1    1,"<unnamed>::step_kernel_boundary_y_faces(const double *, const double *, double *, const double *, const double *, int, int, int, int, int, int, int, double, double)"
23257524555,4309,23257528864,2378,23257531242,1984,8671,125,125,5,cudaLaunchKernel,   1    1    1, 256    1    1,"<unnamed>::step_kernel_boundary_z_faces(const double *, const double *, double *, const double *, const double *, int, int, int, int, int, int, int, double, double)"
23257528293,6352,23257534645,5732,23257540377,2976,15060,124,124,4,cudaLaunchKernel,   1    2    2,  32    4    4,"<unnamed>::step_kernel_interior(const double *, const double *, double *, const double *, const double *, int, int, int, int, int, int, int, double, double)"
23257535577,7254,23257542831,5546,23257548377,2464,15264,124,124,4,cudaLaunchKernel,   1    1    1, 256    1    1,"<unnamed>::step_kernel_boundary_x_faces(const double *, const double *, double *, const double *, const double *, int, int, int, int, int, int, int, double, double)"
23257543392,3967,23257547359,6970,23257554329,2432,13369,124,124,4,cudaLaunchKernel,   1    1    1, 256    1    1,"<unnamed>::step_kernel_boundary_y_faces(const double *, const double *, double *, const double *, const double *, int, int, int, int, int, int, int, double, double)"
23257548050,5250,23257553300,5989,23257559289,2464,13703,124,124,4,cudaLaunchKernel,   1    1    1, 256    1    1,"<unnamed>::step_kernel_boundary_z_faces(const double *, const double *, double *, const double *, const double *, int, int, int, int, int, int, int, double, double)"
23258105802,16071,23258121873,8312,23258130185,5696,30079,121,121,1,cudaLaunchKernel, 977    1    1, 256    1    1,"<unnamed>::pack_face_x(const double *, double *, int, int, int, int, int)"
23258111714,18053,23258129767,23312,23258153079,5568,46933,123,123,3,cudaLaunchKernel, 977    1    1, 256    1    1,"<unnamed>::pack_face_x(const double *, double *, int, int, int, int, int)"
23258118526,13997,23258132523,8233,23258140756,5632,27862,120,120,0,cudaLaunchKernel, 977    1    1, 256    1    1,"<unnamed>::pack_face_x(const double *, double *, int, int, int, int, int)"
23258120530,14678,23258135208,4562,23258139770,6240,25480,124,124,4,cudaLaunchKernel, 977    1    1, 256    1    1,"<unnamed>::pack_face_x(const double *, double *, int, int, int, int, int)"
23258123075,43392,23258166467,24938,23258191405,5440,73770,122,122,2,cudaLaunchKernel, 977    1    1, 256    1    1,"<unnamed>::pack_face_x(const double *, double *, int, int, int, int, int)"
23258123155,5851,23258129006,11547,23258140553,5344,22742,121,121,1,cudaLaunchKernel, 977    1    1, 256    1    1,"<unnamed>::pack_face_y(const double *, double *, int, int, int, int, int)"
23258129818,5229,23258135047,11938,23258146985,31169,48336,121,121,1,cudaLaunchKernel, 977    1    1, 256    1    1,"<unnamed>::pack_face_z(const double *, double *, int, int, int, int, int)"
23258130829,5651,23258136480,27255,23258163735,5408,38314,123,123,3,cudaLaunchKernel, 977    1    1, 256    1    1,"<unnamed>::pack_face_y(const double *, double *, int, int, int, int, int)"
23258133344,5030,23258138374,10990,23258149364,5120,21140,120,120,0,cudaLaunchKernel, 977    1    1, 256    1    1,"<unnamed>::pack_face_y(const double *, double *, int, int, int, int, int)"
23258136109,5400,23258141509,20901,23258162410,3358772,3385073,121,121,1,cudaLaunchKernel,  16  125  125,  32    4    4,"<unnamed>::step_kernel_interior(const double *, const double *, double *, const double *, const double *, int, int, int, int, int, int, int, double, double)"
23258136620,5400,23258142020,7062,23258149082,5600,18062,124,124,4,cudaLaunchKernel, 977    1    1, 256    1    1,"<unnamed>::pack_face_y(const double *, double *, int, int, int, int, int)"
23258137221,4379,23258141600,28535,23258170135,30881,63795,123,123,3,cudaLaunchKernel, 977    1    1, 256    1    1,"<unnamed>::pack_face_z(const double *, double *, int, int, int, int, int)"
23258139045,4448,23258143493,12015,23258155508,31072,47535,120,120,0,cudaLaunchKernel, 977    1    1, 256    1    1,"<unnamed>::pack_face_z(const double *, double *, int, int, int, int, int)"
23258142652,4498,23258147150,8652,23258155802,30464,43614,124,124,4,cudaLaunchKernel, 977    1    1, 256    1    1,"<unnamed>::pack_face_z(const double *, double *, int, int, int, int, int)"
23258142792,5160,23258147952,37703,23258185655,3346669,3389532,123,123,3,cudaLaunchKernel,  16  125  125,  32    4    4,"<unnamed>::step_kernel_interior(const double *, const double *, double *, const double *, const double *, int, int, int, int, int, int, int, double, double)"
23258144575,4348,23258148923,23545,23258172468,3358308,3386201,120,120,0,cudaLaunchKernel,  16  125  125,  32    4    4,"<unnamed>::step_kernel_interior(const double *, const double *, double *, const double *, const double *, int, int, int, int, int, int, int, double, double)"
23258148312,4108,23258152420,19350,23258171770,3362151,3385609,124,124,4,cudaLaunchKernel,  16  125  125,  32    4    4,"<unnamed>::step_kernel_interior(const double *, const double *, double *, const double *, const double *, int, int, int, int, int, int, int, double, double)"
23258167740,5650,23258173390,29663,23258203053,5248,40561,122,122,2,cudaLaunchKernel, 977    1    1, 256    1    1,"<unnamed>::pack_face_y(const double *, double *, int, int, int, int, int)"
23258173120,15900,23258189020,38,23258189058,5344,21282,130,130,7,cudaLaunchKernel, 977    1    1, 256    1    1,"<unnamed>::pack_face_x(const double *, double *, int, int, int, int, int)"
23258174051,3898,23258177949,31408,23258209357,30112,65418,122,122,2,cudaLaunchKernel, 977    1    1, 256    1    1,"<unnamed>::pack_face_z(const double *, double *, int, int, int, int, int)"
23258179221,4308,23258183529,40644,23258224173,3350770,3395722,122,122,2,cudaLaunchKernel,  16  125  125,  32    4    4,"<unnamed>::step_kernel_interior(const double *, const double *, double *, const double *, const double *, int, int, int, int, int, int, int, double, double)"
23258189871,5040,23258194911,3203,23258198114,5280,13523,130,130,7,cudaLaunchKernel, 977    1    1, 256    1    1,"<unnamed>::pack_face_y(const double *, double *, int, int, int, int, int)"
23258193217,16451,23258209668,3058,23258212726,6112,25621,126,126,6,cudaLaunchKernel, 977    1    1, 256    1    1,"<unnamed>::pack_face_x(const double *, double *, int, int, int, int, int)"
23258195532,3727,23258199259,5415,23258204674,30784,39926,130,130,7,cudaLaunchKernel, 977    1    1, 256    1    1,"<unnamed>::pack_face_z(const double *, double *, int, int, int, int, int)"
23258200451,4188,23258204639,15171,23258219810,3345913,3365272,130,130,7,cudaLaunchKernel,  16  125  125,  32    4    4,"<unnamed>::step_kernel_interior(const double *, const double *, double *, const double *, const double *, int, int, int, int, int, int, int, double, double)"
23258210650,6683,23258217333,6017,23258223350,5152,17852,126,126,6,cudaLaunchKernel, 977    1    1, 256    1    1,"<unnamed>::pack_face_y(const double *, double *, int, int, int, int, int)"
23258218134,5230,23258223364,6162,23258229526,30240,41632,126,126,6,cudaLaunchKernel, 977    1    1, 256    1    1,"<unnamed>::pack_face_z(const double *, double *, int, int, int, int, int)"
23258225408,4388,23258229796,15058,23258244854,3353148,3372594,126,126,6,cudaLaunchKernel,  16  125  125,  32    4    4,"<unnamed>::step_kernel_interior(const double *, const double *, double *, const double *, const double *, int, int, int, int, int, int, int, double, double)"
23258227732,14357,23258242089,453,23258242542,5888,20698,125,125,5,cudaLaunchKernel, 977    1    1, 256    1    1,"<unnamed>::pack_face_x(const double *, double *, int, int, int, int, int)"
23258242991,4930,23258247921,3389,23258251310,5216,13535,125,125,5,cudaLaunchKernel, 977    1    1, 256    1    1,"<unnamed>::pack_face_y(const double *, double *, int, int, int, int, int)"
23258248532,4038,23258252570,5172,23258257742,29920,39130,125,125,5,cudaLaunchKernel, 977    1    1, 256    1    1,"<unnamed>::pack_face_z(const double *, double *, int, int, int, int, int)"
23258253612,4137,23258257749,16537,23258274286,3358542,3379216,125,125,5,cudaLaunchKernel,  16  125  125,  32    4    4,"<unnamed>::step_kernel_interior(const double *, const double *, double *, const double *, const double *, int, int, int, int, int, int, int, double, double)"
23258403544,9728,23258413272,3102182,23261515454,6144,3118054,121,121,1,cudaLaunchKernel, 977    1    1, 256    1    1,"<unnamed>::unpack_face_x(const double *, double *, int, int, int, int, int)"
23258410086,10089,23258420175,3149711,23261569886,5281,3165081,122,122,2,cudaLaunchKernel, 977    1    1, 256    1    1,"<unnamed>::unpack_face_x(const double *, double *, int, int, int, int, int)"
23258414054,4228,23258418282,3104372,23261522654,4832,3113432,121,121,1,cudaLaunchKernel, 977    1    1, 256    1    1,"<unnamed>::unpack_face_y(const double *, double *, int, int, int, int, int)"
23258419013,3907,23258422920,3105590,23261528510,35872,3145369,121,121,1,cudaLaunchKernel, 977    1    1, 256    1    1,"<unnamed>::unpack_face_z(const double *, double *, int, int, int, int, int)"
23258420937,4217,23258425154,3151517,23261576671,4608,3160342,122,122,2,cudaLaunchKernel, 977    1    1, 256    1    1,"<unnamed>::unpack_face_y(const double *, double *, int, int, int, int, int)"
23258423952,3807,23258427759,3137551,23261565310,25664,3167022,121,121,1,cudaLaunchKernel,1954    1    1, 256    1    1,"<unnamed>::step_kernel_boundary_x_faces(const double *, const double *, double *, const double *, const double *, int, int, int, int, int, int, int, double, double)"
23258425796,3868,23258429664,3152863,23261582527,35872,3192603,122,122,2,cudaLaunchKernel, 977    1    1, 256    1    1,"<unnamed>::unpack_face_z(const double *, double *, int, int, int, int, int)"
23258426307,11903,23258438210,3087842,23261526052,6656,3106401,123,123,3,cudaLaunchKernel, 977    1    1, 256    1    1,"<unnamed>::unpack_face_x(const double *, double *, int, int, int, int, int)"
23258428351,3627,23258431978,3159956,23261591934,22656,3186239,121,121,1,cudaLaunchKernel,1946    1    1, 256    1    1,"<unnamed>::step_kernel_boundary_y_faces(const double *, const double *, double *, const double *, const double *, int, int, int, int, int, int, int, double, double)"
23258430686,3647,23258434333,3185186,23261619519,25633,3214466,122,122,2,cudaLaunchKernel,1954    1    1, 256    1    1,"<unnamed>::step_kernel_boundary_x_faces(const double *, const double *, double *, const double *, const double *, int, int, int, int, int, int, int, double, double)"
23258432579,3617,23258436196,3179322,23261615518,247202,3430141,121,121,1,cudaLaunchKernel,1938    1    1, 256    1    1,"<unnamed>::step_kernel_boundary_z_faces(const double *, const double *, double *, const double *, const double *, int, int, int, int, int, int, int, double, double)"
23258434313,8165,23258442478,3119085,23261561563,5440,3132690,130,130,7,cudaLaunchKernel, 977    1    1, 256    1    1,"<unnamed>::unpack_face_x(const double *, double *, int, int, int, int, int)"
23258435014,3947,23258438961,3207439,23261646400,22784,3234170,122,122,2,cudaLaunchKernel,1946    1    1, 256    1    1,"<unnamed>::step_kernel_boundary_y_faces(const double *, const double *, double *, const double *, const double *, int, int, int, int, int, int, int, double, double)"
23258438931,6442,23258445373,3088295,23261533668,4544,3099281,123,123,3,cudaLaunchKernel, 977    1    1, 256    1    1,"<unnamed>::unpack_face_y(const double *, double *, int, int, int, int, int)"
23258439643,3727,23258443370,3226902,23261670272,244996,3475625,122,122,2,cudaLaunchKernel,1938    1    1, 256    1    1,"<unnamed>::step_kernel_boundary_z_faces(const double *, const double *, double *, const double *, const double *, int, int, int, int, int, int, int, double, double)"
23258443199,4208,23258447407,3120748,23261568155,4960,3129916,130,130,7,cudaLaunchKernel, 977    1    1, 256    1    1,"<unnamed>::unpack_face_y(const double *, double *, int, int, int, int, int)"
23258445864,4098,23258449962,3413686,23261863648,4480,3422264,121,121,1,cudaLaunchKernel, 977    1    1, 256    1    1,"<unnamed>::pack_face_x(const double *, double *, int, int, int, int, int)"
23258445994,4840,23258450834,3088690,23261539524,35969,3129499,123,123,3,cudaLaunchKernel, 977    1    1, 256    1    1,"<unnamed>::unpack_face_z(const double *, double *, int, int, int, int, int)"
23258448018,3948,23258451966,3122173,23261574139,36128,3162249,130,130,7,cudaLaunchKernel, 977    1    1, 256    1    1,"<unnamed>::unpack_face_z(const double *, double *, int, int, int, int, int)"
23258450553,3717,23258454270,6790934,23265245204,5760,6800411,121,121,1,cudaLaunchKernel, 977    1    1, 256    1    1,"<unnamed>::pack_face_y(const double *, double *, int, int, int, int, int)"
23258452036,3927,23258455963,3120490,23261576453,24896,3149313,123,123,3,cudaLaunchKernel,1954    1    1, 256    1    1,"<unnamed>::step_kernel_boundary_x_faces(const double *, const double *, double *, const double *, const double *, int, int, int, int, int, int, int, double, double)"
23258452296,4058,23258456354,3459906,23261916260,4512,3468476,122,122,2,cudaLaunchKernel, 977    1    1, 256    1    1,"<unnamed>::pack_face_x(const double *, double *, int, int, int, int, int)"
23258452917,3547,23258456464,3154859,23261611323,25280,3183686,130,130,7,cudaLaunchKernel,1954    1    1, 256    1    1,"<unnamed>::step_kernel_boundary_x_faces(const double *, const double *, double *, const double *, const double *, int, int, int, int, int, int, int, double, double)"
23258454931,3677,23258458608,6793348,23265251956,23873,6820898,121,121,1,cudaLaunchKernel, 977    1    1, 256    1    1,"<unnamed>::pack_face_z(const double *, double *, int, int, int, int, int)"
23258456564,3817,23258460381,3141960,23261602341,21792,3167569,123,123,3,cudaLaunchKernel,1946    1    1, 256    1    1,"<unnamed>::step_kernel_boundary_y_faces(const double *, const double *, double *, const double *, const double *, int, int, int, int, int, int, int, double, double)"
23258456965,3396,23258460361,6824972,23265285333,5664,6834032,122,122,2,cudaLaunchKernel, 977    1    1, 256    1    1,"<unnamed>::pack_face_y(const double *, double *, int, int, int, int, int)"
23258457045,3657,23258460702,3177053,23261637755,22367,3203077,130,130,7,cudaLaunchKernel,1946    1    1, 256    1    1,"<unnamed>::step_kernel_boundary_y_faces(const double *, const double *, double *, const double *, const double *, int, int, int, int, int, int, int, double, double)"
23258459450,4378,23258463828,3402572,23261866400,3383060,6790010,121,121,1,cudaLaunchKernel,  16  125  125,  32    4    4,"<unnamed>::step_kernel_interior(const double *, const double *, double *, const double *, const double *, int, int, int, int, int, int, int, double, double)"
23258460922,3517,23258464439,6827774,23265292213,23489,6854780,122,122,2,cudaLaunchKernel, 977    1    1, 256    1    1,"<unnamed>::pack_face_z(const double *, double *, int, int, int, int, int)"
23258461043,4568,23258465611,3159546,23261625157,245476,3409590,123,123,3,cudaLaunchKernel,1938    1    1, 256    1    1,"<unnamed>::step_kernel_boundary_z_faces(const double *, const double *, double *, const double *, const double *, int, int, int, int, int, int, int, double, double)"
23258461303,4248,23258465551,3195595,23261661146,246336,3446179,130,130,7,cudaLaunchKernel,1938    1    1, 256    1    1,"<unnamed>::step_kernel_boundary_z_faces(const double *, const double *, double *, const double *, const double *, int, int, int, int, int, int, int, double, double)"
23258465301,4057,23258469358,3449686,23261919044,3370065,6823808,122,122,2,cudaLaunchKernel,  16  125  125,  32    4    4,"<unnamed>::step_kernel_interior(const double *, const double *, double *, const double *, const double *, int, int, int, int, int, int, int, double, double)"
23258473727,3927,23258477654,3430820,23261908474,4480,3439227,130,130,7,cudaLaunchKernel, 977    1    1, 256    1    1,"<unnamed>::pack_face_x(const double *, double *, int, int, int, int, int)"
23258474819,4248,23258479067,6763163,23265242230,4672,6772083,123,123,3,cudaLaunchKernel, 977    1    1, 256    1    1,"<unnamed>::pack_face_x(const double *, double *, int, int, int, int, int)"
23258478225,3236,23258481461,6809149,23265290610,5760,6818145,130,130,7,cudaLaunchKernel, 977    1    1, 256    1    1,"<unnamed>::pack_face_y(const double *, double *, int, int, int, int, int)"
23258479728,3536,23258483264,6764598,23265247862,4800,6772934,123,123,3,cudaLaunchKernel, 977    1    1, 256    1    1,"<unnamed>::pack_face_y(const double *, double *, int, int, int, int, int)"
23258482102,3266,23258485368,6812154,23265297522,24000,6839420,130,130,7,cudaLaunchKernel, 977    1    1, 256    1    1,"<unnamed>::pack_face_z(const double *, double *, int, int, int, int, int)"
23258483876,3576,23258487452,6766298,23265253750,23680,6793554,123,123,3,cudaLaunchKernel, 977    1    1, 256    1    1,"<unnamed>::pack_face_z(const double *, double *, int, int, int, int, int)"
23258486160,35317,23258521477,3389781,23261911258,3384920,6810018,130,130,7,cudaLaunchKernel,  16  125  125,  32    4    4,"<unnamed>::step_kernel_interior(const double *, const double *, double *, const double *, const double *, int, int, int, int, int, int, int, double, double)"
23258488304,4258,23258492562,3379031,23261871593,3374605,6757894,123,123,3,cudaLaunchKernel,  16  125  125,  32    4    4,"<unnamed>::step_kernel_interior(const double *, const double *, double *, const double *, const double *, int, int, int, int, int, int, int, double, double)"
23265397488,10209,23265407697,25736,23265433433,3776,39721,123,123,3,cudaLaunchKernel, 977    1    1, 256    1    1,"<unnamed>::unpack_face_x(const double *, double *, int, int, int, int, int)"
23265408348,4078,23265412426,27727,23265440153,3648,35453,123,123,3,cudaLaunchKernel, 977    1    1, 256    1    1,"<unnamed>::unpack_face_y(const double *, double *, int, int, int, int, int)"
23265412987,3887,23265416874,27887,23265444761,37472,69246,123,123,3,cudaLaunchKernel, 977    1    1, 256    1    1,"<unnamed>::unpack_face_z(const double *, double *, int, int, int, int, int)"
23265417766,5079,23265422845,60444,23265483289,25217,90740,123,123,3,cudaLaunchKernel,1954    1    1, 256    1    1,"<unnamed>::step_kernel_boundary_x_faces(const double *, const double *, double *, const double *, const double *, int, int, int, int, int, int, int, double, double)"
23265423376,3829,23265427205,82389,23265509594,21280,107498,123,123,3,cudaLaunchKernel,1946    1    1, 256    1    1,"<unnamed>::step_kernel_boundary_y_faces(const double *, const double *, double *, const double *, const double *, int, int, int, int, int, int, int, double, double)"
23265427816,3546,23265431362,100472,23265531834,248131,352149,123,123,3,cudaLaunchKernel,1938    1    1, 256    1    1,"<unnamed>::step_kernel_boundary_z_faces(const double *, const double *, double *, const double *, const double *, int, int, int, int, int, int, int, double, double)"
23265439387,3788,23265443175,3691459,23269134634,6176,3701423,123,123,3,cudaLaunchKernel, 977    1    1, 256    1    1,"<unnamed>::pack_face_x(const double *, double *, int, int, int, int, int)"
23265443786,3647,23265447433,3694465,23269141898,4736,3702848,123,123,3,cudaLaunchKernel, 977    1    1, 256    1    1,"<unnamed>::pack_face_y(const double *, double *, int, int, int, int, int)"
23265447964,3827,23265451791,3695899,23269147690,23521,3723247,123,123,3,cudaLaunchKernel, 977    1    1, 256    1    1,"<unnamed>::pack_face_z(const double *, double *, int, int, int, int, int)"
23265452542,3917,23265456459,324530,23265780989,3359437,3687884,123,123,3,cudaLaunchKernel,  16  125  125,  32    4    4,"<unnamed>::step_kernel_interior(const double *, const double *, double *, const double *, const double *, int, int, int, int, int, int, int, double, double)"
23279901370,12693,23279914063,9470,23279923533,3776,25939,120,120,0,cudaLaunchKernel, 977    1    1, 256    1    1,"<unnamed>::unpack_face_x(const double *, double *, int, int, int, int, int)"
23279906880,12794,23279919674,4133,23279923807,4416,21343,126,126,6,cudaLaunchKernel, 977    1    1, 256    1    1,"<unnamed>::unpack_face_x(const double *, double *, int, int, int, int, int)"
23279909274,12253,23279921527,1237,23279922764,4577,18067,125,125,5,cudaLaunchKernel, 977    1    1, 256    1    1,"<unnamed>::unpack_face_x(const double *, double *, int, int, int, int, int)"
23279914594,15670,23279930264,4205,23279934469,4576,24451,124,124,4,cudaLaunchKernel, 977    1    1, 256    1    1,"<unnamed>::unpack_face_x(const double *, double *, int, int, int, int, int)"
23279914905,4308,23279919213,11328,23279930541,4448,20084,120,120,0,cudaLaunchKernel, 977    1    1, 256    1    1,"<unnamed>::unpack_face_y(const double *, double *, int, int, int, int, int)"
23279919834,3687,23279923521,13004,23279936525,36833,53524,120,120,0,cudaLaunchKernel, 977    1    1, 256    1    1,"<unnamed>::unpack_face_z(const double *, double *, int, int, int, int, int)"
23279920415,4990,23279925405,6498,23279931903,3808,15296,126,126,6,cudaLaunchKernel, 977    1    1, 256    1    1,"<unnamed>::unpack_face_y(const double *, double *, int, int, int, int, int)"
23279922299,4769,23279927068,3089,23279930157,4384,12242,125,125,5,cudaLaunchKernel, 977    1    1, 256    1    1,"<unnamed>::unpack_face_y(const double *, double *, int, int, int, int, int)"
23279924653,4058,23279928711,45767,23279974478,23424,73249,120,120,0,cudaLaunchKernel,1954    1    1, 256    1    1,"<unnamed>::step_kernel_boundary_x_faces(const double *, const double *, double *, const double *, const double *, int, int, int, int, int, int, int, double, double)"
23279926066,4308,23279930374,6425,23279936799,37216,47949,126,126,6,cudaLaunchKernel, 977    1    1, 256    1    1,"<unnamed>::unpack_face_z(const double *, double *, int, int, int, int, int)"
23279927849,3817,23279931666,3899,23279935565,36608,44324,125,125,5,cudaLaunchKernel, 977    1    1, 256    1    1,"<unnamed>::unpack_face_z(const double *, double *, int, int, int, int, int)"
23279929292,3917,23279933209,65685,23279998894,21216,90818,120,120,0,cudaLaunchKernel,1946    1    1, 256    1    1,"<unnamed>::step_kernel_boundary_y_faces(const double *, const double *, double *, const double *, const double *, int, int, int, int, int, int, int, double, double)"
23279931376,5210,23279936586,7131,23279943717,4800,17141,124,124,4,cudaLaunchKernel, 977    1    1, 256    1    1,"<unnamed>::unpack_face_y(const double *, double *, int, int, int, int, int)"
23279932568,4218,23279936786,38316,23279975102,22912,65446,126,126,6,cudaLaunchKernel,1954    1    1, 256    1    1,"<unnamed>::step_kernel_boundary_x_faces(const double *, const double *, double *, const double *, const double *, int, int, int, int, int, int, int, double, double)"
23279932819,3977,23279936796,36465,23279973261,23808,64250,125,125,5,cudaLaunchKernel,1954    1    1, 256    1    1,"<unnamed>::step_kernel_boundary_x_faces(const double *, const double *, double *, const double *, const double *, int, int, int, int, int, int, int, double, double)"
23279933740,3797,23279937537,83629,23280021166,246080,333506,120,120,0,cudaLaunchKernel,1938    1    1, 256    1    1,"<unnamed>::step_kernel_boundary_z_faces(const double *, const double *, double *, const double *, const double *, int, int, int, int, int, int, int, double, double)"
23279937347,4759,23279942106,7627,23279949733,41888,54274,124,124,4,cudaLaunchKernel, 977    1    1, 256    1    1,"<unnamed>::unpack_face_z(const double *, double *, int, int, int, int, int)"
23279937457,3958,23279941415,56966,23279998381,21280,82204,125,125,5,cudaLaunchKernel,1946    1    1, 256    1    1,"<unnamed>::step_kernel_boundary_y_faces(const double *, const double *, double *, const double *, const double *, int, int, int, int, int, int, int, double, double)"
23279937497,3717,23279941214,57792,23279999006,20992,82501,126,126,6,cudaLaunchKernel,1946    1    1, 256    1    1,"<unnamed>::step_kernel_boundary_y_faces(const double *, const double *, double *, const double *, const double *, int, int, int, int, int, int, int, double, double)"
23279941765,3838,23279945603,75419,23280021022,246912,326169,126,126,6,cudaLaunchKernel,1938    1    1, 256    1    1,"<unnamed>::step_kernel_boundary_z_faces(const double *, const double *, double *, const double *, const double *, int, int, int, int, int, int, int, double, double)"
23279942286,3848,23279946134,74711,23280020845,248257,326816,125,125,5,cudaLaunchKernel,1938    1    1, 256    1    1,"<unnamed>::step_kernel_boundary_z_faces(const double *, const double *, double *, const double *, const double *, int, int, int, int, int, int, int, double, double)"
23279943308,4128,23279947436,45369,23279992805,24384,73881,124,124,4,cudaLaunchKernel,1954    1    1, 256    1    1,"<unnamed>::step_kernel_boundary_x_faces(const double *, const double *, double *, const double *, const double *, int, int, int, int, int, int, int, double, double)"
23279947977,3998,23279951975,66590,23280018565,22336,92924,124,124,4,cudaLaunchKernel,1946    1    1, 256    1    1,"<unnamed>::step_kernel_boundary_y_faces(const double *, const double *, double *, const double *, const double *, int, int, int, int, int, int, int, double, double)"
23279952586,4037,23279956623,85462,23280042085,244128,333627,124,124,4,cudaLaunchKernel,1938    1    1, 256    1    1,"<unnamed>::step_kernel_boundary_z_faces(const double *, const double *, double *, const double *, const double *, int, int, int, int, int, int, int, double, double)"
23279967585,5961,23279973546,314011,23280287557,5472,325444,124,124,4,cudaLaunchKernel, 977    1    1, 256    1    1,"<unnamed>::pack_face_x(const double *, double *, int, int, int, int, int)"
23279974157,4819,23279978976,3660140,23283639116,5856,3670815,124,124,4,cudaLaunchKernel, 977    1    1, 256    1    1,"<unnamed>::pack_face_y(const double *, double *, int, int, int, int, int)"
23279974468,5500,23279979968,288206,23280268174,4928,298634,120,120,0,cudaLaunchKernel, 977    1    1, 256    1    1,"<unnamed>::pack_face_x(const double *, double *, int, int, int, int, int)"
23279979617,4819,23279984436,3661816,23283646252,23840,3690475,124,124,4,cudaLaunchKernel, 977    1    1, 256    1    1,"<unnamed>::pack_face_z(const double *, double *, int, int, int, int, int)"
23279980589,3777,23279984366,3626724,23283611090,7616,3638117,120,120,0,cudaLaunchKernel, 977    1    1, 256    1    1,"<unnamed>::pack_face_y(const double *, double *, int, int, int, int, int)"
23279982242,5501,23279987743,3620638,23283608381,5152,3631291,125,125,5,cudaLaunchKernel, 977    1    1, 256    1    1,"<unnamed>::pack_face_x(const double *, double *, int, int, int, int, int)"
23279982633,5621,23279988254,280672,23280268926,4512,290805,126,126,6,cudaLaunchKernel, 977    1    1, 256    1    1,"<unnamed>::pack_face_x(const double *, double *, int, int, int, int, int)"
23279984997,4048,23279989045,3630749,23283619794,23552,3658349,120,120,0,cudaLaunchKernel, 977    1    1, 256    1    1,"<unnamed>::pack_face_z(const double *, double *, int, int, int, int, int)"
23279985859,4979,23279990838,300047,23280290885,3352679,3657705,124,124,4,cudaLaunchKernel,  16  125  125,  32    4    4,"<unnamed>::step_kernel_interior(const double *, const double *, double *, const double *, const double *, int, int, int, int, int, int, int, double, double)"
23279988474,3887,23279992361,3622324,23283614685,4800,3631011,125,125,5,cudaLaunchKernel, 977    1    1, 256    1    1,"<unnamed>::pack_face_y(const double *, double *, int, int, int, int, int)"
23279988845,3897,23279992742,3616693,23283609435,5792,3626382,126,126,6,cudaLaunchKernel, 977    1    1, 256    1    1,"<unnamed>::pack_face_y(const double *, double *, int, int, int, int, int)"
23279990007,4759,23279994766,276224,23280270990,3347236,3628219,120,120,0,cudaLaunchKernel,  16  125  125,  32    4    4,"<unnamed>::step_kernel_interior(const double *, const double *, double *, const double *, const double *, int, int, int, int, int, int, int, double, double)"
23279992922,3998,23279996920,3623845,23283620765,23648,3651491,125,125,5,cudaLaunchKernel, 977    1    1, 256    1    1,"<unnamed>::pack_face_z(const double *, double *, int, int, int, int, int)"
23279993293,3597,23279996890,3619361,23283616251,23744,3646702,126,126,6,cudaLaunchKernel, 977    1    1, 256    1    1,"<unnamed>::pack_face_z(const double *, double *, int, int, int, int, int)"
23279997741,5030,23280002771,267355,23280270126,3342319,3614704,125,125,5,cudaLaunchKernel,  16  125  125,  32    4    4,"<unnamed>::step_kernel_interior(const double *, const double *, double *, const double *, const double *, int, int, int, int, int, int, int, double, double)"
23279997872,4869,23280002741,268905,23280271646,3341885,3615659,126,126,6,cudaLaunchKernel,  16  125  125,  32    4    4,"<unnamed>::step_kernel_interior(const double *, const double *, double *, const double *, const double *, int, int, int, int, int, int, int, double, double)"
23283764377,11703,23283776080,1016,23283777096,3712,16431,130,130,7,cudaLaunchKernel, 977    1    1, 256    1    1,"<unnamed>::unpack_face_x(const double *, double *, int, int, int, int, int)"
23283776881,4218,23283781099,3197,23283784296,3712,11127,130,130,7,cudaLaunchKernel, 977    1    1, 256    1    1,"<unnamed>::unpack_face_y(const double *, double *, int, int, int, int, int)"
23283781700,3587,23283785287,3969,23283789256,37152,44708,130,130,7,cudaLaunchKernel, 977    1    1, 256    1    1,"<unnamed>::unpack_face_z(const double *, double *, int, int, int, int, int)"
23283786299,3867,23283790166,37362,23283827528,24608,65837,130,130,7,cudaLaunchKernel,1954    1    1, 256    1    1,"<unnamed>::step_kernel_boundary_x_faces(const double *, const double *, double *, const double *, const double *, int, int, int, int, int, int, int, double, double)"
23283787130,11852,23283798982,9759,23283808741,3776,25387,121,121,1,cudaLaunchKernel, 977    1    1, 256    1    1,"<unnamed>::unpack_face_x(const double *, double *, int, int, int, int, int)"
23283790737,3577,23283794314,59998,23283854312,22048,85623,130,130,7,cudaLaunchKernel,1946    1    1, 256    1    1,"<unnamed>::step_kernel_boundary_y_faces(const double *, const double *, double *, const double *, const double *, int, int, int, int, int, int, int, double, double)"
23283794925,3316,23283798241,79239,23283877480,247743,330298,130,130,7,cudaLaunchKernel,1938    1    1, 256    1    1,"<unnamed>::step_kernel_boundary_z_faces(const double *, const double *, double *, const double *, const double *, int, int, int, int, int, int, int, double, double)"
23283799814,4348,23283804162,11971,23283816133,3776,20095,121,121,1,cudaLaunchKernel, 977    1    1, 256    1    1,"<unnamed>::unpack_face_y(const double *, double *, int, int, int, int, int)"
23283800535,11813,23283812348,27371,23283839719,3680,42864,122,122,2,cudaLaunchKernel, 977    1    1, 256    1    1,"<unnamed>::unpack_face_x(const double *, double *, int, int, int, int, int)"
23283804823,3948,23283808771,12194,23283820965,37600,53742,121,121,1,cudaLaunchKernel, 977    1    1, 256    1    1,"<unnamed>::unpack_face_z(const double *, double *, int, int, int, int, int)"
23283809733,4618,23283814351,45206,23283859557,25088,74912,121,121,1,cudaLaunchKernel,1954    1    1, 256    1    1,"<unnamed>::step_kernel_boundary_x_faces(const double *, const double *, double *, const double *, const double *, int, int, int, int, int, int, int, double, double)"
23283813169,4679,23283817848,29711,23283847559,3809,38199,122,122,2,cudaLaunchKernel, 977    1    1, 256    1    1,"<unnamed>::unpack_face_y(const double *, double *, int, int, int, int, int)"
23283815534,4518,23283820052,65585,23283885637,21664,91767,121,121,1,cudaLaunchKernel,1946    1    1, 256    1    1,"<unnamed>::step_kernel_boundary_y_faces(const double *, const double *, double *, const double *, const double *, int, int, int, int, int, int, int, double, double)"
23283818429,3777,23283822206,30570,23283852776,38144,72491,122,122,2,cudaLaunchKernel, 977    1    1, 256    1    1,"<unnamed>::unpack_face_z(const double *, double *, int, int, int, int, int)"
23283820513,4839,23283825352,301119,23284126471,4608,310566,130,130,7,cudaLaunchKernel, 977    1    1, 256    1    1,"<unnamed>::pack_face_x(const double *, double *, int, int, int, int, int)"
23283820643,3587,23283824230,84095,23283908325,250690,338372,121,121,1,cudaLaunchKernel,1938    1    1, 256    1    1,"<unnamed>::step_kernel_boundary_z_faces(const double *, const double *, double *, const double *, const double *, int, int, int, int, int, int, int, double, double)"
23283823098,3687,23283826785,65351,23283892136,25313,94351,122,122,2,cudaLaunchKernel,1954    1    1, 256    1    1,"<unnamed>::step_kernel_boundary_x_faces(const double *, const double *, double *, const double *, const double *, int, int, int, int, int, int, int, double, double)"
23283826123,3798,23283829921,3644831,23287474752,5728,3654357,130,130,7,cudaLaunchKernel, 977    1    1, 256    1    1,"<unnamed>::pack_face_y(const double *, double *, int, int, int, int, int)"
23283827456,3797,23283831253,87412,23283918665,22944,114153,122,122,2,cudaLaunchKernel,1946    1    1, 256    1    1,"<unnamed>::step_kernel_boundary_y_faces(const double *, const double *, double *, const double *, const double *, int, int, int, int, int, int, int, double, double)"
23283830542,3767,23283834309,3647259,23287481568,23744,3674770,130,130,7,cudaLaunchKernel, 977    1    1, 256    1    1,"<unnamed>::pack_face_z(const double *, double *, int, int, int, int, int)"
23283831844,4799,23283836643,105958,23283942601,245796,356553,122,122,2,cudaLaunchKernel,1938    1    1, 256    1    1,"<unnamed>::step_kernel_boundary_z_faces(const double *, const double *, double *, const double *, const double *, int, int, int, int, int, int, int, double, double)"
23283835180,3808,23283838988,290363,23284129351,3349369,3643540,130,130,7,cudaLaunchKernel,  16  125  125,  32    4    4,"<unnamed>::step_kernel_interior(const double *, const double *, double *, const double *, const double *, int, int, int, int, int, int, int, double, double)"
23283847493,5000,23283852493,3649774,23287502267,5024,3659798,121,121,1,cudaLaunchKernel, 977    1    1, 256    1    1,"<unnamed>::pack_face_x(const double *, double *, int, int, int, int, int)"
23283853074,3797,23283856871,3651348,23287508219,4640,3659785,121,121,1,cudaLaunchKernel, 977    1    1, 256    1    1,"<unnamed>::pack_face_y(const double *, double *, int, int, int, int, int)"
23283857863,3957,23283861820,3652031,23287513851,23232,3679220,121,121,1,cudaLaunchKernel, 977    1    1, 256    1    1,"<unnamed>::pack_face_z(const double *, double *, int, int, int, int, int)"
23283860318,4859,23283865177,3670757,23287535934,5888,3681504,122,122,2,cudaLaunchKernel, 977    1    1, 256    1    1,"<unnamed>::pack_face_x(const double *, double *, int, int, int, int, int)"
23283863353,4720,23283868073,292062,23284160135,3346196,3642978,121,121,1,cudaLaunchKernel,  16  125  125,  32    4    4,"<unnamed>::step_kernel_interior(const double *, const double *, double *, const double *, const double *, int, int, int, int, int, int, int, double, double)"
23283865819,3977,23283869796,3673114,23287542910,4768,3681859,122,122,2,cudaLaunchKernel, 977    1    1, 256    1    1,"<unnamed>::pack_face_y(const double *, double *, int, int, int, int, int)"
23283870458,3737,23283874195,3674571,23287548766,25473,3703781,122,122,2,cudaLaunchKernel, 977    1    1, 256    1    1,"<unnamed>::pack_face_z(const double *, double *, int, int, int, int, int)"
23283875056,4168,23283879224,310293,23284189517,3350481,3664942,122,122,2,cudaLaunchKernel,  16  125  125,  32    4    4,"<unnamed>::step_kernel_interior(const double *, const double *, double *, const double *, const double *, int, int, int, int, int, int, int, double, double)"
23287617696,10821,23287628517,25917,23287654434,3681,40419,123,123,3,cudaLaunchKernel, 977    1    1, 256    1    1,"<unnamed>::unpack_face_x(const double *, double *, int, int, int, int, int)"
23287629248,4198,23287633446,28093,23287661539,3904,36195,123,123,3,cudaLaunchKernel, 977    1    1, 256    1    1,"<unnamed>::unpack_face_y(const double *, double *, int, int, int, int, int)"
23287633987,3857,23287637844,28751,23287666595,38048,70656,123,123,3,cudaLaunchKernel, 977    1    1, 256    1    1,"<unnamed>::unpack_face_z(const double *, double *, int, int, int, int, int)"
23287638796,5260,23287644056,62635,23287706691,25377,93272,123,123,3,cudaLaunchKernel,1954    1    1, 256    1    1,"<unnamed>::step_kernel_boundary_x_faces(const double *, const double *, double *, const double *, const double *, int, int, int, int, int, int, int, double, double)"
23287644667,3737,23287648404,84656,23287733060,21760,110153,123,123,3,cudaLaunchKernel,1946    1    1, 256    1    1,"<unnamed>::step_kernel_boundary_y_faces(const double *, const double *, double *, const double *, const double *, int, int, int, int, int, int, int, double, double)"
23287649095,3557,23287652652,103256,23287755908,244995,351808,123,123,3,cudaLaunchKernel,1938    1    1, 256    1    1,"<unnamed>::step_kernel_boundary_z_faces(const double *, const double *, double *, const double *, const double *, int, int, int, int, int, int, int, double, double)"
23287660727,3777,23287664504,3685948,23291350452,5184,3694909,123,123,3,cudaLaunchKernel, 977    1    1, 256    1    1,"<unnamed>::pack_face_x(const double *, double *, int, int, int, int, int)"
23287665165,3477,23287668642,3688338,23291356980,4992,3696807,123,123,3,cudaLaunchKernel, 977    1    1, 256    1    1,"<unnamed>::pack_face_y(const double *, double *, int, int, int, int, int)"
23287669263,3557,23287672820,3690208,23291363028,23361,3717126,123,123,3,cudaLaunchKernel, 977    1    1, 256    1    1,"<unnamed>::pack_face_z(const double *, double *, int, int, int, int, int)"
23287673772,4197,23287677969,323990,23288001959,3352461,3680648,123,123,3,cudaLaunchKernel,  16  125  125,  32    4    4,"<unnamed>::step_kernel_interior(const double *, const double *, double *, const double *, const double *, int, int, int, int, int, int, int, double, double)"
23294809604,10760,23294820364,9107,23294829471,3872,23739,120,120,0,cudaLaunchKernel, 977    1    1, 256    1    1,"<unnamed>::unpack_face_x(const double *, double *, int, int, int, int, int)"
23294821115,4148,23294825263,11248,23294836511,4288,19684,120,120,0,cudaLaunchKernel, 977    1    1, 256    1    1,"<unnamed>::unpack_face_y(const double *, double *, int, int, int, int, int)"
23294825854,3727,23294829581,12818,23294842399,36448,52993,120,120,0,cudaLaunchKernel, 977    1    1, 256    1    1,"<unnamed>::unpack_face_z(const double *, double *, int, int, int, int, int)"
23294830583,4018,23294834601,45302,23294879903,24544,73864,120,120,0,cudaLaunchKernel,1954    1    1, 256    1    1,"<unnamed>::step_kernel_boundary_x_faces(const double *, const double *, double *, const double *, const double *, int, int, int, int, int, int, int, double, double)"
23294835142,3686,23294838828,66707,23294905535,23104,93497,120,120,0,cudaLaunchKernel,1946    1    1, 256    1    1,"<unnamed>::step_kernel_boundary_y_faces(const double *, const double *, double *, const double *, const double *, int, int, int, int, int, int, int, double, double)"
23294839390,3566,23294842956,86739,23294929695,247392,337697,120,120,0,cudaLaunchKernel,1938    1    1, 256    1    1,"<unnamed>::step_kernel_boundary_z_faces(const double *, const double *, double *, const double *, const double *, int, int, int, int, int, int, int, double, double)"
23294870278,5100,23294875378,3642577,23298517955,6464,3654141,120,120,0,cudaLaunchKernel, 977    1    1, 256    1    1,"<unnamed>::pack_face_x(const double *, double *, int, int, int, int, int)"
23294875989,3958,23294879947,3645560,23298525507,4800,3654318,120,120,0,cudaLaunchKernel, 977    1    1, 256    1    1,"<unnamed>::pack_face_y(const double *, double *, int, int, int, int, int)"
23294880538,3476,23294884014,3647381,23298531395,23296,3674153,120,120,0,cudaLaunchKernel, 977    1    1, 256    1    1,"<unnamed>::pack_face_z(const double *, double *, int, int, int, int, int)"
23294884926,4298,23294889224,288919,23295178143,3346052,3639269,120,120,0,cudaLaunchKernel,  16  125  125,  32    4    4,"<unnamed>::step_kernel_interior(const double *, const double *, double *, const double *, const double *, int, int, int, int, int, int, int, double, double)"
23300099803,11362,23300111165,4332,23300115497,4256,19950,126,126,6,cudaLaunchKernel, 977    1    1, 256    1    1,"<unnamed>::unpack_face_x(const double *, double *, int, int, int, int, int)"
23300105734,11983,23300117717,1072,23300118789,3968,17023,125,125,5,cudaLaunchKernel, 977    1    1, 256    1    1,"<unnamed>::unpack_face_x(const double *, double *, int, int, int, int, int)"
23300111195,14767,23300125962,4130,23300130092,4576,23473,124,124,4,cudaLaunchKernel, 977    1    1, 256    1    1,"<unnamed>::unpack_face_x(const double *, double *, int, int, int, int, int)"
23300111916,4579,23300116495,6522,23300123017,3680,14781,126,126,6,cudaLaunchKernel, 977    1    1, 256    1    1,"<unnamed>::unpack_face_y(const double *, double *, int, int, int, int, int)"
23300117086,3787,23300120873,6912,23300127785,34496,45195,126,126,6,cudaLaunchKernel, 977    1    1, 256    1    1,"<unnamed>::unpack_face_z(const double *, double *, int, int, int, int, int)"
23300118428,4378,23300122806,3567,23300126373,4224,12169,125,125,5,cudaLaunchKernel, 977    1    1, 256    1    1,"<unnamed>::unpack_face_y(const double *, double *, int, int, int, int, int)"
23300122817,4368,23300127185,36184,23300163369,23680,64232,126,126,6,cudaLaunchKernel,1954    1    1, 256    1    1,"<unnamed>::step_kernel_boundary_x_faces(const double *, const double *, double *, const double *, const double *, int, int, int, int, int, int, int, double, double)"
23300123368,3817,23300127185,4884,23300132069,34816,43517,125,125,5,cudaLaunchKernel, 977    1    1, 256    1    1,"<unnamed>::unpack_face_z(const double *, double *, int, int, int, int, int)"
23300127315,5361,23300132676,6888,23300139564,4576,16825,124,124,4,cudaLaunchKernel, 977    1    1, 256    1    1,"<unnamed>::unpack_face_y(const double *, double *, int, int, int, int, int)"
23300127836,3898,23300131734,56371,23300188105,21856,82125,126,126,6,cudaLaunchKernel,1946    1    1, 256    1    1,"<unnamed>::step_kernel_boundary_y_faces(const double *, const double *, double *, const double *, const double *, int, int, int, int, int, int, int, double, double)"
23300128198,3907,23300132105,35900,23300168005,24544,64351,125,125,5,cudaLaunchKernel,1954    1    1, 256    1    1,"<unnamed>::step_kernel_boundary_x_faces(const double *, const double *, double *, const double *, const double *, int, int, int, int, int, int, int, double, double)"
23300132235,3697,23300135932,75117,23300211049,250879,329693,126,126,6,cudaLaunchKernel,1938    1    1, 256    1    1,"<unnamed>::step_kernel_boundary_z_faces(const double *, const double *, double *, const double *, const double *, int, int, int, int, int, int, int, double, double)"
23300132656,4418,23300137074,57843,23300194917,22432,84693,125,125,5,cudaLaunchKernel,1946    1    1, 256    1    1,"<unnamed>::step_kernel_boundary_y_faces(const double *, const double *, double *, const double *, const double *, int, int, int, int, int, int, int, double, double)"
23300133508,4368,23300137876,7544,23300145420,41856,53768,124,124,4,cudaLaunchKernel, 977    1    1, 256    1    1,"<unnamed>::unpack_face_z(const double *, double *, int, int, int, int, int)"
23300137766,3737,23300141503,76966,23300218469,246913,327616,125,125,5,cudaLaunchKernel,1938    1    1, 256    1    1,"<unnamed>::step_kernel_boundary_z_faces(const double *, const double *, double *, const double *, const double *, int, int, int, int, int, int, int, double, double)"
23300138807,5290,23300144097,44587,23300188684,25664,75541,124,124,4,cudaLaunchKernel,1954    1    1, 256    1    1,"<unnamed>::step_kernel_boundary_x_faces(const double *, const double *, double *, const double *, const double *, int, int, int, int, int, int, int, double, double)"
23300144628,4298,23300148926,66574,23300215500,22721,93593,124,124,4,cudaLaunchKernel,1946    1    1, 256    1    1,"<unnamed>::step_kernel_boundary_y_faces(const double *, const double *, double *, const double *, const double *, int, int, int, int, int, int, int, double, double)"
23300149518,3566,23300153084,86289,23300239373,243552,333407,124,124,4,cudaLaunchKernel,1938    1    1, 256    1    1,"<unnamed>::step_kernel_boundary_z_faces(const double *, const double *, double *, const double *, const double *, int, int, int, int, int, int, int, double, double)"
23300172070,5099,23300177169,3640036,23303817205,5408,3650543,125,125,5,cudaLaunchKernel, 977    1    1, 256    1    1,"<unnamed>::pack_face_x(const double *, double *, int, int, int, int, int)"
23300172320,5491,23300177811,3626578,23303804389,6752,3638821,126,126,6,cudaLaunchKernel, 977    1    1, 256    1    1,"<unnamed>::pack_face_x(const double *, double *, int, int, int, int, int)"
23300177781,3697,23300181478,3642447,23303823925,4704,3650848,125,125,5,cudaLaunchKernel, 977    1    1, 256    1    1,"<unnamed>::pack_face_y(const double *, double *, int, int, int, int, int)"
23300178452,3587,23300182039,3630382,23303812421,4928,3638897,126,126,6,cudaLaunchKernel, 977    1    1, 256    1    1,"<unnamed>::pack_face_y(const double *, double *, int, int, int, int, int)"
23300182259,3837,23300186096,3643685,23303829781,23488,3671010,125,125,5,cudaLaunchKernel, 977    1    1, 256    1    1,"<unnamed>::pack_face_z(const double *, double *, int, int, int, int, int)"
23300182560,4077,23300186637,3631768,23303818405,23264,3659109,126,126,6,cudaLaunchKernel, 977    1    1, 256    1    1,"<unnamed>::pack_face_z(const double *, double *, int, int, int, int, int)"
23300183962,5981,23300189943,294230,23300484173,5312,305523,124,124,4,cudaLaunchKernel, 977    1    1, 256    1    1,"<unnamed>::pack_face_x(const double *, double *, int, int, int, int, int)"
23300186948,4298,23300191246,275160,23300466406,3354991,3634449,125,125,5,cudaLaunchKernel,  16  125  125,  32    4    4,"<unnamed>::step_kernel_interior(const double *, const double *, double *, const double *, const double *, int, int, int, int, int, int, int, double, double)"
23300187619,4388,23300192007,270977,23300462984,3347741,3623106,126,126,6,cudaLaunchKernel,  16  125  125,  32    4    4,"<unnamed>::step_kernel_interior(const double *, const double *, double *, const double *, const double *, int, int, int, int, int, int, int, double, double)"
23300190585,4889,23300195474,3640354,23303835828,6304,3651547,124,124,4,cudaLaunchKernel, 977    1    1, 256    1    1,"<unnamed>::pack_face_y(const double *, double *, int, int, int, int, int)"
23300196065,5049,23300201114,3642202,23303843316,23680,3670931,124,124,4,cudaLaunchKernel, 977    1    1, 256    1    1,"<unnamed>::pack_face_z(const double *, double *, int, int, int, int, int)"
23300202026,4358,23300206384,280989,23300487373,3353063,3638410,124,124,4,cudaLaunchKernel,  16  125  125,  32    4    4,"<unnamed>::step_kernel_interior(const double *, const double *, double *, const double *, const double *, int, int, int, int, int, int, int, double, double)"
23303887649,11081,23303898730,28070,23303926800,3776,42927,122,122,2,cudaLaunchKernel, 977    1    1, 256    1    1,"<unnamed>::unpack_face_x(const double *, double *, int, int, int, int, int)"
23303899542,4037,23303903579,30261,23303933840,3776,38074,122,122,2,cudaLaunchKernel, 977    1    1, 256    1    1,"<unnamed>::unpack_face_y(const double *, double *, int, int, int, int, int)"
23303902517,10931,23303913448,10038,23303923486,3808,24777,121,121,1,cudaLaunchKernel, 977    1    1, 256    1    1,"<unnamed>::unpack_face_x(const double *, double *, int, int, int, int, int)"
23303904140,3878,23303908018,30782,23303938800,36737,71397,122,122,2,cudaLaunchKernel, 977    1    1, 256    1    1,"<unnamed>::unpack_face_z(const double *, double *, int, int, int, int, int)"
23303908909,3978,23303912887,63674,23303976561,25792,93444,122,122,2,cudaLaunchKernel,1954    1    1, 256    1    1,"<unnamed>::step_kernel_boundary_x_faces(const double *, const double *, double *, const double *, const double *, int, int, int, int, int, int, int, double, double)"
23303913458,3607,23303917065,86408,23304003473,22688,112703,122,122,2,cudaLaunchKernel,1946    1    1, 256    1    1,"<unnamed>::step_kernel_boundary_y_faces(const double *, const double *, double *, const double *, const double *, int, int, int, int, int, int, int, double, double)"
23303914239,4138,23303918377,12117,23303930494,4320,20575,121,121,1,cudaLaunchKernel, 977    1    1, 256    1    1,"<unnamed>::unpack_face_y(const double *, double *, int, int, int, int, int)"
23303917656,3546,23303921202,105952,23304027154,246851,356349,122,122,2,cudaLaunchKernel,1938    1    1, 256    1    1,"<unnamed>::step_kernel_boundary_z_faces(const double *, const double *, double *, const double *, const double *, int, int, int, int, int, int, int, double, double)"
23303918648,10559,23303929207,1251,23303930458,4224,16034,130,130,7,cudaLaunchKernel, 977    1    1, 256    1    1,"<unnamed>::unpack_face_x(const double *, double *, int, int, int, int, int)"
23303918968,3767,23303922735,13071,23303935806,37217,54055,121,121,1,cudaLaunchKernel, 977    1    1, 256    1    1,"<unnamed>::unpack_face_z(const double *, double *, int, int, int, int, int)"
23303923727,4078,23303927805,46146,23303973951,25440,75664,121,121,1,cudaLaunchKernel,1954    1    1, 256    1    1,"<unnamed>::step_kernel_boundary_x_faces(const double *, const double *, double *, const double *, const double *, int, int, int, int, int, int, int, double, double)"
23303928436,3617,23303932053,68394,23304000447,21984,93995,121,121,1,cudaLaunchKernel,1946    1    1, 256    1    1,"<unnamed>::step_kernel_boundary_y_faces(const double *, const double *, double *, const double *, const double *, int, int, int, int, int, int, int, double, double)"
23303929969,3877,23303933846,3556,23303937402,3616,11049,130,130,7,cudaLaunchKernel, 977    1    1, 256    1    1,"<unnamed>::unpack_face_y(const double *, double *, int, int, int, int, int)"
23303932634,3617,23303936251,87172,23304023423,246145,336934,121,121,1,cudaLaunchKernel,1938    1    1, 256    1    1,"<unnamed>::step_kernel_boundary_z_faces(const double *, const double *, double *, const double *, const double *, int, int, int, int, int, int, int, double, double)"
23303934427,3417,23303937844,4294,23303942138,35520,43231,130,130,7,cudaLaunchKernel, 977    1    1, 256    1    1,"<unnamed>::unpack_face_z(const double *, double *, int, int, int, int, int)"
23303937483,4129,23303941612,3676251,23307617863,4608,3684988,122,122,2,cudaLaunchKernel, 977    1    1, 256    1    1,"<unnamed>::pack_face_x(const double *, double *, int, int, int, int, int)"
23303938715,3828,23303942543,36107,23303978650,24928,64863,130,130,7,cudaLaunchKernel,1954    1    1, 256    1    1,"<unnamed>::step_kernel_boundary_x_faces(const double *, const double *, double *, const double *, const double *, int, int, int, int, int, int, int, double, double)"
23303942283,3927,23303946210,3677381,23307623591,5248,3686556,122,122,2,cudaLaunchKernel, 977    1    1, 256    1    1,"<unnamed>::pack_face_y(const double *, double *, int, int, int, int, int)"
23303943365,3476,23303946841,57729,23304004570,21536,82741,130,130,7,cudaLaunchKernel,1946    1    1, 256    1    1,"<unnamed>::step_kernel_boundary_y_faces(const double *, const double *, double *, const double *, const double *, int, int, int, int, int, int, int, double, double)"
23303946841,3387,23303950228,3679763,23307629991,22880,3706030,122,122,2,cudaLaunchKernel, 977    1    1, 256    1    1,"<unnamed>::pack_face_z(const double *, double *, int, int, int, int, int)"
23303947463,3486,23303950949,76213,23304027162,247775,327474,130,130,7,cudaLaunchKernel,1938    1    1, 256    1    1,"<unnamed>::step_kernel_boundary_z_faces(const double *, const double *, double *, const double *, const double *, int, int, int, int, int, int, int, double, double)"
23303951039,3928,23303954967,320158,23304275125,3346834,3670920,122,122,2,cudaLaunchKernel,  16  125  125,  32    4    4,"<unnamed>::step_kernel_interior(const double *, const double *, double *, const double *, const double *, int, int, int, int, int, int, int, double, double)"
23303954576,4448,23303959024,311536,23304270560,4640,320624,121,121,1,cudaLaunchKernel, 977    1    1, 256    1    1,"<unnamed>::pack_face_x(const double *, double *, int, int, int, int, int)"
23303959615,3868,23303963483,3653786,23307617269,7040,3664694,121,121,1,cudaLaunchKernel, 977    1    1, 256    1    1,"<unnamed>::pack_face_y(const double *, double *, int, int, int, int, int)"
23303964174,3647,23303967821,3657544,23307625365,23712,3684903,121,121,1,cudaLaunchKernel, 977    1    1, 256    1    1,"<unnamed>::pack_face_z(const double *, double *, int, int, int, int, int)"
23303966719,4147,23303970866,305095,23304275961,4448,313690,130,130,7,cudaLaunchKernel, 977    1    1, 256    1    1,"<unnamed>::pack_face_x(const double *, double *, int, int, int, int, int)"
23303968692,3858,23303972550,300954,23304273504,3350101,3654913,121,121,1,cudaLaunchKernel,  16  125  125,  32    4    4,"<unnamed>::step_kernel_interior(const double *, const double *, double *, const double *, const double *, int, int, int, int, int, int, int, double, double)"
23303971478,3496,23303974974,3638132,23307613106,8224,3649852,130,130,7,cudaLaunchKernel, 977    1    1, 256    1    1,"<unnamed>::pack_face_y(const double *, double *, int, int, int, int, int)"
23303975545,3306,23303978851,3643759,23307622610,23968,3671033,130,130,7,cudaLaunchKernel, 977    1    1, 256    1    1,"<unnamed>::pack_face_z(const double *, double *, int, int, int, int, int)"
23303979773,3968,23303983741,295068,23304278809,3342137,3641173,130,130,7,cudaLaunchKernel,  16  125  125,  32    4    4,"<unnamed>::step_kernel_interior(const double *, const double *, double *, const double *, const double *, int, int, int, int, int, int, int, double, double)"
23307773801,10710,23307784511,26354,23307810865,3776,40840,123,123,3,cudaLaunchKernel, 977    1    1, 256    1    1,"<unnamed>::unpack_face_x(const double *, double *, int, int, int, int, int)"
23307785222,4639,23307789861,28556,23307818417,3808,37003,123,123,3,cudaLaunchKernel, 977    1    1, 256    1    1,"<unnamed>::unpack_face_y(const double *, double *, int, int, int, int, int)"
23307790412,3807,23307794219,29030,23307823249,37440,70277,123,123,3,cudaLaunchKernel, 977    1    1, 256    1    1,"<unnamed>::unpack_face_z(const double *, double *, int, int, int, int, int)"
23307795081,3967,23307799048,62761,23307861809,25793,92521,123,123,3,cudaLaunchKernel,1954    1    1, 256    1    1,"<unnamed>::step_kernel_boundary_x_faces(const double *, const double *, double *, const double *, const double *, int, int, int, int, int, int, int, double, double)"
23307799619,3607,23307803226,85464,23307888690,21888,110959,123,123,3,cudaLaunchKernel,1946    1    1, 256    1    1,"<unnamed>::step_kernel_boundary_y_faces(const double *, const double *, double *, const double *, const double *, int, int, int, int, int, int, int, double, double)"
23307803837,3647,23307807484,104278,23307911762,247363,355288,123,123,3,cudaLaunchKernel,1938    1    1, 256    1    1,"<unnamed>::step_kernel_boundary_z_faces(const double *, const double *, double *, const double *, const double *, int, int, int, int, int, int, int, double, double)"
23307815870,3837,23307819707,340442,23308160149,4609,348888,123,123,3,cudaLaunchKernel, 977    1    1, 256    1    1,"<unnamed>::pack_face_x(const double *, double *, int, int, int, int, int)"
23307820378,3707,23307824085,3686381,23311510466,5568,3695656,123,123,3,cudaLaunchKernel, 977    1    1, 256    1    1,"<unnamed>::pack_face_y(const double *, double *, int, int, int, int, int)"
23307824686,3507,23307828193,3688833,23311517026,24065,3716405,123,123,3,cudaLaunchKernel, 977    1    1, 256    1    1,"<unnamed>::pack_face_z(const double *, double *, int, int, int, int, int)"
23307829034,3918,23307832952,330013,23308162965,3351469,3685400,123,123,3,cudaLaunchKernel,  16  125  125,  32    4    4,"<unnamed>::step_kernel_interior(const double *, const double *, double *, const double *, const double *, int, int, int, int, int, int, int, double, double)"
23332145778,11872,23332157650,9081,23332166731,3808,24761,120,120,0,cudaLaunchKernel, 977    1    1, 256    1    1,"<unnamed>::unpack_face_x(const double *, double *, int, int, int, int, int)"
23332154715,11361,23332166076,1205,23332167281,4320,16886,125,125,5,cudaLaunchKernel, 977    1    1, 256    1    1,"<unnamed>::unpack_face_x(const double *, double *, int, int, int, int, int)"
23332158382,4388,23332162770,11769,23332174539,4192,20349,120,120,0,cudaLaunchKernel, 977    1    1, 256    1    1,"<unnamed>::unpack_face_y(const double *, double *, int, int, int, int, int)"
23332163371,3957,23332167328,12651,23332179979,35552,52160,120,120,0,cudaLaunchKernel, 977    1    1, 256    1    1,"<unnamed>::unpack_face_z(const double *, double *, int, int, int, int, int)"
23332164283,12273,23332176556,4250,23332180806,4064,20587,126,126,6,cudaLaunchKernel, 977    1    1, 256    1    1,"<unnamed>::unpack_face_x(const double *, double *, int, int, int, int, int)"
23332166787,4298,23332171085,3556,23332174641,4160,12014,125,125,5,cudaLaunchKernel, 977    1    1, 256    1    1,"<unnamed>::unpack_face_y(const double *, double *, int, int, int, int, int)"
23332168340,3867,23332172207,44284,23332216491,24896,73047,120,120,0,cudaLaunchKernel,1954    1    1, 256    1    1,"<unnamed>::step_kernel_boundary_x_faces(const double *, const double *, double *, const double *, const double *, int, int, int, int, int, int, int, double, double)"
23332171626,3828,23332175454,4467,23332179921,36161,44456,125,125,5,cudaLaunchKernel, 977    1    1, 256    1    1,"<unnamed>::unpack_face_z(const double *, double *, int, int, int, int, int)"
23332172799,3666,23332176465,66010,23332242475,21536,91212,120,120,0,cudaLaunchKernel,1946    1    1, 256    1    1,"<unnamed>::step_kernel_boundary_y_faces(const double *, const double *, double *, const double *, const double *, int, int, int, int, int, int, int, double, double)"
23332176335,4579,23332180914,36256,23332217170,24704,65539,125,125,5,cudaLaunchKernel,1954    1    1, 256    1    1,"<unnamed>::step_kernel_boundary_x_faces(const double *, const double *, double *, const double *, const double *, int, int, int, int, int, int, int, double, double)"
23332176986,3467,23332180453,84614,23332265067,247776,335857,120,120,0,cudaLaunchKernel,1938    1    1, 256    1    1,"<unnamed>::step_kernel_boundary_z_faces(const double *, const double *, double *, const double *, const double *, int, int, int, int, int, int, int, double, double)"
23332177267,4138,23332181405,6665,23332188070,3744,14547,126,126,6,cudaLaunchKernel, 977    1    1, 256    1    1,"<unnamed>::unpack_face_y(const double *, double *, int, int, int, int, int)"
23332181475,3927,23332185402,57464,23332242866,21120,82511,125,125,5,cudaLaunchKernel,1946    1    1, 256    1    1,"<unnamed>::step_kernel_boundary_y_faces(const double *, const double *, double *, const double *, const double *, int, int, int, int, int, int, int, double, double)"
23332182036,3977,23332186013,7049,23332193062,35456,46482,126,126,6,cudaLaunchKernel, 977    1    1, 256    1    1,"<unnamed>::unpack_face_z(const double *, double *, int, int, int, int, int)"
23332186073,3828,23332189901,75365,23332265266,248097,327290,125,125,5,cudaLaunchKernel,1938    1    1, 256    1    1,"<unnamed>::step_kernel_boundary_z_faces(const double *, const double *, double *, const double *, const double *, int, int, int, int, int, int, int, double, double)"
23332186955,4158,23332191113,38493,23332229606,24736,67387,126,126,6,cudaLaunchKernel,1954    1    1, 256    1    1,"<unnamed>::step_kernel_boundary_x_faces(const double *, const double *, double *, const double *, const double *, int, int, int, int, int, int, int, double, double)"
23332191614,3777,23332195391,60039,23332255430,21440,85256,126,126,6,cudaLaunchKernel,1946    1    1, 256    1    1,"<unnamed>::step_kernel_boundary_y_faces(const double *, const double *, double *, const double *, const double *, int, int, int, int, int, int, int, double, double)"
23332195873,3617,23332199490,78468,23332277958,248352,330437,126,126,6,cudaLaunchKernel,1938    1    1, 256    1    1,"<unnamed>::step_kernel_boundary_z_faces(const double *, const double *, double *, const double *, const double *, int, int, int, int, int, int, int, double, double)"
23332215319,5711,23332221030,3640713,23335861743,5120,3651544,120,120,0,cudaLaunchKernel, 977    1    1, 256    1    1,"<unnamed>::pack_face_x(const double *, double *, int, int, int, int, int)"
23332219728,4989,23332224717,289638,23332514355,4448,299075,125,125,5,cudaLaunchKernel, 977    1    1, 256    1    1,"<unnamed>::pack_face_x(const double *, double *, int, int, int, int, int)"
23332221751,3818,23332225569,3642254,23335867823,4672,3650744,120,120,0,cudaLaunchKernel, 977    1    1, 256    1    1,"<unnamed>::pack_face_y(const double *, double *, int, int, int, int, int)"
23332225388,4368,23332229756,3634438,23335864194,5568,3644374,125,125,5,cudaLaunchKernel, 977    1    1, 256    1    1,"<unnamed>::pack_face_y(const double *, double *, int, int, int, int, int)"
23332226200,3516,23332229716,3643835,23335873551,23328,3670679,120,120,0,cudaLaunchKernel, 977    1    1, 256    1    1,"<unnamed>::pack_face_z(const double *, double *, int, int, int, int, int)"
23332227662,7264,23332234926,3627604,23335862530,5504,3640372,126,126,6,cudaLaunchKernel, 977    1    1, 256    1    1,"<unnamed>::pack_face_x(const double *, double *, int, int, int, int, int)"
23332230488,3797,23332234285,3636821,23335871106,23136,3663754,125,125,5,cudaLaunchKernel, 977    1    1, 256    1    1,"<unnamed>::pack_face_z(const double *, double *, int, int, int, int, int)"
23332230638,4058,23332234696,279203,23332513899,3352036,3635297,120,120,0,cudaLaunchKernel,  16  125  125,  32    4    4,"<unnamed>::step_kernel_interior(const double *, const double *, double *, const double *, const double *, int, int, int, int, int, int, int, double, double)"
23332235056,4389,23332239445,277694,23332517139,3352111,3634194,125,125,5,cudaLaunchKernel,  16  125  125,  32    4    4,"<unnamed>::step_kernel_interior(const double *, const double *, double *, const double *, const double *, int, int, int, int, int, int, int, double, double)"
23332235637,3838,23332239475,3629743,23335869218,4896,3638477,126,126,6,cudaLaunchKernel, 977    1    1, 256    1    1,"<unnamed>::pack_face_y(const double *, double *, int, int, int, int, int)"
23332240096,3647,23332243743,3631683,23335875426,22784,3658114,126,126,6,cudaLaunchKernel, 977    1    1, 256    1    1,"<unnamed>::pack_face_z(const double *, double *, int, int, int, int, int)"
23332244554,4048,23332248602,278764,23332527366,3339676,3622488,126,126,6,cudaLaunchKernel,  16  125  125,  32    4    4,"<unnamed>::step_kernel_interior(const double *, const double *, double *, const double *, const double *, int, int, int, int, int, int, int, double, double)"
23332283868,54673,23332338541,3998,23332342539,5280,63951,124,124,4,cudaLaunchKernel, 977    1    1, 256    1    1,"<unnamed>::unpack_face_x(const double *, double *, int, int, int, int, int)"
23332339533,7013,23332346546,7129,23332353675,4640,18782,124,124,4,cudaLaunchKernel, 977    1    1, 256    1    1,"<unnamed>::unpack_face_y(const double *, double *, int, int, int, int, int)"
23332347839,4478,23332352317,7246,23332359563,40097,51821,124,124,4,cudaLaunchKernel, 977    1    1, 256    1    1,"<unnamed>::unpack_face_z(const double *, double *, int, int, int, int, int)"
23332353309,4418,23332357727,43277,23332401004,24992,72687,124,124,4,cudaLaunchKernel,1954    1    1, 256    1    1,"<unnamed>::step_kernel_boundary_x_faces(const double *, const double *, double *, const double *, const double *, int, int, int, int, int, int, int, double, double)"
23332358298,5270,23332363568,63580,23332427148,22080,90930,124,124,4,cudaLaunchKernel,1946    1    1, 256    1    1,"<unnamed>::step_kernel_boundary_y_faces(const double *, const double *, double *, const double *, const double *, int, int, int, int, int, int, int, double, double)"
23332364129,3597,23332367726,82846,23332450572,241504,327947,124,124,4,cudaLaunchKernel,1938    1    1, 256    1    1,"<unnamed>::step_kernel_boundary_z_faces(const double *, const double *, double *, const double *, const double *, int, int, int, int, int, int, int, double, double)"
23332379038,5320,23332384358,308870,23332693228,5344,319534,124,124,4,cudaLaunchKernel, 977    1    1, 256    1    1,"<unnamed>::pack_face_x(const double *, double *, int, int, int, int, int)"
23332384929,3958,23332388887,3677884,23336066771,5856,3687698,124,124,4,cudaLaunchKernel, 977    1    1, 256    1    1,"<unnamed>::pack_face_y(const double *, double *, int, int, int, int, int)"
23332389458,3657,23332393115,3680792,23336073907,23584,3708033,124,124,4,cudaLaunchKernel, 977    1    1, 256    1    1,"<unnamed>::pack_face_z(const double *, double *, int, int, int, int, int)"
23332393926,5120,23332399046,297382,23332696428,3374951,3677453,124,124,4,cudaLaunchKernel,  16  125  125,  32    4    4,"<unnamed>::step_kernel_interior(const double *, const double *, double *, const double *, const double *, int, int, int, int, int, int, int, double, double)"
23335967538,9347,23335976885,1468,23335978353,4160,14975,130,130,7,cudaLaunchKernel, 977    1    1, 256    1    1,"<unnamed>::unpack_face_x(const double *, double *, int, int, int, int, int)"
23335974501,10940,23335985441,28553,23336013994,3680,43173,122,122,2,cudaLaunchKernel, 977    1    1, 256    1    1,"<unnamed>::unpack_face_x(const double *, double *, int, int, int, int, int)"
23335975042,10680,23335985722,10150,23335995872,3648,24478,121,121,1,cudaLaunchKernel, 977    1    1, 256    1    1,"<unnamed>::unpack_face_x(const double *, double *, int, int, int, int, int)"
23335977536,3998,23335981534,3475,23335985009,3776,11249,130,130,7,cudaLaunchKernel, 977    1    1, 256    1    1,"<unnamed>::unpack_face_y(const double *, double *, int, int, int, int, int)"
23335982105,3506,23335985611,4326,23335989937,35936,43768,130,130,7,cudaLaunchKernel, 977    1    1, 256    1    1,"<unnamed>::unpack_face_z(const double *, double *, int, int, int, int, int)"
23335986193,4047,23335990240,30986,23336021226,3776,38809,122,122,2,cudaLaunchKernel, 977    1    1, 256    1    1,"<unnamed>::unpack_face_y(const double *, double *, int, int, int, int, int)"
23335986513,4078,23335990591,11233,23336001824,4288,19599,121,121,1,cudaLaunchKernel, 977    1    1, 256    1    1,"<unnamed>::unpack_face_y(const double *, double *, int, int, int, int, int)"
23335986563,3627,23335990190,36835,23336027025,25312,65774,130,130,7,cudaLaunchKernel,1954    1    1, 256    1    1,"<unnamed>::step_kernel_boundary_x_faces(const double *, const double *, double *, const double *, const double *, int, int, int, int, int, int, int, double, double)"
23335990741,3497,23335994238,59187,23336053425,22368,85052,130,130,7,cudaLaunchKernel,1946    1    1, 256    1    1,"<unnamed>::step_kernel_boundary_y_faces(const double *, const double *, double *, const double *, const double *, int, int, int, int, int, int, int, double, double)"
23335990791,4799,23335995590,30436,23336026026,36001,71236,122,122,2,cudaLaunchKernel, 977    1    1, 256    1    1,"<unnamed>::unpack_face_z(const double *, double *, int, int, int, int, int)"
23335991252,3857,23335995109,12123,23336007232,36545,52525,121,121,1,cudaLaunchKernel, 977    1    1, 256    1    1,"<unnamed>::unpack_face_z(const double *, double *, int, int, int, int, int)"
23335994849,3286,23335998135,78714,23336076849,245631,327631,130,130,7,cudaLaunchKernel,1938    1    1, 256    1    1,"<unnamed>::step_kernel_boundary_z_faces(const double *, const double *, double *, const double *, const double *, int, int, int, int, int, int, int, double, double)"
23335996041,4088,23336000129,44640,23336044769,25312,74040,121,121,1,cudaLaunchKernel,1954    1    1, 256    1    1,"<unnamed>::step_kernel_boundary_x_faces(const double *, const double *, double *, const double *, const double *, int, int, int, int, int, int, int, double, double)"
23335996502,4047,23336000549,62598,23336063147,24896,91541,122,122,2,cudaLaunchKernel,1954    1    1, 256    1    1,"<unnamed>::step_kernel_boundary_x_faces(const double *, const double *, double *, const double *, const double *, int, int, int, int, int, int, int, double, double)"
23336000790,3787,23336004577,66624,23336071201,21984,92395,121,121,1,cudaLaunchKernel,1946    1    1, 256    1    1,"<unnamed>::step_kernel_boundary_y_faces(const double *, const double *, double *, const double *, const double *, int, int, int, int, int, int, int, double, double)"
23336001161,3817,23336004978,84185,23336089163,21696,109698,122,122,2,cudaLaunchKernel,1946    1    1, 256    1    1,"<unnamed>::step_kernel_boundary_y_faces(const double *, const double *, double *, const double *, const double *, int, int, int, int, int, int, int, double, double)"
23336005228,3558,23336008786,85391,23336094177,246465,335414,121,121,1,cudaLaunchKernel,1938    1    1, 256    1    1,"<unnamed>::step_kernel_boundary_z_faces(const double *, const double *, double *, const double *, const double *, int, int, int, int, int, int, int, double, double)"
23336005579,29065,23336034644,77207,23336111851,246820,353092,122,122,2,cudaLaunchKernel,1938    1    1, 256    1    1,"<unnamed>::step_kernel_boundary_z_faces(const double *, const double *, double *, const double *, const double *, int, int, int, int, int, int, int, double, double)"
23336014967,4329,23336019296,304272,23336323568,4576,313177,130,130,7,cudaLaunchKernel, 977    1    1, 256    1    1,"<unnamed>::pack_face_x(const double *, double *, int, int, int, int, int)"
23336019937,3386,23336023323,3645742,23339669065,5248,3654376,130,130,7,cudaLaunchKernel, 977    1    1, 256    1    1,"<unnamed>::pack_face_y(const double *, double *, int, int, int, int, int)"
23336023914,3266,23336027180,3649053,23339676233,23551,3675870,130,130,7,cudaLaunchKernel, 977    1    1, 256    1    1,"<unnamed>::pack_face_z(const double *, double *, int, int, int, int, int)"
23336025648,4548,23336030196,311470,23336341666,4704,320722,121,121,1,cudaLaunchKernel, 977    1    1, 256    1    1,"<unnamed>::pack_face_x(const double *, double *, int, int, int, int, int)"
23336028072,3877,23336031949,294435,23336326384,3346713,3645025,130,130,7,cudaLaunchKernel,  16  125  125,  32    4    4,"<unnamed>::step_kernel_interior(const double *, const double *, double *, const double *, const double *, int, int, int, int, int, int, int, double, double)"
23336030847,3747,23336034594,3658869,23339693463,5440,3668056,121,121,1,cudaLaunchKernel, 977    1    1, 256    1    1,"<unnamed>::pack_face_y(const double *, double *, int, int, int, int, int)"
23336035215,3607,23336038822,3661201,23339700023,23232,3688040,121,121,1,cudaLaunchKernel, 977    1    1, 256    1    1,"<unnamed>::pack_face_z(const double *, double *, int, int, int, int, int)"
23336039694,5059,23336044753,299857,23336344610,3353109,3658025,121,121,1,cudaLaunchKernel,  16  125  125,  32    4    4,"<unnamed>::step_kernel_interior(const double *, const double *, double *, const double *, const double *, int, int, int, int, int, int, int, double, double)"
23336052388,6682,23336059070,300625,23336359695,4928,312235,122,122,2,cudaLaunchKernel, 977    1    1, 256    1    1,"<unnamed>::pack_face_x(const double *, double *, int, int, int, int, int)"
23336059751,3697,23336063448,3640008,23339703456,5409,3649114,122,122,2,cudaLaunchKernel, 977    1    1, 256    1    1,"<unnamed>::pack_face_y(const double *, double *, int, int, int, int, int)"
23336064029,3597,23336067626,3642327,23339709953,23648,3669572,122,122,2,cudaLaunchKernel, 977    1    1, 256    1    1,"<unnamed>::pack_face_z(const double *, double *, int, int, int, int, int)"
23336068498,4458,23336072956,289491,23336362447,3345105,3639054,122,122,2,cudaLaunchKernel,  16  125  125,  32    4    4,"<unnamed>::step_kernel_interior(const double *, const double *, double *, const double *, const double *, int, int, int, int, int, int, int, double, double)"
23339779789,10901,23339790690,26940,23339817630,3680,41521,123,123,3,cudaLaunchKernel, 977    1    1, 256    1    1,"<unnamed>::unpack_face_x(const double *, double *, int, int, int, int, int)"
23339791361,4689,23339796050,28652,23339824702,3776,37117,123,123,3,cudaLaunchKernel, 977    1    1, 256    1    1,"<unnamed>::unpack_face_y(const double *, double *, int, int, int, int, int)"
23339797102,4889,23339801991,28727,23339830718,37409,71025,123,123,3,cudaLaunchKernel, 977    1    1, 256    1    1,"<unnamed>::unpack_face_z(const double *, double *, int, int, int, int, int)"
23339802873,3947,23339806820,62267,23339869087,24800,91014,123,123,3,cudaLaunchKernel,1954    1    1, 256    1    1,"<unnamed>::step_kernel_boundary_x_faces(const double *, const double *, double *, const double *, const double *, int, int, int, int, int, int, int, double, double)"
23339807461,3717,23339811178,83797,23339894975,21248,108762,123,123,3,cudaLaunchKernel,1946    1    1, 256    1    1,"<unnamed>::step_kernel_boundary_y_faces(const double *, const double *, double *, const double *, const double *, int, int, int, int, int, int, int, double, double)"
23339811880,3506,23339815386,102053,23339917439,244164,349723,123,123,3,cudaLaunchKernel,1938    1    1, 256    1    1,"<unnamed>::step_kernel_boundary_z_faces(const double *, const double *, double *, const double *, const double *, int, int, int, int, int, int, int, double, double)"
23339830886,4459,23339835345,3666814,23343502159,4832,3676105,123,123,3,cudaLaunchKernel, 977    1    1, 256    1    1,"<unnamed>::pack_face_x(const double *, double *, int, int, int, int, int)"
23339835906,3586,23339839492,3669131,23343508623,4576,3677293,123,123,3,cudaLaunchKernel, 977    1    1, 256    1    1,"<unnamed>::pack_face_y(const double *, double *, int, int, int, int, int)"
23339840123,3467,23339843590,3670729,23343514319,23393,3697589,123,123,3,cudaLaunchKernel, 977    1    1, 256    1    1,"<unnamed>::pack_face_z(const double *, double *, int, int, int, int, int)"
23339845153,4779,23339849932,312727,23340162659,3343948,3661454,123,123,3,cudaLaunchKernel,  16  125  125,  32    4    4,"<unnamed>::step_kernel_interior(const double *, const double *, double *, const double *, const double *, int, int, int, int, int, int, int, double, double)"
23350452273,11061,23350463334,9242,23350472576,3840,24143,120,120,0,cudaLaunchKernel, 977    1    1, 256    1    1,"<unnamed>::unpack_face_x(const double *, double *, int, int, int, int, int)"
23350464025,4138,23350468163,11517,23350479680,4352,20007,120,120,0,cudaLaunchKernel, 977    1    1, 256    1    1,"<unnamed>::unpack_face_y(const double *, double *, int, int, int, int, int)"
23350468824,3878,23350472702,12258,23350484960,35520,51656,120,120,0,cudaLaunchKernel, 977    1    1, 256    1    1,"<unnamed>::unpack_face_z(const double *, double *, int, int, int, int, int)"
23350473694,3757,23350477451,43957,23350521408,24832,72546,120,120,0,cudaLaunchKernel,1954    1    1, 256    1    1,"<unnamed>::step_kernel_boundary_x_faces(const double *, const double *, double *, const double *, const double *, int, int, int, int, int, int, int, double, double)"
23350477992,3616,23350481608,65656,23350547264,21536,90808,120,120,0,cudaLaunchKernel,1946    1    1, 256    1    1,"<unnamed>::step_kernel_boundary_y_faces(const double *, const double *, double *, const double *, const double *, int, int, int, int, int, int, int, double, double)"
23350482179,3457,23350485636,84220,23350569856,248769,336446,120,120,0,cudaLaunchKernel,1938    1    1, 256    1    1,"<unnamed>::step_kernel_boundary_z_faces(const double *, const double *, double *, const double *, const double *, int, int, int, int, int, int, int, double, double)"
23350512156,5370,23350517526,3640847,23354158373,5120,3651337,120,120,0,cudaLaunchKernel, 977    1    1, 256    1    1,"<unnamed>::pack_face_x(const double *, double *, int, int, int, int, int)"
23350518217,3657,23350521874,3642739,23354164613,4864,3651260,120,120,0,cudaLaunchKernel, 977    1    1, 256    1    1,"<unnamed>::pack_face_y(const double *, double *, int, int, int, int, int)"
23350522435,3527,23350525962,3644475,23354170437,23680,3671682,120,120,0,cudaLaunchKernel, 977    1    1, 256    1    1,"<unnamed>::pack_face_z(const double *, double *, int, int, int, int, int)"
23350526953,4008,23350530961,288720,23350819681,3342596,3635324,120,120,0,cudaLaunchKernel,  16  125  125,  32    4    4,"<unnamed>::step_kernel_interior(const double *, const double *, double *, const double *, const double *, int, int, int, int, int, int, int, double, double)"
23355641883,13155,23355655038,3759,23355658797,4224,21138,126,126,6,cudaLaunchKernel, 977    1    1, 256    1    1,"<unnamed>::unpack_face_x(const double *, double *, int, int, int, int, int)"
23355646953,12994,23355659947,717,23355660664,4192,17903,125,125,5,cudaLaunchKernel, 977    1    1, 256    1    1,"<unnamed>::unpack_face_x(const double *, double *, int, int, int, int, int)"
23355651121,14988,23355666109,3996,23355670105,4640,23624,124,124,4,cudaLaunchKernel, 977    1    1, 256    1    1,"<unnamed>::unpack_face_x(const double *, double *, int, int, int, int, int)"
23355656010,28263,23355684273,5116,23355689389,3776,37155,126,126,6,cudaLaunchKernel, 977    1    1, 256    1    1,"<unnamed>::unpack_face_y(const double *, double *, int, int, int, int, int)"
23355660659,4388,23355665047,2369,23355667416,4224,10981,125,125,5,cudaLaunchKernel, 977    1    1, 256    1    1,"<unnamed>::unpack_face_y(const double *, double *, int, int, int, int, int)"
23355665668,3927,23355669595,3037,23355672632,34433,41397,125,125,5,cudaLaunchKernel, 977    1    1, 256    1    1,"<unnamed>::unpack_face_z(const double *, double *, int, int, int, int, int)"
23355667341,5841,23355673182,7547,23355680729,4512,17900,124,124,4,cudaLaunchKernel, 977    1    1, 256    1    1,"<unnamed>::unpack_face_y(const double *, double *, int, int, int, int, int)"
23355670627,4539,23355675166,33083,23355708249,24832,62454,125,125,5,cudaLaunchKernel,1954    1    1, 256    1    1,"<unnamed>::step_kernel_boundary_x_faces(const double *, const double *, double *, const double *, const double *, int, int, int, int, int, int, int, double, double)"
23355673863,4238,23355678101,8356,23355686457,41088,53682,124,124,4,cudaLaunchKernel, 977    1    1, 256    1    1,"<unnamed>::unpack_face_z(const double *, double *, int, int, int, int, int)"
23355675717,3837,23355679554,54551,23355734105,21760,80148,125,125,5,cudaLaunchKernel,1946    1    1, 256    1    1,"<unnamed>::step_kernel_boundary_y_faces(const double *, const double *, double *, const double *, const double *, int, int, int, int, int, int, int, double, double)"
23355679233,4459,23355683692,45037,23355728729,26208,75704,124,124,4,cudaLaunchKernel,1954    1    1, 256    1    1,"<unnamed>::step_kernel_boundary_x_faces(const double *, const double *, double *, const double *, const double *, int, int, int, int, int, int, int, double, double)"
23355680255,3617,23355683872,73049,23355756921,246497,323163,125,125,5,cudaLaunchKernel,1938    1    1, 256    1    1,"<unnamed>::step_kernel_boundary_z_faces(const double *, const double *, double *, const double *, const double *, int, int, int, int, int, int, int, double, double)"
23355684243,3947,23355688190,68091,23355756281,22368,94406,124,124,4,cudaLaunchKernel,1946    1    1, 256    1    1,"<unnamed>::step_kernel_boundary_y_faces(const double *, const double *, double *, const double *, const double *, int, int, int, int, int, int, int, double, double)"
23355685024,4268,23355689292,6593,23355695885,35552,46413,126,126,6,cudaLaunchKernel, 977    1    1, 256    1    1,"<unnamed>::unpack_face_z(const double *, double *, int, int, int, int, int)"
23355688912,3636,23355692548,87413,23355779961,240897,331946,124,124,4,cudaLaunchKernel,1938    1    1, 256    1    1,"<unnamed>::step_kernel_boundary_z_faces(const double *, const double *, double *, const double *, const double *, int, int, int, int, int, int, int, double, double)"
23355691256,4528,23355695784,36677,23355732461,24032,65237,126,126,6,cudaLaunchKernel,1954    1    1, 256    1    1,"<unnamed>::step_kernel_boundary_x_faces(const double *, const double *, double *, const double *, const double *, int, int, int, int, int, int, int, double, double)"
23355696426,3757,23355700183,57366,23355757549,22048,83171,126,126,6,cudaLaunchKernel,1946    1    1, 256    1    1,"<unnamed>::step_kernel_boundary_y_faces(const double *, const double *, double *, const double *, const double *, int, int, int, int, int, int, int, double, double)"
23355700734,3586,23355704320,76429,23355780749,249312,329327,126,126,6,cudaLaunchKernel,1938    1    1, 256    1    1,"<unnamed>::step_kernel_boundary_z_faces(const double *, const double *, double *, const double *, const double *, int, int, int, int, int, int, int, double, double)"
23355715692,5160,23355720852,283590,23356004442,4544,293294,125,125,5,cudaLaunchKernel, 977    1    1, 256    1    1,"<unnamed>::pack_face_x(const double *, double *, int, int, int, int, int)"
23355717245,5822,23355723067,299007,23356022074,5344,310173,124,124,4,cudaLaunchKernel, 977    1    1, 256    1    1,"<unnamed>::pack_face_x(const double *, double *, int, int, int, int, int)"
23355721403,4008,23355725411,3611813,23359337224,5952,3621773,125,125,5,cudaLaunchKernel, 977    1    1, 256    1    1,"<unnamed>::pack_face_y(const double *, double *, int, int, int, int, int)"
23355723758,5490,23355729248,3635520,23359364768,6368,3647378,124,124,4,cudaLaunchKernel, 977    1    1, 256    1    1,"<unnamed>::pack_face_y(const double *, double *, int, int, int, int, int)"
23355725972,3467,23355729439,3614793,23359344232,23009,3641269,125,125,5,cudaLaunchKernel, 977    1    1, 256    1    1,"<unnamed>::pack_face_z(const double *, double *, int, int, int, int, int)"
23355729849,4809,23355734658,3637758,23359372416,23840,3666407,124,124,4,cudaLaunchKernel, 977    1    1, 256    1    1,"<unnamed>::pack_face_z(const double *, double *, int, int, int, int, int)"
23355730250,4478,23355734728,272530,23356007258,3334286,3611294,125,125,5,cudaLaunchKernel,  16  125  125,  32    4    4,"<unnamed>::step_kernel_interior(const double *, const double *, double *, const double *, const double *, int, int, int, int, int, int, int, double, double)"
23355734889,5109,23355739998,3640683,23359380681,5696,3651488,126,126,6,cudaLaunchKernel, 977    1    1, 256    1    1,"<unnamed>::pack_face_x(const double *, double *, int, int, int, int, int)"
23355736081,4619,23355740700,284766,23356025466,3343750,3633135,124,124,4,cudaLaunchKernel,  16  125  125,  32    4    4,"<unnamed>::step_kernel_interior(const double *, const double *, double *, const double *, const double *, int, int, int, int, int, int, int, double, double)"
23355740579,9949,23355750528,3636905,23359387433,5024,3651878,126,126,6,cudaLaunchKernel, 977    1    1, 256    1    1,"<unnamed>::pack_face_y(const double *, double *, int, int, int, int, int)"
23355751089,3597,23355754686,3639019,23359393705,23584,3666200,126,126,6,cudaLaunchKernel, 977    1    1, 256    1    1,"<unnamed>::pack_face_z(const double *, double *, int, int, int, int, int)"
23355755668,4548,23355760216,271125,23356031341,3353468,3629141,126,126,6,cudaLaunchKernel,  16  125  125,  32    4    4,"<unnamed>::step_kernel_interior(const double *, const double *, double *, const double *, const double *, int, int, int, int, int, int, int, double, double)"
23359611181,13215,23359624396,9859,23359634255,3712,26786,121,121,1,cudaLaunchKernel, 977    1    1, 256    1    1,"<unnamed>::unpack_face_x(const double *, double *, int, int, int, int, int)"
23359625328,4599,23359629927,12392,23359642319,4288,21279,121,121,1,cudaLaunchKernel, 977    1    1, 256    1    1,"<unnamed>::unpack_face_y(const double *, double *, int, int, int, int, int)"
23359630548,4008,23359634556,13107,23359647663,36449,53564,121,121,1,cudaLaunchKernel, 977    1    1, 256    1    1,"<unnamed>::unpack_face_z(const double *, double *, int, int, int, int, int)"
23359635608,3917,23359639525,45611,23359685136,24992,74520,121,121,1,cudaLaunchKernel,1954    1    1, 256    1    1,"<unnamed>::step_kernel_boundary_x_faces(const double *, const double *, double *, const double *, const double *, int, int, int, int, int, int, int, double, double)"
23359640186,3627,23359643813,67403,23359711216,21664,92694,121,121,1,cudaLaunchKernel,1946    1    1, 256    1    1,"<unnamed>::step_kernel_boundary_y_faces(const double *, const double *, double *, const double *, const double *, int, int, int, int, int, int, int, double, double)"
23359644394,3767,23359648161,85775,23359733936,245857,335399,121,121,1,cudaLaunchKernel,1938    1    1, 256    1    1,"<unnamed>::step_kernel_boundary_z_faces(const double *, const double *, double *, const double *, const double *, int, int, int, int, int, int, int, double, double)"
23359670503,13495,23359683998,28618,23359712616,3712,45825,122,122,2,cudaLaunchKernel, 977    1    1, 256    1    1,"<unnamed>::unpack_face_x(const double *, double *, int, int, int, int, int)"
23359672016,4859,23359676875,303942,23359980817,4544,313345,121,121,1,cudaLaunchKernel, 977    1    1, 256    1    1,"<unnamed>::pack_face_x(const double *, double *, int, int, int, int, int)"
23359677456,3707,23359681163,3642971,23363324134,5632,3652310,121,121,1,cudaLaunchKernel, 977    1    1, 256    1    1,"<unnamed>::pack_face_y(const double *, double *, int, int, int, int, int)"
23359681874,3537,23359685411,3645379,23363330790,23328,3672244,121,121,1,cudaLaunchKernel, 977    1    1, 256    1    1,"<unnamed>::pack_face_z(const double *, double *, int, int, int, int, int)"
23359683507,12624,23359696131,856,23359696987,4256,17736,130,130,7,cudaLaunchKernel, 977    1    1, 256    1    1,"<unnamed>::unpack_face_x(const double *, double *, int, int, int, int, int)"
23359684820,4378,23359689198,31162,23359720360,3808,39348,122,122,2,cudaLaunchKernel, 977    1    1, 256    1    1,"<unnamed>::unpack_face_y(const double *, double *, int, int, int, int, int)"
23359686313,5470,23359691783,291850,23359983633,3344341,3641661,121,121,1,cudaLaunchKernel,  16  125  125,  32    4    4,"<unnamed>::step_kernel_interior(const double *, const double *, double *, const double *, const double *, int, int, int, int, int, int, int, double, double)"
23359689739,3907,23359693646,31642,23359725288,37473,73022,122,122,2,cudaLaunchKernel, 977    1    1, 256    1    1,"<unnamed>::unpack_face_z(const double *, double *, int, int, int, int, int)"
23359694598,3757,23359698355,65494,23359763849,25568,94819,122,122,2,cudaLaunchKernel,1954    1    1, 256    1    1,"<unnamed>::step_kernel_boundary_x_faces(const double *, const double *, double *, const double *, const double *, int, int, int, int, int, int, int, double, double)"
23359696822,4068,23359700890,3265,23359704155,3744,11077,130,130,7,cudaLaunchKernel, 977    1    1, 256    1    1,"<unnamed>::unpack_face_y(const double *, double *, int, int, int, int, int)"
23359698966,3828,23359702794,87807,23359790601,22176,113811,122,122,2,cudaLaunchKernel,1946    1    1, 256    1    1,"<unnamed>::step_kernel_boundary_y_faces(const double *, const double *, double *, const double *, const double *, int, int, int, int, int, int, int, double, double)"
23359701461,3627,23359705088,3931,23359709019,35808,43366,130,130,7,cudaLaunchKernel, 977    1    1, 256    1    1,"<unnamed>::unpack_face_z(const double *, double *, int, int, int, int, int)"
23359703395,3456,23359706851,106950,23359813801,248196,358602,122,122,2,cudaLaunchKernel,1938    1    1, 256    1    1,"<unnamed>::step_kernel_boundary_z_faces(const double *, const double *, double *, const double *, const double *, int, int, int, int, int, int, int, double, double)"
23359706040,3666,23359709706,36209,23359745915,25280,65155,130,130,7,cudaLaunchKernel,1954    1    1, 256    1    1,"<unnamed>::step_kernel_boundary_x_faces(const double *, const double *, double *, const double *, const double *, int, int, int, int, int, int, int, double, double)"
23359710278,3566,23359713844,58311,23359772155,21984,83861,130,130,7,cudaLaunchKernel,1946    1    1, 256    1    1,"<unnamed>::step_kernel_boundary_y_faces(const double *, const double *, double *, const double *, const double *, int, int, int, int, int, int, int, double, double)"
23359714445,3508,23359717953,77274,23359795227,247007,327789,130,130,7,cudaLaunchKernel,1938    1    1, 256    1    1,"<unnamed>::step_kernel_boundary_z_faces(const double *, const double *, double *, const double *, const double *, int, int, int, int, int, int, int, double, double)"
23359736187,5450,23359741637,321416,23360063053,4448,331314,122,122,2,cudaLaunchKernel, 977    1    1, 256    1    1,"<unnamed>::pack_face_x(const double *, double *, int, int, int, int, int)"
23359742289,3436,23359745725,3665026,23363410751,5216,3673678,122,122,2,cudaLaunchKernel, 977    1    1, 256    1    1,"<unnamed>::pack_face_y(const double *, double *, int, int, int, int, int)"
23359746266,3447,23359749713,3667278,23363416991,23424,3694149,122,122,2,cudaLaunchKernel, 977    1    1, 256    1    1,"<unnamed>::pack_face_z(const double *, double *, int, int, int, int, int)"
23359746577,5069,23359751646,291740,23360043386,4640,301449,130,130,7,cudaLaunchKernel, 977    1    1, 256    1    1,"<unnamed>::pack_face_x(const double *, double *, int, int, int, int, int)"
23359750624,4188,23359754812,310993,23360065805,3348722,3663903,122,122,2,cudaLaunchKernel,  16  125  125,  32    4    4,"<unnamed>::step_kernel_interior(const double *, const double *, double *, const double *, const double *, int, int, int, int, int, int, int, double, double)"
23359752297,3287,23359755584,3629970,23363385554,6016,3639273,130,130,7,cudaLaunchKernel, 977    1    1, 256    1    1,"<unnamed>::pack_face_y(const double *, double *, int, int, int, int, int)"
23359756185,3226,23359759411,3633311,23363392722,23520,3660057,130,130,7,cudaLaunchKernel, 977    1    1, 256    1    1,"<unnamed>::pack_face_z(const double *, double *, int, int, int, int, int)"
23359760322,4008,23359764330,281936,23360046266,3343640,3629584,130,130,7,cudaLaunchKernel,  16  125  125,  32    4    4,"<unnamed>::step_kernel_interior(const double *, const double *, double *, const double *, const double *, int, int, int, int, int, int, int, double, double)"
23363662093,13435,23363675528,26550,23363702078,3712,43697,123,123,3,cudaLaunchKernel, 977    1    1, 256    1    1,"<unnamed>::unpack_face_x(const double *, double *, int, int, int, int, int)"
23363676320,4388,23363680708,29338,23363710046,3712,37438,123,123,3,cudaLaunchKernel, 977    1    1, 256    1    1,"<unnamed>::unpack_face_y(const double *, double *, int, int, int, int, int)"
23363681239,29415,23363710654,27713,23363738367,38528,95656,123,123,3,cudaLaunchKernel, 977    1    1, 256    1    1,"<unnamed>::unpack_face_z(const double *, double *, int, int, int, int, int)"
23363711766,4018,23363715784,62167,23363777951,25569,91754,123,123,3,cudaLaunchKernel,1954    1    1, 256    1    1,"<unnamed>::step_kernel_boundary_x_faces(const double *, const double *, double *, const double *, const double *, int, int, int, int, int, int, int, double, double)"
23363716396,4378,23363720774,83898,23363804672,21408,109684,123,123,3,cudaLaunchKernel,1946    1    1, 256    1    1,"<unnamed>::step_kernel_boundary_y_faces(const double *, const double *, double *, const double *, const double *, int, int, int, int, int, int, int, double, double)"
23363721616,3677,23363725293,101843,23363827136,246403,351923,123,123,3,cudaLaunchKernel,1938    1    1, 256    1    1,"<unnamed>::step_kernel_boundary_z_faces(const double *, const double *, double *, const double *, const double *, int, int, int, int, int, int, int, double, double)"
23363734740,4038,23363738778,335785,23364074563,4448,344271,123,123,3,cudaLaunchKernel, 977    1    1, 256    1    1,"<unnamed>::pack_face_x(const double *, double *, int, int, int, int, int)"
23363739389,3647,23363743036,3682292,23367425328,5312,3691251,123,123,3,cudaLaunchKernel, 977    1    1, 256    1    1,"<unnamed>::pack_face_y(const double *, double *, int, int, int, int, int)"
23363743727,9859,23363753586,3678142,23367431728,23425,3711426,123,123,3,cudaLaunchKernel, 977    1    1, 256    1    1,"<unnamed>::pack_face_z(const double *, double *, int, int, int, int, int)"
23363754558,3837,23363758395,318984,23364077379,3352877,3675698,123,123,3,cudaLaunchKernel,  16  125  125,  32    4    4,"<unnamed>::step_kernel_interior(const double *, const double *, double *, const double *, const double *, int, int, int, int, int, int, int, double, double)"
23373803215,12012,23373815227,9345,23373824572,3872,25229,120,120,0,cudaLaunchKernel, 977    1    1, 256    1    1,"<unnamed>::unpack_face_x(const double *, double *, int, int, int, int, int)"
23373815999,4558,23373820557,11503,23373832060,4320,20381,120,120,0,cudaLaunchKernel, 977    1    1, 256    1    1,"<unnamed>::unpack_face_y(const double *, double *, int, int, int, int, int)"
23373821128,3627,23373824755,12649,23373837404,35584,51860,120,120,0,cudaLaunchKernel, 977    1    1, 256    1    1,"<unnamed>::unpack_face_z(const double *, double *, int, int, int, int, int)"
23373825777,3737,23373829514,44562,23373874076,24768,73067,120,120,0,cudaLaunchKernel,1954    1    1, 256    1    1,"<unnamed>::step_kernel_boundary_x_faces(const double *, const double *, double *, const double *, const double *, int, int, int, int, int, int, int, double, double)"
23373830055,3597,23373833652,66120,23373899772,22048,91765,120,120,0,cudaLaunchKernel,1946    1    1, 256    1    1,"<unnamed>::step_kernel_boundary_y_faces(const double *, const double *, double *, const double *, const double *, int, int, int, int, int, int, int, double, double)"
23373834173,3777,23373837950,84990,23373922940,248128,336895,120,120,0,cudaLaunchKernel,1938    1    1, 256    1    1,"<unnamed>::step_kernel_boundary_z_faces(const double *, const double *, double *, const double *, const double *, int, int, int, int, int, int, int, double, double)"
23373872685,6141,23373878826,293170,23374171996,4608,303919,120,120,0,cudaLaunchKernel, 977    1    1, 256    1    1,"<unnamed>::pack_face_x(const double *, double *, int, int, int, int, int)"
23373879528,3636,23373883164,3630980,23377514144,5504,3640120,120,120,0,cudaLaunchKernel, 977    1    1, 256    1    1,"<unnamed>::pack_face_y(const double *, double *, int, int, int, int, int)"
23373883746,3567,23373887313,3633327,23377520640,23168,3660062,120,120,0,cudaLaunchKernel, 977    1    1, 256    1    1,"<unnamed>::pack_face_z(const double *, double *, int, int, int, int, int)"
23373888215,4378,23373892593,282283,23374174876,3343044,3629705,120,120,0,cudaLaunchKernel,  16  125  125,  32    4    4,"<unnamed>::step_kernel_interior(const double *, const double *, double *, const double *, const double *, int, int, int, int, int, int, int, double, double)"
23379119834,12072,23379131906,1213,23379133119,4064,17349,125,125,5,cudaLaunchKernel, 977    1    1, 256    1    1,"<unnamed>::unpack_face_x(const double *, double *, int, int, int, int, int)"
23379132678,4478,23379137156,3611,23379140767,4128,12217,125,125,5,cudaLaunchKernel, 977    1    1, 256    1    1,"<unnamed>::unpack_face_y(const double *, double *, int, int, int, int, int)"
23379133179,13265,23379146444,4072,23379150516,4224,21561,126,126,6,cudaLaunchKernel, 977    1    1, 256    1    1,"<unnamed>::unpack_face_x(const double *, double *, int, int, int, int, int)"
23379137737,4218,23379141955,4028,23379145983,36064,44310,125,125,5,cudaLaunchKernel, 977    1    1, 256    1    1,"<unnamed>::unpack_face_z(const double *, double *, int, int, int, int, int)"
23379140072,18205,23379158277,3778,23379162055,5056,27039,124,124,4,cudaLaunchKernel, 977    1    1, 256    1    1,"<unnamed>::unpack_face_x(const double *, double *, int, int, int, int, int)"
23379142897,4098,23379146995,36236,23379183231,24544,64878,125,125,5,cudaLaunchKernel,1954    1    1, 256    1    1,"<unnamed>::step_kernel_boundary_x_faces(const double *, const double *, double *, const double *, const double *, int, int, int, int, int, int, int, double, double)"
23379147095,4318,23379151413,5439,23379156852,3712,13469,126,126,6,cudaLaunchKernel, 977    1    1, 256    1    1,"<unnamed>::unpack_face_y(const double *, double *, int, int, int, int, int)"
23379147556,3827,23379151383,57640,23379209023,22913,84380,125,125,5,cudaLaunchKernel,1946    1    1, 256    1    1,"<unnamed>::step_kernel_boundary_y_faces(const double *, const double *, double *, const double *, const double *, int, int, int, int, int, int, int, double, double)"
23379151934,3638,23379155572,77612,23379233184,245953,327203,125,125,5,cudaLaunchKernel,1938    1    1, 256    1    1,"<unnamed>::step_kernel_boundary_z_faces(const double *, const double *, double *, const double *, const double *, int, int, int, int, int, int, int, double, double)"
23379152194,4380,23379156574,6582,23379163156,35456,46418,126,126,6,cudaLaunchKernel, 977    1    1, 256    1    1,"<unnamed>::unpack_face_z(const double *, double *, int, int, int, int, int)"
23379158327,4328,23379162655,37013,23379199668,24384,65725,126,126,6,cudaLaunchKernel,1954    1    1, 256    1    1,"<unnamed>::step_kernel_boundary_x_faces(const double *, const double *, double *, const double *, const double *, int, int, int, int, int, int, int, double, double)"
23379159910,7664,23379167574,6769,23379174343,4768,19201,124,124,4,cudaLaunchKernel, 977    1    1, 256    1    1,"<unnamed>::unpack_face_y(const double *, double *, int, int, int, int, int)"
23379163206,27812,23379191018,34090,23379225108,21376,83278,126,126,6,cudaLaunchKernel,1946    1    1, 256    1    1,"<unnamed>::step_kernel_boundary_y_faces(const double *, const double *, double *, const double *, const double *, int, int, int, int, int, int, int, double, double)"
23379168406,6232,23379174638,7129,23379181767,39136,52497,124,124,4,cudaLaunchKernel, 977    1    1, 256    1    1,"<unnamed>::unpack_face_z(const double *, double *, int, int, int, int, int)"
23379176611,5481,23379182092,40027,23379222119,25408,70916,124,124,4,cudaLaunchKernel,1954    1    1, 256    1    1,"<unnamed>::step_kernel_boundary_x_faces(const double *, const double *, double *, const double *, const double *, int, int, int, int, int, int, int, double, double)"
23379182793,4318,23379187111,61856,23379248967,22752,88926,124,124,4,cudaLaunchKernel,1946    1    1, 256    1    1,"<unnamed>::step_kernel_boundary_y_faces(const double *, const double *, double *, const double *, const double *, int, int, int, int, int, int, int, double, double)"
23379187832,4459,23379192291,80580,23379272871,243137,328176,124,124,4,cudaLaunchKernel,1938    1    1, 256    1    1,"<unnamed>::step_kernel_boundary_z_faces(const double *, const double *, double *, const double *, const double *, int, int, int, int, int, int, int, double, double)"
23379190668,5550,23379196218,283975,23379480193,4608,294133,125,125,5,cudaLaunchKernel, 977    1    1, 256    1    1,"<unnamed>::pack_face_x(const double *, double *, int, int, int, int, int)"
23379191599,3707,23379195306,52458,23379247764,247904,304069,126,126,6,cudaLaunchKernel,1938    1    1, 256    1    1,"<unnamed>::step_kernel_boundary_z_faces(const double *, const double *, double *, const double *, const double *, int, int, int, int, int, int, int, double, double)"
23379197150,3717,23379200867,3624588,23382825455,6784,3635089,125,125,5,cudaLaunchKernel, 977    1    1, 256    1    1,"<unnamed>::pack_face_y(const double *, double *, int, int, int, int, int)"
23379201408,3807,23379205215,3628304,23382833519,23552,3655663,125,125,5,cudaLaunchKernel, 977    1    1, 256    1    1,"<unnamed>::pack_face_z(const double *, double *, int, int, int, int, int)"
23379206016,4479,23379210495,272578,23379483073,3346862,3623919,125,125,5,cudaLaunchKernel,  16  125  125,  32    4    4,"<unnamed>::step_kernel_interior(const double *, const double *, double *, const double *, const double *, int, int, int, int, int, int, int, double, double)"
23379225653,6092,23379231745,264947,23379496692,4768,275807,126,126,6,cudaLaunchKernel, 977    1    1, 256    1    1,"<unnamed>::pack_face_x(const double *, double *, int, int, int, int, int)"
23379230653,7904,23379238557,3632177,23382870734,6016,3646097,124,124,4,cudaLaunchKernel, 977    1    1, 256    1    1,"<unnamed>::pack_face_x(const double *, double *, int, int, int, int, int)"
23379232336,3677,23379236013,3603555,23382839568,7520,3614752,126,126,6,cudaLaunchKernel, 977    1    1, 256    1    1,"<unnamed>::pack_face_y(const double *, double *, int, int, int, int, int)"
23379236574,3586,23379240160,3607952,23382848112,23008,3634546,126,126,6,cudaLaunchKernel, 977    1    1, 256    1    1,"<unnamed>::pack_face_z(const double *, double *, int, int, int, int, int)"
23379240070,4870,23379244940,3633186,23382878126,5472,3643528,124,124,4,cudaLaunchKernel, 977    1    1, 256    1    1,"<unnamed>::pack_face_y(const double *, double *, int, int, int, int, int)"
23379240982,4189,23379245171,254529,23379499700,3346524,3605242,126,126,6,cudaLaunchKernel,  16  125  125,  32    4    4,"<unnamed>::step_kernel_interior(const double *, const double *, double *, const double *, const double *, int, int, int, int, int, int, int, double, double)"
23379245642,4388,23379250030,3635104,23382885134,23392,3662884,124,124,4,cudaLaunchKernel, 977    1    1, 256    1    1,"<unnamed>::pack_face_z(const double *, double *, int, int, int, int, int)"
23379251212,6883,23379258095,259353,23379517448,3357926,3624162,124,124,4,cudaLaunchKernel,  16  125  125,  32    4    4,"<unnamed>::step_kernel_interior(const double *, const double *, double *, const double *, const double *, int, int, int, int, int, int, int, double, double)"
23382956091,10890,23382966981,29147,23382996128,3744,43781,122,122,2,cudaLaunchKernel, 977    1    1, 256    1    1,"<unnamed>::unpack_face_x(const double *, double *, int, int, int, int, int)"
23382967732,5241,23382972973,31571,23383004544,3744,40556,122,122,2,cudaLaunchKernel, 977    1    1, 256    1    1,"<unnamed>::unpack_face_y(const double *, double *, int, int, int, int, int)"
23382973564,3597,23382977161,32855,23383010016,36993,73445,122,122,2,cudaLaunchKernel, 977    1    1, 256    1    1,"<unnamed>::unpack_face_z(const double *, double *, int, int, int, int, int)"
23382978003,3767,23382981770,66327,23383048097,25312,95406,122,122,2,cudaLaunchKernel,1954    1    1, 256    1    1,"<unnamed>::step_kernel_boundary_x_faces(const double *, const double *, double *, const double *, const double *, int, int, int, int, int, int, int, double, double)"
23382982351,3607,23382985958,88507,23383074465,22240,114354,122,122,2,cudaLaunchKernel,1946    1    1, 256    1    1,"<unnamed>::step_kernel_boundary_y_faces(const double *, const double *, double *, const double *, const double *, int, int, int, int, int, int, int, double, double)"
23382982541,10820,23382993361,10220,23383003581,3680,24720,121,121,1,cudaLaunchKernel, 977    1    1, 256    1    1,"<unnamed>::unpack_face_x(const double *, double *, int, int, int, int, int)"
23382986519,3887,23382990406,107355,23383097761,247908,359150,122,122,2,cudaLaunchKernel,1938    1    1, 256    1    1,"<unnamed>::step_kernel_boundary_z_faces(const double *, const double *, double *, const double *, const double *, int, int, int, int, int, int, int, double, double)"
23382994213,4569,23382998782,12415,23383011197,4160,21144,121,121,1,cudaLaunchKernel, 977    1    1, 256    1    1,"<unnamed>::unpack_face_y(const double *, double *, int, int, int, int, int)"
23382999393,3997,23383003390,13183,23383016573,37088,54268,121,121,1,cudaLaunchKernel, 977    1    1, 256    1    1,"<unnamed>::unpack_face_z(const double *, double *, int, int, int, int, int)"
23383000264,9458,23383009722,1452,23383011174,4224,15134,130,130,7,cudaLaunchKernel, 977    1    1, 256    1    1,"<unnamed>::unpack_face_x(const double *, double *, int, int, int, int, int)"
23383004372,3797,23383008169,46420,23383054589,25408,75625,121,121,1,cudaLaunchKernel,1954    1    1, 256    1    1,"<unnamed>::step_kernel_boundary_x_faces(const double *, const double *, double *, const double *, const double *, int, int, int, int, int, int, int, double, double)"
23383008790,3587,23383012377,68676,23383081053,22080,94343,121,121,1,cudaLaunchKernel,1946    1    1, 256    1    1,"<unnamed>::step_kernel_boundary_y_faces(const double *, const double *, double *, const double *, const double *, int, int, int, int, int, int, int, double, double)"
23383010403,4198,23383014601,3197,23383017798,3616,11011,130,130,7,cudaLaunchKernel, 977    1    1, 256    1    1,"<unnamed>::unpack_face_y(const double *, double *, int, int, int, int, int)"
23383011946,4699,23383016645,3668945,23386685590,5152,3678796,122,122,2,cudaLaunchKernel, 977    1    1, 256    1    1,"<unnamed>::pack_face_x(const double *, double *, int, int, int, int, int)"
23383013028,3717,23383016745,87348,23383104093,247138,338203,121,121,1,cudaLaunchKernel,1938    1    1, 256    1    1,"<unnamed>::step_kernel_boundary_z_faces(const double *, const double *, double *, const double *, const double *, int, int, int, int, int, int, int, double, double)"
23383015182,3477,23383018659,3811,23383022470,36992,44280,130,130,7,cudaLaunchKernel, 977    1    1, 256    1    1,"<unnamed>::unpack_face_z(const double *, double *, int, int, int, int, int)"
23383017286,3437,23383020723,3671267,23386691990,5152,3679856,122,122,2,cudaLaunchKernel, 977    1    1, 256    1    1,"<unnamed>::pack_face_y(const double *, double *, int, int, int, int, int)"
23383019541,3626,23383023167,37287,23383060454,24767,65680,130,130,7,cudaLaunchKernel,1954    1    1, 256    1    1,"<unnamed>::step_kernel_boundary_x_faces(const double *, const double *, double *, const double *, const double *, int, int, int, int, int, int, int, double, double)"
23383021324,3466,23383024790,3673601,23386698391,22976,3700043,122,122,2,cudaLaunchKernel, 977    1    1, 256    1    1,"<unnamed>::pack_face_z(const double *, double *, int, int, int, int, int)"
23383023748,3407,23383027155,59186,23383086341,22496,85089,130,130,7,cudaLaunchKernel,1946    1    1, 256    1    1,"<unnamed>::step_kernel_boundary_y_faces(const double *, const double *, double *, const double *, const double *, int, int, int, int, int, int, int, double, double)"
23383025612,3927,23383029539,317186,23383346725,3343153,3664266,122,122,2,cudaLaunchKernel,  16  125  125,  32    4    4,"<unnamed>::step_kernel_interior(const double *, const double *, double *, const double *, const double *, int, int, int, int, int, int, int, double, double)"
23383027726,3647,23383031373,78712,23383110085,247584,329943,130,130,7,cudaLaunchKernel,1938    1    1, 256    1    1,"<unnamed>::step_kernel_boundary_z_faces(const double *, const double *, double *, const double *, const double *, int, int, int, int, int, int, int, double, double)"
23383034449,4508,23383038957,3658086,23386697043,5280,3667874,121,121,1,cudaLaunchKernel, 977    1    1, 256    1    1,"<unnamed>::pack_face_x(const double *, double *, int, int, int, int, int)"
23383039628,3627,23383043255,3660092,23386703347,4672,3668391,121,121,1,cudaLaunchKernel, 977    1    1, 256    1    1,"<unnamed>::pack_face_y(const double *, double *, int, int, int, int, int)"
23383043846,4338,23383048184,3660731,23386708915,24768,3689837,121,121,1,cudaLaunchKernel, 977    1    1, 256    1    1,"<unnamed>::pack_face_z(const double *, double *, int, int, int, int, int)"
23383046952,3937,23383050889,3638644,23386689533,7584,3650165,130,130,7,cudaLaunchKernel, 977    1    1, 256    1    1,"<unnamed>::pack_face_x(const double *, double *, int, int, int, int, int)"
23383049206,4148,23383053354,298901,23383352255,3349684,3652733,121,121,1,cudaLaunchKernel,  16  125  125,  32    4    4,"<unnamed>::step_kernel_interior(const double *, const double *, double *, const double *, const double *, int, int, int, int, int, int, int, double, double)"
23383051521,3376,23383054897,3643308,23386698205,4992,3651676,130,130,7,cudaLaunchKernel, 977    1    1, 256    1    1,"<unnamed>::pack_face_y(const double *, double *, int, int, int, int, int)"
23383055518,3236,23383058754,3645819,23386704573,23584,3672639,130,130,7,cudaLaunchKernel, 977    1    1, 256    1    1,"<unnamed>::pack_face_z(const double *, double *, int, int, int, int, int)"
23383059566,3888,23383063454,295239,23383358693,3335032,3634159,130,130,7,cudaLaunchKernel,  16  125  125,  32    4    4,"<unnamed>::step_kernel_interior(const double *, const double *, double *, const double *, const double *, int, int, int, int, int, int, int, double, double)"
23386868591,11622,23386880213,27520,23386907733,3872,43014,123,123,3,cudaLaunchKernel, 977    1    1, 256    1    1,"<unnamed>::unpack_face_x(const double *, double *, int, int, int, int, int)"
23386881016,4548,23386885564,29753,23386915317,3744,38045,123,123,3,cudaLaunchKernel, 977    1    1, 256    1    1,"<unnamed>::unpack_face_y(const double *, double *, int, int, int, int, int)"
23386886155,3787,23386889942,30208,23386920150,37376,71371,123,123,3,cudaLaunchKernel, 977    1    1, 256    1    1,"<unnamed>::unpack_face_z(const double *, double *, int, int, int, int, int)"
23386890844,4819,23386895663,64199,23386959862,25472,94490,123,123,3,cudaLaunchKernel,1954    1    1, 256    1    1,"<unnamed>::step_kernel_boundary_x_faces(const double *, const double *, double *, const double *, const double *, int, int, int, int, int, int, int, double, double)"
23386896204,3887,23386900091,86299,23386986390,21665,111851,123,123,3,cudaLaunchKernel,1946    1    1, 256    1    1,"<unnamed>::step_kernel_boundary_y_faces(const double *, const double *, double *, const double *, const double *, int, int, int, int, int, int, int, double, double)"
23386900743,3887,23386904630,104449,23387009079,246531,354867,123,123,3,cudaLaunchKernel,1938    1    1, 256    1    1,"<unnamed>::step_kernel_boundary_z_faces(const double *, const double *, double *, const double *, const double *, int, int, int, int, int, int, int, double, double)"
23386912785,3888,23386916673,3667014,23390583687,4608,3675510,123,123,3,cudaLaunchKernel, 977    1    1, 256    1    1,"<unnamed>::pack_face_x(const double *, double *, int, int, int, int, int)"
23386917374,3537,23386920911,3669016,23390589927,4768,3677321,123,123,3,cudaLaunchKernel, 977    1    1, 256    1    1,"<unnamed>::pack_face_y(const double *, double *, int, int, int, int, int)"
23386921482,3576,23386925058,3670821,23390595879,23936,3698333,123,123,3,cudaLaunchKernel, 977    1    1, 256    1    1,"<unnamed>::pack_face_z(const double *, double *, int, int, int, int, int)"
23386925880,3877,23386929757,327101,23387256858,3330925,3661903,123,123,3,cudaLaunchKernel,  16  125  125,  32    4    4,"<unnamed>::step_kernel_interior(const double *, const double *, double *, const double *, const double *, int, int, int, int, int, int, int, double, double)"
23403666981,11422,23403678403,9500,23403687903,3808,24730,120,120,0,cudaLaunchKernel, 977    1    1, 256    1    1,"<unnamed>::unpack_face_x(const double *, double *, int, int, int, int, int)"
23403672532,12484,23403685016,4449,23403689465,4160,21093,126,126,6,cudaLaunchKernel, 977    1    1, 256    1    1,"<unnamed>::unpack_face_x(const double *, double *, int, int, int, int, int)"
23403675457,11573,23403687030,1109,23403688139,4352,17034,125,125,5,cudaLaunchKernel, 977    1    1, 256    1    1,"<unnamed>::unpack_face_x(const double *, double *, int, int, int, int, int)"
23403679124,4158,23403683282,11789,23403695071,4320,20267,120,120,0,cudaLaunchKernel, 977    1    1, 256    1    1,"<unnamed>::unpack_face_y(const double *, double *, int, int, int, int, int)"
23403679295,15029,23403694324,4227,23403698551,4960,24216,124,124,4,cudaLaunchKernel, 977    1    1, 256    1    1,"<unnamed>::unpack_face_x(const double *, double *, int, int, int, int, int)"
23403683854,3647,23403687501,12978,23403700479,36160,52785,120,120,0,cudaLaunchKernel, 977    1    1, 256    1    1,"<unnamed>::unpack_face_z(const double *, double *, int, int, int, int, int)"
23403685768,4658,23403690426,6879,23403697305,3712,15249,126,126,6,cudaLaunchKernel, 977    1    1, 256    1    1,"<unnamed>::unpack_face_y(const double *, double *, int, int, int, int, int)"
23403687741,4649,23403692390,3525,23403695915,4160,12334,125,125,5,cudaLaunchKernel, 977    1    1, 256    1    1,"<unnamed>::unpack_face_y(const double *, double *, int, int, int, int, int)"
23403688523,3747,23403692270,45489,23403737759,25024,74260,120,120,0,cudaLaunchKernel,1954    1    1, 256    1    1,"<unnamed>::step_kernel_boundary_x_faces(const double *, const double *, double *, const double *, const double *, int, int, int, int, int, int, int, double, double)"
23403691258,4048,23403695306,6863,23403702169,35872,46783,126,126,6,cudaLaunchKernel, 977    1    1, 256    1    1,"<unnamed>::unpack_face_z(const double *, double *, int, int, int, int, int)"
23403692821,3617,23403696438,67401,23403763839,21440,92458,120,120,0,cudaLaunchKernel,1946    1    1, 256    1    1,"<unnamed>::step_kernel_boundary_y_faces(const double *, const double *, double *, const double *, const double *, int, int, int, int, int, int, int, double, double)"
23403692941,3737,23403696678,4485,23403701163,34752,42974,125,125,5,cudaLaunchKernel, 977    1    1, 256    1    1,"<unnamed>::unpack_face_z(const double *, double *, int, int, int, int, int)"
23403695616,4809,23403700425,7118,23403707543,4512,16439,124,124,4,cudaLaunchKernel, 977    1    1, 256    1    1,"<unnamed>::unpack_face_y(const double *, double *, int, int, int, int, int)"
23403696227,4008,23403700235,38958,23403739193,24416,67382,126,126,6,cudaLaunchKernel,1954    1    1, 256    1    1,"<unnamed>::step_kernel_boundary_x_faces(const double *, const double *, double *, const double *, const double *, int, int, int, int, int, int, int, double, double)"
23403696999,3546,23403700545,85790,23403786335,248768,338104,120,120,0,cudaLaunchKernel,1938    1    1, 256    1    1,"<unnamed>::step_kernel_boundary_z_faces(const double *, const double *, double *, const double *, const double *, int, int, int, int, int, int, int, double, double)"
23403697550,3947,23403701497,35442,23403736939,24864,64253,125,125,5,cudaLaunchKernel,1954    1    1, 256    1    1,"<unnamed>::step_kernel_boundary_x_faces(const double *, const double *, double *, const double *, const double *, int, int, int, int, int, int, int, double, double)"
23403700786,3897,23403704683,59982,23403764665,21760,85639,126,126,6,cudaLaunchKernel,1946    1    1, 256    1    1,"<unnamed>::step_kernel_boundary_y_faces(const double *, const double *, double *, const double *, const double *, int, int, int, int, int, int, int, double, double)"
23403701096,5330,23403706426,6941,23403713367,38848,51119,124,124,4,cudaLaunchKernel, 977    1    1, 256    1    1,"<unnamed>::unpack_face_z(const double *, double *, int, int, int, int, int)"
23403702158,4208,23403706366,56461,23403762827,21248,81917,125,125,5,cudaLaunchKernel,1946    1    1, 256    1    1,"<unnamed>::step_kernel_boundary_y_faces(const double *, const double *, double *, const double *, const double *, int, int, int, int, int, int, int, double, double)"
23403705314,3587,23403708901,78708,23403787609,248896,331191,126,126,6,cudaLaunchKernel,1938    1    1, 256    1    1,"<unnamed>::step_kernel_boundary_z_faces(const double *, const double *, double *, const double *, const double *, int, int, int, int, int, int, int, double, double)"
23403707038,3917,23403710955,74176,23403785131,247489,325582,125,125,5,cudaLaunchKernel,1938    1    1, 256    1    1,"<unnamed>::step_kernel_boundary_z_faces(const double *, const double *, double *, const double *, const double *, int, int, int, int, int, int, int, double, double)"
23403708400,4268,23403712668,40923,23403753591,25056,70247,124,124,4,cudaLaunchKernel,1954    1    1, 256    1    1,"<unnamed>::step_kernel_boundary_x_faces(const double *, const double *, double *, const double *, const double *, int, int, int, int, int, int, int, double, double)"
23403713369,3808,23403717177,62846,23403780023,21984,88638,124,124,4,cudaLaunchKernel,1946    1    1, 256    1    1,"<unnamed>::step_kernel_boundary_y_faces(const double *, const double *, double *, const double *, const double *, int, int, int, int, int, int, int, double, double)"
23403717728,4929,23403722657,80822,23403803479,241569,327320,124,124,4,cudaLaunchKernel,1938    1    1, 256    1    1,"<unnamed>::step_kernel_boundary_z_faces(const double *, const double *, double *, const double *, const double *, int, int, int, int, int, int, int, double, double)"
23403731744,5039,23403736783,3637364,23407374147,4832,3647235,120,120,0,cudaLaunchKernel, 977    1    1, 256    1    1,"<unnamed>::pack_face_x(const double *, double *, int, int, int, int, int)"
23403732575,5100,23403737675,3663667,23407401342,6208,3674975,124,124,4,cudaLaunchKernel, 977    1    1, 256    1    1,"<unnamed>::pack_face_x(const double *, double *, int, int, int, int, int)"
23403735882,5410,23403741292,3636330,23407377622,6656,3648396,126,126,6,cudaLaunchKernel, 977    1    1, 256    1    1,"<unnamed>::pack_face_x(const double *, double *, int, int, int, int, int)"
23403737485,3596,23403741081,3639146,23407380227,4928,3647670,120,120,0,cudaLaunchKernel, 977    1    1, 256    1    1,"<unnamed>::pack_face_y(const double *, double *, int, int, int, int, int)"
23403738266,4649,23403742915,3665883,23407408798,5440,3675972,124,124,4,cudaLaunchKernel, 977    1    1, 256    1    1,"<unnamed>::pack_face_y(const double *, double *, int, int, int, int, int)"
23403741713,3546,23403745259,3640920,23407386179,23136,3667602,120,120,0,cudaLaunchKernel, 977    1    1, 256    1    1,"<unnamed>::pack_face_z(const double *, double *, int, int, int, int, int)"
23403741863,3877,23403745740,3639626,23407385366,5216,3648719,126,126,6,cudaLaunchKernel, 977    1    1, 256    1    1,"<unnamed>::pack_face_y(const double *, double *, int, int, int, int, int)"
23403743446,3907,23403747353,3668197,23407415550,23232,3695336,124,124,4,cudaLaunchKernel, 977    1    1, 256    1    1,"<unnamed>::pack_face_z(const double *, double *, int, int, int, int, int)"
23403743686,7144,23403750830,3621997,23407372827,7936,3637077,125,125,5,cudaLaunchKernel, 977    1    1, 256    1    1,"<unnamed>::pack_face_x(const double *, double *, int, int, int, int, int)"
23403746211,4248,23403750459,285604,23404036063,3342148,3632000,120,120,0,cudaLaunchKernel,  16  125  125,  32    4    4,"<unnamed>::step_kernel_interior(const double *, const double *, double *, const double *, const double *, int, int, int, int, int, int, int, double, double)"
23403746261,3507,23403749768,3642094,23407391862,22623,3668224,126,126,6,cudaLaunchKernel, 977    1    1, 256    1    1,"<unnamed>::pack_face_z(const double *, double *, int, int, int, int, int)"
23403748175,4027,23403752202,294062,23404046264,3359398,3657487,124,124,4,cudaLaunchKernel,  16  125  125,  32    4    4,"<unnamed>::step_kernel_interior(const double *, const double *, double *, const double *, const double *, int, int, int, int, int, int, int, double, double)"
23403750609,4268,23403754877,282940,23404037817,3346077,3633285,126,126,6,cudaLaunchKernel,  16  125  125,  32    4    4,"<unnamed>::step_kernel_interior(const double *, const double *, double *, const double *, const double *, int, int, int, int, int, int, int, double, double)"
23403751541,3727,23403755268,3626583,23407381851,4768,3635078,125,125,5,cudaLaunchKernel, 977    1    1, 256    1    1,"<unnamed>::pack_face_y(const double *, double *, int, int, int, int, int)"
23403755959,3477,23403759436,3628239,23407387675,22848,3654564,125,125,5,cudaLaunchKernel, 977    1    1, 256    1    1,"<unnamed>::pack_face_z(const double *, double *, int, int, int, int, int)"
23403760227,4338,23403764565,269143,23404033708,3343599,3617080,125,125,5,cudaLaunchKernel,  16  125  125,  32    4    4,"<unnamed>::step_kernel_interior(const double *, const double *, double *, const double *, const double *, int, int, int, int, int, int, int, double, double)"
23407529318,10730,23407540048,30107,23407570155,3744,44581,122,122,2,cudaLaunchKernel, 977    1    1, 256    1    1,"<unnamed>::unpack_face_x(const double *, double *, int, int, int, int, int)"
23407537544,10910,23407548454,10539,23407558993,3712,25161,121,121,1,cudaLaunchKernel, 977    1    1, 256    1    1,"<unnamed>::unpack_face_x(const double *, double *, int, int, int, int, int)"
23407540820,4158,23407544978,32537,23407577515,3808,40503,122,122,2,cudaLaunchKernel, 977    1    1, 256    1    1,"<unnamed>::unpack_face_y(const double *, double *, int, int, int, int, int)"
23407545569,3576,23407549145,33298,23407582443,38017,74891,122,122,2,cudaLaunchKernel, 977    1    1, 256    1    1,"<unnamed>::unpack_face_z(const double *, double *, int, int, int, int, int)"
23407549236,4608,23407553844,12701,23407566545,4352,21661,121,121,1,cudaLaunchKernel, 977    1    1, 256    1    1,"<unnamed>::unpack_face_y(const double *, double *, int, int, int, int, int)"
23407550007,3577,23407553584,68060,23407621644,25632,97269,122,122,2,cudaLaunchKernel,1954    1    1, 256    1    1,"<unnamed>::step_kernel_boundary_x_faces(const double *, const double *, double *, const double *, const double *, int, int, int, int, int, int, int, double, double)"
23407554195,3577,23407557772,90496,23407648268,22016,116089,122,122,2,cudaLaunchKernel,1946    1    1, 256    1    1,"<unnamed>::step_kernel_boundary_y_faces(const double *, const double *, double *, const double *, const double *, int, int, int, int, int, int, int, double, double)"
23407554435,3727,23407558162,13759,23407571921,37121,54607,121,121,1,cudaLaunchKernel, 977    1    1, 256    1    1,"<unnamed>::unpack_face_z(const double *, double *, int, int, int, int, int)"
23407558373,3566,23407561939,109465,23407671404,247812,360843,122,122,2,cudaLaunchKernel,1938    1    1, 256    1    1,"<unnamed>::step_kernel_boundary_z_faces(const double *, const double *, double *, const double *, const double *, int, int, int, int, int, int, int, double, double)"
23407559084,4118,23407563202,46864,23407610066,24864,75846,121,121,1,cudaLaunchKernel,1954    1    1, 256    1    1,"<unnamed>::step_kernel_boundary_x_faces(const double *, const double *, double *, const double *, const double *, int, int, int, int, int, int, int, double, double)"
23407561689,9939,23407571628,1186,23407572814,4096,15221,130,130,7,cudaLaunchKernel, 977    1    1, 256    1    1,"<unnamed>::unpack_face_x(const double *, double *, int, int, int, int, int)"
23407564304,3837,23407568141,67813,23407635954,22400,94050,121,121,1,cudaLaunchKernel,1946    1    1, 256    1    1,"<unnamed>::step_kernel_boundary_y_faces(const double *, const double *, double *, const double *, const double *, int, int, int, int, int, int, int, double, double)"
23407568792,3737,23407572529,86945,23407659474,247297,337979,121,121,1,cudaLaunchKernel,1938    1    1, 256    1    1,"<unnamed>::step_kernel_boundary_z_faces(const double *, const double *, double *, const double *, const double *, int, int, int, int, int, int, int, double, double)"
23407572379,4007,23407576386,3372,23407579758,3808,11187,130,130,7,cudaLaunchKernel, 977    1    1, 256    1    1,"<unnamed>::unpack_face_y(const double *, double *, int, int, int, int, int)"
23407576958,14047,23407591005,2193,23407593198,35935,52175,130,130,7,cudaLaunchKernel, 977    1    1, 256    1    1,"<unnamed>::unpack_face_z(const double *, double *, int, int, int, int, int)"
23407588740,5130,23407593870,326402,23407920272,4608,336140,122,122,2,cudaLaunchKernel, 977    1    1, 256    1    1,"<unnamed>::pack_face_x(const double *, double *, int, int, int, int, int)"
23407592047,3697,23407595744,34605,23407630349,24320,62622,130,130,7,cudaLaunchKernel,1954    1    1, 256    1    1,"<unnamed>::step_kernel_boundary_x_faces(const double *, const double *, double *, const double *, const double *, int, int, int, int, int, int, int, double, double)"
23407594562,3476,23407598038,3666539,23411264577,5408,3675423,122,122,2,cudaLaunchKernel, 977    1    1, 256    1    1,"<unnamed>::pack_face_y(const double *, double *, int, int, int, int, int)"
23407596305,3346,23407599651,56106,23407655757,22112,81564,130,130,7,cudaLaunchKernel,1946    1    1, 256    1    1,"<unnamed>::step_kernel_boundary_y_faces(const double *, const double *, double *, const double *, const double *, int, int, int, int, int, int, int, double, double)"
23407598589,3457,23407602046,3669187,23411271233,23681,3696325,122,122,2,cudaLaunchKernel, 977    1    1, 256    1    1,"<unnamed>::pack_face_z(const double *, double *, int, int, int, int, int)"
23407600082,5099,23407605181,3641227,23411246408,4640,3650966,121,121,1,cudaLaunchKernel, 977    1    1, 256    1    1,"<unnamed>::pack_face_x(const double *, double *, int, int, int, int, int)"
23407600252,3477,23407603729,75260,23407678989,247584,326321,130,130,7,cudaLaunchKernel,1938    1    1, 256    1    1,"<unnamed>::step_kernel_boundary_z_faces(const double *, const double *, double *, const double *, const double *, int, int, int, int, int, int, int, double, double)"
23407602977,3968,23407606945,316207,23407923152,3346257,3666432,122,122,2,cudaLaunchKernel,  16  125  125,  32    4    4,"<unnamed>::step_kernel_interior(const double *, const double *, double *, const double *, const double *, int, int, int, int, int, int, int, double, double)"
23407605933,3727,23407609660,3642412,23411252072,4864,3651003,121,121,1,cudaLaunchKernel, 977    1    1, 256    1    1,"<unnamed>::pack_face_y(const double *, double *, int, int, int, int, int)"
23407610311,3687,23407613998,3643898,23411257896,23200,3670785,121,121,1,cudaLaunchKernel, 977    1    1, 256    1    1,"<unnamed>::pack_face_z(const double *, double *, int, int, int, int, int)"
23407614980,5210,23407620190,287605,23407907795,3342869,3635684,121,121,1,cudaLaunchKernel,  16  125  125,  32    4    4,"<unnamed>::step_kernel_interior(const double *, const double *, double *, const double *, const double *, int, int, int, int, int, int, int, double, double)"
23407620701,4157,23407624858,302771,23407927629,4448,311376,130,130,7,cudaLaunchKernel, 977    1    1, 256    1    1,"<unnamed>::pack_face_x(const double *, double *, int, int, int, int, int)"
23407625510,3266,23407628776,3633117,23411261893,7072,3643455,130,130,7,cudaLaunchKernel, 977    1    1, 256    1    1,"<unnamed>::pack_face_y(const double *, double *, int, int, int, int, int)"
23407629317,3707,23407633024,3637733,23411270757,25568,3667008,130,130,7,cudaLaunchKernel, 977    1    1, 256    1    1,"<unnamed>::pack_face_z(const double *, double *, int, int, int, int, int)"
23407633865,3627,23407637492,292953,23407930445,3338104,3634684,130,130,7,cudaLaunchKernel,  16  125  125,  32    4    4,"<unnamed>::step_kernel_interior(const double *, const double *, double *, const double *, const double *, int, int, int, int, int, int, int, double, double)"
23411395040,11232,23411406272,27966,23411434238,3616,42814,123,123,3,cudaLaunchKernel, 977    1    1, 256    1    1,"<unnamed>::unpack_face_x(const double *, double *, int, int, int, int, int)"
23411406934,4217,23411411151,30351,23411441502,3744,38312,123,123,3,cudaLaunchKernel, 977    1    1, 256    1    1,"<unnamed>::unpack_face_y(const double *, double *, int, int, int, int, int)"
23411411733,3807,23411415540,30762,23411446302,38241,72810,123,123,3,cudaLaunchKernel, 977    1    1, 256    1    1,"<unnamed>::unpack_face_z(const double *, double *, int, int, int, int, int)"
23411416401,4849,23411421250,64413,23411485663,25504,94766,123,123,3,cudaLaunchKernel,1954    1    1, 256    1    1,"<unnamed>::step_kernel_boundary_x_faces(const double *, const double *, double *, const double *, const double *, int, int, int, int, int, int, int, double, double)"
23411421741,3908,23411425649,86734,23411512383,21441,112083,123,123,3,cudaLaunchKernel,1946    1    1, 256    1    1,"<unnamed>::step_kernel_boundary_y_faces(const double *, const double *, double *, const double *, const double *, int, int, int, int, int, int, int, double, double)"
23411426270,3777,23411430047,104833,23411534880,246531,355141,123,123,3,cudaLaunchKernel,1938    1    1, 256    1    1,"<unnamed>::step_kernel_boundary_z_faces(const double *, const double *, double *, const double *, const double *, int, int, int, int, int, int, int, double, double)"
23411438102,3897,23411441999,3683137,23415125136,6208,3693242,123,123,3,cudaLaunchKernel, 977    1    1, 256    1    1,"<unnamed>::pack_face_x(const double *, double *, int, int, int, int, int)"
23411442540,3537,23411446077,3686227,23415132304,4768,3694532,123,123,3,cudaLaunchKernel, 977    1    1, 256    1    1,"<unnamed>::pack_face_y(const double *, double *, int, int, int, int, int)"
23411446708,3667,23411450375,3687913,23415138288,23648,3715228,123,123,3,cudaLaunchKernel, 977    1    1, 256    1    1,"<unnamed>::pack_face_z(const double *, double *, int, int, int, int, int)"
23411451247,3697,23411454944,327459,23411782403,3348557,3679713,123,123,3,cudaLaunchKernel,  16  125  125,  32    4    4,"<unnamed>::step_kernel_interior(const double *, const double *, double *, const double *, const double *, int, int, int, int, int, int, int, double, double)"
23424834904,11231,23424846135,10209,23424856344,3776,25216,120,120,0,cudaLaunchKernel, 977    1    1, 256    1    1,"<unnamed>::unpack_face_x(const double *, double *, int, int, int, int, int)"
23424846807,3888,23424850695,12081,23424862776,4352,20321,120,120,0,cudaLaunchKernel, 977    1    1, 256    1    1,"<unnamed>::unpack_face_y(const double *, double *, int, int, int, int, int)"
23424851236,3577,23424854813,13243,23424868056,35232,52052,120,120,0,cudaLaunchKernel, 977    1    1, 256    1    1,"<unnamed>::unpack_face_z(const double *, double *, int, int, int, int, int)"
23424855775,3807,23424859582,44666,23424904248,24416,72889,120,120,0,cudaLaunchKernel,1954    1    1, 256    1    1,"<unnamed>::step_kernel_boundary_x_faces(const double *, const double *, double *, const double *, const double *, int, int, int, int, int, int, int, double, double)"
23424860123,3797,23424863920,65736,23424929656,21824,91357,120,120,0,cudaLaunchKernel,1946    1    1, 256    1    1,"<unnamed>::step_kernel_boundary_y_faces(const double *, const double *, double *, const double *, const double *, int, int, int, int, int, int, int, double, double)"
23424864431,3506,23424867937,84663,23424952600,247936,336105,120,120,0,cudaLaunchKernel,1938    1    1, 256    1    1,"<unnamed>::step_kernel_boundary_z_faces(const double *, const double *, double *, const double *, const double *, int, int, int, int, int, int, int, double, double)"
23424894447,4779,23424899226,3651458,23428550684,4800,3661037,120,120,0,cudaLaunchKernel, 977    1    1, 256    1    1,"<unnamed>::pack_face_x(const double *, double *, int, int, int, int, int)"
23424899907,3567,23424903474,3652970,23428556444,4704,3661241,120,120,0,cudaLaunchKernel, 977    1    1, 256    1    1,"<unnamed>::pack_face_y(const double *, double *, int, int, int, int, int)"
23424904045,3657,23424907702,3654534,23428562236,23488,3681679,120,120,0,cudaLaunchKernel, 977    1    1, 256    1    1,"<unnamed>::pack_face_z(const double *, double *, int, int, int, int, int)"
23424908584,4167,23424912751,288777,23425201528,3353252,3646196,120,120,0,cudaLaunchKernel,  16  125  125,  32    4    4,"<unnamed>::step_kernel_interior(const double *, const double *, double *, const double *, const double *, int, int, int, int, int, int, int, double, double)"
23430003235,12814,23430016049,3852,23430019901,4256,20922,126,126,6,cudaLaunchKernel, 977    1    1, 256    1    1,"<unnamed>::unpack_face_x(const double *, double *, int, int, int, int, int)"
23430007673,11061,23430018734,1392,23430020126,4096,16549,125,125,5,cudaLaunchKernel, 977    1    1, 256    1    1,"<unnamed>::unpack_face_x(const double *, double *, int, int, int, int, int)"
23430013374,14969,23430028343,4020,23430032363,4640,23629,124,124,4,cudaLaunchKernel, 977    1    1, 256    1    1,"<unnamed>::unpack_face_x(const double *, double *, int, int, int, int, int)"
23430017191,4819,23430022010,6947,23430028957,3744,15510,126,126,6,cudaLaunchKernel, 977    1    1, 256    1    1,"<unnamed>::unpack_face_y(const double *, double *, int, int, int, int, int)"
23430019435,4368,23430023803,3523,23430027326,4384,12275,125,125,5,cudaLaunchKernel, 977    1    1, 256    1    1,"<unnamed>::unpack_face_y(const double *, double *, int, int, int, int, int)"
23430022631,3877,23430026508,7185,23430033693,34720,45782,126,126,6,cudaLaunchKernel, 977    1    1, 256    1    1,"<unnamed>::unpack_face_z(const double *, double *, int, int, int, int, int)"
23430024384,3797,23430028181,4553,23430032734,34688,43038,125,125,5,cudaLaunchKernel, 977    1    1, 256    1    1,"<unnamed>::unpack_face_z(const double *, double *, int, int, int, int, int)"
23430028513,4248,23430032761,36644,23430069405,24608,65500,126,126,6,cudaLaunchKernel,1954    1    1, 256    1    1,"<unnamed>::step_kernel_boundary_x_faces(const double *, const double *, double *, const double *, const double *, int, int, int, int, int, int, int, double, double)"
23430029134,3907,23430033041,35629,23430068670,23808,63344,125,125,5,cudaLaunchKernel,1954    1    1, 256    1    1,"<unnamed>::step_kernel_boundary_x_faces(const double *, const double *, double *, const double *, const double *, int, int, int, int, int, int, int, double, double)"
23430029615,5059,23430034674,7033,23430041707,4640,16732,124,124,4,cudaLaunchKernel, 977    1    1, 256    1    1,"<unnamed>::unpack_face_y(const double *, double *, int, int, int, int, int)"
23430033302,3917,23430037219,58010,23430095229,22432,84359,126,126,6,cudaLaunchKernel,1946    1    1, 256    1    1,"<unnamed>::step_kernel_boundary_y_faces(const double *, const double *, double *, const double *, const double *, int, int, int, int, int, int, int, double, double)"
23430033673,9457,23430043130,50468,23430093598,22368,82293,125,125,5,cudaLaunchKernel,1946    1    1, 256    1    1,"<unnamed>::step_kernel_boundary_y_faces(const double *, const double *, double *, const double *, const double *, int, int, int, int, int, int, int, double, double)"
23430035306,5280,23430040586,7041,23430047627,41856,54177,124,124,4,cudaLaunchKernel, 977    1    1, 256    1    1,"<unnamed>::unpack_face_z(const double *, double *, int, int, int, int, int)"
23430037760,3908,23430041668,76985,23430118653,246912,327805,126,126,6,cudaLaunchKernel,1938    1    1, 256    1    1,"<unnamed>::step_kernel_boundary_z_faces(const double *, const double *, double *, const double *, const double *, int, int, int, int, int, int, int, double, double)"
23430042399,5610,23430048009,42786,23430090795,25760,74156,124,124,4,cudaLaunchKernel,1954    1    1, 256    1    1,"<unnamed>::step_kernel_boundary_x_faces(const double *, const double *, double *, const double *, const double *, int, int, int, int, int, int, int, double, double)"
23430043952,3987,23430047939,69180,23430117119,247617,320784,125,125,5,cudaLaunchKernel,1938    1    1, 256    1    1,"<unnamed>::step_kernel_boundary_z_faces(const double *, const double *, double *, const double *, const double *, int, int, int, int, int, int, int, double, double)"
23430048571,3887,23430052458,65281,23430117739,22880,92048,124,124,4,cudaLaunchKernel,1946    1    1, 256    1    1,"<unnamed>::step_kernel_boundary_y_faces(const double *, const double *, double *, const double *, const double *, int, int, int, int, int, int, int, double, double)"
23430053039,5089,23430058128,83739,23430141867,244832,333660,124,124,4,cudaLaunchKernel,1938    1    1, 256    1    1,"<unnamed>::step_kernel_boundary_z_faces(const double *, const double *, double *, const double *, const double *, int, int, int, int, int, int, int, double, double)"
23430070712,5130,23430075842,290779,23430366621,4672,300581,126,126,6,cudaLaunchKernel, 977    1    1, 256    1    1,"<unnamed>::pack_face_x(const double *, double *, int, int, int, int, int)"
23430076443,3577,23430080020,3622405,23433702425,8512,3634494,126,126,6,cudaLaunchKernel, 977    1    1, 256    1    1,"<unnamed>::pack_face_y(const double *, double *, int, int, int, int, int)"
23430077946,4809,23430082755,3626027,23433708782,5024,3635860,125,125,5,cudaLaunchKernel, 977    1    1, 256    1    1,"<unnamed>::pack_face_x(const double *, double *, int, int, int, int, int)"
23430080541,3666,23430084207,3627818,23433712025,23680,3655164,126,126,6,cudaLaunchKernel, 977    1    1, 256    1    1,"<unnamed>::pack_face_z(const double *, double *, int, int, int, int, int)"
23430083566,3807,23430087373,3627425,23433714798,4672,3635904,125,125,5,cudaLaunchKernel, 977    1    1, 256    1    1,"<unnamed>::pack_face_y(const double *, double *, int, int, int, int, int)"
23430084197,6192,23430090389,297526,23430387915,5344,309062,124,124,4,cudaLaunchKernel, 977    1    1, 256    1    1,"<unnamed>::pack_face_x(const double *, double *, int, int, int, int, int)"
23430085059,4218,23430089277,280288,23430369565,3340956,3625462,126,126,6,cudaLaunchKernel,  16  125  125,  32    4    4,"<unnamed>::step_kernel_interior(const double *, const double *, double *, const double *, const double *, int, int, int, int, int, int, int, double, double)"
23430088025,3626,23430091651,3628907,23433720558,23168,3655701,125,125,5,cudaLaunchKernel, 977    1    1, 256    1    1,"<unnamed>::pack_face_z(const double *, double *, int, int, int, int, int)"
23430091000,3727,23430094727,3647627,23433742354,5920,3657274,124,124,4,cudaLaunchKernel, 977    1    1, 256    1    1,"<unnamed>::pack_face_y(const double *, double *, int, int, int, int, int)"
23430092753,4389,23430097142,268618,23430365760,3347022,3620029,125,125,5,cudaLaunchKernel,  16  125  125,  32    4    4,"<unnamed>::step_kernel_interior(const double *, const double *, double *, const double *, const double *, int, int, int, int, int, int, int, double, double)"
23430095268,4879,23430100147,3649727,23433749874,24064,3678670,124,124,4,cudaLaunchKernel, 977    1    1, 256    1    1,"<unnamed>::pack_face_z(const double *, double *, int, int, int, int, int)"
23430100959,3927,23430104886,286325,23430391211,3355271,3645523,124,124,4,cudaLaunchKernel,  16  125  125,  32    4    4,"<unnamed>::step_kernel_interior(const double *, const double *, double *, const double *, const double *, int, int, int, int, int, int, int, double, double)"
23433821037,10008,23433831045,10763,23433841808,3680,24451,121,121,1,cudaLaunchKernel, 977    1    1, 256    1    1,"<unnamed>::unpack_face_x(const double *, double *, int, int, int, int, int)"
23433826788,9998,23433836786,30301,23433867087,3680,43979,122,122,2,cudaLaunchKernel, 977    1    1, 256    1    1,"<unnamed>::unpack_face_x(const double *, double *, int, int, int, int, int)"
23433831837,4088,23433835925,13051,23433848976,4192,21331,121,121,1,cudaLaunchKernel, 977    1    1, 256    1    1,"<unnamed>::unpack_face_y(const double *, double *, int, int, int, int, int)"
23433836516,3687,23433840203,14053,23433854256,37889,55629,121,121,1,cudaLaunchKernel, 977    1    1, 256    1    1,"<unnamed>::unpack_face_z(const double *, double *, int, int, int, int, int)"
23433837488,3988,23433841476,32779,23433874255,3808,40575,122,122,2,cudaLaunchKernel, 977    1    1, 256    1    1,"<unnamed>::unpack_face_y(const double *, double *, int, int, int, int, int)"
23433841124,3698,23433844822,48283,23433893105,24864,76845,121,121,1,cudaLaunchKernel,1954    1    1, 256    1    1,"<unnamed>::step_kernel_boundary_x_faces(const double *, const double *, double *, const double *, const double *, int, int, int, int, int, int, int, double, double)"
23433842117,3527,23433845644,33603,23433879247,36833,73963,122,122,2,cudaLaunchKernel, 977    1    1, 256    1    1,"<unnamed>::unpack_face_z(const double *, double *, int, int, int, int, int)"
23433845383,3888,23433849271,69658,23433918929,21376,94922,121,121,1,cudaLaunchKernel,1946    1    1, 256    1    1,"<unnamed>::step_kernel_boundary_y_faces(const double *, const double *, double *, const double *, const double *, int, int, int, int, int, int, int, double, double)"
23433846475,3677,23433850152,67016,23433917168,25440,96133,122,122,2,cudaLaunchKernel,1954    1    1, 256    1    1,"<unnamed>::step_kernel_boundary_x_faces(const double *, const double *, double *, const double *, const double *, int, int, int, int, int, int, int, double, double)"
23433849942,3667,23433853609,87688,23433941297,247681,339036,121,121,1,cudaLaunchKernel,1938    1    1, 256    1    1,"<unnamed>::step_kernel_boundary_z_faces(const double *, const double *, double *, const double *, const double *, int, int, int, int, int, int, int, double, double)"
23433850733,3798,23433854531,89229,23433943760,21441,114468,122,122,2,cudaLaunchKernel,1946    1    1, 256    1    1,"<unnamed>::step_kernel_boundary_y_faces(const double *, const double *, double *, const double *, const double *, int, int, int, int, int, int, int, double, double)"
23433855102,3446,23433858548,107741,23433966289,244931,356118,122,122,2,cudaLaunchKernel,1938    1    1, 256    1    1,"<unnamed>::step_kernel_boundary_z_faces(const double *, const double *, double *, const double *, const double *, int, int, int, int, int, int, int, double, double)"
23433870821,4308,23433875129,314937,23434190066,4416,323661,121,121,1,cudaLaunchKernel, 977    1    1, 256    1    1,"<unnamed>::pack_face_x(const double *, double *, int, int, int, int, int)"
23433873807,9868,23433883675,1303,23433884978,4128,15299,130,130,7,cudaLaunchKernel, 977    1    1, 256    1    1,"<unnamed>::unpack_face_x(const double *, double *, int, int, int, int, int)"
23433874688,4439,23433879127,3679407,23437558534,4608,3688454,122,122,2,cudaLaunchKernel, 977    1    1, 256    1    1,"<unnamed>::pack_face_x(const double *, double *, int, int, int, int, int)"
23433875780,3477,23433879257,3664782,23437544039,7808,3676067,121,121,1,cudaLaunchKernel, 977    1    1, 256    1    1,"<unnamed>::pack_face_y(const double *, double *, int, int, int, int, int)"
23433879788,4609,23433884397,3680505,23437564902,4800,3689914,122,122,2,cudaLaunchKernel, 977    1    1, 256    1    1,"<unnamed>::pack_face_y(const double *, double *, int, int, int, int, int)"
23433879898,3757,23433883655,3669280,23437552935,23392,3696429,121,121,1,cudaLaunchKernel, 977    1    1, 256    1    1,"<unnamed>::pack_face_z(const double *, double *, int, int, int, int, int)"
23433884467,3877,23433888344,3706,23433892050,3712,11295,130,130,7,cudaLaunchKernel, 977    1    1, 256    1    1,"<unnamed>::unpack_face_y(const double *, double *, int, int, int, int, int)"
23433884587,5120,23433889707,303143,23434192850,3355893,3664156,121,121,1,cudaLaunchKernel,  16  125  125,  32    4    4,"<unnamed>::step_kernel_interior(const double *, const double *, double *, const double *, const double *, int, int, int, int, int, int, int, double, double)"
23433884988,4027,23433889015,3681743,23437570758,25152,3710922,122,122,2,cudaLaunchKernel, 977    1    1, 256    1    1,"<unnamed>::pack_face_z(const double *, double *, int, int, int, int, int)"
23433888985,3837,23433892822,3996,23433896818,36127,43960,130,130,7,cudaLaunchKernel, 977    1    1, 256    1    1,"<unnamed>::unpack_face_z(const double *, double *, int, int, int, int, int)"
23433889867,3777,23433893644,318888,23434212532,3350130,3672795,122,122,2,cudaLaunchKernel,  16  125  125,  32    4    4,"<unnamed>::step_kernel_interior(const double *, const double *, double *, const double *, const double *, int, int, int, int, int, int, int, double, double)"
23433893824,3597,23433897421,36708,23433934129,24832,65137,130,130,7,cudaLaunchKernel,1954    1    1, 256    1    1,"<unnamed>::step_kernel_boundary_x_faces(const double *, const double *, double *, const double *, const double *, int, int, int, int, int, int, int, double, double)"
23433898022,3557,23433901579,58406,23433959985,22656,84619,130,130,7,cudaLaunchKernel,1946    1    1, 256    1    1,"<unnamed>::step_kernel_boundary_y_faces(const double *, const double *, double *, const double *, const double *, int, int, int, int, int, int, int, double, double)"
23433902100,3416,23433905516,78181,23433983697,246112,327709,130,130,7,cudaLaunchKernel,1938    1    1, 256    1    1,"<unnamed>::step_kernel_boundary_z_faces(const double *, const double *, double *, const double *, const double *, int, int, int, int, int, int, int, double, double)"
23433924502,4378,23433928880,3633369,23437562249,5152,3642899,130,130,7,cudaLaunchKernel, 977    1    1, 256    1    1,"<unnamed>::pack_face_x(const double *, double *, int, int, int, int, int)"
23433929471,3357,23433932828,3635757,23437568585,4928,3644042,130,130,7,cudaLaunchKernel, 977    1    1, 256    1    1,"<unnamed>::pack_face_y(const double *, double *, int, int, int, int, int)"
23433933430,3566,23433936996,3638053,23437575049,23552,3665171,130,130,7,cudaLaunchKernel, 977    1    1, 256    1    1,"<unnamed>::pack_face_z(const double *, double *, int, int, int, int, int)"
23433937848,3707,23433941555,289566,23434231121,3335352,3628625,130,130,7,cudaLaunchKernel,  16  125  125,  32    4    4,"<unnamed>::step_kernel_interior(const double *, const double *, double *, const double *, const double *, int, int, int, int, int, int, int, double, double)"
23437717397,11041,23437728438,28201,23437756639,3840,43082,123,123,3,cudaLaunchKernel, 977    1    1, 256    1    1,"<unnamed>::unpack_face_x(const double *, double *, int, int, int, int, int)"
23437729159,4318,23437733477,30586,23437764063,3872,38776,123,123,3,cudaLaunchKernel, 977    1    1, 256    1    1,"<unnamed>::unpack_face_y(const double *, double *, int, int, int, int, int)"
23437734028,3737,23437737765,31194,23437768959,38849,73780,123,123,3,cudaLaunchKernel, 977    1    1, 256    1    1,"<unnamed>::unpack_face_z(const double *, double *, int, int, int, int, int)"
23437738627,3827,23437742454,66506,23437808960,25344,95677,123,123,3,cudaLaunchKernel,1954    1    1, 256    1    1,"<unnamed>::step_kernel_boundary_x_faces(const double *, const double *, double *, const double *, const double *, int, int, int, int, int, int, int, double, double)"
23437743005,4009,23437747014,88346,23437835360,21473,113828,123,123,3,cudaLaunchKernel,1946    1    1, 256    1    1,"<unnamed>::step_kernel_boundary_y_faces(const double *, const double *, double *, const double *, const double *, int, int, int, int, int, int, int, double, double)"
23437747675,3567,23437751242,106647,23437857889,246595,356809,123,123,3,cudaLaunchKernel,1938    1    1, 256    1    1,"<unnamed>::step_kernel_boundary_z_faces(const double *, const double *, double *, const double *, const double *, int, int, int, int, int, int, int, double, double)"
23437760309,3957,23437764266,3680423,23441444689,5376,3689756,123,123,3,cudaLaunchKernel, 977    1    1, 256    1    1,"<unnamed>::pack_face_x(const double *, double *, int, int, int, int, int)"
23437764917,3637,23437768554,3682951,23441451505,5312,3691900,123,123,3,cudaLaunchKernel, 977    1    1, 256    1    1,"<unnamed>::pack_face_y(const double *, double *, int, int, int, int, int)"
23437769246,3706,23437772952,3684889,23441457841,23712,3712307,123,123,3,cudaLaunchKernel, 977    1    1, 256    1    1,"<unnamed>::pack_face_z(const double *, double *, int, int, int, int, int)"
23437773984,3998,23437777982,327622,23438105604,3343693,3675313,123,123,3,cudaLaunchKernel,  16  125  125,  32    4    4,"<unnamed>::step_kernel_interior(const double *, const double *, double *, const double *, const double *, int, int, int, int, int, int, int, double, double)"
23455137500,11963,23455149463,9540,23455159003,3776,25279,120,120,0,cudaLaunchKernel, 977    1    1, 256    1    1,"<unnamed>::unpack_face_x(const double *, double *, int, int, int, int, int)"
23455150014,15128,23455165142,4134,23455169276,4960,24222,124,124,4,cudaLaunchKernel, 977    1    1, 256    1    1,"<unnamed>::unpack_face_x(const double *, double *, int, int, int, int, int)"
23455150204,4148,23455154352,11947,23455166299,4096,20191,120,120,0,cudaLaunchKernel, 977    1    1, 256    1    1,"<unnamed>::unpack_face_y(const double *, double *, int, int, int, int, int)"
23455154963,3627,23455158590,13341,23455171931,36224,53192,120,120,0,cudaLaunchKernel, 977    1    1, 256    1    1,"<unnamed>::unpack_face_z(const double *, double *, int, int, int, int, int)"
23455159592,4087,23455163679,45436,23455209115,24288,73811,120,120,0,cudaLaunchKernel,1954    1    1, 256    1    1,"<unnamed>::step_kernel_boundary_x_faces(const double *, const double *, double *, const double *, const double *, int, int, int, int, int, int, int, double, double)"
23455164220,3677,23455167897,66466,23455234363,22272,92415,120,120,0,cudaLaunchKernel,1946    1    1, 256    1    1,"<unnamed>::step_kernel_boundary_y_faces(const double *, const double *, double *, const double *, const double *, int, int, int, int, int, int, int, double, double)"
23455166535,5751,23455172286,7294,23455179580,4512,17557,124,124,4,cudaLaunchKernel, 977    1    1, 256    1    1,"<unnamed>::unpack_face_y(const double *, double *, int, int, int, int, int)"
23455168408,3517,23455171925,85734,23455257659,248769,338020,120,120,0,cudaLaunchKernel,1938    1    1, 256    1    1,"<unnamed>::step_kernel_boundary_z_faces(const double *, const double *, double *, const double *, const double *, int, int, int, int, int, int, int, double, double)"
23455173758,4108,23455177866,7410,23455185276,40448,51966,124,124,4,cudaLaunchKernel, 977    1    1, 256    1    1,"<unnamed>::unpack_face_z(const double *, double *, int, int, int, int, int)"
23455178868,5841,23455184709,42423,23455227132,25440,73704,124,124,4,cudaLaunchKernel,1954    1    1, 256    1    1,"<unnamed>::step_kernel_boundary_x_faces(const double *, const double *, double *, const double *, const double *, int, int, int, int, int, int, int, double, double)"
23455185300,3828,23455189128,64756,23455253884,22240,90824,124,124,4,cudaLaunchKernel,1946    1    1, 256    1    1,"<unnamed>::step_kernel_boundary_y_faces(const double *, const double *, double *, const double *, const double *, int, int, int, int, int, int, int, double, double)"
23455189849,4268,23455194117,83351,23455277468,241025,328644,124,124,4,cudaLaunchKernel,1938    1    1, 256    1    1,"<unnamed>::step_kernel_boundary_z_faces(const double *, const double *, double *, const double *, const double *, int, int, int, int, int, int, int, double, double)"
23455203796,3837,23455207633,3667122,23458874755,5760,3676719,124,124,4,cudaLaunchKernel, 977    1    1, 256    1    1,"<unnamed>::pack_face_x(const double *, double *, int, int, int, int, int)"
23455204978,5731,23455210709,3648619,23458859328,4800,3659150,120,120,0,cudaLaunchKernel, 977    1    1, 256    1    1,"<unnamed>::pack_face_x(const double *, double *, int, int, int, int, int)"
23455208234,3657,23455211891,3669840,23458881731,5280,3678777,124,124,4,cudaLaunchKernel, 977    1    1, 256    1    1,"<unnamed>::pack_face_y(const double *, double *, int, int, int, int, int)"
23455211320,3787,23455215107,3650141,23458865248,4608,3658536,120,120,0,cudaLaunchKernel, 977    1    1, 256    1    1,"<unnamed>::pack_face_y(const double *, double *, int, int, int, int, int)"
23455212652,3918,23455216570,3671753,23458888323,23552,3699223,124,124,4,cudaLaunchKernel, 977    1    1, 256    1    1,"<unnamed>::pack_face_z(const double *, double *, int, int, int, int, int)"
23455215668,3607,23455219275,3651541,23458870816,22912,3678060,120,120,0,cudaLaunchKernel, 977    1    1, 256    1    1,"<unnamed>::pack_face_z(const double *, double *, int, int, int, int, int)"
23455217431,5170,23455222601,297396,23455519997,3359046,3661612,124,124,4,cudaLaunchKernel,  16  125  125,  32    4    4,"<unnamed>::step_kernel_interior(const double *, const double *, double *, const double *, const double *, int, int, int, int, int, int, int, double, double)"
23455220206,4118,23455224324,283064,23455507388,3356132,3643314,120,120,0,cudaLaunchKernel,  16  125  125,  32    4    4,"<unnamed>::step_kernel_interior(const double *, const double *, double *, const double *, const double *, int, int, int, int, int, int, int, double, double)"
23455265251,13947,23455279198,3748,23455282946,4192,21887,126,126,6,cudaLaunchKernel, 977    1    1, 256    1    1,"<unnamed>::unpack_face_x(const double *, double *, int, int, int, int, int)"
23455266493,13376,23455279869,944,23455280813,4000,18320,125,125,5,cudaLaunchKernel, 977    1    1, 256    1    1,"<unnamed>::unpack_face_x(const double *, double *, int, int, int, int, int)"
23455280180,4488,23455284668,5830,23455290498,3712,14030,126,126,6,cudaLaunchKernel, 977    1    1, 256    1    1,"<unnamed>::unpack_face_y(const double *, double *, int, int, int, int, int)"
23455280591,4418,23455285009,3644,23455288653,4192,12254,125,125,5,cudaLaunchKernel, 977    1    1, 256    1    1,"<unnamed>::unpack_face_y(const double *, double *, int, int, int, int, int)"
23455285299,3848,23455289147,6247,23455295394,35744,45839,126,126,6,cudaLaunchKernel, 977    1    1, 256    1    1,"<unnamed>::unpack_face_z(const double *, double *, int, int, int, int, int)"
23455285620,4098,23455289718,4567,23455294285,35200,43865,125,125,5,cudaLaunchKernel, 977    1    1, 256    1    1,"<unnamed>::unpack_face_z(const double *, double *, int, int, int, int, int)"
23455290088,4098,23455294186,38008,23455332194,24512,66618,126,126,6,cudaLaunchKernel,1954    1    1, 256    1    1,"<unnamed>::step_kernel_boundary_x_faces(const double *, const double *, double *, const double *, const double *, int, int, int, int, int, int, int, double, double)"
23455290750,3967,23455294717,35920,23455330637,24384,64271,125,125,5,cudaLaunchKernel,1954    1    1, 256    1    1,"<unnamed>::step_kernel_boundary_x_faces(const double *, const double *, double *, const double *, const double *, int, int, int, int, int, int, int, double, double)"
23455294737,4118,23455298855,58971,23455357826,21312,84401,126,126,6,cudaLaunchKernel,1946    1    1, 256    1    1,"<unnamed>::step_kernel_boundary_y_faces(const double *, const double *, double *, const double *, const double *, int, int, int, int, int, int, int, double, double)"
23455295268,4418,23455299686,56391,23455356077,22176,82985,125,125,5,cudaLaunchKernel,1946    1    1, 256    1    1,"<unnamed>::step_kernel_boundary_y_faces(const double *, const double *, double *, const double *, const double *, int, int, int, int, int, int, int, double, double)"
23455299376,3647,23455303023,77363,23455380386,247232,328242,126,126,6,cudaLaunchKernel,1938    1    1, 256    1    1,"<unnamed>::step_kernel_boundary_z_faces(const double *, const double *, double *, const double *, const double *, int, int, int, int, int, int, int, double, double)"
23455300378,3847,23455304225,75276,23455379501,248193,327316,125,125,5,cudaLaunchKernel,1938    1    1, 256    1    1,"<unnamed>::step_kernel_boundary_z_faces(const double *, const double *, double *, const double *, const double *, int, int, int, int, int, int, int, double, double)"
23455350331,7615,23455357946,270632,23455628578,4576,282823,126,126,6,cudaLaunchKernel, 977    1    1, 256    1    1,"<unnamed>::pack_face_x(const double *, double *, int, int, int, int, int)"
23455350622,6452,23455357074,271740,23455628814,4864,283056,125,125,5,cudaLaunchKernel, 977    1    1, 256    1    1,"<unnamed>::pack_face_x(const double *, double *, int, int, int, int, int)"
23455357705,3988,23455361693,3610208,23458971901,7232,3621428,125,125,5,cudaLaunchKernel, 977    1    1, 256    1    1,"<unnamed>::pack_face_y(const double *, double *, int, int, int, int, int)"
23455358567,3767,23455362334,3614464,23458976798,5312,3623543,126,126,6,cudaLaunchKernel, 977    1    1, 256    1    1,"<unnamed>::pack_face_y(const double *, double *, int, int, int, int, int)"
23455362394,3867,23455366261,3613864,23458980125,23872,3641603,125,125,5,cudaLaunchKernel, 977    1    1, 256    1    1,"<unnamed>::pack_face_z(const double *, double *, int, int, int, int, int)"
23455362865,3767,23455366632,3616566,23458983198,23200,3643533,126,126,6,cudaLaunchKernel, 977    1    1, 256    1    1,"<unnamed>::pack_face_z(const double *, double *, int, int, int, int, int)"
23455367123,4008,23455371131,260531,23455631662,3346991,3611530,125,125,5,cudaLaunchKernel,  16  125  125,  32    4    4,"<unnamed>::step_kernel_interior(const double *, const double *, double *, const double *, const double *, int, int, int, int, int, int, int, double, double)"
23455367514,4068,23455371582,259812,23455631394,3350268,3614148,126,126,6,cudaLaunchKernel,  16  125  125,  32    4    4,"<unnamed>::step_kernel_interior(const double *, const double *, double *, const double *, const double *, int, int, int, int, int, int, int, double, double)"
23459048268,10620,23459058888,11169,23459070057,3616,25405,121,121,1,cudaLaunchKernel, 977    1    1, 256    1    1,"<unnamed>::unpack_face_x(const double *, double *, int, int, int, int, int)"
23459059679,3978,23459063657,13024,23459076681,4384,21386,121,121,1,cudaLaunchKernel, 977    1    1, 256    1    1,"<unnamed>::unpack_face_y(const double *, double *, int, int, int, int, int)"
23459064248,3647,23459067895,14226,23459082121,36736,54609,121,121,1,cudaLaunchKernel, 977    1    1, 256    1    1,"<unnamed>::unpack_face_z(const double *, double *, int, int, int, int, int)"
23459068816,3767,23459072583,47266,23459119849,25248,76281,121,121,1,cudaLaunchKernel,1954    1    1, 256    1    1,"<unnamed>::step_kernel_boundary_x_faces(const double *, const double *, double *, const double *, const double *, int, int, int, int, int, int, int, double, double)"
23459073215,3797,23459077012,69173,23459146185,21952,94922,121,121,1,cudaLaunchKernel,1946    1    1, 256    1    1,"<unnamed>::step_kernel_boundary_y_faces(const double *, const double *, double *, const double *, const double *, int, int, int, int, int, int, int, double, double)"
23459073525,10580,23459084105,30683,23459114788,3712,44975,122,122,2,cudaLaunchKernel, 977    1    1, 256    1    1,"<unnamed>::unpack_face_x(const double *, double *, int, int, int, int, int)"
23459076541,10359,23459086900,1316,23459088216,4256,15931,130,130,7,cudaLaunchKernel, 977    1    1, 256    1    1,"<unnamed>::unpack_face_x(const double *, double *, int, int, int, int, int)"
23459077623,3517,23459081140,88053,23459169193,248386,339956,121,121,1,cudaLaunchKernel,1938    1    1, 256    1    1,"<unnamed>::step_kernel_boundary_z_faces(const double *, const double *, double *, const double *, const double *, int, int, int, int, int, int, int, double, double)"
23459084756,3998,23459088754,32946,23459121700,3904,40848,122,122,2,cudaLaunchKernel, 977    1    1, 256    1    1,"<unnamed>::unpack_face_y(const double *, double *, int, int, int, int, int)"
23459087622,3927,23459091549,2043,23459093592,3712,9682,130,130,7,cudaLaunchKernel, 977    1    1, 256    1    1,"<unnamed>::unpack_face_y(const double *, double *, int, int, int, int, int)"
23459089325,3637,23459092962,33826,23459126788,37345,74808,122,122,2,cudaLaunchKernel, 977    1    1, 256    1    1,"<unnamed>::unpack_face_z(const double *, double *, int, int, int, int, int)"
23459092150,3487,23459095637,3587,23459099224,35488,42562,130,130,7,cudaLaunchKernel, 977    1    1, 256    1    1,"<unnamed>::unpack_face_z(const double *, double *, int, int, int, int, int)"
23459093823,3929,23459097752,67629,23459165381,24832,96390,122,122,2,cudaLaunchKernel,1954    1    1, 256    1    1,"<unnamed>::step_kernel_boundary_x_faces(const double *, const double *, double *, const double *, const double *, int, int, int, int, int, int, int, double, double)"
23459096578,3458,23459100036,35796,23459135832,24448,63702,130,130,7,cudaLaunchKernel,1954    1    1, 256    1    1,"<unnamed>::step_kernel_boundary_x_faces(const double *, const double *, double *, const double *, const double *, int, int, int, int, int, int, int, double, double)"
23459097862,4298,23459102160,3648847,23462751007,6592,3659737,121,121,1,cudaLaunchKernel, 977    1    1, 256    1    1,"<unnamed>::pack_face_x(const double *, double *, int, int, int, int, int)"
23459098303,3737,23459102040,89325,23459191365,21664,114726,122,122,2,cudaLaunchKernel,1946    1    1, 256    1    1,"<unnamed>::step_kernel_boundary_y_faces(const double *, const double *, double *, const double *, const double *, int, int, int, int, int, int, int, double, double)"
23459100577,3657,23459104234,57102,23459161336,21344,82103,130,130,7,cudaLaunchKernel,1946    1    1, 256    1    1,"<unnamed>::step_kernel_boundary_y_faces(const double *, const double *, double *, const double *, const double *, int, int, int, int, int, int, int, double, double)"
23459102621,3456,23459106077,107913,23459213990,247587,358956,122,122,2,cudaLaunchKernel,1938    1    1, 256    1    1,"<unnamed>::step_kernel_boundary_z_faces(const double *, const double *, double *, const double *, const double *, int, int, int, int, int, int, int, double, double)"
23459102811,3697,23459106508,3652211,23462758719,4992,3660900,121,121,1,cudaLaunchKernel, 977    1    1, 256    1    1,"<unnamed>::pack_face_y(const double *, double *, int, int, int, int, int)"
23459104875,3366,23459108241,75399,23459183640,247999,326764,130,130,7,cudaLaunchKernel,1938    1    1, 256    1    1,"<unnamed>::step_kernel_boundary_z_faces(const double *, const double *, double *, const double *, const double *, int, int, int, int, int, int, int, double, double)"
23459107099,3737,23459110836,3653931,23462764767,23552,3681220,121,121,1,cudaLaunchKernel, 977    1    1, 256    1    1,"<unnamed>::pack_face_z(const double *, double *, int, int, int, int, int)"
23459111978,5380,23459117358,301341,23459418699,3338676,3645397,121,121,1,cudaLaunchKernel,  16  125  125,  32    4    4,"<unnamed>::step_kernel_interior(const double *, const double *, double *, const double *, const double *, int, int, int, int, int, int, int, double, double)"
23459121496,5541,23459127037,335564,23459462601,4416,345521,122,122,2,cudaLaunchKernel, 977    1    1, 256    1    1,"<unnamed>::pack_face_x(const double *, double *, int, int, int, int, int)"
23459122879,4118,23459126997,305634,23459432631,4416,314168,130,130,7,cudaLaunchKernel, 977    1    1, 256    1    1,"<unnamed>::pack_face_x(const double *, double *, int, int, int, int, int)"
23459127638,3176,23459130814,3645266,23462776080,5792,3654234,130,130,7,cudaLaunchKernel, 977    1    1, 256    1    1,"<unnamed>::pack_face_y(const double *, double *, int, int, int, int, int)"
23459127738,3547,23459131285,3673542,23462804827,7552,3684641,122,122,2,cudaLaunchKernel, 977    1    1, 256    1    1,"<unnamed>::pack_face_y(const double *, double *, int, int, int, int, int)"
23459131375,3366,23459134741,3648539,23462783280,23712,3675617,130,130,7,cudaLaunchKernel, 977    1    1, 256    1    1,"<unnamed>::pack_face_z(const double *, double *, int, int, int, int, int)"
23459131866,3616,23459135482,3677953,23462813435,23168,3704737,122,122,2,cudaLaunchKernel, 977    1    1, 256    1    1,"<unnamed>::pack_face_z(const double *, double *, int, int, int, int, int)"
23459135633,3957,23459139590,295825,23459435415,3344665,3644447,130,130,7,cudaLaunchKernel,  16  125  125,  32    4    4,"<unnamed>::step_kernel_interior(const double *, const double *, double *, const double *, const double *, int, int, int, int, int, int, int, double, double)"
23459136294,4208,23459140502,324851,23459465353,3346642,3675701,122,122,2,cudaLaunchKernel,  16  125  125,  32    4    4,"<unnamed>::step_kernel_interior(const double *, const double *, double *, const double *, const double *, int, int, int, int, int, int, int, double, double)"
23463011134,10109,23463021243,29047,23463050290,3712,42868,123,123,3,cudaLaunchKernel, 977    1    1, 256    1    1,"<unnamed>::unpack_face_x(const double *, double *, int, int, int, int, int)"
23463021964,4148,23463026112,31090,23463057202,3776,39014,123,123,3,cudaLaunchKernel, 977    1    1, 256    1    1,"<unnamed>::unpack_face_y(const double *, double *, int, int, int, int, int)"
23463026683,3807,23463030490,31608,23463062098,37537,72952,123,123,3,cudaLaunchKernel, 977    1    1, 256    1    1,"<unnamed>::unpack_face_z(const double *, double *, int, int, int, int, int)"
23463031352,4268,23463035620,65103,23463100723,24832,94203,123,123,3,cudaLaunchKernel,1954    1    1, 256    1    1,"<unnamed>::step_kernel_boundary_x_faces(const double *, const double *, double *, const double *, const double *, int, int, int, int, int, int, int, double, double)"
23463036181,3607,23463039788,86983,23463126771,21825,112415,123,123,3,cudaLaunchKernel,1946    1    1, 256    1    1,"<unnamed>::step_kernel_boundary_y_faces(const double *, const double *, double *, const double *, const double *, int, int, int, int, int, int, int, double, double)"
23463040399,3687,23463044086,105566,23463149652,246435,355688,123,123,3,cudaLaunchKernel,1938    1    1, 256    1    1,"<unnamed>::step_kernel_boundary_z_faces(const double *, const double *, double *, const double *, const double *, int, int, int, int, int, int, int, double, double)"
23469281573,9258,23469290831,10173,23469301004,3776,23207,120,120,0,cudaLaunchKernel, 977    1    1, 256    1    1,"<unnamed>::unpack_face_x(const double *, double *, int, int, int, int, int)"
23469291522,3997,23469295519,12109,23469307628,4224,20330,120,120,0,cudaLaunchKernel, 977    1    1, 256    1    1,"<unnamed>::unpack_face_y(const double *, double *, int, int, int, int, int)"
23469296080,3627,23469299707,13169,23469312876,35200,51996,120,120,0,cudaLaunchKernel, 977    1    1, 256    1    1,"<unnamed>::unpack_face_z(const double *, double *, int, int, int, int, int)"
23469300729,4008,23469304737,44427,23469349164,24992,73427,120,120,0,cudaLaunchKernel,1954    1    1, 256    1    1,"<unnamed>::step_kernel_boundary_x_faces(const double *, const double *, double *, const double *, const double *, int, int, int, int, int, int, int, double, double)"
23469305258,3616,23469308874,66306,23469375180,21184,91106,120,120,0,cudaLaunchKernel,1946    1    1, 256    1    1,"<unnamed>::step_kernel_boundary_y_faces(const double *, const double *, double *, const double *, const double *, int, int, int, int, int, int, int, double, double)"
23469309405,3627,23469313032,84356,23469397388,249280,337263,120,120,0,cudaLaunchKernel,1938    1    1, 256    1    1,"<unnamed>::step_kernel_boundary_z_faces(const double *, const double *, double *, const double *, const double *, int, int, int, int, int, int, int, double, double)"
23469351905,6383,23469358288,3625344,23472983632,5120,3636847,120,120,0,cudaLaunchKernel, 977    1    1, 256    1    1,"<unnamed>::pack_face_x(const double *, double *, int, int, int, int, int)"
23469358899,3948,23469362847,3626865,23472989712,4736,3635549,120,120,0,cudaLaunchKernel, 977    1    1, 256    1    1,"<unnamed>::pack_face_y(const double *, double *, int, int, int, int, int)"
23469363378,3516,23469366894,3628578,23472995472,23136,3655230,120,120,0,cudaLaunchKernel, 977    1    1, 256    1    1,"<unnamed>::pack_face_z(const double *, double *, int, int, int, int, int)"
23469367866,4028,23469371894,275990,23469647884,3340068,3620086,120,120,0,cudaLaunchKernel,  16  125  125,  32    4    4,"<unnamed>::step_kernel_interior(const double *, const double *, double *, const double *, const double *, int, int, int, int, int, int, int, double, double)"
23481993955,11221,23482005176,1258,23482006434,4384,16863,125,125,5,cudaLaunchKernel, 977    1    1, 256    1    1,"<unnamed>::unpack_face_x(const double *, double *, int, int, int, int, int)"
23481999696,12513,23482012209,4084,23482016293,4096,20693,126,126,6,cudaLaunchKernel, 977    1    1, 256    1    1,"<unnamed>::unpack_face_x(const double *, double *, int, int, int, int, int)"
23482002721,14648,23482017369,4087,23482021456,3744,22479,124,124,4,cudaLaunchKernel, 977    1    1, 256    1    1,"<unnamed>::unpack_face_x(const double *, double *, int, int, int, int, int)"
23482005877,4118,23482009995,2359,23482012354,4288,10765,125,125,5,cudaLaunchKernel, 977    1    1, 256    1    1,"<unnamed>::unpack_face_y(const double *, double *, int, int, int, int, int)"
23482010526,3737,23482014263,3755,23482018018,34400,41892,125,125,5,cudaLaunchKernel, 977    1    1, 256    1    1,"<unnamed>::unpack_face_z(const double *, double *, int, int, int, int, int)"
23482013151,4318,23482017469,5736,23482023205,3744,13798,126,126,6,cudaLaunchKernel, 977    1    1, 256    1    1,"<unnamed>::unpack_face_y(const double *, double *, int, int, int, int, int)"
23482015225,3937,23482019162,34440,23482053602,24896,63273,125,125,5,cudaLaunchKernel,1954    1    1, 256    1    1,"<unnamed>::step_kernel_boundary_x_faces(const double *, const double *, double *, const double *, const double *, int, int, int, int, int, int, int, double, double)"
23482018120,3777,23482021897,7228,23482029125,34976,45981,126,126,6,cudaLaunchKernel, 977    1    1, 256    1    1,"<unnamed>::unpack_face_z(const double *, double *, int, int, int, int, int)"
23482018742,4869,23482023611,6933,23482030544,3840,15642,124,124,4,cudaLaunchKernel, 977    1    1, 256    1    1,"<unnamed>::unpack_face_y(const double *, double *, int, int, int, int, int)"
23482019703,4028,23482023731,55919,23482079650,21600,81547,125,125,5,cudaLaunchKernel,1946    1    1, 256    1    1,"<unnamed>::step_kernel_boundary_y_faces(const double *, const double *, double *, const double *, const double *, int, int, int, int, int, int, int, double, double)"
23482022979,3938,23482026917,38432,23482065349,24192,66562,126,126,6,cudaLaunchKernel,1954    1    1, 256    1    1,"<unnamed>::step_kernel_boundary_x_faces(const double *, const double *, double *, const double *, const double *, int, int, int, int, int, int, int, double, double)"
23482024312,3967,23482028279,7353,23482035632,38177,49497,124,124,4,cudaLaunchKernel, 977    1    1, 256    1    1,"<unnamed>::unpack_face_z(const double *, double *, int, int, int, int, int)"
23482024412,3697,23482028109,74421,23482102530,246913,325031,125,125,5,cudaLaunchKernel,1938    1    1, 256    1    1,"<unnamed>::step_kernel_boundary_z_faces(const double *, const double *, double *, const double *, const double *, int, int, int, int, int, int, int, double, double)"
23482027588,4208,23482031796,58865,23482090661,21984,85057,126,126,6,cudaLaunchKernel,1946    1    1, 256    1    1,"<unnamed>::step_kernel_boundary_y_faces(const double *, const double *, double *, const double *, const double *, int, int, int, int, int, int, int, double, double)"
23482029281,5250,23482034531,40302,23482074833,25088,70640,124,124,4,cudaLaunchKernel,1954    1    1, 256    1    1,"<unnamed>::step_kernel_boundary_x_faces(const double *, const double *, double *, const double *, const double *, int, int, int, int, int, int, int, double, double)"
23482032437,3687,23482036124,77545,23482113669,250560,331792,126,126,6,cudaLaunchKernel,1938    1    1, 256    1    1,"<unnamed>::step_kernel_boundary_z_faces(const double *, const double *, double *, const double *, const double *, int, int, int, int, int, int, int, double, double)"
23482035092,4899,23482039991,61050,23482101041,21472,87421,124,124,4,cudaLaunchKernel,1946    1    1, 256    1    1,"<unnamed>::step_kernel_boundary_y_faces(const double *, const double *, double *, const double *, const double *, int, int, int, int, int, int, int, double, double)"
23482040683,4769,23482045452,78245,23482123697,248128,331142,124,124,4,cudaLaunchKernel,1938    1    1, 256    1    1,"<unnamed>::step_kernel_boundary_z_faces(const double *, const double *, double *, const double *, const double *, int, int, int, int, int, int, int, double, double)"
23482055611,5560,23482061171,311742,23482372913,4544,321846,124,124,4,cudaLaunchKernel, 977    1    1, 256    1    1,"<unnamed>::pack_face_x(const double *, double *, int, int, int, int, int)"
23482056392,4909,23482061301,3631901,23485693202,5664,3642474,125,125,5,cudaLaunchKernel, 977    1    1, 256    1    1,"<unnamed>::pack_face_x(const double *, double *, int, int, int, int, int)"
23482061802,3677,23482065479,3659057,23485724536,5408,3668142,124,124,4,cudaLaunchKernel, 977    1    1, 256    1    1,"<unnamed>::pack_face_y(const double *, double *, int, int, int, int, int)"
23482061983,3656,23482065639,3634379,23485700018,4704,3642739,125,125,5,cudaLaunchKernel, 977    1    1, 256    1    1,"<unnamed>::pack_face_y(const double *, double *, int, int, int, int, int)"
23482065800,10960,23482076760,3613481,23485690241,5216,3629657,126,126,6,cudaLaunchKernel, 977    1    1, 256    1    1,"<unnamed>::pack_face_x(const double *, double *, int, int, int, int, int)"
23482066100,3757,23482069857,3661015,23485730872,23360,3688132,124,124,4,cudaLaunchKernel, 977    1    1, 256    1    1,"<unnamed>::pack_face_z(const double *, double *, int, int, int, int, int)"
23482066381,3897,23482070278,3635564,23485705842,25088,3664549,125,125,5,cudaLaunchKernel, 977    1    1, 256    1    1,"<unnamed>::pack_face_z(const double *, double *, int, int, int, int, int)"
23482070949,4629,23482075578,300119,23482375697,3353735,3658483,124,124,4,cudaLaunchKernel,  16  125  125,  32    4    4,"<unnamed>::step_kernel_interior(const double *, const double *, double *, const double *, const double *, int, int, int, int, int, int, int, double, double)"
23482071200,4428,23482075628,275127,23482350755,3346415,3625970,125,125,5,cudaLaunchKernel,  16  125  125,  32    4    4,"<unnamed>::step_kernel_interior(const double *, const double *, double *, const double *, const double *, int, int, int, int, int, int, int, double, double)"
23482077371,3769,23482081140,3615629,23485696769,4960,3624358,126,126,6,cudaLaunchKernel, 977    1    1, 256    1    1,"<unnamed>::pack_face_y(const double *, double *, int, int, int, int, int)"
23482081661,3807,23482085468,3617861,23485703329,23008,3644676,126,126,6,cudaLaunchKernel, 977    1    1, 256    1    1,"<unnamed>::pack_face_z(const double *, double *, int, int, int, int, int)"
23482086299,4689,23482090988,274713,23482365701,3328540,3607942,126,126,6,cudaLaunchKernel,  16  125  125,  32    4    4,"<unnamed>::step_kernel_interior(const double *, const double *, double *, const double *, const double *, int, int, int, int, int, int, int, double, double)"
23485776159,36259,23485812418,30797,23485843215,3680,70736,122,122,2,cudaLaunchKernel, 977    1    1, 256    1    1,"<unnamed>::unpack_face_x(const double *, double *, int, int, int, int, int)"
23485784926,40817,23485825743,10428,23485836171,3936,55181,121,121,1,cudaLaunchKernel, 977    1    1, 256    1    1,"<unnamed>::unpack_face_x(const double *, double *, int, int, int, int, int)"
23485813290,4519,23485817809,33438,23485851247,3872,41829,122,122,2,cudaLaunchKernel, 977    1    1, 256    1    1,"<unnamed>::unpack_face_y(const double *, double *, int, int, int, int, int)"
23485815254,10710,23485825964,1103,23485827067,4384,16197,130,130,7,cudaLaunchKernel, 977    1    1, 256    1    1,"<unnamed>::unpack_face_x(const double *, double *, int, int, int, int, int)"
23485818380,3707,23485822087,34248,23485856335,36129,74084,122,122,2,cudaLaunchKernel, 977    1    1, 256    1    1,"<unnamed>::unpack_face_z(const double *, double *, int, int, int, int, int)"
23485822978,3968,23485826946,66702,23485893648,24544,95214,122,122,2,cudaLaunchKernel,1954    1    1, 256    1    1,"<unnamed>::step_kernel_boundary_x_faces(const double *, const double *, double *, const double *, const double *, int, int, int, int, int, int, int, double, double)"
23485826685,4519,23485831204,3031,23485834235,3776,11326,130,130,7,cudaLaunchKernel, 977    1    1, 256    1    1,"<unnamed>::unpack_face_y(const double *, double *, int, int, int, int, int)"
23485826715,4819,23485831534,13117,23485844651,4224,22160,121,121,1,cudaLaunchKernel, 977    1    1, 256    1    1,"<unnamed>::unpack_face_y(const double *, double *, int, int, int, int, int)"
23485827547,3637,23485831184,88256,23485919440,21472,113365,122,122,2,cudaLaunchKernel,1946    1    1, 256    1    1,"<unnamed>::step_kernel_boundary_y_faces(const double *, const double *, double *, const double *, const double *, int, int, int, int, int, int, int, double, double)"
23485831755,3436,23485835191,3972,23485839163,35008,42416,130,130,7,cudaLaunchKernel, 977    1    1, 256    1    1,"<unnamed>::unpack_face_z(const double *, double *, int, int, int, int, int)"
23485831915,4388,23485836303,105825,23485942128,246244,356457,122,122,2,cudaLaunchKernel,1938    1    1, 256    1    1,"<unnamed>::step_kernel_boundary_z_faces(const double *, const double *, double *, const double *, const double *, int, int, int, int, int, int, int, double, double)"
23485832145,3667,23485835812,14375,23485850187,37088,55130,121,121,1,cudaLaunchKernel, 977    1    1, 256    1    1,"<unnamed>::unpack_face_z(const double *, double *, int, int, int, int, int)"
23485836083,3827,23485839910,35381,23485875291,24384,63592,130,130,7,cudaLaunchKernel,1954    1    1, 256    1    1,"<unnamed>::step_kernel_boundary_x_faces(const double *, const double *, double *, const double *, const double *, int, int, int, int, int, int, int, double, double)"
23485836784,4108,23485840892,47503,23485888395,24992,76603,121,121,1,cudaLaunchKernel,1954    1    1, 256    1    1,"<unnamed>::step_kernel_boundary_x_faces(const double *, const double *, double *, const double *, const double *, int, int, int, int, int, int, int, double, double)"
23485840541,3497,23485844038,56597,23485900635,21600,81694,130,130,7,cudaLaunchKernel,1946    1    1, 256    1    1,"<unnamed>::step_kernel_boundary_y_faces(const double *, const double *, double *, const double *, const double *, int, int, int, int, int, int, int, double, double)"
23485841533,3857,23485845390,68925,23485914315,21280,94062,121,121,1,cudaLaunchKernel,1946    1    1, 256    1    1,"<unnamed>::step_kernel_boundary_y_faces(const double *, const double *, double *, const double *, const double *, int, int, int, int, int, int, int, double, double)"
23485844649,3426,23485848075,75184,23485923259,247487,326097,130,130,7,cudaLaunchKernel,1938    1    1, 256    1    1,"<unnamed>::step_kernel_boundary_z_faces(const double *, const double *, double *, const double *, const double *, int, int, int, int, int, int, int, double, double)"
23485845951,3517,23485849468,87215,23485936683,247522,338254,121,121,1,cudaLaunchKernel,1938    1    1, 256    1    1,"<unnamed>::step_kernel_boundary_z_faces(const double *, const double *, double *, const double *, const double *, int, int, int, int, int, int, int, double, double)"
23502265136,11622,23502276758,9917,23502286675,3840,25379,120,120,0,cudaLaunchKernel, 977    1    1, 256    1    1,"<unnamed>::unpack_face_x(const double *, double *, int, int, int, int, int)"
23502277539,4178,23502281717,12158,23502293875,4512,20848,120,120,0,cudaLaunchKernel, 977    1    1, 256    1    1,"<unnamed>::unpack_face_y(const double *, double *, int, int, int, int, int)"
23502282308,4028,23502286336,13011,23502299347,35328,52367,120,120,0,cudaLaunchKernel, 977    1    1, 256    1    1,"<unnamed>::unpack_face_z(const double *, double *, int, int, int, int, int)"
23502287318,4077,23502291395,44272,23502335667,24256,72605,120,120,0,cudaLaunchKernel,1954    1    1, 256    1    1,"<unnamed>::step_kernel_boundary_x_faces(const double *, const double *, double *, const double *, const double *, int, int, int, int, int, int, int, double, double)"
23502291916,39705,23502331621,29486,23502361107,21504,90695,120,120,0,cudaLaunchKernel,1946    1    1, 256    1    1,"<unnamed>::step_kernel_boundary_y_faces(const double *, const double *, double *, const double *, const double *, int, int, int, int, int, int, int, double, double)"
23502332503,5070,23502337573,45966,23502383539,245408,296444,120,120,0,cudaLaunchKernel,1938    1    1, 256    1    1,"<unnamed>::step_kernel_boundary_z_faces(const double *, const double *, double *, const double *, const double *, int, int, int, int, int, int, int, double, double)"
23510838028,11753,23510849781,4273,23510854054,4192,20218,126,126,6,cudaLaunchKernel, 977    1    1, 256    1    1,"<unnamed>::unpack_face_x(const double *, double *, int, int, int, int, int)"
23510844871,11993,23510856864,1184,23510858048,4096,17273,125,125,5,cudaLaunchKernel, 977    1    1, 256    1    1,"<unnamed>::unpack_face_x(const double *, double *, int, int, int, int, int)"
23510850752,4208,23510854960,7094,23510862054,3840,15142,126,126,6,cudaLaunchKernel, 977    1    1, 256    1    1,"<unnamed>::unpack_face_y(const double *, double *, int, int, int, int, int)"
23510855732,3967,23510859699,7283,23510866982,35360,46610,126,126,6,cudaLaunchKernel, 977    1    1, 256    1    1,"<unnamed>::unpack_face_z(const double *, double *, int, int, int, int, int)"
23510856984,26150,23510883134,2507,23510885641,3744,32401,124,124,4,cudaLaunchKernel, 977    1    1, 256    1    1,"<unnamed>::unpack_face_x(const double *, double *, int, int, int, int, int)"
23510857625,4248,23510861873,3503,23510865376,4288,12039,125,125,5,cudaLaunchKernel, 977    1    1, 256    1    1,"<unnamed>::unpack_face_y(const double *, double *, int, int, int, int, int)"
23510860571,4508,23510865079,38991,23510904070,23776,67275,126,126,6,cudaLaunchKernel,1954    1    1, 256    1    1,"<unnamed>::step_kernel_boundary_x_faces(const double *, const double *, double *, const double *, const double *, int, int, int, int, int, int, int, double, double)"
23510862504,3898,23510866402,4350,23510870752,34528,42776,125,125,5,cudaLaunchKernel, 977    1    1, 256    1    1,"<unnamed>::unpack_face_z(const double *, double *, int, int, int, int, int)"
23510865730,3849,23510869579,59547,23510929126,21536,84932,126,126,6,cudaLaunchKernel,1946    1    1, 256    1    1,"<unnamed>::step_kernel_boundary_y_faces(const double *, const double *, double *, const double *, const double *, int, int, int, int, int, int, int, double, double)"
23510867313,4490,23510871803,34597,23510906400,24033,63120,125,125,5,cudaLaunchKernel,1954    1    1, 256    1    1,"<unnamed>::step_kernel_boundary_x_faces(const double *, const double *, double *, const double *, const double *, int, int, int, int, int, int, int, double, double)"
23510870070,3616,23510873686,78224,23510951910,248192,330032,126,126,6,cudaLaunchKernel,1938    1    1, 256    1    1,"<unnamed>::step_kernel_boundary_z_faces(const double *, const double *, double *, const double *, const double *, int, int, int, int, int, int, int, double, double)"
23510872344,3877,23510876221,55492,23510931713,21536,80905,125,125,5,cudaLaunchKernel,1946    1    1, 256    1    1,"<unnamed>::step_kernel_boundary_y_faces(const double *, const double *, double *, const double *, const double *, int, int, int, int, int, int, int, double, double)"
23510876752,3487,23510880239,74002,23510954241,247585,325074,125,125,5,cudaLaunchKernel,1938    1    1, 256    1    1,"<unnamed>::step_kernel_boundary_z_faces(const double *, const double *, double *, const double *, const double *, int, int, int, int, int, int, int, double, double)"
23510885539,7594,23510893133,5308,23510898441,3904,16806,124,124,4,cudaLaunchKernel, 977    1    1, 256    1    1,"<unnamed>::unpack_face_y(const double *, double *, int, int, int, int, int)"
23510894736,7324,23510902060,6557,23510908617,37824,51705,124,124,4,cudaLaunchKernel, 977    1    1, 256    1    1,"<unnamed>::unpack_face_z(const double *, double *, int, int, int, int, int)"
23510903683,6862,23510910545,37016,23510947561,24960,68838,124,124,4,cudaLaunchKernel,1954    1    1, 256    1    1,"<unnamed>::step_kernel_boundary_x_faces(const double *, const double *, double *, const double *, const double *, int, int, int, int, int, int, int, double, double)"
23510911557,7595,23510919152,54393,23510973545,21600,83588,124,124,4,cudaLaunchKernel,1946    1    1, 256    1    1,"<unnamed>::step_kernel_boundary_y_faces(const double *, const double *, double *, const double *, const double *, int, int, int, int, int, int, int, double, double)"
23510920164,7564,23510927728,68345,23510996073,247969,323878,124,124,4,cudaLaunchKernel,1938    1    1, 256    1    1,"<unnamed>::step_kernel_boundary_z_faces(const double *, const double *, double *, const double *, const double *, int, int, int, int, int, int, int, double, double)"
