API Start (ns),API Dur (ns),Queue Start (ns),Queue Dur (ns),Kernel Start (ns),Kernel Dur (ns),Total Dur (ns),PID,TID,DevId,API Function,GridXYZ,BlockXYZ,Kernel Name
23806868821,267368,,,23807128977,896,267368,121,121,3,cudaLaunchKernel,   1    1    1,   1    1    1,<unnamed>::warmup_kernel(double *)
23809833377,218157,,,23810050461,896,218157,124,124,6,cudaLaunchKernel,   1    1    1,   1    1    1,<unnamed>::warmup_kernel(double *)
23823472918,222358,,,23823691886,928,222358,119,119,1,cudaLaunchKernel,   1    1    1,   1    1    1,<unnamed>::warmup_kernel(double *)
23969546434,282276,,,23969823568,864,282276,122,122,4,cudaLaunchKernel,   1    1    1,   1    1    1,<unnamed>::warmup_kernel(double *)
23969770266,241713,,,23970010934,896,241713,132,132,7,cudaLaunchKernel,   1    1    1,   1    1    1,<unnamed>::warmup_kernel(double *)
23972366250,257310,,,23972619563,896,257310,120,120,2,cudaLaunchKernel,   1    1    1,   1    1    1,<unnamed>::warmup_kernel(double *)
23973311127,266038,,,23973573682,896,266038,123,123,5,cudaLaunchKernel,   1    1    1,   1    1    1,<unnamed>::warmup_kernel(double *)
23975145453,242988,,,23975387599,896,243042,118,118,0,cudaLaunchKernel,   1    1    1,   1    1    1,<unnamed>::warmup_kernel(double *)
23975759237,45862,23975805099,736,23975805835,2720,49318,120,120,2,cudaLaunchKernel, 977    1    1, 256    1    1,"<unnamed>::pack_face_x(const double *, double *, int, int, int, int, int)"
23975766717,41939,23975808656,1392,23975810048,2848,46179,132,132,7,cudaLaunchKernel, 977    1    1, 256    1    1,"<unnamed>::pack_face_x(const double *, double *, int, int, int, int, int)"
23975767645,37574,23975805219,1034,23975806253,2688,41296,118,118,0,cudaLaunchKernel, 977    1    1, 256    1    1,"<unnamed>::pack_face_x(const double *, double *, int, int, int, int, int)"
23975790344,65224,,,23975854366,2624,66646,119,119,1,cudaLaunchKernel, 977    1    1, 256    1    1,"<unnamed>::pack_face_x(const double *, double *, int, int, int, int, int)"
23975795362,40099,23975835461,473,23975835934,2752,43324,123,123,5,cudaLaunchKernel, 977    1    1, 256    1    1,"<unnamed>::pack_face_x(const double *, double *, int, int, int, int, int)"
23975799145,56458,,,23975855368,2719,58942,121,121,3,cudaLaunchKernel, 977    1    1, 256    1    1,"<unnamed>::pack_face_x(const double *, double *, int, int, int, int, int)"
23975800565,48841,,,23975847127,2688,49250,122,122,4,cudaLaunchKernel, 977    1    1, 256    1    1,"<unnamed>::pack_face_x(const double *, double *, int, int, int, int, int)"
23975807309,26373,23975833682,1593,23975835275,4512,32478,120,120,2,cudaLaunchKernel, 977    1    1, 256    1    1,"<unnamed>::pack_face_y(const double *, double *, int, int, int, int, int)"
23975807970,28035,23975836005,1096,23975837101,4320,33451,118,118,0,cudaLaunchKernel, 977    1    1, 256    1    1,"<unnamed>::pack_face_y(const double *, double *, int, int, int, int, int)"
23975809658,64260,,,23975869031,2752,64260,124,124,6,cudaLaunchKernel, 977    1    1, 256    1    1,"<unnamed>::pack_face_x(const double *, double *, int, int, int, int, int)"
23975810749,26005,23975836754,1262,23975838016,4000,31267,132,132,7,cudaLaunchKernel, 977    1    1, 256    1    1,"<unnamed>::pack_face_y(const double *, double *, int, int, int, int, int)"
23975836040,25837,23975861877,1686,23975863563,12480,40003,120,120,2,cudaLaunchKernel, 977    1    1, 256    1    1,"<unnamed>::pack_face_z(const double *, double *, int, int, int, int, int)"
23975841052,31384,23975872436,1386,23975873822,4288,37058,123,123,5,cudaLaunchKernel, 977    1    1, 256    1    1,"<unnamed>::pack_face_y(const double *, double *, int, int, int, int, int)"
23975841359,20425,23975861784,2645,23975864429,12544,35614,118,118,0,cudaLaunchKernel, 977    1    1, 256    1    1,"<unnamed>::pack_face_z(const double *, double *, int, int, int, int, int)"
23975842254,29422,23975871676,1700,23975873376,12640,43762,132,132,7,cudaLaunchKernel, 977    1    1, 256    1    1,"<unnamed>::pack_face_z(const double *, double *, int, int, int, int, int)"
23975852156,29644,23975881800,655,23975882455,4128,34427,122,122,4,cudaLaunchKernel, 977    1    1, 256    1    1,"<unnamed>::pack_face_y(const double *, double *, int, int, int, int, int)"
23975857877,25434,23975883311,1368,23975884679,4384,31186,121,121,3,cudaLaunchKernel, 977    1    1, 256    1    1,"<unnamed>::pack_face_y(const double *, double *, int, int, int, int, int)"
23975858493,25679,23975884172,1489,23975885661,4224,31392,119,119,1,cudaLaunchKernel, 977    1    1, 256    1    1,"<unnamed>::pack_face_y(const double *, double *, int, int, int, int, int)"
23975874260,25537,,,23975897598,12480,35818,123,123,5,cudaLaunchKernel, 977    1    1, 256    1    1,"<unnamed>::pack_face_z(const double *, double *, int, int, int, int, int)"
23975879821,21114,23975900935,736,23975901671,4224,26074,124,124,6,cudaLaunchKernel, 977    1    1, 256    1    1,"<unnamed>::pack_face_y(const double *, double *, int, int, int, int, int)"
23975883707,20631,23975904338,1989,23975906327,12704,35324,122,122,4,cudaLaunchKernel, 977    1    1, 256    1    1,"<unnamed>::pack_face_z(const double *, double *, int, int, int, int, int)"
23975885110,22236,23975907346,1493,23975908839,12608,36337,121,121,3,cudaLaunchKernel, 977    1    1, 256    1    1,"<unnamed>::pack_face_z(const double *, double *, int, int, int, int, int)"
23975885960,21575,23975907535,1486,23975909021,12736,35797,119,119,1,cudaLaunchKernel, 977    1    1, 256    1    1,"<unnamed>::pack_face_z(const double *, double *, int, int, int, int, int)"
23975903382,25313,23975928695,848,23975929543,12512,38673,124,124,6,cudaLaunchKernel, 977    1    1, 256    1    1,"<unnamed>::pack_face_z(const double *, double *, int, int, int, int, int)"
23980131578,65533,,,23980195808,1754542,1818772,120,120,2,cudaLaunchKernel,  16  125  125,  32    4    4,"<unnamed>::step_kernel_interior(const double *, const double *, double *, const double *, const double *, int, int, int, int, int, int, int, double, double, bool)"
23980149769,60183,,,23980208591,1750907,1809729,119,119,1,cudaLaunchKernel,  16  125  125,  32    4    4,"<unnamed>::step_kernel_interior(const double *, const double *, double *, const double *, const double *, int, int, int, int, int, int, int, double, double, bool)"
23980333365,70348,,,23980399606,1751760,1818001,132,132,7,cudaLaunchKernel,  16  125  125,  32    4    4,"<unnamed>::step_kernel_interior(const double *, const double *, double *, const double *, const double *, int, int, int, int, int, int, int, double, double, bool)"
23980397405,59086,,,23980452646,1753203,1808444,121,121,3,cudaLaunchKernel,  16  125  125,  32    4    4,"<unnamed>::step_kernel_interior(const double *, const double *, double *, const double *, const double *, int, int, int, int, int, int, int, double, double, bool)"
23980586408,62959,,,23980648003,1750104,1811699,122,122,4,cudaLaunchKernel,  16  125  125,  32    4    4,"<unnamed>::step_kernel_interior(const double *, const double *, double *, const double *, const double *, int, int, int, int, int, int, int, double, double, bool)"
23980650190,65331,,,23980713725,1750833,1814368,124,124,6,cudaLaunchKernel,  16  125  125,  32    4    4,"<unnamed>::step_kernel_interior(const double *, const double *, double *, const double *, const double *, int, int, int, int, int, int, int, double, double, bool)"
23980831116,78895,,,23980905266,1750007,1824157,118,118,0,cudaLaunchKernel,  16  125  125,  32    4    4,"<unnamed>::step_kernel_interior(const double *, const double *, double *, const double *, const double *, int, int, int, int, int, int, int, double, double, bool)"
23980889915,72628,,,23980960850,1751601,1822536,123,123,5,cudaLaunchKernel,  16  125  125,  32    4    4,"<unnamed>::step_kernel_interior(const double *, const double *, double *, const double *, const double *, int, int, int, int, int, int, int, double, double, bool)"
24021136387,60660,,,24021193532,2528,60660,118,118,0,cudaLaunchKernel, 977    1    1, 256    1    1,"<unnamed>::unpack_face_x(const double *, double *, int, int, int, int, int)"
24021203530,34708,24021238238,606,24021238844,2592,37906,118,118,0,cudaLaunchKernel, 977    1    1, 256    1    1,"<unnamed>::unpack_face_y(const double *, double *, int, int, int, int, int)"
24021240969,26257,24021267226,1954,24021269180,16800,45011,118,118,0,cudaLaunchKernel, 977    1    1, 256    1    1,"<unnamed>::unpack_face_z(const double *, double *, int, int, int, int, int)"
24021275079,37934,24021313013,1383,24021314396,14208,53525,118,118,0,cudaLaunchKernel,1954    1    1, 256    1    1,"<unnamed>::step_kernel_boundary_x_faces(const double *, const double *, double *, const double *, const double *, int, int, int, int, int, int, int, double, double, bool)"
24021318930,33460,24021352390,1046,24021353436,13503,48009,118,118,0,cudaLaunchKernel,1946    1    1, 256    1    1,"<unnamed>::step_kernel_boundary_y_faces(const double *, const double *, double *, const double *, const double *, int, int, int, int, int, int, int, double, double, bool)"
24021354298,31240,24021385538,1113,24021386651,116160,148513,118,118,0,cudaLaunchKernel,1938    1    1, 256    1    1,"<unnamed>::step_kernel_boundary_z_faces(const double *, const double *, double *, const double *, const double *, int, int, int, int, int, int, int, double, double, bool)"
24021406054,11931,24021417985,85946,24021503931,3232,101109,118,118,0,cudaLaunchKernel, 977    1    1, 256    1    1,"<unnamed>::pack_face_x(const double *, double *, int, int, int, int, int)"
24021419047,6505,24021425552,82603,24021508155,2848,91956,118,118,0,cudaLaunchKernel, 977    1    1, 256    1    1,"<unnamed>::pack_face_y(const double *, double *, int, int, int, int, int)"
24021429585,8682,24021438267,73728,24021511995,13856,96266,118,118,0,cudaLaunchKernel, 977    1    1, 256    1    1,"<unnamed>::pack_face_z(const double *, double *, int, int, int, int, int)"
24021574519,12115,24021586634,1072,24021587706,1751639,1764826,118,118,0,cudaLaunchKernel,  16  125  125,  32    4    4,"<unnamed>::step_kernel_interior(const double *, const double *, double *, const double *, const double *, int, int, int, int, int, int, int, double, double, bool)"
24023661629,57188,,,24023715755,2464,57188,124,124,6,cudaLaunchKernel, 977    1    1, 256    1    1,"<unnamed>::unpack_face_x(const double *, double *, int, int, int, int, int)"
24023721319,34862,,,24023756138,2592,37411,124,124,6,cudaLaunchKernel, 977    1    1, 256    1    1,"<unnamed>::unpack_face_y(const double *, double *, int, int, int, int, int)"
24023758758,24333,24023783091,1527,24023784618,15712,41572,124,124,6,cudaLaunchKernel, 977    1    1, 256    1    1,"<unnamed>::unpack_face_z(const double *, double *, int, int, int, int, int)"
24023791336,26561,24023817897,737,24023818634,13728,41026,124,124,6,cudaLaunchKernel,1954    1    1, 256    1    1,"<unnamed>::step_kernel_boundary_x_faces(const double *, const double *, double *, const double *, const double *, int, int, int, int, int, int, int, double, double, bool)"
24023823147,27281,24023850428,1773,24023852201,12960,42014,124,124,6,cudaLaunchKernel,1946    1    1, 256    1    1,"<unnamed>::step_kernel_boundary_y_faces(const double *, const double *, double *, const double *, const double *, int, int, int, int, int, int, int, double, double, bool)"
24023855708,30097,,,24023881449,115903,141644,124,124,6,cudaLaunchKernel,1938    1    1, 256    1    1,"<unnamed>::step_kernel_boundary_z_faces(const double *, const double *, double *, const double *, const double *, int, int, int, int, int, int, int, double, double, bool)"
24023901158,6272,24023907430,91234,24023998664,3232,100738,124,124,6,cudaLaunchKernel, 977    1    1, 256    1    1,"<unnamed>::pack_face_x(const double *, double *, int, int, int, int, int)"
24023908005,8159,24023916164,86756,24024002920,3232,98147,124,124,6,cudaLaunchKernel, 977    1    1, 256    1    1,"<unnamed>::pack_face_y(const double *, double *, int, int, int, int, int)"
24023917150,5038,24023922188,85244,24024007432,14464,104746,124,124,6,cudaLaunchKernel, 977    1    1, 256    1    1,"<unnamed>::pack_face_z(const double *, double *, int, int, int, int, int)"
24024067611,11412,24024079023,985,24024080008,1750256,1762653,124,124,6,cudaLaunchKernel,  16  125  125,  32    4    4,"<unnamed>::step_kernel_interior(const double *, const double *, double *, const double *, const double *, int, int, int, int, int, int, int, double, double, bool)"
24027285164,56263,,,24027338965,2560,56361,119,119,1,cudaLaunchKernel, 977    1    1, 256    1    1,"<unnamed>::unpack_face_x(const double *, double *, int, int, int, int, int)"
24027302299,62938,,,24027361965,2496,62938,120,120,2,cudaLaunchKernel, 977    1    1, 256    1    1,"<unnamed>::unpack_face_x(const double *, double *, int, int, int, int, int)"
24027344223,26282,24027370505,1036,24027371541,2592,29910,119,119,1,cudaLaunchKernel, 977    1    1, 256    1    1,"<unnamed>::unpack_face_y(const double *, double *, int, int, int, int, int)"
24027368568,34938,24027403506,666,24027404172,2592,38196,120,120,2,cudaLaunchKernel, 977    1    1, 256    1    1,"<unnamed>::unpack_face_y(const double *, double *, int, int, int, int, int)"
24027375845,28040,24027403885,584,24027404469,15872,44496,119,119,1,cudaLaunchKernel, 977    1    1, 256    1    1,"<unnamed>::unpack_face_z(const double *, double *, int, int, int, int, int)"
24027409684,36161,,,24027443596,15520,49432,120,120,2,cudaLaunchKernel, 977    1    1, 256    1    1,"<unnamed>::unpack_face_z(const double *, double *, int, int, int, int, int)"
24027411319,30442,24027441761,692,24027442453,14080,45214,119,119,1,cudaLaunchKernel,1954    1    1, 256    1    1,"<unnamed>::step_kernel_boundary_x_faces(const double *, const double *, double *, const double *, const double *, int, int, int, int, int, int, int, double, double, bool)"
24027447422,29389,24027476811,1962,24027478773,13024,44375,119,119,1,cudaLaunchKernel,1946    1    1, 256    1    1,"<unnamed>::step_kernel_boundary_y_faces(const double *, const double *, double *, const double *, const double *, int, int, int, int, int, int, int, double, double, bool)"
24027450411,31030,24027481441,1322,24027482763,14272,46624,120,120,2,cudaLaunchKernel,1954    1    1, 256    1    1,"<unnamed>::step_kernel_boundary_x_faces(const double *, const double *, double *, const double *, const double *, int, int, int, int, int, int, int, double, double, bool)"
24027478782,28472,,,24027506037,115680,142935,119,119,1,cudaLaunchKernel,1938    1    1, 256    1    1,"<unnamed>::step_kernel_boundary_z_faces(const double *, const double *, double *, const double *, const double *, int, int, int, int, int, int, int, double, double, bool)"
24027483234,30403,24027513637,1350,24027514987,12928,44681,120,120,2,cudaLaunchKernel,1946    1    1, 256    1    1,"<unnamed>::step_kernel_boundary_y_faces(const double *, const double *, double *, const double *, const double *, int, int, int, int, int, int, int, double, double, bool)"
24027515811,35126,24027550937,1106,24027552043,115999,152231,120,120,2,cudaLaunchKernel,1938    1    1, 256    1    1,"<unnamed>::step_kernel_boundary_z_faces(const double *, const double *, double *, const double *, const double *, int, int, int, int, int, int, int, double, double, bool)"
24027518219,10583,24027528802,94066,24027622868,3296,107945,119,119,1,cudaLaunchKernel, 977    1    1, 256    1    1,"<unnamed>::pack_face_x(const double *, double *, int, int, int, int, int)"
24027529937,10056,24027539993,87195,24027627188,2944,100195,119,119,1,cudaLaunchKernel, 977    1    1, 256    1    1,"<unnamed>::pack_face_y(const double *, double *, int, int, int, int, int)"
24027540925,9564,24027550489,80571,24027631060,14336,104471,119,119,1,cudaLaunchKernel, 977    1    1, 256    1    1,"<unnamed>::pack_face_z(const double *, double *, int, int, int, int, int)"
24027576190,8707,24027584897,84265,24027669162,3103,96075,120,120,2,cudaLaunchKernel, 977    1    1, 256    1    1,"<unnamed>::pack_face_x(const double *, double *, int, int, int, int, int)"
24027585620,15061,24027600681,72864,24027673545,3008,90933,120,120,2,cudaLaunchKernel, 977    1    1, 256    1    1,"<unnamed>::pack_face_y(const double *, double *, int, int, int, int, int)"
24027602322,8199,24027610521,67312,24027677833,13824,89335,120,120,2,cudaLaunchKernel, 977    1    1, 256    1    1,"<unnamed>::pack_face_z(const double *, double *, int, int, int, int, int)"
24027729344,11910,24027741254,1198,24027742452,1751482,1764590,119,119,1,cudaLaunchKernel,  16  125  125,  32    4    4,"<unnamed>::step_kernel_interior(const double *, const double *, double *, const double *, const double *, int, int, int, int, int, int, int, double, double, bool)"
24027788108,15743,24027803851,1181,24027805032,1752367,1769291,120,120,2,cudaLaunchKernel,  16  125  125,  32    4    4,"<unnamed>::step_kernel_interior(const double *, const double *, double *, const double *, const double *, int, int, int, int, int, int, int, double, double, bool)"
24028117922,68225,,,24028182711,2688,68225,123,123,5,cudaLaunchKernel, 977    1    1, 256    1    1,"<unnamed>::unpack_face_x(const double *, double *, int, int, int, int, int)"
24028132406,65818,,,24028194779,2432,65818,122,122,4,cudaLaunchKernel, 977    1    1, 256    1    1,"<unnamed>::unpack_face_x(const double *, double *, int, int, int, int, int)"
24028189019,34899,,,24028221590,2688,35259,123,123,5,cudaLaunchKernel, 977    1    1, 256    1    1,"<unnamed>::unpack_face_y(const double *, double *, int, int, int, int, int)"
24028200874,31535,24028232409,834,24028233243,2560,34929,122,122,4,cudaLaunchKernel, 977    1    1, 256    1    1,"<unnamed>::unpack_face_y(const double *, double *, int, int, int, int, int)"
24028226844,19126,24028245970,2372,24028248342,15680,37178,123,123,5,cudaLaunchKernel, 977    1    1, 256    1    1,"<unnamed>::unpack_face_z(const double *, double *, int, int, int, int, int)"
24028235143,29429,24028264572,607,24028265179,15328,45364,122,122,4,cudaLaunchKernel, 977    1    1, 256    1    1,"<unnamed>::unpack_face_z(const double *, double *, int, int, int, int, int)"
24028253364,34855,,,24028288086,13920,48642,123,123,5,cudaLaunchKernel,1954    1    1, 256    1    1,"<unnamed>::step_kernel_boundary_x_faces(const double *, const double *, double *, const double *, const double *, int, int, int, int, int, int, int, double, double, bool)"
24028268624,34663,24028303287,996,24028304283,13696,49355,122,122,4,cudaLaunchKernel,1954    1    1, 256    1    1,"<unnamed>::step_kernel_boundary_x_faces(const double *, const double *, double *, const double *, const double *, int, int, int, int, int, int, int, double, double, bool)"
24028292842,30151,24028322993,1253,24028324246,13183,44587,123,123,5,cudaLaunchKernel,1946    1    1, 256    1    1,"<unnamed>::step_kernel_boundary_y_faces(const double *, const double *, double *, const double *, const double *, int, int, int, int, int, int, int, double, double, bool)"
24028305272,31857,24028337129,1617,24028338746,12928,46402,122,122,4,cudaLaunchKernel,1946    1    1, 256    1    1,"<unnamed>::step_kernel_boundary_y_faces(const double *, const double *, double *, const double *, const double *, int, int, int, int, int, int, int, double, double, bool)"
24028324702,30973,24028355675,922,24028356597,115359,147254,123,123,5,cudaLaunchKernel,1938    1    1, 256    1    1,"<unnamed>::step_kernel_boundary_z_faces(const double *, const double *, double *, const double *, const double *, int, int, int, int, int, int, int, double, double, bool)"
24028338834,28059,,,24028365754,115488,142408,122,122,4,cudaLaunchKernel,1938    1    1, 256    1    1,"<unnamed>::step_kernel_boundary_z_faces(const double *, const double *, double *, const double *, const double *, int, int, int, int, int, int, int, double, double, bool)"
24028370632,16225,24028386857,86155,24028473012,3520,105900,123,123,5,cudaLaunchKernel, 977    1    1, 256    1    1,"<unnamed>::pack_face_x(const double *, double *, int, int, int, int, int)"
24028381800,12150,24028393950,88508,24028482458,3200,103858,122,122,4,cudaLaunchKernel, 977    1    1, 256    1    1,"<unnamed>::pack_face_x(const double *, double *, int, int, int, int, int)"
24028388090,7928,24028396018,81570,24028477588,2944,92442,123,123,5,cudaLaunchKernel, 977    1    1, 256    1    1,"<unnamed>::pack_face_y(const double *, double *, int, int, int, int, int)"
24028394982,11480,24028406462,80188,24028486650,3008,94676,122,122,4,cudaLaunchKernel, 977    1    1, 256    1    1,"<unnamed>::pack_face_y(const double *, double *, int, int, int, int, int)"
24028396616,10703,24028407319,74173,24028481492,14624,99500,123,123,5,cudaLaunchKernel, 977    1    1, 256    1    1,"<unnamed>::pack_face_z(const double *, double *, int, int, int, int, int)"
24028407376,15422,24028422798,68140,24028490938,14528,98090,122,122,4,cudaLaunchKernel, 977    1    1, 256    1    1,"<unnamed>::pack_face_z(const double *, double *, int, int, int, int, int)"
24028568548,15099,24028583647,788,24028584435,1751121,1767008,123,123,5,cudaLaunchKernel,  16  125  125,  32    4    4,"<unnamed>::step_kernel_interior(const double *, const double *, double *, const double *, const double *, int, int, int, int, int, int, int, double, double, bool)"
24028606136,16327,24028622463,698,24028623161,1752057,1769082,122,122,4,cudaLaunchKernel,  16  125  125,  32    4    4,"<unnamed>::step_kernel_interior(const double *, const double *, double *, const double *, const double *, int, int, int, int, int, int, int, double, double, bool)"
24028654006,8354,24028662360,2045,24028664405,2528,12927,118,118,0,cudaLaunchKernel, 977    1    1, 256    1    1,"<unnamed>::unpack_face_x(const double *, double *, int, int, int, int, int)"
24028662923,9515,24028672438,895,24028673333,2784,13194,118,118,0,cudaLaunchKernel, 977    1    1, 256    1    1,"<unnamed>::unpack_face_y(const double *, double *, int, int, int, int, int)"
24028670317,12391,24028682708,1687582,24030370290,4224,1704197,122,122,4,cudaLaunchKernel, 977    1    1, 256    1    1,"<unnamed>::unpack_face_x(const double *, double *, int, int, int, int, int)"
24028673357,10386,24028683743,790,24028684533,15712,26888,118,118,0,cudaLaunchKernel, 977    1    1, 256    1    1,"<unnamed>::unpack_face_z(const double *, double *, int, int, int, int, int)"
24028683725,11442,24028695167,1680563,24030375730,2816,1694821,122,122,4,cudaLaunchKernel, 977    1    1, 256    1    1,"<unnamed>::unpack_face_y(const double *, double *, int, int, int, int, int)"
24028685772,17596,24028703368,1933,24028705301,13599,33128,118,118,0,cudaLaunchKernel,1954    1    1, 256    1    1,"<unnamed>::step_kernel_boundary_x_faces(const double *, const double *, double *, const double *, const double *, int, int, int, int, int, int, int, double, double, bool)"
24028696185,12781,24028708966,1670636,24030379602,15680,1699097,122,122,4,cudaLaunchKernel, 977    1    1, 256    1    1,"<unnamed>::unpack_face_z(const double *, double *, int, int, int, int, int)"
24028704280,11187,24028715467,4361,24028719828,12864,28412,118,118,0,cudaLaunchKernel,1946    1    1, 256    1    1,"<unnamed>::step_kernel_boundary_y_faces(const double *, const double *, double *, const double *, const double *, int, int, int, int, int, int, int, double, double, bool)"
24028714409,6997,24028721406,1675252,24030396658,13088,1695337,122,122,4,cudaLaunchKernel,1954    1    1, 256    1    1,"<unnamed>::step_kernel_boundary_x_faces(const double *, const double *, double *, const double *, const double *, int, int, int, int, int, int, int, double, double, bool)"
24028716353,10478,24028726831,6757,24028733588,116032,133267,118,118,0,cudaLaunchKernel,1938    1    1, 256    1    1,"<unnamed>::step_kernel_boundary_z_faces(const double *, const double *, double *, const double *, const double *, int, int, int, int, int, int, int, double, double, bool)"
24028725810,12969,24028738779,1672151,24030410930,13248,1698368,122,122,4,cudaLaunchKernel,1946    1    1, 256    1    1,"<unnamed>::step_kernel_boundary_y_faces(const double *, const double *, double *, const double *, const double *, int, int, int, int, int, int, int, double, double, bool)"
24028731805,10706,24028742511,108517,24028851028,3072,122295,118,118,0,cudaLaunchKernel, 977    1    1, 256    1    1,"<unnamed>::pack_face_x(const double *, double *, int, int, int, int, int)"
24028739826,10545,24028750371,1674991,24030425362,115583,1801119,122,122,4,cudaLaunchKernel,1938    1    1, 256    1    1,"<unnamed>::step_kernel_boundary_z_faces(const double *, const double *, double *, const double *, const double *, int, int, int, int, int, int, int, double, double, bool)"
24028743558,11230,24028754788,100240,24028855028,2752,114222,118,118,0,cudaLaunchKernel, 977    1    1, 256    1    1,"<unnamed>::pack_face_y(const double *, double *, int, int, int, int, int)"
24028754936,11910,24028766846,1775315,24030542161,3200,1790425,122,122,4,cudaLaunchKernel, 977    1    1, 256    1    1,"<unnamed>::pack_face_x(const double *, double *, int, int, int, int, int)"
24028755702,10854,24028766556,92152,24028858708,14144,117150,118,118,0,cudaLaunchKernel, 977    1    1, 256    1    1,"<unnamed>::pack_face_z(const double *, double *, int, int, int, int, int)"
24028767806,11986,24028779792,1767841,24030547633,2912,1782739,122,122,4,cudaLaunchKernel, 977    1    1, 256    1    1,"<unnamed>::pack_face_y(const double *, double *, int, int, int, int, int)"
24028780705,10568,24028791273,1760552,24030551825,13792,1784912,122,122,4,cudaLaunchKernel, 977    1    1, 256    1    1,"<unnamed>::pack_face_z(const double *, double *, int, int, int, int, int)"
24028899171,12007,24028911178,1513,24028912691,1753303,1766823,118,118,0,cudaLaunchKernel,  16  125  125,  32    4    4,"<unnamed>::step_kernel_interior(const double *, const double *, double *, const double *, const double *, int, int, int, int, int, int, int, double, double, bool)"
24029891600,60872,,,24029949503,2496,60872,121,121,3,cudaLaunchKernel, 977    1    1, 256    1    1,"<unnamed>::unpack_face_x(const double *, double *, int, int, int, int, int)"
24029905756,56536,,,24029961839,2528,58611,132,132,7,cudaLaunchKernel, 977    1    1, 256    1    1,"<unnamed>::unpack_face_x(const double *, double *, int, int, int, int, int)"
24029955033,25918,,,24029979007,2624,26598,121,121,3,cudaLaunchKernel, 977    1    1, 256    1    1,"<unnamed>::unpack_face_y(const double *, double *, int, int, int, int, int)"
24029964767,34750,24029999517,722,24030000239,2592,38064,132,132,7,cudaLaunchKernel, 977    1    1, 256    1    1,"<unnamed>::unpack_face_y(const double *, double *, int, int, int, int, int)"
24029983367,27031,24030010398,928,24030011326,15328,43287,121,121,3,cudaLaunchKernel, 977    1    1, 256    1    1,"<unnamed>::unpack_face_z(const double *, double *, int, int, int, int, int)"
24030005458,28383,24030033841,830,24030034671,15840,45053,132,132,7,cudaLaunchKernel, 977    1    1, 256    1    1,"<unnamed>::unpack_face_z(const double *, double *, int, int, int, int, int)"
24030017431,27880,24030045311,1631,24030046942,13824,43335,121,121,3,cudaLaunchKernel,1954    1    1, 256    1    1,"<unnamed>::step_kernel_boundary_x_faces(const double *, const double *, double *, const double *, const double *, int, int, int, int, int, int, int, double, double, bool)"
24030041218,29511,24030070729,581,24030071310,13824,43916,132,132,7,cudaLaunchKernel,1954    1    1, 256    1    1,"<unnamed>::step_kernel_boundary_x_faces(const double *, const double *, double *, const double *, const double *, int, int, int, int, int, int, int, double, double, bool)"
24030047418,27723,24030075141,2937,24030078078,13664,44324,121,121,3,cudaLaunchKernel,1946    1    1, 256    1    1,"<unnamed>::step_kernel_boundary_y_faces(const double *, const double *, double *, const double *, const double *, int, int, int, int, int, int, int, double, double, bool)"
24030072900,56128,,,24030124750,13280,65130,132,132,7,cudaLaunchKernel,1946    1    1, 256    1    1,"<unnamed>::step_kernel_boundary_y_faces(const double *, const double *, double *, const double *, const double *, int, int, int, int, int, int, int, double, double, bool)"
24030080568,41615,24030122183,1462,24030123645,115744,158821,121,121,3,cudaLaunchKernel,1938    1    1, 256    1    1,"<unnamed>::step_kernel_boundary_z_faces(const double *, const double *, double *, const double *, const double *, int, int, int, int, int, int, int, double, double, bool)"
24030131207,38515,,,24030165901,115967,150661,132,132,7,cudaLaunchKernel,1938    1    1, 256    1    1,"<unnamed>::step_kernel_boundary_z_faces(const double *, const double *, double *, const double *, const double *, int, int, int, int, int, int, int, double, double, bool)"
24030139061,11139,24030150200,90277,24030240477,3584,105000,121,121,3,cudaLaunchKernel, 977    1    1, 256    1    1,"<unnamed>::pack_face_x(const double *, double *, int, int, int, int, int)"
24030151251,9153,24030160404,84553,24030244957,2976,96682,121,121,3,cudaLaunchKernel, 977    1    1, 256    1    1,"<unnamed>::pack_face_y(const double *, double *, int, int, int, int, int)"
24030161660,10489,24030172149,76840,24030248989,14303,101632,121,121,3,cudaLaunchKernel, 977    1    1, 256    1    1,"<unnamed>::pack_face_z(const double *, double *, int, int, int, int, int)"
24030185743,12739,24030198482,84410,24030282892,3264,100413,132,132,7,cudaLaunchKernel, 977    1    1, 256    1    1,"<unnamed>::pack_face_x(const double *, double *, int, int, int, int, int)"
24030199804,12131,24030211935,75501,24030287436,3104,90736,132,132,7,cudaLaunchKernel, 977    1    1, 256    1    1,"<unnamed>::pack_face_y(const double *, double *, int, int, int, int, int)"
24030212953,13961,24030226914,64586,24030291500,14176,92723,132,132,7,cudaLaunchKernel, 977    1    1, 256    1    1,"<unnamed>::pack_face_z(const double *, double *, int, int, int, int, int)"
24030358226,13012,24030371238,1238,24030372476,1754131,1768381,121,121,3,cudaLaunchKernel,  16  125  125,  32    4    4,"<unnamed>::step_kernel_interior(const double *, const double *, double *, const double *, const double *, int, int, int, int, int, int, int, double, double, bool)"
24030396800,15051,24030411851,704,24030412555,1752752,1768507,132,132,7,cudaLaunchKernel,  16  125  125,  32    4    4,"<unnamed>::step_kernel_interior(const double *, const double *, double *, const double *, const double *, int, int, int, int, int, int, int, double, double, bool)"
24030398074,11307,24030409381,262,24030409643,2592,14161,119,119,1,cudaLaunchKernel, 977    1    1, 256    1    1,"<unnamed>::unpack_face_x(const double *, double *, int, int, int, int, int)"
24030401364,15595,,,24030415342,2560,16538,120,120,2,cudaLaunchKernel, 977    1    1, 256    1    1,"<unnamed>::unpack_face_x(const double *, double *, int, int, int, int, int)"
24030410393,10125,24030420518,997,24030421515,2528,13650,119,119,1,cudaLaunchKernel, 977    1    1, 256    1    1,"<unnamed>::unpack_face_y(const double *, double *, int, int, int, int, int)"
24030418227,7149,24030425376,1934,24030427310,2624,11707,120,120,2,cudaLaunchKernel, 977    1    1, 256    1    1,"<unnamed>::unpack_face_y(const double *, double *, int, int, int, int, int)"
24030421490,5582,24030427072,3147,24030430219,16416,25145,119,119,1,cudaLaunchKernel, 977    1    1, 256    1    1,"<unnamed>::unpack_face_z(const double *, double *, int, int, int, int, int)"
24030425847,10658,24030436505,1845,24030438350,15808,28311,120,120,2,cudaLaunchKernel, 977    1    1, 256    1    1,"<unnamed>::unpack_face_z(const double *, double *, int, int, int, int, int)"
24030428590,9486,24030438076,9455,24030447531,13632,32573,119,119,1,cudaLaunchKernel,1954    1    1, 256    1    1,"<unnamed>::step_kernel_boundary_x_faces(const double *, const double *, double *, const double *, const double *, int, int, int, int, int, int, int, double, double, bool)"
24030438541,12041,24030450582,4760,24030455342,14080,30881,120,120,2,cudaLaunchKernel,1954    1    1, 256    1    1,"<unnamed>::step_kernel_boundary_x_faces(const double *, const double *, double *, const double *, const double *, int, int, int, int, int, int, int, double, double, bool)"
24030439072,8590,24030447662,14493,24030462155,12800,35883,119,119,1,cudaLaunchKernel,1946    1    1, 256    1    1,"<unnamed>::step_kernel_boundary_y_faces(const double *, const double *, double *, const double *, const double *, int, int, int, int, int, int, int, double, double, bool)"
24030440535,13642,24030454177,610,24030454787,2624,16876,123,123,5,cudaLaunchKernel, 977    1    1, 256    1    1,"<unnamed>::unpack_face_x(const double *, double *, int, int, int, int, int)"
24030442924,9596,24030452520,1353,24030453873,2432,13381,124,124,6,cudaLaunchKernel, 977    1    1, 256    1    1,"<unnamed>::unpack_face_x(const double *, double *, int, int, int, int, int)"
24030448649,6303,24030454952,21059,24030476011,116480,143842,119,119,1,cudaLaunchKernel,1938    1    1, 256    1    1,"<unnamed>::step_kernel_boundary_z_faces(const double *, const double *, double *, const double *, const double *, int, int, int, int, int, int, int, double, double, bool)"
24030451559,6812,24030458371,12235,24030470606,13248,32295,120,120,2,cudaLaunchKernel,1946    1    1, 256    1    1,"<unnamed>::step_kernel_boundary_y_faces(const double *, const double *, double *, const double *, const double *, int, int, int, int, int, int, int, double, double, bool)"
24030453415,3471,24030456886,3131,24030460017,2655,9257,124,124,6,cudaLaunchKernel, 977    1    1, 256    1    1,"<unnamed>::unpack_face_y(const double *, double *, int, int, int, int, int)"
24030455325,11317,24030466642,273,24030466915,2432,14022,123,123,5,cudaLaunchKernel, 977    1    1, 256    1    1,"<unnamed>::unpack_face_y(const double *, double *, int, int, int, int, int)"
24030455845,11190,24030467035,1655124,24032122159,4960,1671274,121,121,3,cudaLaunchKernel, 977    1    1, 256    1    1,"<unnamed>::unpack_face_x(const double *, double *, int, int, int, int, int)"
24030457184,12527,24030469711,1690476,24032160187,4480,1707483,132,132,7,cudaLaunchKernel, 977    1    1, 256    1    1,"<unnamed>::unpack_face_x(const double *, double *, int, int, int, int, int)"
24030457312,8907,,,24030463696,15840,22224,124,124,6,cudaLaunchKernel, 977    1    1, 256    1    1,"<unnamed>::unpack_face_z(const double *, double *, int, int, int, int, int)"
24030458759,10143,24030468902,16104,24030485006,115870,142117,120,120,2,cudaLaunchKernel,1938    1    1, 256    1    1,"<unnamed>::step_kernel_boundary_z_faces(const double *, const double *, double *, const double *, const double *, int, int, int, int, int, int, int, double, double, bool)"
24030459032,8158,24030467190,126421,24030593611,3232,137811,119,119,1,cudaLaunchKernel, 977    1    1, 256    1    1,"<unnamed>::pack_face_x(const double *, double *, int, int, int, int, int)"
24030467589,11532,24030479121,626,24030479747,16704,28862,123,123,5,cudaLaunchKernel, 977    1    1, 256    1    1,"<unnamed>::unpack_face_z(const double *, double *, int, int, int, int, int)"
24030468051,9738,24030477789,1650386,24032128175,2752,1662876,121,121,3,cudaLaunchKernel, 977    1    1, 256    1    1,"<unnamed>::unpack_face_y(const double *, double *, int, int, int, int, int)"
24030468151,10755,24030478906,118897,24030597803,2720,132372,119,119,1,cudaLaunchKernel, 977    1    1, 256    1    1,"<unnamed>::pack_face_y(const double *, double *, int, int, int, int, int)"
24030468342,9055,24030477397,3355,24030480752,13760,26170,124,124,6,cudaLaunchKernel,1954    1    1, 256    1    1,"<unnamed>::step_kernel_boundary_x_faces(const double *, const double *, double *, const double *, const double *, int, int, int, int, int, int, int, double, double, bool)"
24030474026,12677,24030486703,1679148,24032165851,2688,1694513,132,132,7,cudaLaunchKernel, 977    1    1, 256    1    1,"<unnamed>::unpack_face_y(const double *, double *, int, int, int, int, int)"
24030478069,10998,24030489067,113217,24030602284,3072,127287,120,120,2,cudaLaunchKernel, 977    1    1, 256    1    1,"<unnamed>::pack_face_x(const double *, double *, int, int, int, int, int)"
24030478345,9635,24030487980,7684,24030495664,13344,30663,124,124,6,cudaLaunchKernel,1946    1    1, 256    1    1,"<unnamed>::step_kernel_boundary_y_faces(const double *, const double *, double *, const double *, const double *, int, int, int, int, int, int, int, double, double, bool)"
24030478765,9738,24030488503,1643288,24032131791,16416,1669442,121,121,3,cudaLaunchKernel, 977    1    1, 256    1    1,"<unnamed>::unpack_face_z(const double *, double *, int, int, int, int, int)"
24030479797,9128,24030488925,112590,24030601515,14400,136118,119,119,1,cudaLaunchKernel, 977    1    1, 256    1    1,"<unnamed>::pack_face_z(const double *, double *, int, int, int, int, int)"
24030484909,7354,24030492263,6844,24030499107,13791,27989,123,123,5,cudaLaunchKernel,1954    1    1, 256    1    1,"<unnamed>::step_kernel_boundary_x_faces(const double *, const double *, double *, const double *, const double *, int, int, int, int, int, int, int, double, double, bool)"
24030487684,12453,24030500137,1669394,24032169531,16128,1697975,132,132,7,cudaLaunchKernel, 977    1    1, 256    1    1,"<unnamed>::unpack_face_z(const double *, double *, int, int, int, int, int)"
24030488905,4474,24030493379,16813,24030510192,115679,136966,124,124,6,cudaLaunchKernel,1938    1    1, 256    1    1,"<unnamed>::step_kernel_boundary_z_faces(const double *, const double *, double *, const double *, const double *, int, int, int, int, int, int, int, double, double, bool)"
24030490107,11952,24030502059,104545,24030606604,2688,119185,120,120,2,cudaLaunchKernel, 977    1    1, 256    1    1,"<unnamed>::pack_face_y(const double *, double *, int, int, int, int, int)"
24030490523,9005,24030499528,1649703,24032149231,13760,1672468,121,121,3,cudaLaunchKernel,1954    1    1, 256    1    1,"<unnamed>::step_kernel_boundary_x_faces(const double *, const double *, double *, const double *, const double *, int, int, int, int, int, int, int, double, double, bool)"
24030492664,15807,24030508471,5355,24030513826,13568,34730,123,123,5,cudaLaunchKernel,1946    1    1, 256    1    1,"<unnamed>::step_kernel_boundary_y_faces(const double *, const double *, double *, const double *, const double *, int, int, int, int, int, int, int, double, double, bool)"
24030500410,9953,24030510363,1653492,24032163855,13120,1676565,121,121,3,cudaLaunchKernel,1946    1    1, 256    1    1,"<unnamed>::step_kernel_boundary_y_faces(const double *, const double *, double *, const double *, const double *, int, int, int, int, int, int, int, double, double, bool)"
24030501788,9791,24030511579,115508,24030627087,2912,128211,124,124,6,cudaLaunchKernel, 977    1    1, 256    1    1,"<unnamed>::pack_face_x(const double *, double *, int, int, int, int, int)"
24030501972,11739,24030513711,1672876,24032186587,14336,1698951,132,132,7,cudaLaunchKernel,1954    1    1, 256    1    1,"<unnamed>::step_kernel_boundary_x_faces(const double *, const double *, double *, const double *, const double *, int, int, int, int, int, int, int, double, double, bool)"
24030503008,10606,24030513614,96734,24030610348,14240,121580,120,120,2,cudaLaunchKernel, 977    1    1, 256    1    1,"<unnamed>::pack_face_z(const double *, double *, int, int, int, int, int)"
24030509361,7192,24030516553,11737,24030528290,115359,134288,123,123,5,cudaLaunchKernel,1938    1    1, 256    1    1,"<unnamed>::step_kernel_boundary_z_faces(const double *, const double *, double *, const double *, const double *, int, int, int, int, int, int, int, double, double, bool)"
24030511260,5358,24030516618,1661285,24032177903,115839,1782482,121,121,3,cudaLaunchKernel,1938    1    1, 256    1    1,"<unnamed>::step_kernel_boundary_z_faces(const double *, const double *, double *, const double *, const double *, int, int, int, int, int, int, int, double, double, bool)"
24030512566,4656,24030517222,113769,24030630991,2848,121273,124,124,6,cudaLaunchKernel, 977    1    1, 256    1    1,"<unnamed>::pack_face_y(const double *, double *, int, int, int, int, int)"
24030514675,5300,24030519975,1681844,24032201819,13344,1700488,132,132,7,cudaLaunchKernel,1946    1    1, 256    1    1,"<unnamed>::step_kernel_boundary_y_faces(const double *, const double *, double *, const double *, const double *, int, int, int, int, int, int, int, double, double, bool)"
24030517641,3679,24030521320,113543,24030634863,14240,131462,124,124,6,cudaLaunchKernel, 977    1    1, 256    1    1,"<unnamed>::pack_face_z(const double *, double *, int, int, int, int, int)"
24030520375,5608,24030525983,1690076,24032216059,115263,1810947,132,132,7,cudaLaunchKernel,1938    1    1, 256    1    1,"<unnamed>::step_kernel_boundary_z_faces(const double *, const double *, double *, const double *, const double *, int, int, int, int, int, int, int, double, double, bool)"
24030520496,3996,24030524492,1770402,24032294894,3328,1777726,121,121,3,cudaLaunchKernel, 977    1    1, 256    1    1,"<unnamed>::pack_face_x(const double *, double *, int, int, int, int, int)"
24030520784,5728,24030526512,118257,24030644769,3072,127057,123,123,5,cudaLaunchKernel, 977    1    1, 256    1    1,"<unnamed>::pack_face_x(const double *, double *, int, int, int, int, int)"
24030524951,3930,24030528881,1771389,24032300270,2656,1777975,121,121,3,cudaLaunchKernel, 977    1    1, 256    1    1,"<unnamed>::pack_face_y(const double *, double *, int, int, int, int, int)"
24030526951,10600,24030537551,111282,24030648833,2752,124634,123,123,5,cudaLaunchKernel, 977    1    1, 256    1    1,"<unnamed>::pack_face_y(const double *, double *, int, int, int, int, int)"
24030529277,7976,24030537253,1766697,24032303950,14624,1789297,121,121,3,cudaLaunchKernel, 977    1    1, 256    1    1,"<unnamed>::pack_face_z(const double *, double *, int, int, int, int, int)"
24030534394,7464,24030541858,1790840,24032332698,3712,1802016,132,132,7,cudaLaunchKernel, 977    1    1, 256    1    1,"<unnamed>::pack_face_x(const double *, double *, int, int, int, int, int)"
24030538438,6456,24030544894,107683,24030652577,13888,128027,123,123,5,cudaLaunchKernel, 977    1    1, 256    1    1,"<unnamed>::pack_face_z(const double *, double *, int, int, int, int, int)"
24030542375,5781,24030548156,1790366,24032338522,2783,1798930,132,132,7,cudaLaunchKernel, 977    1    1, 256    1    1,"<unnamed>::pack_face_y(const double *, double *, int, int, int, int, int)"
24030548543,8730,24030557273,1784960,24032342233,14368,1808058,132,132,7,cudaLaunchKernel, 977    1    1, 256    1    1,"<unnamed>::pack_face_z(const double *, double *, int, int, int, int, int)"
24030595908,13935,24030609843,1086,24030610929,1751129,1766150,122,122,4,cudaLaunchKernel,  16  125  125,  32    4    4,"<unnamed>::step_kernel_interior(const double *, const double *, double *, const double *, const double *, int, int, int, int, int, int, int, double, double, bool)"
24030659380,10169,24030669549,1214,24030670763,1755034,1766417,119,119,1,cudaLaunchKernel,  16  125  125,  32    4    4,"<unnamed>::step_kernel_interior(const double *, const double *, double *, const double *, const double *, int, int, int, int, int, int, int, double, double, bool)"
24030666477,13310,,,24030677644,1753902,1765069,120,120,2,cudaLaunchKernel,  16  125  125,  32    4    4,"<unnamed>::step_kernel_interior(const double *, const double *, double *, const double *, const double *, int, int, int, int, int, int, int, double, double, bool)"
24030673643,9771,24030683414,1657,24030685071,1753584,1765012,124,124,6,cudaLaunchKernel,  16  125  125,  32    4    4,"<unnamed>::step_kernel_interior(const double *, const double *, double *, const double *, const double *, int, int, int, int, int, int, int, double, double, bool)"
24030700929,12779,,,24030712353,1751729,1763153,123,123,5,cudaLaunchKernel,  16  125  125,  32    4    4,"<unnamed>::step_kernel_interior(const double *, const double *, double *, const double *, const double *, int, int, int, int, int, int, int, double, double, bool)"
24030706352,12820,24030719172,1350,24030720522,2688,16858,118,118,0,cudaLaunchKernel, 977    1    1, 256    1    1,"<unnamed>::unpack_face_x(const double *, double *, int, int, int, int, int)"
24030720209,12043,,,24030729898,2464,12153,118,118,0,cudaLaunchKernel, 977    1    1, 256    1    1,"<unnamed>::unpack_face_y(const double *, double *, int, int, int, int, int)"
24030733372,6801,24030740173,1757,24030741930,15232,23790,118,118,0,cudaLaunchKernel, 977    1    1, 256    1    1,"<unnamed>::unpack_face_z(const double *, double *, int, int, int, int, int)"
24030741862,10633,24030752495,5851,24030758346,13600,30084,118,118,0,cudaLaunchKernel,1954    1    1, 256    1    1,"<unnamed>::step_kernel_boundary_x_faces(const double *, const double *, double *, const double *, const double *, int, int, int, int, int, int, int, double, double, bool)"
24030753394,11675,24030765069,7773,24030772842,13567,33015,118,118,0,cudaLaunchKernel,1946    1    1, 256    1    1,"<unnamed>::step_kernel_boundary_y_faces(const double *, const double *, double *, const double *, const double *, int, int, int, int, int, int, int, double, double, bool)"
24030756894,11976,24030768870,1588708,24032357578,3968,1604652,122,122,4,cudaLaunchKernel, 977    1    1, 256    1    1,"<unnamed>::unpack_face_x(const double *, double *, int, int, int, int, int)"
24030765951,11490,24030777441,9896,24030787337,115072,136458,118,118,0,cudaLaunchKernel,1938    1    1, 256    1    1,"<unnamed>::step_kernel_boundary_z_faces(const double *, const double *, double *, const double *, const double *, int, int, int, int, int, int, int, double, double, bool)"
24030773048,11328,24030784376,1578386,24032362762,2656,1592370,122,122,4,cudaLaunchKernel, 977    1    1, 256    1    1,"<unnamed>::unpack_face_y(const double *, double *, int, int, int, int, int)"
24030785316,11106,24030796422,1570212,24032366634,16735,1598053,122,122,4,cudaLaunchKernel, 977    1    1, 256    1    1,"<unnamed>::unpack_face_z(const double *, double *, int, int, int, int, int)"
24030787512,11272,24030798784,104777,24030903561,2912,118961,118,118,0,cudaLaunchKernel, 977    1    1, 256    1    1,"<unnamed>::pack_face_x(const double *, double *, int, int, int, int, int)"
24030798161,10827,24030808988,1575501,24032384489,13408,1599736,122,122,4,cudaLaunchKernel,1954    1    1, 256    1    1,"<unnamed>::step_kernel_boundary_x_faces(const double *, const double *, double *, const double *, const double *, int, int, int, int, int, int, int, double, double, bool)"
24030799775,10753,24030810528,97001,24030907529,2848,110602,118,118,0,cudaLaunchKernel, 977    1    1, 256    1    1,"<unnamed>::pack_face_y(const double *, double *, int, int, int, int, int)"
24030809861,11712,24030821573,1577508,24032399081,13344,1602564,122,122,4,cudaLaunchKernel,1946    1    1, 256    1    1,"<unnamed>::step_kernel_boundary_y_faces(const double *, const double *, double *, const double *, const double *, int, int, int, int, int, int, int, double, double, bool)"
24030814704,8635,24030823339,87966,24030911305,14432,111033,118,118,0,cudaLaunchKernel, 977    1    1, 256    1    1,"<unnamed>::pack_face_z(const double *, double *, int, int, int, int, int)"
24030822398,16566,24030838964,1574517,24032413481,116096,1707179,122,122,4,cudaLaunchKernel,1938    1    1, 256    1    1,"<unnamed>::step_kernel_boundary_z_faces(const double *, const double *, double *, const double *, const double *, int, int, int, int, int, int, int, double, double, bool)"
24030843500,15825,24030859325,1671724,24032531049,3168,1690717,122,122,4,cudaLaunchKernel, 977    1    1, 256    1    1,"<unnamed>::pack_face_x(const double *, double *, int, int, int, int, int)"
24030860253,11573,24030871826,1664503,24032536329,3040,1679116,122,122,4,cudaLaunchKernel, 977    1    1, 256    1    1,"<unnamed>::pack_face_y(const double *, double *, int, int, int, int, int)"
24030872719,15107,24030887826,1652855,24032540681,13888,1681850,122,122,4,cudaLaunchKernel, 977    1    1, 256    1    1,"<unnamed>::pack_face_z(const double *, double *, int, int, int, int, int)"
24030956878,13488,24030970366,1290,24030971656,1753431,1768209,118,118,0,cudaLaunchKernel,  16  125  125,  32    4    4,"<unnamed>::step_kernel_interior(const double *, const double *, double *, const double *, const double *, int, int, int, int, int, int, int, double, double, bool)"
24032350786,11540,24032362326,1207,24032363533,1756563,1769310,121,121,3,cudaLaunchKernel,  16  125  125,  32    4    4,"<unnamed>::step_kernel_interior(const double *, const double *, double *, const double *, const double *, int, int, int, int, int, int, int, double, double, bool)"
24032385618,13529,24032399147,1102,24032400249,1755120,1769751,132,132,7,cudaLaunchKernel,  16  125  125,  32    4    4,"<unnamed>::step_kernel_interior(const double *, const double *, double *, const double *, const double *, int, int, int, int, int, int, int, double, double, bool)"
24032408543,7147,24032415690,5691,24032421381,4896,17734,119,119,1,cudaLaunchKernel, 977    1    1, 256    1    1,"<unnamed>::unpack_face_x(const double *, double *, int, int, int, int, int)"
24032416354,2983,24032419337,7964,24032427301,2528,13475,119,119,1,cudaLaunchKernel, 977    1    1, 256    1    1,"<unnamed>::unpack_face_y(const double *, double *, int, int, int, int, int)"
24032419760,9447,24032429207,1742,24032430949,16800,27989,119,119,1,cudaLaunchKernel, 977    1    1, 256    1    1,"<unnamed>::unpack_face_z(const double *, double *, int, int, int, int, int)"
24032428766,12309,,,24032439514,2816,13564,120,120,2,cudaLaunchKernel, 977    1    1, 256    1    1,"<unnamed>::unpack_face_x(const double *, double *, int, int, int, int, int)"
24032431263,4422,24032435685,12928,24032448613,13536,30886,119,119,1,cudaLaunchKernel,1954    1    1, 256    1    1,"<unnamed>::step_kernel_boundary_x_faces(const double *, const double *, double *, const double *, const double *, int, int, int, int, int, int, int, double, double, bool)"
24032436125,8284,24032444409,18732,24032463141,13024,40040,119,119,1,cudaLaunchKernel,1946    1    1, 256    1    1,"<unnamed>::step_kernel_boundary_y_faces(const double *, const double *, double *, const double *, const double *, int, int, int, int, int, int, int, double, double, bool)"
24032442454,11802,,,24032451802,2592,11940,120,120,2,cudaLaunchKernel, 977    1    1, 256    1    1,"<unnamed>::unpack_face_y(const double *, double *, int, int, int, int, int)"
24032445290,9946,24032455236,21889,24032477125,115295,147130,119,119,1,cudaLaunchKernel,1938    1    1, 256    1    1,"<unnamed>::step_kernel_boundary_z_faces(const double *, const double *, double *, const double *, const double *, int, int, int, int, int, int, int, double, double, bool)"
24032448316,9943,24032458259,1292,24032459551,2624,13859,124,124,6,cudaLaunchKernel, 977    1    1, 256    1    1,"<unnamed>::unpack_face_x(const double *, double *, int, int, int, int, int)"
24032455230,10103,24032465333,1157,24032466490,15392,26652,120,120,2,cudaLaunchKernel, 977    1    1, 256    1    1,"<unnamed>::unpack_face_z(const double *, double *, int, int, int, int, int)"
24032459191,9442,24032468633,1062,24032469695,2560,13064,124,124,6,cudaLaunchKernel, 977    1    1, 256    1    1,"<unnamed>::unpack_face_y(const double *, double *, int, int, int, int, int)"
24032459612,9861,24032469473,124163,24032593636,2880,136904,119,119,1,cudaLaunchKernel, 977    1    1, 256    1    1,"<unnamed>::pack_face_x(const double *, double *, int, int, int, int, int)"
24032467218,7052,24032474270,8764,24032483034,13568,29384,120,120,2,cudaLaunchKernel,1954    1    1, 256    1    1,"<unnamed>::step_kernel_boundary_x_faces(const double *, const double *, double *, const double *, const double *, int, int, int, int, int, int, int, double, double, bool)"
24032468067,15630,24032483697,1088,24032484785,2656,19374,123,123,5,cudaLaunchKernel, 977    1    1, 256    1    1,"<unnamed>::unpack_face_x(const double *, double *, int, int, int, int, int)"
24032469362,3592,24032472954,3333,24032476287,15360,22285,124,124,6,cudaLaunchKernel, 977    1    1, 256    1    1,"<unnamed>::unpack_face_z(const double *, double *, int, int, int, int, int)"
24032470399,3242,24032473641,123899,24032597540,2848,129989,119,119,1,cudaLaunchKernel, 977    1    1, 256    1    1,"<unnamed>::pack_face_y(const double *, double *, int, int, int, int, int)"
24032474068,8750,24032482818,118594,24032601412,14496,141840,119,119,1,cudaLaunchKernel, 977    1    1, 256    1    1,"<unnamed>::pack_face_z(const double *, double *, int, int, int, int, int)"
24032474406,9232,24032483638,9161,24032492799,13792,32185,124,124,6,cudaLaunchKernel,1954    1    1, 256    1    1,"<unnamed>::step_kernel_boundary_x_faces(const double *, const double *, double *, const double *, const double *, int, int, int, int, int, int, int, double, double, bool)"
24032474737,11460,24032486197,11429,24032497626,13152,36041,120,120,2,cudaLaunchKernel,1946    1    1, 256    1    1,"<unnamed>::step_kernel_boundary_y_faces(const double *, const double *, double *, const double *, const double *, int, int, int, int, int, int, int, double, double, bool)"
24032484558,8237,24032492795,14948,24032507743,13024,36209,124,124,6,cudaLaunchKernel,1946    1    1, 256    1    1,"<unnamed>::step_kernel_boundary_y_faces(const double *, const double *, double *, const double *, const double *, int, int, int, int, int, int, int, double, double, bool)"
24032484714,11198,24032495912,777,24032496689,2592,14567,123,123,5,cudaLaunchKernel, 977    1    1, 256    1    1,"<unnamed>::unpack_face_y(const double *, double *, int, int, int, int, int)"
24032485051,10684,24032495735,1619114,24034114849,4575,1634373,121,121,3,cudaLaunchKernel, 977    1    1, 256    1    1,"<unnamed>::unpack_face_x(const double *, double *, int, int, int, int, int)"
24032485339,12743,24032498082,1652231,24034150313,4384,1669358,132,132,7,cudaLaunchKernel, 977    1    1, 256    1    1,"<unnamed>::unpack_face_x(const double *, double *, int, int, int, int, int)"
24032487083,10853,24032497936,14122,24032512058,116702,141677,120,120,2,cudaLaunchKernel,1938    1    1, 256    1    1,"<unnamed>::step_kernel_boundary_z_faces(const double *, const double *, double *, const double *, const double *, int, int, int, int, int, int, int, double, double, bool)"
24032493632,10575,24032504207,17616,24032521823,116959,145150,124,124,6,cudaLaunchKernel,1938    1    1, 256    1    1,"<unnamed>::step_kernel_boundary_z_faces(const double *, const double *, double *, const double *, const double *, int, int, int, int, int, int, int, double, double, bool)"
24032496718,15202,24032511920,1608816,24034120736,2656,1626674,121,121,3,cudaLaunchKernel, 977    1    1, 256    1    1,"<unnamed>::unpack_face_y(const double *, double *, int, int, int, int, int)"
24032496818,15439,24032512257,1840,24032514097,15808,33087,123,123,5,cudaLaunchKernel, 977    1    1, 256    1    1,"<unnamed>::unpack_face_z(const double *, double *, int, int, int, int, int)"
24032499047,13262,24032512309,1643540,24034155849,2624,1659426,132,132,7,cudaLaunchKernel, 977    1    1, 256    1    1,"<unnamed>::unpack_face_y(const double *, double *, int, int, int, int, int)"
24032502397,14921,24032517318,112850,24032630168,3264,131035,120,120,2,cudaLaunchKernel, 977    1    1, 256    1    1,"<unnamed>::pack_face_x(const double *, double *, int, int, int, int, int)"
24032512333,5560,24032517893,122105,24032639998,3040,130705,124,124,6,cudaLaunchKernel, 977    1    1, 256    1    1,"<unnamed>::pack_face_x(const double *, double *, int, int, int, int, int)"
24032512899,5397,24032518296,1606088,24034124384,15552,1627037,121,121,3,cudaLaunchKernel, 977    1    1, 256    1    1,"<unnamed>::unpack_face_z(const double *, double *, int, int, int, int, int)"
24032513271,6100,24032519371,1640030,24034159401,15968,1662098,132,132,7,cudaLaunchKernel, 977    1    1, 256    1    1,"<unnamed>::unpack_face_z(const double *, double *, int, int, int, int, int)"
24032514024,7059,24032521083,9686,24032530769,13408,30153,123,123,5,cudaLaunchKernel,1954    1    1, 256    1    1,"<unnamed>::step_kernel_boundary_x_faces(const double *, const double *, double *, const double *, const double *, int, int, int, int, int, int, int, double, double, bool)"
24032518267,2999,24032521266,122828,24032644094,2944,128771,124,124,6,cudaLaunchKernel, 977    1    1, 256    1    1,"<unnamed>::pack_face_y(const double *, double *, int, int, int, int, int)"
24032518699,5839,24032524538,110174,24032634712,2656,118669,120,120,2,cudaLaunchKernel, 977    1    1, 256    1    1,"<unnamed>::pack_face_y(const double *, double *, int, int, int, int, int)"
24032519676,4082,24032523758,1617298,24034141056,14752,1636132,121,121,3,cudaLaunchKernel,1954    1    1, 256    1    1,"<unnamed>::step_kernel_boundary_x_faces(const double *, const double *, double *, const double *, const double *, int, int, int, int, int, int, int, double, double, bool)"
24032520629,10874,24032531503,1645082,24034176585,13632,1669588,132,132,7,cudaLaunchKernel,1954    1    1, 256    1    1,"<unnamed>::step_kernel_boundary_x_faces(const double *, const double *, double *, const double *, const double *, int, int, int, int, int, int, int, double, double, bool)"
24032521458,11051,24032532509,12532,24032545041,13408,36991,123,123,5,cudaLaunchKernel,1946    1    1, 256    1    1,"<unnamed>::step_kernel_boundary_y_faces(const double *, const double *, double *, const double *, const double *, int, int, int, int, int, int, int, double, double, bool)"
24032521679,8219,24032529898,118420,24032648318,14400,141039,124,124,6,cudaLaunchKernel, 977    1    1, 256    1    1,"<unnamed>::pack_face_z(const double *, double *, int, int, int, int, int)"
24032524149,10074,24032534223,1622513,24034156736,13152,1645739,121,121,3,cudaLaunchKernel,1946    1    1, 256    1    1,"<unnamed>::step_kernel_boundary_y_faces(const double *, const double *, double *, const double *, const double *, int, int, int, int, int, int, int, double, double, bool)"
24032528481,13014,24032541495,97153,24032638648,13504,123671,120,120,2,cudaLaunchKernel, 977    1    1, 256    1    1,"<unnamed>::pack_face_z(const double *, double *, int, int, int, int, int)"
24032532406,10141,24032542547,1648822,24034191369,14079,1673042,132,132,7,cudaLaunchKernel,1946    1    1, 256    1    1,"<unnamed>::step_kernel_boundary_y_faces(const double *, const double *, double *, const double *, const double *, int, int, int, int, int, int, int, double, double, bool)"
24032533376,11270,24032544646,14859,24032559505,116447,142576,123,123,5,cudaLaunchKernel,1938    1    1, 256    1    1,"<unnamed>::step_kernel_boundary_z_faces(const double *, const double *, double *, const double *, const double *, int, int, int, int, int, int, int, double, double, bool)"
24032538311,6707,24032545018,1625862,24034170880,115391,1747960,121,121,3,cudaLaunchKernel,1938    1    1, 256    1    1,"<unnamed>::step_kernel_boundary_z_faces(const double *, const double *, double *, const double *, const double *, int, int, int, int, int, int, int, double, double, bool)"
24032543424,11266,24032554690,1651718,24034206408,116639,1779623,132,132,7,cudaLaunchKernel,1938    1    1, 256    1    1,"<unnamed>::step_kernel_boundary_z_faces(const double *, const double *, double *, const double *, const double *, int, int, int, int, int, int, int, double, double, bool)"
24032552844,6977,24032559821,1727538,24034287359,2912,1737427,121,121,3,cudaLaunchKernel, 977    1    1, 256    1    1,"<unnamed>::pack_face_x(const double *, double *, int, int, int, int, int)"
24032553581,7692,24032561273,115831,24032677104,3040,126563,123,123,5,cudaLaunchKernel, 977    1    1, 256    1    1,"<unnamed>::pack_face_x(const double *, double *, int, int, int, int, int)"
24032559613,10131,24032569744,1754519,24034324263,3360,1768010,132,132,7,cudaLaunchKernel, 977    1    1, 256    1    1,"<unnamed>::pack_face_x(const double *, double *, int, int, int, int, int)"
24032560223,8227,24032568450,1723933,24034292383,2912,1735072,121,121,3,cudaLaunchKernel, 977    1    1, 256    1    1,"<unnamed>::pack_face_y(const double *, double *, int, int, int, int, int)"
24032565698,6868,24032572566,108506,24032681072,3104,118478,123,123,5,cudaLaunchKernel, 977    1    1, 256    1    1,"<unnamed>::pack_face_y(const double *, double *, int, int, int, int, int)"
24032569367,8946,24032578313,1717942,24034296255,14464,1741352,121,121,3,cudaLaunchKernel, 977    1    1, 256    1    1,"<unnamed>::pack_face_z(const double *, double *, int, int, int, int, int)"
24032570679,11196,24032581875,1747860,24034329735,2976,1762032,132,132,7,cudaLaunchKernel, 977    1    1, 256    1    1,"<unnamed>::pack_face_y(const double *, double *, int, int, int, int, int)"
24032573000,9825,24032582825,102407,24032685232,14207,126439,123,123,5,cudaLaunchKernel, 977    1    1, 256    1    1,"<unnamed>::pack_face_z(const double *, double *, int, int, int, int, int)"
24032582472,16882,,,24032597897,1751896,1767321,122,122,4,cudaLaunchKernel,  16  125  125,  32    4    4,"<unnamed>::step_kernel_interior(const double *, const double *, double *, const double *, const double *, int, int, int, int, int, int, int, double, double, bool)"
24032582799,11620,24032594419,1739284,24034333703,14144,1765048,132,132,7,cudaLaunchKernel, 977    1    1, 256    1    1,"<unnamed>::pack_face_z(const double *, double *, int, int, int, int, int)"
24032669386,12806,,,24032682116,1752154,1764884,119,119,1,cudaLaunchKernel,  16  125  125,  32    4    4,"<unnamed>::step_kernel_interior(const double *, const double *, double *, const double *, const double *, int, int, int, int, int, int, int, double, double, bool)"
24032692337,10582,24032702919,1270,24032704189,1752113,1763965,124,124,6,cudaLaunchKernel,  16  125  125,  32    4    4,"<unnamed>::step_kernel_interior(const double *, const double *, double *, const double *, const double *, int, int, int, int, int, int, int, double, double, bool)"
24032699314,12968,24032712282,1086,24032713368,1753038,1767092,120,120,2,cudaLaunchKernel,  16  125  125,  32    4    4,"<unnamed>::step_kernel_interior(const double *, const double *, double *, const double *, const double *, int, int, int, int, int, int, int, double, double, bool)"
24032736489,16636,,,24032751119,1755057,1769687,123,123,5,cudaLaunchKernel,  16  125  125,  32    4    4,"<unnamed>::step_kernel_interior(const double *, const double *, double *, const double *, const double *, int, int, int, int, int, int, int, double, double, bool)"
24032744064,10948,24032755012,1179,24032756191,2560,14687,118,118,0,cudaLaunchKernel, 977    1    1, 256    1    1,"<unnamed>::unpack_face_x(const double *, double *, int, int, int, int, int)"
24032755975,11077,24032767052,979,24032768031,2624,14680,118,118,0,cudaLaunchKernel, 977    1    1, 256    1    1,"<unnamed>::unpack_face_y(const double *, double *, int, int, int, int, int)"
24032767983,6022,24032774005,2026,24032776031,16032,24080,118,118,0,cudaLaunchKernel, 977    1    1, 256    1    1,"<unnamed>::unpack_face_z(const double *, double *, int, int, int, int, int)"
24032775437,10113,24032785550,7473,24032793023,13792,31378,118,118,0,cudaLaunchKernel,1954    1    1, 256    1    1,"<unnamed>::step_kernel_boundary_x_faces(const double *, const double *, double *, const double *, const double *, int, int, int, int, int, int, int, double, double, bool)"
24032786395,11482,24032797877,10218,24032808095,13280,34980,118,118,0,cudaLaunchKernel,1946    1    1, 256    1    1,"<unnamed>::step_kernel_boundary_y_faces(const double *, const double *, double *, const double *, const double *, int, int, int, int, int, int, int, double, double, bool)"
24032796957,11650,24032808607,1536802,24034345409,4928,1553380,122,122,4,cudaLaunchKernel, 977    1    1, 256    1    1,"<unnamed>::unpack_face_x(const double *, double *, int, int, int, int, int)"
24032798703,11907,24032810610,11821,24032822431,115679,139407,118,118,0,cudaLaunchKernel,1938    1    1, 256    1    1,"<unnamed>::step_kernel_boundary_z_faces(const double *, const double *, double *, const double *, const double *, int, int, int, int, int, int, int, double, double, bool)"
24032809598,11040,24032820638,1530819,24034351457,2592,1544451,122,122,4,cudaLaunchKernel, 977    1    1, 256    1    1,"<unnamed>::unpack_face_y(const double *, double *, int, int, int, int, int)"
24032819480,7286,24032826766,112752,24032939518,3040,123078,118,118,0,cudaLaunchKernel, 977    1    1, 256    1    1,"<unnamed>::pack_face_x(const double *, double *, int, int, int, int, int)"
24032821582,7845,24032829427,1525870,24034355297,15968,1549683,122,122,4,cudaLaunchKernel, 977    1    1, 256    1    1,"<unnamed>::unpack_face_z(const double *, double *, int, int, int, int, int)"
24032827230,10051,24032837281,106589,24032943870,2880,119520,118,118,0,cudaLaunchKernel, 977    1    1, 256    1    1,"<unnamed>::pack_face_y(const double *, double *, int, int, int, int, int)"
24032834751,6994,24032841745,1531152,24034372897,13568,1551714,122,122,4,cudaLaunchKernel,1954    1    1, 256    1    1,"<unnamed>::step_kernel_boundary_x_faces(const double *, const double *, double *, const double *, const double *, int, int, int, int, int, int, int, double, double, bool)"
24032838207,5169,24032843376,104622,24032947998,14112,123903,118,118,0,cudaLaunchKernel, 977    1    1, 256    1    1,"<unnamed>::pack_face_z(const double *, double *, int, int, int, int, int)"
24032842116,10922,24032853038,1534707,24034387745,13760,1559389,122,122,4,cudaLaunchKernel,1946    1    1, 256    1    1,"<unnamed>::step_kernel_boundary_y_faces(const double *, const double *, double *, const double *, const double *, int, int, int, int, int, int, int, double, double, bool)"
24032853908,10250,24032864158,1538403,24034402561,116159,1664812,122,122,4,cudaLaunchKernel,1938    1    1, 256    1    1,"<unnamed>::step_kernel_boundary_z_faces(const double *, const double *, double *, const double *, const double *, int, int, int, int, int, int, int, double, double, bool)"
24032868479,12396,24032880875,1639029,24034519904,3040,1654465,122,122,4,cudaLaunchKernel, 977    1    1, 256    1    1,"<unnamed>::pack_face_x(const double *, double *, int, int, int, int, int)"
24032881811,11695,24032893506,1630718,24034524224,2912,1645325,122,122,4,cudaLaunchKernel, 977    1    1, 256    1    1,"<unnamed>::pack_face_y(const double *, double *, int, int, int, int, int)"
24032897549,8037,24032905586,1622798,24034528384,13824,1644659,122,122,4,cudaLaunchKernel, 977    1    1, 256    1    1,"<unnamed>::pack_face_z(const double *, double *, int, int, int, int, int)"
24032997285,11715,24033009000,1174,24033010174,1755670,1768559,118,118,0,cudaLaunchKernel,  16  125  125,  32    4    4,"<unnamed>::step_kernel_interior(const double *, const double *, double *, const double *, const double *, int, int, int, int, int, int, int, double, double, bool)"
24034344790,10893,,,24034354751,1754419,1764380,121,121,3,cudaLaunchKernel,  16  125  125,  32    4    4,"<unnamed>::step_kernel_interior(const double *, const double *, double *, const double *, const double *, int, int, int, int, int, int, int, double, double, bool)"
24034376796,14435,24034391231,776,24034392007,1755056,1770267,132,132,7,cudaLaunchKernel,  16  125  125,  32    4    4,"<unnamed>::step_kernel_interior(const double *, const double *, double *, const double *, const double *, int, int, int, int, int, int, int, double, double, bool)"
24034397844,9989,24034407833,22373,24034430206,4576,36938,119,119,1,cudaLaunchKernel, 977    1    1, 256    1    1,"<unnamed>::unpack_face_x(const double *, double *, int, int, int, int, int)"
24034408852,9415,24034418267,17923,24034436190,2720,30058,119,119,1,cudaLaunchKernel, 977    1    1, 256    1    1,"<unnamed>::unpack_face_y(const double *, double *, int, int, int, int, int)"
24034421546,7525,24034429071,10735,24034439806,15680,33940,119,119,1,cudaLaunchKernel, 977    1    1, 256    1    1,"<unnamed>::unpack_face_z(const double *, double *, int, int, int, int, int)"
24034423042,12182,24034435224,27182,24034462406,4512,43876,120,120,2,cudaLaunchKernel, 977    1    1, 256    1    1,"<unnamed>::unpack_face_x(const double *, double *, int, int, int, int, int)"
24034434100,6458,24034440558,15952,24034456510,13856,36266,119,119,1,cudaLaunchKernel,1954    1    1, 256    1    1,"<unnamed>::step_kernel_boundary_x_faces(const double *, const double *, double *, const double *, const double *, int, int, int, int, int, int, int, double, double, bool)"
24034436318,7743,24034444061,24105,24034468166,2752,34600,120,120,2,cudaLaunchKernel, 977    1    1, 256    1    1,"<unnamed>::unpack_face_y(const double *, double *, int, int, int, int, int)"
24034440970,4786,24034445756,25634,24034471390,12832,43252,119,119,1,cudaLaunchKernel,1946    1    1, 256    1    1,"<unnamed>::step_kernel_boundary_y_faces(const double *, const double *, double *, const double *, const double *, int, int, int, int, int, int, int, double, double, bool)"
24034444547,8851,24034453398,18736,24034472134,16032,43619,120,120,2,cudaLaunchKernel, 977    1    1, 256    1    1,"<unnamed>::unpack_face_z(const double *, double *, int, int, int, int, int)"
24034444947,9988,24034454935,1079,24034456014,2656,13723,124,124,6,cudaLaunchKernel, 977    1    1, 256    1    1,"<unnamed>::unpack_face_x(const double *, double *, int, int, int, int, int)"
24034446136,7465,24034453601,31677,24034485278,115488,154630,119,119,1,cudaLaunchKernel,1938    1    1, 256    1    1,"<unnamed>::step_kernel_boundary_z_faces(const double *, const double *, double *, const double *, const double *, int, int, int, int, int, int, int, double, double, bool)"
24034455225,11708,24034466933,22417,24034489350,13664,47789,120,120,2,cudaLaunchKernel,1954    1    1, 256    1    1,"<unnamed>::step_kernel_boundary_x_faces(const double *, const double *, double *, const double *, const double *, int, int, int, int, int, int, int, double, double, bool)"
24034455942,9723,24034465665,973,24034466638,2528,13224,124,124,6,cudaLaunchKernel, 977    1    1, 256    1    1,"<unnamed>::unpack_face_y(const double *, double *, int, int, int, int, int)"
24034458199,10225,24034468424,133462,24034601886,3712,147399,119,119,1,cudaLaunchKernel, 977    1    1, 256    1    1,"<unnamed>::pack_face_x(const double *, double *, int, int, int, int, int)"
24034460588,7664,24034468252,31844,24034500096,5472,44980,123,123,5,cudaLaunchKernel, 977    1    1, 256    1    1,"<unnamed>::unpack_face_x(const double *, double *, int, int, int, int, int)"
24034466594,4664,24034471258,3156,24034474414,15488,23308,124,124,6,cudaLaunchKernel, 977    1    1, 256    1    1,"<unnamed>::unpack_face_z(const double *, double *, int, int, int, int, int)"
24034467850,10558,24034478408,25822,24034504230,12736,49116,120,120,2,cudaLaunchKernel,1946    1    1, 256    1    1,"<unnamed>::step_kernel_boundary_y_faces(const double *, const double *, double *, const double *, const double *, int, int, int, int, int, int, int, double, double, bool)"
24034468872,10663,24034479535,27121,24034506656,2560,40344,123,123,5,cudaLaunchKernel, 977    1    1, 256    1    1,"<unnamed>::unpack_face_y(const double *, double *, int, int, int, int, int)"
24034469332,11432,24034480764,125762,24034606526,2848,140042,119,119,1,cudaLaunchKernel, 977    1    1, 256    1    1,"<unnamed>::pack_face_y(const double *, double *, int, int, int, int, int)"
24034472673,9055,24034481728,9198,24034490926,13696,31949,124,124,6,cudaLaunchKernel,1954    1    1, 256    1    1,"<unnamed>::step_kernel_boundary_x_faces(const double *, const double *, double *, const double *, const double *, int, int, int, int, int, int, int, double, double, bool)"
24034476311,10916,24034487227,1616823,24036104050,4448,1632187,121,121,3,cudaLaunchKernel, 977    1    1, 256    1    1,"<unnamed>::unpack_face_x(const double *, double *, int, int, int, int, int)"
24034478843,12672,24034491515,1650812,24036142327,4224,1667708,132,132,7,cudaLaunchKernel, 977    1    1, 256    1    1,"<unnamed>::unpack_face_x(const double *, double *, int, int, int, int, int)"
24034479297,12071,24034491368,26846,24034518214,116127,155044,120,120,2,cudaLaunchKernel,1938    1    1, 256    1    1,"<unnamed>::step_kernel_boundary_z_faces(const double *, const double *, double *, const double *, const double *, int, int, int, int, int, int, int, double, double, bool)"
24034480448,10844,24034491292,18788,24034510080,15264,44896,123,123,5,cudaLaunchKernel, 977    1    1, 256    1    1,"<unnamed>::unpack_face_z(const double *, double *, int, int, int, int, int)"
24034481689,9445,24034491134,119200,24034610334,14432,143077,119,119,1,cudaLaunchKernel, 977    1    1, 256    1    1,"<unnamed>::pack_face_z(const double *, double *, int, int, int, int, int)"
24034484702,10705,24034495407,10495,24034505902,13344,34544,124,124,6,cudaLaunchKernel,1946    1    1, 256    1    1,"<unnamed>::step_kernel_boundary_y_faces(const double *, const double *, double *, const double *, const double *, int, int, int, int, int, int, int, double, double, bool)"
24034488189,9943,24034498132,1611518,24036109650,2656,1624117,121,121,3,cudaLaunchKernel, 977    1    1, 256    1    1,"<unnamed>::unpack_face_y(const double *, double *, int, int, int, int, int)"
24034495399,12731,24034508130,1639573,24036147703,2688,1654992,132,132,7,cudaLaunchKernel, 977    1    1, 256    1    1,"<unnamed>::unpack_face_y(const double *, double *, int, int, int, int, int)"
24034496272,12377,24034508649,17559,24034526208,13791,43727,123,123,5,cudaLaunchKernel,1954    1    1, 256    1    1,"<unnamed>::step_kernel_boundary_x_faces(const double *, const double *, double *, const double *, const double *, int, int, int, int, int, int, int, double, double, bool)"
24034496525,5660,24034502185,18085,24034520270,116255,140000,124,124,6,cudaLaunchKernel,1938    1    1, 256    1    1,"<unnamed>::step_kernel_boundary_z_faces(const double *, const double *, double *, const double *, const double *, int, int, int, int, int, int, int, double, double, bool)"
24034499045,10114,24034509159,1604139,24036113298,15520,1629773,121,121,3,cudaLaunchKernel, 977    1    1, 256    1    1,"<unnamed>::unpack_face_z(const double *, double *, int, int, int, int, int)"
24034500421,11090,24034511511,124270,24034635781,3103,138463,120,120,2,cudaLaunchKernel, 977    1    1, 256    1    1,"<unnamed>::pack_face_x(const double *, double *, int, int, int, int, int)"
24034509099,10368,24034519467,1631884,24036151351,15455,1657707,132,132,7,cudaLaunchKernel, 977    1    1, 256    1    1,"<unnamed>::unpack_face_z(const double *, double *, int, int, int, int, int)"
24034509540,11940,24034521480,19543,24034541023,13056,44539,123,123,5,cudaLaunchKernel,1946    1    1, 256    1    1,"<unnamed>::step_kernel_boundary_y_faces(const double *, const double *, double *, const double *, const double *, int, int, int, int, int, int, int, double, double, bool)"
24034510710,9760,24034520470,117718,24034638188,3008,130486,124,124,6,cudaLaunchKernel, 977    1    1, 256    1    1,"<unnamed>::pack_face_x(const double *, double *, int, int, int, int, int)"
24034510902,9559,24034520461,1609285,24036129746,13824,1632668,121,121,3,cudaLaunchKernel,1954    1    1, 256    1    1,"<unnamed>::step_kernel_boundary_x_faces(const double *, const double *, double *, const double *, const double *, int, int, int, int, int, int, int, double, double, bool)"
24034512483,11464,24034523947,116217,24034640164,3040,130721,120,120,2,cudaLaunchKernel, 977    1    1, 256    1    1,"<unnamed>::pack_face_y(const double *, double *, int, int, int, int, int)"
24034521394,11552,24034532946,1635300,24036168246,13920,1660772,132,132,7,cudaLaunchKernel,1954    1    1, 256    1    1,"<unnamed>::step_kernel_boundary_x_faces(const double *, const double *, double *, const double *, const double *, int, int, int, int, int, int, int, double, double, bool)"
24034521479,5197,24034526676,115608,24034642284,3008,123813,124,124,6,cudaLaunchKernel, 977    1    1, 256    1    1,"<unnamed>::pack_face_y(const double *, double *, int, int, int, int, int)"
24034521560,10786,24034532346,1612216,24036144562,13856,1636858,121,121,3,cudaLaunchKernel,1946    1    1, 256    1    1,"<unnamed>::step_kernel_boundary_y_faces(const double *, const double *, double *, const double *, const double *, int, int, int, int, int, int, int, double, double, bool)"
24034522346,9919,24034532265,22710,24034554975,116063,148692,123,123,5,cudaLaunchKernel,1938    1    1, 256    1    1,"<unnamed>::step_kernel_boundary_z_faces(const double *, const double *, double *, const double *, const double *, int, int, int, int, int, int, int, double, double, bool)"
24034524829,10775,24034535604,108816,24034644420,13920,133511,120,120,2,cudaLaunchKernel, 977    1    1, 256    1    1,"<unnamed>::pack_face_z(const double *, double *, int, int, int, int, int)"
24034530286,6279,24034536565,109943,24034646508,13792,130014,124,124,6,cudaLaunchKernel, 977    1    1, 256    1    1,"<unnamed>::pack_face_z(const double *, double *, int, int, int, int, int)"
24034533210,4989,24034538199,1621275,24036159474,116383,1742647,121,121,3,cudaLaunchKernel,1938    1    1, 256    1    1,"<unnamed>::step_kernel_boundary_z_faces(const double *, const double *, double *, const double *, const double *, int, int, int, int, int, int, int, double, double, bool)"
24034533838,11092,24034544930,1638292,24036183222,14112,1663496,132,132,7,cudaLaunchKernel,1946    1    1, 256    1    1,"<unnamed>::step_kernel_boundary_y_faces(const double *, const double *, double *, const double *, const double *, int, int, int, int, int, int, int, double, double, bool)"
24034536678,14892,24034551570,120620,24034672190,3360,138872,123,123,5,cudaLaunchKernel, 977    1    1, 256    1    1,"<unnamed>::pack_face_x(const double *, double *, int, int, int, int, int)"
24034545830,14228,24034560058,1638172,24036198230,115487,1767887,132,132,7,cudaLaunchKernel,1938    1    1, 256    1    1,"<unnamed>::step_kernel_boundary_z_faces(const double *, const double *, double *, const double *, const double *, int, int, int, int, int, int, int, double, double, bool)"
24034546318,12247,24034558565,1718444,24036277009,3104,1733795,121,121,3,cudaLaunchKernel, 977    1    1, 256    1    1,"<unnamed>::pack_face_x(const double *, double *, int, int, int, int, int)"
24034552516,11075,24034563591,112919,24034676510,3040,127034,123,123,5,cudaLaunchKernel, 977    1    1, 256    1    1,"<unnamed>::pack_face_y(const double *, double *, int, int, int, int, int)"
24034560577,10562,24034571139,1710030,24036281169,2752,1723344,121,121,3,cudaLaunchKernel, 977    1    1, 256    1    1,"<unnamed>::pack_face_y(const double *, double *, int, int, int, int, int)"
24034564518,10675,24034575193,105285,24034680478,14016,129976,123,123,5,cudaLaunchKernel, 977    1    1, 256    1    1,"<unnamed>::pack_face_z(const double *, double *, int, int, int, int, int)"
24034568951,11997,24034580948,1733889,24036314837,3232,1749118,132,132,7,cudaLaunchKernel, 977    1    1, 256    1    1,"<unnamed>::pack_face_x(const double *, double *, int, int, int, int, int)"
24034572016,9766,24034581782,1703131,24036284913,14240,1727137,121,121,3,cudaLaunchKernel, 977    1    1, 256    1    1,"<unnamed>::pack_face_z(const double *, double *, int, int, int, int, int)"
24034579024,13601,24034592625,1231,24034593856,1752953,1767785,122,122,4,cudaLaunchKernel,  16  125  125,  32    4    4,"<unnamed>::step_kernel_interior(const double *, const double *, double *, const double *, const double *, int, int, int, int, int, int, int, double, double, bool)"
24034581868,9854,24034591722,1727403,24036319125,3008,1740265,132,132,7,cudaLaunchKernel, 977    1    1, 256    1    1,"<unnamed>::pack_face_y(const double *, double *, int, int, int, int, int)"
24034592639,10506,24034603145,1720204,24036323349,14208,1744918,132,132,7,cudaLaunchKernel, 977    1    1, 256    1    1,"<unnamed>::pack_face_z(const double *, double *, int, int, int, int, int)"
24034665944,10311,24034676255,1278,24034677533,1755195,1766784,119,119,1,cudaLaunchKernel,  16  125  125,  32    4    4,"<unnamed>::step_kernel_interior(const double *, const double *, double *, const double *, const double *, int, int, int, int, int, int, int, double, double, bool)"
24034688063,10559,24034698622,1070,24034699692,1756145,1767774,124,124,6,cudaLaunchKernel,  16  125  125,  32    4    4,"<unnamed>::step_kernel_interior(const double *, const double *, double *, const double *, const double *, int, int, int, int, int, int, int, double, double, bool)"
24034702812,12564,24034715376,1332,24034716708,1755054,1768950,120,120,2,cudaLaunchKernel,  16  125  125,  32    4    4,"<unnamed>::step_kernel_interior(const double *, const double *, double *, const double *, const double *, int, int, int, int, int, int, int, double, double, bool)"
24034724114,13038,24034737152,1118,24034738270,1753200,1767356,123,123,5,cudaLaunchKernel,  16  125  125,  32    4    4,"<unnamed>::step_kernel_interior(const double *, const double *, double *, const double *, const double *, int, int, int, int, int, int, int, double, double, bool)"
24034739740,21350,24034761090,2482,24034763572,2784,26616,118,118,0,cudaLaunchKernel, 977    1    1, 256    1    1,"<unnamed>::unpack_face_x(const double *, double *, int, int, int, int, int)"
24034762007,6674,24034768681,3371,24034772052,2656,12701,118,118,0,cudaLaunchKernel, 977    1    1, 256    1    1,"<unnamed>::unpack_face_y(const double *, double *, int, int, int, int, int)"
24034769073,10342,24034779415,1885,24034781300,16544,28771,118,118,0,cudaLaunchKernel, 977    1    1, 256    1    1,"<unnamed>::unpack_face_z(const double *, double *, int, int, int, int, int)"
24034772126,15391,24034787517,1554364,24036341881,4416,1574171,122,122,4,cudaLaunchKernel, 977    1    1, 256    1    1,"<unnamed>::unpack_face_x(const double *, double *, int, int, int, int, int)"
24034781094,11897,24034792991,6133,24034799124,13984,32014,118,118,0,cudaLaunchKernel,1954    1    1, 256    1    1,"<unnamed>::step_kernel_boundary_x_faces(const double *, const double *, double *, const double *, const double *, int, int, int, int, int, int, int, double, double, bool)"
24034788564,7229,24034795793,1551784,24036347577,2528,1561541,122,122,4,cudaLaunchKernel, 977    1    1, 256    1    1,"<unnamed>::unpack_face_y(const double *, double *, int, int, int, int, int)"
24034793865,5235,24034799100,15000,24034814100,12768,33003,118,118,0,cudaLaunchKernel,1946    1    1, 256    1    1,"<unnamed>::step_kernel_boundary_y_faces(const double *, const double *, double *, const double *, const double *, int, int, int, int, int, int, int, double, double, bool)"
24034796215,10365,24034806580,1544773,24036351353,15584,1570722,122,122,4,cudaLaunchKernel, 977    1    1, 256    1    1,"<unnamed>::unpack_face_z(const double *, double *, int, int, int, int, int)"
24034799453,10196,24034809649,18211,24034827860,115039,143446,118,118,0,cudaLaunchKernel,1938    1    1, 256    1    1,"<unnamed>::step_kernel_boundary_z_faces(const double *, const double *, double *, const double *, const double *, int, int, int, int, int, int, int, double, double, bool)"
24034808819,11138,24034819957,1548260,24036368217,15104,1574502,122,122,4,cudaLaunchKernel,1954    1    1, 256    1    1,"<unnamed>::step_kernel_boundary_x_faces(const double *, const double *, double *, const double *, const double *, int, int, int, int, int, int, int, double, double, bool)"
24034817614,6654,24034824268,119751,24034944019,3744,130149,118,118,0,cudaLaunchKernel, 977    1    1, 256    1    1,"<unnamed>::pack_face_x(const double *, double *, int, int, int, int, int)"
24034820849,11374,24034832223,1552154,24036384377,13056,1576584,122,122,4,cudaLaunchKernel,1946    1    1, 256    1    1,"<unnamed>::step_kernel_boundary_y_faces(const double *, const double *, double *, const double *, const double *, int, int, int, int, int, int, int, double, double, bool)"
24034824826,10813,24034835639,113084,24034948723,2624,126521,118,118,0,cudaLaunchKernel, 977    1    1, 256    1    1,"<unnamed>::pack_face_y(const double *, double *, int, int, int, int, int)"
24034833258,10960,24034844218,1554495,24036398713,116159,1681614,122,122,4,cudaLaunchKernel,1938    1    1, 256    1    1,"<unnamed>::step_kernel_boundary_z_faces(const double *, const double *, double *, const double *, const double *, int, int, int, int, int, int, int, double, double, bool)"
24034836498,11260,24034847758,104837,24034952595,13760,129857,118,118,0,cudaLaunchKernel, 977    1    1, 256    1    1,"<unnamed>::pack_face_z(const double *, double *, int, int, int, int, int)"
24034849815,11520,24034861335,1655009,24036516344,3072,1669601,122,122,4,cudaLaunchKernel, 977    1    1, 256    1    1,"<unnamed>::pack_face_x(const double *, double *, int, int, int, int, int)"
24034862261,11906,24034874167,1646465,24036520632,2720,1661091,122,122,4,cudaLaunchKernel, 977    1    1, 256    1    1,"<unnamed>::pack_face_y(const double *, double *, int, int, int, int, int)"
24034878269,12635,24034890904,1633504,24036524408,13984,1660123,122,122,4,cudaLaunchKernel, 977    1    1, 256    1    1,"<unnamed>::pack_face_z(const double *, double *, int, int, int, int, int)"
24034993639,12960,24035006599,1420,24035008019,1754167,1768547,118,118,0,cudaLaunchKernel,  16  125  125,  32    4    4,"<unnamed>::step_kernel_interior(const double *, const double *, double *, const double *, const double *, int, int, int, int, int, int, int, double, double, bool)"
24036326569,6670,24036333239,2361,24036335600,1755988,1765019,121,121,3,cudaLaunchKernel,  16  125  125,  32    4    4,"<unnamed>::step_kernel_interior(const double *, const double *, double *, const double *, const double *, int, int, int, int, int, int, int, double, double, bool)"
24036371753,12504,,,24036382292,1755440,1765979,132,132,7,cudaLaunchKernel,  16  125  125,  32    4    4,"<unnamed>::step_kernel_interior(const double *, const double *, double *, const double *, const double *, int, int, int, int, int, int, int, double, double, bool)"
24036383504,7432,24036390936,36992,24036427928,4160,48584,119,119,1,cudaLaunchKernel, 977    1    1, 256    1    1,"<unnamed>::unpack_face_x(const double *, double *, int, int, int, int, int)"
24036391571,8214,24036399785,33455,24036433240,2688,44357,119,119,1,cudaLaunchKernel, 977    1    1, 256    1    1,"<unnamed>::unpack_face_y(const double *, double *, int, int, int, int, int)"
24036400711,5724,24036406435,30389,24036436824,16288,52401,119,119,1,cudaLaunchKernel, 977    1    1, 256    1    1,"<unnamed>::unpack_face_z(const double *, double *, int, int, int, int, int)"
24036402937,12465,24036415402,51784,24036467186,5088,69337,120,120,2,cudaLaunchKernel, 977    1    1, 256    1    1,"<unnamed>::unpack_face_x(const double *, double *, int, int, int, int, int)"
24036407759,8141,24036415900,38236,24036454136,14112,60489,119,119,1,cudaLaunchKernel,1954    1    1, 256    1    1,"<unnamed>::step_kernel_boundary_x_faces(const double *, const double *, double *, const double *, const double *, int, int, int, int, int, int, int, double, double, bool)"
24036416482,11852,24036428334,45124,24036473458,2624,59600,120,120,2,cudaLaunchKernel, 977    1    1, 256    1    1,"<unnamed>::unpack_face_y(const double *, double *, int, int, int, int, int)"
24036416773,9238,24036426011,43261,24036469272,12832,65331,119,119,1,cudaLaunchKernel,1946    1    1, 256    1    1,"<unnamed>::step_kernel_boundary_y_faces(const double *, const double *, double *, const double *, const double *, int, int, int, int, int, int, int, double, double, bool)"
24036426888,10129,24036437017,46015,24036483032,116479,172623,119,119,1,cudaLaunchKernel,1938    1    1, 256    1    1,"<unnamed>::step_kernel_boundary_z_faces(const double *, const double *, double *, const double *, const double *, int, int, int, int, int, int, int, double, double, bool)"
24036429254,16056,24036445310,32020,24036477330,15776,63852,120,120,2,cudaLaunchKernel, 977    1    1, 256    1    1,"<unnamed>::unpack_face_z(const double *, double *, int, int, int, int, int)"
24036434066,10208,24036444274,6411,24036450685,3904,20523,124,124,6,cudaLaunchKernel, 977    1    1, 256    1    1,"<unnamed>::unpack_face_x(const double *, double *, int, int, int, int, int)"
24036445203,9258,24036454461,2144,24036456605,2752,14154,124,124,6,cudaLaunchKernel, 977    1    1, 256    1    1,"<unnamed>::unpack_face_y(const double *, double *, int, int, int, int, int)"
24036445370,10382,24036455752,144943,24036600695,2976,158301,119,119,1,cudaLaunchKernel, 977    1    1, 256    1    1,"<unnamed>::pack_face_x(const double *, double *, int, int, int, int, int)"
24036447352,11787,24036459139,35375,24036494514,13664,60826,120,120,2,cudaLaunchKernel,1954    1    1, 256    1    1,"<unnamed>::step_kernel_boundary_x_faces(const double *, const double *, double *, const double *, const double *, int, int, int, int, int, int, int, double, double, bool)"
24036451064,13214,24036464278,22904,24036487182,4800,40918,123,123,5,cudaLaunchKernel, 977    1    1, 256    1    1,"<unnamed>::unpack_face_x(const double *, double *, int, int, int, int, int)"
24036455397,9547,24036464944,2029,24036466973,16032,27608,124,124,6,cudaLaunchKernel, 977    1    1, 256    1    1,"<unnamed>::unpack_face_z(const double *, double *, int, int, int, int, int)"
24036456674,10534,24036467208,137327,24036604535,2880,150741,119,119,1,cudaLaunchKernel, 977    1    1, 256    1    1,"<unnamed>::pack_face_y(const double *, double *, int, int, int, int, int)"
24036463352,14613,24036477965,31461,24036509426,13856,59930,120,120,2,cudaLaunchKernel,1946    1    1, 256    1    1,"<unnamed>::step_kernel_boundary_y_faces(const double *, const double *, double *, const double *, const double *, int, int, int, int, int, int, int, double, double, bool)"
24036465149,13098,24036478247,1608797,24038087044,5056,1626951,121,121,3,cudaLaunchKernel, 977    1    1, 256    1    1,"<unnamed>::unpack_face_x(const double *, double *, int, int, int, int, int)"
24036465267,11755,24036477022,16016,24036493038,2592,30363,123,123,5,cudaLaunchKernel, 977    1    1, 256    1    1,"<unnamed>::unpack_face_y(const double *, double *, int, int, int, int, int)"
24036466816,9319,24036476135,8150,24036484285,13279,30748,124,124,6,cudaLaunchKernel,1954    1    1, 256    1    1,"<unnamed>::step_kernel_boundary_x_faces(const double *, const double *, double *, const double *, const double *, int, int, int, int, int, int, int, double, double, bool)"
24036468117,8888,24036477005,131402,24036608407,13984,154274,119,119,1,cudaLaunchKernel, 977    1    1, 256    1    1,"<unnamed>::pack_face_z(const double *, double *, int, int, int, int, int)"
24036469235,12840,24036482075,1651337,24038133412,4832,1669009,132,132,7,cudaLaunchKernel, 977    1    1, 256    1    1,"<unnamed>::unpack_face_x(const double *, double *, int, int, int, int, int)"
24036477030,4584,24036481614,17006,24036498620,13312,34902,124,124,6,cudaLaunchKernel,1946    1    1, 256    1    1,"<unnamed>::step_kernel_boundary_y_faces(const double *, const double *, double *, const double *, const double *, int, int, int, int, int, int, int, double, double, bool)"
24036477922,6276,24036484198,12328,24036496526,16896,35500,123,123,5,cudaLaunchKernel, 977    1    1, 256    1    1,"<unnamed>::unpack_face_z(const double *, double *, int, int, int, int, int)"
24036478835,7459,24036486294,38300,24036524594,115711,161470,120,120,2,cudaLaunchKernel,1938    1    1, 256    1    1,"<unnamed>::step_kernel_boundary_z_faces(const double *, const double *, double *, const double *, const double *, int, int, int, int, int, int, int, double, double, bool)"
24036479296,4954,24036484250,1608874,24038093124,2720,1616548,121,121,3,cudaLaunchKernel, 977    1    1, 256    1    1,"<unnamed>::unpack_face_y(const double *, double *, int, int, int, int, int)"
24036482003,3185,24036485188,28024,24036513212,116479,147688,124,124,6,cudaLaunchKernel,1938    1    1, 256    1    1,"<unnamed>::step_kernel_boundary_z_faces(const double *, const double *, double *, const double *, const double *, int, int, int, int, int, int, int, double, double, bool)"
24036482892,5253,24036488145,1651251,24038139396,2656,1659160,132,132,7,cudaLaunchKernel, 977    1    1, 256    1    1,"<unnamed>::unpack_face_y(const double *, double *, int, int, int, int, int)"
24036484760,5227,24036489987,1606881,24038096868,15871,1627979,121,121,3,cudaLaunchKernel, 977    1    1, 256    1    1,"<unnamed>::unpack_face_z(const double *, double *, int, int, int, int, int)"
24036485850,5696,24036491546,22804,24036514350,13504,42004,123,123,5,cudaLaunchKernel,1954    1    1, 256    1    1,"<unnamed>::step_kernel_boundary_x_faces(const double *, const double *, double *, const double *, const double *, int, int, int, int, int, int, int, double, double, bool)"
24036488655,6373,24036495028,1648272,24038143300,16224,1670869,132,132,7,cudaLaunchKernel, 977    1    1, 256    1    1,"<unnamed>::unpack_face_z(const double *, double *, int, int, int, int, int)"
24036489192,3588,24036492780,138479,24036631259,3008,145075,124,124,6,cudaLaunchKernel, 977    1    1, 256    1    1,"<unnamed>::pack_face_x(const double *, double *, int, int, int, int, int)"
24036490519,5021,24036495540,146205,24036641745,3008,154234,120,120,2,cudaLaunchKernel, 977    1    1, 256    1    1,"<unnamed>::pack_face_x(const double *, double *, int, int, int, int, int)"
24036491311,3786,24036495097,1618698,24038113795,13728,1636212,121,121,3,cudaLaunchKernel,1954    1    1, 256    1    1,"<unnamed>::step_kernel_boundary_x_faces(const double *, const double *, double *, const double *, const double *, int, int, int, int, int, int, int, double, double, bool)"
24036491944,4366,24036496310,32472,24036528782,13216,50054,123,123,5,cudaLaunchKernel,1946    1    1, 256    1    1,"<unnamed>::step_kernel_boundary_y_faces(const double *, const double *, double *, const double *, const double *, int, int, int, int, int, int, int, double, double, bool)"
24036493175,3410,24036496585,138898,24036635483,2848,145156,124,124,6,cudaLaunchKernel, 977    1    1, 256    1    1,"<unnamed>::pack_face_y(const double *, double *, int, int, int, int, int)"
24036495438,7209,24036502647,1625772,24038128419,13056,1646037,121,121,3,cudaLaunchKernel,1946    1    1, 256    1    1,"<unnamed>::step_kernel_boundary_y_faces(const double *, const double *, double *, const double *, const double *, int, int, int, int, int, int, int, double, double, bool)"
24036495925,10307,24036506232,139737,24036645969,2688,152732,120,120,2,cudaLaunchKernel, 977    1    1, 256    1    1,"<unnamed>::pack_face_y(const double *, double *, int, int, int, int, int)"
24036496390,13769,24036510159,1650613,24038160772,13344,1677726,132,132,7,cudaLaunchKernel,1954    1    1, 256    1    1,"<unnamed>::step_kernel_boundary_x_faces(const double *, const double *, double *, const double *, const double *, int, int, int, int, int, int, int, double, double, bool)"
24036496665,11387,24036508052,34906,24036542958,115711,162004,123,123,5,cudaLaunchKernel,1938    1    1, 256    1    1,"<unnamed>::step_kernel_boundary_z_faces(const double *, const double *, double *, const double *, const double *, int, int, int, int, int, int, int, double, double, bool)"
24036496984,7641,24036504625,134666,24036639291,14080,156387,124,124,6,cudaLaunchKernel, 977    1    1, 256    1    1,"<unnamed>::pack_face_z(const double *, double *, int, int, int, int, int)"
24036503692,6508,24036510200,1632235,24038142435,115679,1754422,121,121,3,cudaLaunchKernel,1938    1    1, 256    1    1,"<unnamed>::step_kernel_boundary_z_faces(const double *, const double *, double *, const double *, const double *, int, int, int, int, int, int, int, double, double, bool)"
24036507170,11170,24036518340,131501,24036649841,14207,156878,120,120,2,cudaLaunchKernel, 977    1    1, 256    1    1,"<unnamed>::pack_face_z(const double *, double *, int, int, int, int, int)"
24036514253,12221,24036526474,1648570,24038175044,13056,1673847,132,132,7,cudaLaunchKernel,1946    1    1, 256    1    1,"<unnamed>::step_kernel_boundary_y_faces(const double *, const double *, double *, const double *, const double *, int, int, int, int, int, int, int, double, double, bool)"
24036517703,11442,24036529145,130644,24036659789,3616,145702,123,123,5,cudaLaunchKernel, 977    1    1, 256    1    1,"<unnamed>::pack_face_x(const double *, double *, int, int, int, int, int)"
24036518374,9953,24036528327,1731003,24038259330,2944,1743900,121,121,3,cudaLaunchKernel, 977    1    1, 256    1    1,"<unnamed>::pack_face_x(const double *, double *, int, int, int, int, int)"
24036527352,14911,24036542263,1646765,24038189028,116511,1778187,132,132,7,cudaLaunchKernel,1938    1    1, 256    1    1,"<unnamed>::step_kernel_boundary_z_faces(const double *, const double *, double *, const double *, const double *, int, int, int, int, int, int, int, double, double, bool)"
24036529215,9962,24036539177,1724121,24038263298,2848,1736931,121,121,3,cudaLaunchKernel, 977    1    1, 256    1    1,"<unnamed>::pack_face_y(const double *, double *, int, int, int, int, int)"
24036530042,15596,24036545638,118631,24036664269,2848,137075,123,123,5,cudaLaunchKernel, 977    1    1, 256    1    1,"<unnamed>::pack_face_y(const double *, double *, int, int, int, int, int)"
24036540058,5092,24036545150,1721988,24038267138,14528,1741608,121,121,3,cudaLaunchKernel, 977    1    1, 256    1    1,"<unnamed>::pack_face_z(const double *, double *, int, int, int, int, int)"
24036546577,5479,24036552056,115925,24036667981,14336,135740,123,123,5,cudaLaunchKernel, 977    1    1, 256    1    1,"<unnamed>::pack_face_z(const double *, double *, int, int, int, int, int)"
24036546730,5458,24036552188,1754695,24038306883,3040,1763193,132,132,7,cudaLaunchKernel, 977    1    1, 256    1    1,"<unnamed>::pack_face_x(const double *, double *, int, int, int, int, int)"
24036552564,10065,24036562629,1748190,24038310819,2880,1761135,132,132,7,cudaLaunchKernel, 977    1    1, 256    1    1,"<unnamed>::pack_face_y(const double *, double *, int, int, int, int, int)"
24036561413,13436,24036574849,1207,24036576056,1752472,1767115,122,122,4,cudaLaunchKernel,  16  125  125,  32    4    4,"<unnamed>::step_kernel_interior(const double *, const double *, double *, const double *, const double *, int, int, int, int, int, int, int, double, double, bool)"
24036563537,10393,24036573930,1740761,24038314691,14048,1765202,132,132,7,cudaLaunchKernel, 977    1    1, 256    1    1,"<unnamed>::pack_face_z(const double *, double *, int, int, int, int, int)"
24036660425,11533,,,24036670551,1751738,1761864,119,119,1,cudaLaunchKernel,  16  125  125,  32    4    4,"<unnamed>::step_kernel_interior(const double *, const double *, double *, const double *, const double *, int, int, int, int, int, int, int, double, double, bool)"
24036679678,10568,24036690246,1109,24036691355,1754577,1766254,124,124,6,cudaLaunchKernel,  16  125  125,  32    4    4,"<unnamed>::step_kernel_interior(const double *, const double *, double *, const double *, const double *, int, int, int, int, int, int, int, double, double, bool)"
24036698743,14345,24036713088,1328,24036714416,1756175,1771848,120,120,2,cudaLaunchKernel,  16  125  125,  32    4    4,"<unnamed>::step_kernel_interior(const double *, const double *, double *, const double *, const double *, int, int, int, int, int, int, int, double, double, bool)"
24036703243,12658,24036715901,1391,24036717292,1754289,1768338,123,123,5,cudaLaunchKernel,  16  125  125,  32    4    4,"<unnamed>::step_kernel_interior(const double *, const double *, double *, const double *, const double *, int, int, int, int, int, int, int, double, double, bool)"
24036741434,8233,24036749667,8967,24036758634,4064,21264,118,118,0,cudaLaunchKernel, 977    1    1, 256    1    1,"<unnamed>::unpack_face_x(const double *, double *, int, int, int, int, int)"
24036750235,13845,,,24036763722,2592,16079,118,118,0,cudaLaunchKernel, 977    1    1, 256    1    1,"<unnamed>::unpack_face_y(const double *, double *, int, int, int, int, int)"
24036765136,11431,24036776567,1011,24036777578,16256,28698,118,118,0,cudaLaunchKernel, 977    1    1, 256    1    1,"<unnamed>::unpack_face_z(const double *, double *, int, int, int, int, int)"
24036768243,10978,24036779221,1544379,24038323600,4416,1559773,122,122,4,cudaLaunchKernel, 977    1    1, 256    1    1,"<unnamed>::unpack_face_x(const double *, double *, int, int, int, int, int)"
24036778266,11381,24036789647,5147,24036794794,13536,30064,118,118,0,cudaLaunchKernel,1954    1    1, 256    1    1,"<unnamed>::step_kernel_boundary_x_faces(const double *, const double *, double *, const double *, const double *, int, int, int, int, int, int, int, double, double, bool)"
24036780178,10519,24036790697,1538599,24038329296,2720,1551838,122,122,4,cudaLaunchKernel, 977    1    1, 256    1    1,"<unnamed>::unpack_face_y(const double *, double *, int, int, int, int, int)"
24036790498,5217,24036795715,13671,24036809386,13247,32135,118,118,0,cudaLaunchKernel,1946    1    1, 256    1    1,"<unnamed>::step_kernel_boundary_y_faces(const double *, const double *, double *, const double *, const double *, int, int, int, int, int, int, int, double, double, bool)"
24036791626,10414,24036802040,1531256,24038333296,15488,1557158,122,122,4,cudaLaunchKernel, 977    1    1, 256    1    1,"<unnamed>::unpack_face_z(const double *, double *, int, int, int, int, int)"
24036796113,11225,24036807338,16575,24036823913,116992,144792,118,118,0,cudaLaunchKernel,1938    1    1, 256    1    1,"<unnamed>::step_kernel_boundary_z_faces(const double *, const double *, double *, const double *, const double *, int, int, int, int, int, int, int, double, double, bool)"
24036803753,11813,24036815566,1534626,24038350192,13280,1559719,122,122,4,cudaLaunchKernel,1954    1    1, 256    1    1,"<unnamed>::step_kernel_boundary_x_faces(const double *, const double *, double *, const double *, const double *, int, int, int, int, int, int, int, double, double, bool)"
24036816243,10662,24036826905,115088,24036941993,2976,128726,118,118,0,cudaLaunchKernel, 977    1    1, 256    1    1,"<unnamed>::pack_face_x(const double *, double *, int, int, int, int, int)"
24036816439,10854,24036827293,1537459,24038364752,14208,1562521,122,122,4,cudaLaunchKernel,1946    1    1, 256    1    1,"<unnamed>::step_kernel_boundary_y_faces(const double *, const double *, double *, const double *, const double *, int, int, int, int, int, int, int, double, double, bool)"
24036827829,6383,24036834212,111973,24036946185,3008,121364,118,118,0,cudaLaunchKernel, 977    1    1, 256    1    1,"<unnamed>::pack_face_y(const double *, double *, int, int, int, int, int)"
24036828160,5625,24036833785,1546263,24038380048,115744,1667632,122,122,4,cudaLaunchKernel,1938    1    1, 256    1    1,"<unnamed>::step_kernel_boundary_z_faces(const double *, const double *, double *, const double *, const double *, int, int, int, int, int, int, int, double, double, bool)"
24036834586,10010,24036844596,105781,24036950377,14112,129903,118,118,0,cudaLaunchKernel, 977    1    1, 256    1    1,"<unnamed>::pack_face_z(const double *, double *, int, int, int, int, int)"
24036842473,11696,24036854169,1643031,24038497200,3168,1657895,122,122,4,cudaLaunchKernel, 977    1    1, 256    1    1,"<unnamed>::pack_face_x(const double *, double *, int, int, int, int, int)"
24036855326,7762,24036863088,1639392,24038502480,3104,1650258,122,122,4,cudaLaunchKernel, 977    1    1, 256    1    1,"<unnamed>::pack_face_y(const double *, double *, int, int, int, int, int)"
24036863499,11776,24036875275,1631333,24038506608,13856,1656965,122,122,4,cudaLaunchKernel, 977    1    1, 256    1    1,"<unnamed>::pack_face_z(const double *, double *, int, int, int, int, int)"
24036997110,7436,24037004546,2214,24037006760,1754231,1763881,118,118,0,cudaLaunchKernel,  16  125  125,  32    4    4,"<unnamed>::step_kernel_interior(const double *, const double *, double *, const double *, const double *, int, int, int, int, int, int, int, double, double, bool)"
24038311724,10977,24038322701,1269,24038323970,1754291,1766537,121,121,3,cudaLaunchKernel,  16  125  125,  32    4    4,"<unnamed>::step_kernel_interior(const double *, const double *, double *, const double *, const double *, int, int, int, int, int, int, int, double, double, bool)"
24038359252,16433,24038375685,957,24038376642,1755280,1772670,132,132,7,cudaLaunchKernel,  16  125  125,  32    4    4,"<unnamed>::step_kernel_interior(const double *, const double *, double *, const double *, const double *, int, int, int, int, int, int, int, double, double, bool)"
24038373193,7412,24038380605,37364,24038417969,4832,49608,119,119,1,cudaLaunchKernel, 977    1    1, 256    1    1,"<unnamed>::unpack_face_x(const double *, double *, int, int, int, int, int)"
24038384765,10624,24038395389,28660,24038424049,3680,42964,119,119,1,cudaLaunchKernel, 977    1    1, 256    1    1,"<unnamed>::unpack_face_y(const double *, double *, int, int, int, int, int)"
24038389062,11429,24038400491,65076,24038465567,4320,80825,120,120,2,cudaLaunchKernel, 977    1    1, 256    1    1,"<unnamed>::unpack_face_x(const double *, double *, int, int, int, int, int)"
24038396336,5818,24038402154,26855,24038429009,15328,48001,119,119,1,cudaLaunchKernel, 977    1    1, 256    1    1,"<unnamed>::unpack_face_z(const double *, double *, int, int, int, int, int)"
24038401565,10260,24038411825,59214,24038471039,2559,72033,120,120,2,cudaLaunchKernel, 977    1    1, 256    1    1,"<unnamed>::unpack_face_y(const double *, double *, int, int, int, int, int)"
24038403658,9911,24038413569,31856,24038445425,14016,55783,119,119,1,cudaLaunchKernel,1954    1    1, 256    1    1,"<unnamed>::step_kernel_boundary_x_faces(const double *, const double *, double *, const double *, const double *, int, int, int, int, int, int, int, double, double, bool)"
24038412769,14206,24038426975,47615,24038474590,15904,77725,120,120,2,cudaLaunchKernel, 977    1    1, 256    1    1,"<unnamed>::unpack_face_z(const double *, double *, int, int, int, int, int)"
24038417425,10673,24038428098,32399,24038460497,13024,56096,119,119,1,cudaLaunchKernel,1946    1    1, 256    1    1,"<unnamed>::step_kernel_boundary_y_faces(const double *, const double *, double *, const double *, const double *, int, int, int, int, int, int, int, double, double, bool)"
24038428886,11527,24038440413,51489,24038491902,14528,77544,120,120,2,cudaLaunchKernel,1954    1    1, 256    1    1,"<unnamed>::step_kernel_boundary_x_faces(const double *, const double *, double *, const double *, const double *, int, int, int, int, int, int, int, double, double, bool)"
24038428964,5572,24038434536,39913,24038474449,116096,161581,119,119,1,cudaLaunchKernel,1938    1    1, 256    1    1,"<unnamed>::step_kernel_boundary_z_faces(const double *, const double *, double *, const double *, const double *, int, int, int, int, int, int, int, double, double, bool)"
24038430255,10134,24038440389,2983,24038443372,3072,16189,124,124,6,cudaLaunchKernel, 977    1    1, 256    1    1,"<unnamed>::unpack_face_x(const double *, double *, int, int, int, int, int)"
24038439231,9199,24038448430,18895,24038467325,4736,32830,123,123,5,cudaLaunchKernel, 977    1    1, 256    1    1,"<unnamed>::unpack_face_x(const double *, double *, int, int, int, int, int)"
24038441331,6630,24038447961,59749,24038507710,13120,79499,120,120,2,cudaLaunchKernel,1946    1    1, 256    1    1,"<unnamed>::step_kernel_boundary_y_faces(const double *, const double *, double *, const double *, const double *, int, int, int, int, int, int, int, double, double, bool)"
24038441348,5347,24038446695,3109,24038449804,2528,10984,124,124,6,cudaLaunchKernel, 977    1    1, 256    1    1,"<unnamed>::unpack_face_y(const double *, double *, int, int, int, int, int)"
24038442474,6610,24038449084,142517,24038591601,3520,152647,119,119,1,cudaLaunchKernel, 977    1    1, 256    1    1,"<unnamed>::pack_face_x(const double *, double *, int, int, int, int, int)"
24038447098,3056,24038450154,3170,24038453324,16447,22673,124,124,6,cudaLaunchKernel, 977    1    1, 256    1    1,"<unnamed>::unpack_face_z(const double *, double *, int, int, int, int, int)"
24038448355,9650,24038458005,64105,24038522110,116991,190746,120,120,2,cudaLaunchKernel,1938    1    1, 256    1    1,"<unnamed>::step_kernel_boundary_z_faces(const double *, const double *, double *, const double *, const double *, int, int, int, int, int, int, int, double, double, bool)"
24038448870,10306,24038459176,13813,24038472989,2624,26743,123,123,5,cudaLaunchKernel, 977    1    1, 256    1    1,"<unnamed>::unpack_face_y(const double *, double *, int, int, int, int, int)"
24038449542,8616,24038458158,137987,24038596145,2816,149419,119,119,1,cudaLaunchKernel, 977    1    1, 256    1    1,"<unnamed>::pack_face_y(const double *, double *, int, int, int, int, int)"
24038454977,6456,24038461433,9618,24038471051,13568,29642,124,124,6,cudaLaunchKernel,1954    1    1, 256    1    1,"<unnamed>::step_kernel_boundary_x_faces(const double *, const double *, double *, const double *, const double *, int, int, int, int, int, int, int, double, double, bool)"
24038459067,6179,24038465246,134963,24038600209,14560,155702,119,119,1,cudaLaunchKernel, 977    1    1, 256    1    1,"<unnamed>::pack_face_z(const double *, double *, int, int, int, int, int)"
24038460132,12294,24038472426,1654664,24040127090,4192,1671150,132,132,7,cudaLaunchKernel, 977    1    1, 256    1    1,"<unnamed>::unpack_face_x(const double *, double *, int, int, int, int, int)"
24038460138,10755,24038470893,1602856,24040073749,5024,1618635,121,121,3,cudaLaunchKernel, 977    1    1, 256    1    1,"<unnamed>::unpack_face_x(const double *, double *, int, int, int, int, int)"
24038460549,12090,24038472639,3966,24038476605,15584,31640,123,123,5,cudaLaunchKernel, 977    1    1, 256    1    1,"<unnamed>::unpack_face_z(const double *, double *, int, int, int, int, int)"
24038461815,2972,24038464787,20888,24038485675,13280,37140,124,124,6,cudaLaunchKernel,1946    1    1, 256    1    1,"<unnamed>::step_kernel_boundary_y_faces(const double *, const double *, double *, const double *, const double *, int, int, int, int, int, int, int, double, double, bool)"
24038462554,11644,24038474198,166023,24038640221,3104,180771,120,120,2,cudaLaunchKernel, 977    1    1, 256    1    1,"<unnamed>::pack_face_x(const double *, double *, int, int, int, int, int)"
24038465175,8963,24038474138,26097,24038500235,114559,149619,124,124,6,cudaLaunchKernel,1938    1    1, 256    1    1,"<unnamed>::step_kernel_boundary_z_faces(const double *, const double *, double *, const double *, const double *, int, int, int, int, int, int, int, double, double, bool)"
24038471870,6993,24038478863,1601030,24040079893,2784,1610807,121,121,3,cudaLaunchKernel, 977    1    1, 256    1    1,"<unnamed>::unpack_face_y(const double *, double *, int, int, int, int, int)"
24038473419,11524,24038484943,1647459,24040132402,2592,1661575,132,132,7,cudaLaunchKernel, 977    1    1, 256    1    1,"<unnamed>::unpack_face_y(const double *, double *, int, int, int, int, int)"
24038474635,12302,24038486937,6148,24038493085,13440,31890,123,123,5,cudaLaunchKernel,1954    1    1, 256    1    1,"<unnamed>::step_kernel_boundary_x_faces(const double *, const double *, double *, const double *, const double *, int, int, int, int, int, int, int, double, double, bool)"
24038475129,11113,24038486242,158075,24038644317,2880,172068,120,120,2,cudaLaunchKernel, 977    1    1, 256    1    1,"<unnamed>::pack_face_y(const double *, double *, int, int, int, int, int)"
24038478716,8263,24038486979,129191,24038616170,3008,140462,124,124,6,cudaLaunchKernel, 977    1    1, 256    1    1,"<unnamed>::pack_face_x(const double *, double *, int, int, int, int, int)"
24038479519,9384,24038488903,1594830,24040083733,16160,1620374,121,121,3,cudaLaunchKernel, 977    1    1, 256    1    1,"<unnamed>::unpack_face_z(const double *, double *, int, int, int, int, int)"
24038485902,11808,24038497710,1638308,24040136018,16224,1666340,132,132,7,cudaLaunchKernel, 977    1    1, 256    1    1,"<unnamed>::unpack_face_z(const double *, double *, int, int, int, int, int)"
24038487141,11107,24038498248,150165,24038648413,13600,174872,120,120,2,cudaLaunchKernel, 977    1    1, 256    1    1,"<unnamed>::pack_face_z(const double *, double *, int, int, int, int, int)"
24038487833,11654,24038499487,7934,24038507421,14528,34116,123,123,5,cudaLaunchKernel,1946    1    1, 256    1    1,"<unnamed>::step_kernel_boundary_y_faces(const double *, const double *, double *, const double *, const double *, int, int, int, int, int, int, int, double, double, bool)"
24038487871,9088,24038496959,123371,24038620330,3008,135467,124,124,6,cudaLaunchKernel, 977    1    1, 256    1    1,"<unnamed>::pack_face_y(const double *, double *, int, int, int, int, int)"
24038493435,7796,24038501231,1599654,24040100885,13600,1621050,121,121,3,cudaLaunchKernel,1954    1    1, 256    1    1,"<unnamed>::step_kernel_boundary_x_faces(const double *, const double *, double *, const double *, const double *, int, int, int, int, int, int, int, double, double, bool)"
24038497816,4897,24038502713,121585,24038624298,14560,141042,124,124,6,cudaLaunchKernel, 977    1    1, 256    1    1,"<unnamed>::pack_face_z(const double *, double *, int, int, int, int, int)"
24038499364,11438,24038510802,1642368,24040153170,13408,1667214,132,132,7,cudaLaunchKernel,1954    1    1, 256    1    1,"<unnamed>::step_kernel_boundary_x_faces(const double *, const double *, double *, const double *, const double *, int, int, int, int, int, int, int, double, double, bool)"
24038500333,10141,24038510474,12435,24038522909,115487,138063,123,123,5,cudaLaunchKernel,1938    1    1, 256    1    1,"<unnamed>::step_kernel_boundary_z_faces(const double *, const double *, double *, const double *, const double *, int, int, int, int, int, int, int, double, double, bool)"
24038501825,8088,24038509913,1605628,24040115541,13216,1626932,121,121,3,cudaLaunchKernel,1946    1    1, 256    1    1,"<unnamed>::step_kernel_boundary_y_faces(const double *, const double *, double *, const double *, const double *, int, int, int, int, int, int, int, double, double, bool)"
24038510782,5738,24038516520,1613197,24040129717,117663,1736598,121,121,3,cudaLaunchKernel,1938    1    1, 256    1    1,"<unnamed>::step_kernel_boundary_z_faces(const double *, const double *, double *, const double *, const double *, int, int, int, int, int, int, int, double, double, bool)"
24038511698,6918,24038518616,1649050,24040167666,13184,1669152,132,132,7,cudaLaunchKernel,1946    1    1, 256    1    1,"<unnamed>::step_kernel_boundary_y_faces(const double *, const double *, double *, const double *, const double *, int, int, int, int, int, int, int, double, double, bool)"
24038515471,7402,24038522873,116675,24038639548,2912,126989,123,123,5,cudaLaunchKernel, 977    1    1, 256    1    1,"<unnamed>::pack_face_x(const double *, double *, int, int, int, int, int)"
24038518994,5177,24038524171,1657735,24040181906,115966,1778878,132,132,7,cudaLaunchKernel,1938    1    1, 256    1    1,"<unnamed>::step_kernel_boundary_z_faces(const double *, const double *, double *, const double *, const double *, int, int, int, int, int, int, int, double, double, bool)"
24038520265,4076,24038524341,1724127,24040248468,2976,1731179,121,121,3,cudaLaunchKernel, 977    1    1, 256    1    1,"<unnamed>::pack_face_x(const double *, double *, int, int, int, int, int)"
24038523231,5438,24038528669,114623,24038643292,3104,123165,123,123,5,cudaLaunchKernel, 977    1    1, 256    1    1,"<unnamed>::pack_face_y(const double *, double *, int, int, int, int, int)"
24038524719,3578,24038528297,1725163,24040253460,2816,1731557,121,121,3,cudaLaunchKernel, 977    1    1, 256    1    1,"<unnamed>::pack_face_y(const double *, double *, int, int, int, int, int)"
24038528037,4827,24038532864,1766128,24040298992,2944,1773899,132,132,7,cudaLaunchKernel, 977    1    1, 256    1    1,"<unnamed>::pack_face_x(const double *, double *, int, int, int, int, int)"
24038528659,4681,24038533340,1723800,24040257140,14016,1742497,121,121,3,cudaLaunchKernel, 977    1    1, 256    1    1,"<unnamed>::pack_face_z(const double *, double *, int, int, int, int, int)"
24038529051,11355,24038540406,106918,24038647324,14144,132417,123,123,5,cudaLaunchKernel, 977    1    1, 256    1    1,"<unnamed>::pack_face_z(const double *, double *, int, int, int, int, int)"
24038533278,10667,24038543945,1760007,24040303952,3072,1773746,132,132,7,cudaLaunchKernel, 977    1    1, 256    1    1,"<unnamed>::pack_face_y(const double *, double *, int, int, int, int, int)"
24038544863,11743,24038556606,1751442,24040308048,14048,1777233,132,132,7,cudaLaunchKernel, 977    1    1, 256    1    1,"<unnamed>::pack_face_z(const double *, double *, int, int, int, int, int)"
24038559719,12678,24038572397,1346,24038573743,1752249,1766273,122,122,4,cudaLaunchKernel,  16  125  125,  32    4    4,"<unnamed>::step_kernel_interior(const double *, const double *, double *, const double *, const double *, int, int, int, int, int, int, int, double, double, bool)"
24038661401,11519,,,24038672816,1750395,1761810,119,119,1,cudaLaunchKernel,  16  125  125,  32    4    4,"<unnamed>::step_kernel_interior(const double *, const double *, double *, const double *, const double *, int, int, int, int, int, int, int, double, double, bool)"
24038675617,9647,24038685264,442,24038685706,1753168,1763257,124,124,6,cudaLaunchKernel,  16  125  125,  32    4    4,"<unnamed>::step_kernel_interior(const double *, const double *, double *, const double *, const double *, int, int, int, int, int, int, int, double, double, bool)"
24038697097,12111,24038709208,1571,24038710779,1753329,1767011,123,123,5,cudaLaunchKernel,  16  125  125,  32    4    4,"<unnamed>::step_kernel_interior(const double *, const double *, double *, const double *, const double *, int, int, int, int, int, int, int, double, double, bool)"
24038718328,12251,24038730579,297,24038730876,1751855,1764403,120,120,2,cudaLaunchKernel,  16  125  125,  32    4    4,"<unnamed>::step_kernel_interior(const double *, const double *, double *, const double *, const double *, int, int, int, int, int, int, int, double, double, bool)"
24038753620,11382,24038765002,1333,24038766335,2624,15339,118,118,0,cudaLaunchKernel, 977    1    1, 256    1    1,"<unnamed>::unpack_face_x(const double *, double *, int, int, int, int, int)"
24038754333,11287,24038765620,1555284,24040320904,4384,1570955,122,122,4,cudaLaunchKernel, 977    1    1, 256    1    1,"<unnamed>::unpack_face_x(const double *, double *, int, int, int, int, int)"
24038765930,10461,24038776391,888,24038777279,2560,13909,118,118,0,cudaLaunchKernel, 977    1    1, 256    1    1,"<unnamed>::unpack_face_y(const double *, double *, int, int, int, int, int)"
24038766604,11608,24038778212,1548612,24040326824,2592,1562812,122,122,4,cudaLaunchKernel, 977    1    1, 256    1    1,"<unnamed>::unpack_face_y(const double *, double *, int, int, int, int, int)"
24038777305,13543,24038790848,1311,24038792159,15456,30310,118,118,0,cudaLaunchKernel, 977    1    1, 256    1    1,"<unnamed>::unpack_face_z(const double *, double *, int, int, int, int, int)"
24038789096,12963,24038802059,1528797,24040330856,15648,1557408,122,122,4,cudaLaunchKernel, 977    1    1, 256    1    1,"<unnamed>::unpack_face_z(const double *, double *, int, int, int, int, int)"
24038792641,9300,24038801941,7114,24038809055,14176,30590,118,118,0,cudaLaunchKernel,1954    1    1, 256    1    1,"<unnamed>::step_kernel_boundary_x_faces(const double *, const double *, double *, const double *, const double *, int, int, int, int, int, int, int, double, double, bool)"
24038802787,13750,24038816537,7942,24038824479,13408,35100,118,118,0,cudaLaunchKernel,1946    1    1, 256    1    1,"<unnamed>::step_kernel_boundary_y_faces(const double *, const double *, double *, const double *, const double *, int, int, int, int, int, int, int, double, double, bool)"
24038807730,12654,24038820384,1527624,24040348008,13312,1553590,122,122,4,cudaLaunchKernel,1954    1    1, 256    1    1,"<unnamed>::step_kernel_boundary_x_faces(const double *, const double *, double *, const double *, const double *, int, int, int, int, int, int, int, double, double, bool)"
24038818894,10646,24038829540,9467,24038839007,115391,135504,118,118,0,cudaLaunchKernel,1938    1    1, 256    1    1,"<unnamed>::step_kernel_boundary_z_faces(const double *, const double *, double *, const double *, const double *, int, int, int, int, int, int, int, double, double, bool)"
24038821283,11425,24038832708,1529860,24040362568,13440,1554725,122,122,4,cudaLaunchKernel,1946    1    1, 256    1    1,"<unnamed>::step_kernel_boundary_y_faces(const double *, const double *, double *, const double *, const double *, int, int, int, int, int, int, int, double, double, bool)"
24038836617,7926,24038844543,1532841,24040377384,115935,1656702,122,122,4,cudaLaunchKernel,1938    1    1, 256    1    1,"<unnamed>::step_kernel_boundary_z_faces(const double *, const double *, double *, const double *, const double *, int, int, int, int, int, int, int, double, double, bool)"
24038838383,7531,24038845914,109860,24038955774,2912,120303,118,118,0,cudaLaunchKernel, 977    1    1, 256    1    1,"<unnamed>::pack_face_x(const double *, double *, int, int, int, int, int)"
24038846331,9629,24038855960,104070,24038960030,2880,116579,118,118,0,cudaLaunchKernel, 977    1    1, 256    1    1,"<unnamed>::pack_face_y(const double *, double *, int, int, int, int, int)"
24038849526,12210,24038861736,1633183,24040494919,3008,1648401,122,122,4,cudaLaunchKernel, 977    1    1, 256    1    1,"<unnamed>::pack_face_x(const double *, double *, int, int, int, int, int)"
24038856847,5881,24038862728,101462,24038964190,13760,121103,118,118,0,cudaLaunchKernel, 977    1    1, 256    1    1,"<unnamed>::pack_face_z(const double *, double *, int, int, int, int, int)"
24038862627,9999,24038872626,1627605,24040500231,2976,1640580,122,122,4,cudaLaunchKernel, 977    1    1, 256    1    1,"<unnamed>::pack_face_y(const double *, double *, int, int, int, int, int)"
24038873488,6365,24038879853,1624474,24040504327,13952,1644791,122,122,4,cudaLaunchKernel, 977    1    1, 256    1    1,"<unnamed>::pack_face_z(const double *, double *, int, int, int, int, int)"
24039016019,11204,24039027223,1191,24039028414,1756406,1768801,118,118,0,cudaLaunchKernel,  16  125  125,  32    4    4,"<unnamed>::step_kernel_interior(const double *, const double *, double *, const double *, const double *, int, int, int, int, int, int, int, double, double, bool)"
24040303290,11183,24040314473,395,24040314868,1752403,1763981,121,121,3,cudaLaunchKernel,  16  125  125,  32    4    4,"<unnamed>::step_kernel_interior(const double *, const double *, double *, const double *, const double *, int, int, int, int, int, int, int, double, double, bool)"
24040368647,7969,24040376616,2088,24040378704,1754608,1764665,132,132,7,cudaLaunchKernel,  16  125  125,  32    4    4,"<unnamed>::step_kernel_interior(const double *, const double *, double *, const double *, const double *, int, int, int, int, int, int, int, double, double, bool)"
24040369761,6673,24040376434,42905,24040419339,4352,53930,119,119,1,cudaLaunchKernel, 977    1    1, 256    1    1,"<unnamed>::unpack_face_x(const double *, double *, int, int, int, int, int)"
24040376872,7554,24040384426,40993,24040425419,2560,51107,119,119,1,cudaLaunchKernel, 977    1    1, 256    1    1,"<unnamed>::unpack_face_y(const double *, double *, int, int, int, int, int)"
24040377589,12293,24040389882,88977,24040478859,4384,105654,120,120,2,cudaLaunchKernel, 977    1    1, 256    1    1,"<unnamed>::unpack_face_x(const double *, double *, int, int, int, int, int)"
24040385410,6837,24040392247,37204,24040429451,15680,59721,119,119,1,cudaLaunchKernel, 977    1    1, 256    1    1,"<unnamed>::unpack_face_z(const double *, double *, int, int, int, int, int)"
24040390980,11027,24040402007,82740,24040484747,2720,96487,120,120,2,cudaLaunchKernel, 977    1    1, 256    1    1,"<unnamed>::unpack_face_y(const double *, double *, int, int, int, int, int)"
24040397285,6217,24040403502,42749,24040446251,13632,62598,119,119,1,cudaLaunchKernel,1954    1    1, 256    1    1,"<unnamed>::step_kernel_boundary_x_faces(const double *, const double *, double *, const double *, const double *, int, int, int, int, int, int, int, double, double, bool)"
24040403041,11369,24040414410,74497,24040488907,15679,101545,120,120,2,cudaLaunchKernel, 977    1    1, 256    1    1,"<unnamed>::unpack_face_z(const double *, double *, int, int, int, int, int)"
24040403905,10750,24040414655,46732,24040461387,12608,70090,119,119,1,cudaLaunchKernel,1946    1    1, 256    1    1,"<unnamed>::step_kernel_boundary_y_faces(const double *, const double *, double *, const double *, const double *, int, int, int, int, int, int, int, double, double, bool)"
24040415555,4529,24040420084,55031,24040475115,114975,174535,119,119,1,cudaLaunchKernel,1938    1    1, 256    1    1,"<unnamed>::step_kernel_boundary_z_faces(const double *, const double *, double *, const double *, const double *, int, int, int, int, int, int, int, double, double, bool)"
24040416279,11535,24040427814,78244,24040506058,13984,103763,120,120,2,cudaLaunchKernel,1954    1    1, 256    1    1,"<unnamed>::step_kernel_boundary_x_faces(const double *, const double *, double *, const double *, const double *, int, int, int, int, int, int, int, double, double, bool)"
24040427979,9581,24040437560,153938,24040591498,3488,167007,119,119,1,cudaLaunchKernel, 977    1    1, 256    1    1,"<unnamed>::pack_face_x(const double *, double *, int, int, int, int, int)"
24040428755,12208,24040440963,80519,24040521482,14080,106807,120,120,2,cudaLaunchKernel,1946    1    1, 256    1    1,"<unnamed>::step_kernel_boundary_y_faces(const double *, const double *, double *, const double *, const double *, int, int, int, int, int, int, int, double, double, bool)"
24040429896,10054,24040439950,1228,24040441178,2720,14002,124,124,6,cudaLaunchKernel, 977    1    1, 256    1    1,"<unnamed>::unpack_face_x(const double *, double *, int, int, int, int, int)"
24040438529,8848,24040447377,148793,24040596170,2752,160393,119,119,1,cudaLaunchKernel, 977    1    1, 256    1    1,"<unnamed>::pack_face_y(const double *, double *, int, int, int, int, int)"
24040440907,4348,24040445255,3411,24040448666,2656,10415,124,124,6,cudaLaunchKernel, 977    1    1, 256    1    1,"<unnamed>::unpack_face_y(const double *, double *, int, int, int, int, int)"
24040441879,10928,24040452807,83843,24040536650,115423,210194,120,120,2,cudaLaunchKernel,1938    1    1, 256    1    1,"<unnamed>::step_kernel_boundary_z_faces(const double *, const double *, double *, const double *, const double *, int, int, int, int, int, int, int, double, double, bool)"
24040442901,12246,24040455147,4993,24040460140,3456,20695,123,123,5,cudaLaunchKernel, 977    1    1, 256    1    1,"<unnamed>::unpack_face_x(const double *, double *, int, int, int, int, int)"
24040445676,8217,24040453893,1589,24040455482,16480,26286,124,124,6,cudaLaunchKernel, 977    1    1, 256    1    1,"<unnamed>::unpack_face_z(const double *, double *, int, int, int, int, int)"
24040447797,9421,24040457218,142792,24040600010,14304,166517,119,119,1,cudaLaunchKernel, 977    1    1, 256    1    1,"<unnamed>::pack_face_z(const double *, double *, int, int, int, int, int)"
24040455577,8466,24040464043,9103,24040473146,13728,31297,124,124,6,cudaLaunchKernel,1954    1    1, 256    1    1,"<unnamed>::step_kernel_boundary_x_faces(const double *, const double *, double *, const double *, const double *, int, int, int, int, int, int, int, double, double, bool)"
24040456176,11002,24040467178,2338,24040469516,2624,15964,123,123,5,cudaLaunchKernel, 977    1    1, 256    1    1,"<unnamed>::unpack_face_y(const double *, double *, int, int, int, int, int)"
24040457469,10734,24040468203,185534,24040653737,2976,199244,120,120,2,cudaLaunchKernel, 977    1    1, 256    1    1,"<unnamed>::pack_face_x(const double *, double *, int, int, int, int, int)"
24040462796,10484,24040473280,1589127,24042062407,4352,1603963,121,121,3,cudaLaunchKernel, 977    1    1, 256    1    1,"<unnamed>::unpack_face_x(const double *, double *, int, int, int, int, int)"
24040464361,12794,24040477155,1651773,24042128928,3840,1668407,132,132,7,cudaLaunchKernel, 977    1    1, 256    1    1,"<unnamed>::unpack_face_x(const double *, double *, int, int, int, int, int)"
24040464947,9951,24040474898,13448,24040488346,13088,36487,124,124,6,cudaLaunchKernel,1946    1    1, 256    1    1,"<unnamed>::step_kernel_boundary_y_faces(const double *, const double *, double *, const double *, const double *, int, int, int, int, int, int, int, double, double, bool)"
24040468137,11882,24040480019,1529,24040481548,15872,29283,123,123,5,cudaLaunchKernel, 977    1    1, 256    1    1,"<unnamed>::unpack_face_z(const double *, double *, int, int, int, int, int)"
24040469203,11430,24040480633,178256,24040658889,2976,192662,120,120,2,cudaLaunchKernel, 977    1    1, 256    1    1,"<unnamed>::pack_face_y(const double *, double *, int, int, int, int, int)"
24040474385,6565,24040480950,1587345,24042068295,2528,1596438,121,121,3,cudaLaunchKernel, 977    1    1, 256    1    1,"<unnamed>::unpack_face_y(const double *, double *, int, int, int, int, int)"
24040475794,5029,24040480823,21955,24040502778,116127,143111,124,124,6,cudaLaunchKernel,1938    1    1, 256    1    1,"<unnamed>::step_kernel_boundary_z_faces(const double *, const double *, double *, const double *, const double *, int, int, int, int, int, int, int, double, double, bool)"
24040478179,11261,24040489440,1644832,24042134272,2592,1658685,132,132,7,cudaLaunchKernel, 977    1    1, 256    1    1,"<unnamed>::unpack_face_y(const double *, double *, int, int, int, int, int)"
24040481366,8636,24040490002,1581973,24042071975,15744,1606353,121,121,3,cudaLaunchKernel, 977    1    1, 256    1    1,"<unnamed>::unpack_face_z(const double *, double *, int, int, int, int, int)"
24040481559,9786,24040491345,171800,24040663145,13728,195314,120,120,2,cudaLaunchKernel, 977    1    1, 256    1    1,"<unnamed>::pack_face_z(const double *, double *, int, int, int, int, int)"
24040481864,10268,24040492132,6408,24040498540,15199,31875,123,123,5,cudaLaunchKernel,1954    1    1, 256    1    1,"<unnamed>::step_kernel_boundary_x_faces(const double *, const double *, double *, const double *, const double *, int, int, int, int, int, int, int, double, double, bool)"
24040488655,9786,24040498441,122064,24040620505,3200,135050,124,124,6,cudaLaunchKernel, 977    1    1, 256    1    1,"<unnamed>::pack_face_x(const double *, double *, int, int, int, int, int)"
24040490397,11874,24040502271,1636033,24042138304,15263,1663170,132,132,7,cudaLaunchKernel, 977    1    1, 256    1    1,"<unnamed>::unpack_face_z(const double *, double *, int, int, int, int, int)"
24040491638,10225,24040501863,1587072,24042088935,13824,1611121,121,121,3,cudaLaunchKernel,1954    1    1, 256    1    1,"<unnamed>::step_kernel_boundary_x_faces(const double *, const double *, double *, const double *, const double *, int, int, int, int, int, int, int, double, double, bool)"
24040496449,12756,24040509205,5718,24040514923,13088,31562,123,123,5,cudaLaunchKernel,1946    1    1, 256    1    1,"<unnamed>::step_kernel_boundary_y_faces(const double *, const double *, double *, const double *, const double *, int, int, int, int, int, int, int, double, double, bool)"
24040499351,5237,24040504588,120397,24040624985,3008,128642,124,124,6,cudaLaunchKernel, 977    1    1, 256    1    1,"<unnamed>::pack_face_y(const double *, double *, int, int, int, int, int)"
24040502762,9855,24040512617,1591390,24042104007,12831,1614076,121,121,3,cudaLaunchKernel,1946    1    1, 256    1    1,"<unnamed>::step_kernel_boundary_y_faces(const double *, const double *, double *, const double *, const double *, int, int, int, int, int, int, int, double, double, bool)"
24040503967,12953,24040516920,1637799,24042154719,13824,1664576,132,132,7,cudaLaunchKernel,1954    1    1, 256    1    1,"<unnamed>::step_kernel_boundary_x_faces(const double *, const double *, double *, const double *, const double *, int, int, int, int, int, int, int, double, double, bool)"
24040508386,6074,24040514460,114813,24040629273,13728,134615,124,124,6,cudaLaunchKernel, 977    1    1, 256    1    1,"<unnamed>::pack_face_z(const double *, double *, int, int, int, int, int)"
24040510059,11914,24040521973,7126,24040529099,114207,133247,123,123,5,cudaLaunchKernel,1938    1    1, 256    1    1,"<unnamed>::step_kernel_boundary_z_faces(const double *, const double *, double *, const double *, const double *, int, int, int, int, int, int, int, double, double, bool)"
24040513444,9232,24040522676,1595282,24042117958,116352,1720866,121,121,3,cudaLaunchKernel,1938    1    1, 256    1    1,"<unnamed>::step_kernel_boundary_z_faces(const double *, const double *, double *, const double *, const double *, int, int, int, int, int, int, int, double, double, bool)"
24040518505,14066,24040532571,1637124,24042169695,12960,1664150,132,132,7,cudaLaunchKernel,1946    1    1, 256    1    1,"<unnamed>::step_kernel_boundary_y_faces(const double *, const double *, double *, const double *, const double *, int, int, int, int, int, int, int, double, double, bool)"
24040529982,7382,24040537364,1698322,24042235686,3776,1709480,121,121,3,cudaLaunchKernel, 977    1    1, 256    1    1,"<unnamed>::pack_face_x(const double *, double *, int, int, int, int, int)"
24040532167,11493,24040543660,101534,24040645194,3136,116163,123,123,5,cudaLaunchKernel, 977    1    1, 256    1    1,"<unnamed>::pack_face_x(const double *, double *, int, int, int, int, int)"
24040533444,11919,24040545363,1638412,24042183775,116735,1767066,132,132,7,cudaLaunchKernel,1938    1    1, 256    1    1,"<unnamed>::step_kernel_boundary_z_faces(const double *, const double *, double *, const double *, const double *, int, int, int, int, int, int, int, double, double, bool)"
24040541423,10579,24040552002,1689636,24042241638,2783,1702998,121,121,3,cudaLaunchKernel, 977    1    1, 256    1    1,"<unnamed>::pack_face_y(const double *, double *, int, int, int, int, int)"
24040544589,11663,24040556252,93038,24040649290,3136,107837,123,123,5,cudaLaunchKernel, 977    1    1, 256    1    1,"<unnamed>::pack_face_y(const double *, double *, int, int, int, int, int)"
24040552907,5576,24040558483,1686994,24042245477,13824,1706394,121,121,3,cudaLaunchKernel, 977    1    1, 256    1    1,"<unnamed>::pack_face_z(const double *, double *, int, int, int, int, int)"
24040553713,12540,24040566253,1735537,24042301790,3072,1751149,132,132,7,cudaLaunchKernel, 977    1    1, 256    1    1,"<unnamed>::pack_face_x(const double *, double *, int, int, int, int, int)"
24040554204,12376,24040566580,1171,24040567751,1752761,1766308,122,122,4,cudaLaunchKernel,  16  125  125,  32    4    4,"<unnamed>::step_kernel_interior(const double *, const double *, double *, const double *, const double *, int, int, int, int, int, int, int, double, double, bool)"
24040557136,10528,24040567664,85818,24040653482,14272,110618,123,123,5,cudaLaunchKernel, 977    1    1, 256    1    1,"<unnamed>::pack_face_z(const double *, double *, int, int, int, int, int)"
24040567183,11467,24040578650,1728324,24042306974,3072,1742863,132,132,7,cudaLaunchKernel, 977    1    1, 256    1    1,"<unnamed>::pack_face_y(const double *, double *, int, int, int, int, int)"
24040579533,14190,24040593723,1717443,24042311166,14592,1746225,132,132,7,cudaLaunchKernel, 977    1    1, 256    1    1,"<unnamed>::pack_face_z(const double *, double *, int, int, int, int, int)"
24040668167,11025,,,24040677194,1753626,1762653,119,119,1,cudaLaunchKernel,  16  125  125,  32    4    4,"<unnamed>::step_kernel_interior(const double *, const double *, double *, const double *, const double *, int, int, int, int, int, int, int, double, double, bool)"
24040679712,6053,24040685765,2163,24040687928,1755441,1763657,124,124,6,cudaLaunchKernel,  16  125  125,  32    4    4,"<unnamed>::step_kernel_interior(const double *, const double *, double *, const double *, const double *, int, int, int, int, int, int, int, double, double, bool)"
24040704958,12327,24040717285,1477,24040718762,1755216,1769020,123,123,5,cudaLaunchKernel,  16  125  125,  32    4    4,"<unnamed>::step_kernel_interior(const double *, const double *, double *, const double *, const double *, int, int, int, int, int, int, int, double, double, bool)"
24040719871,14741,24040734612,468,24040735080,1753839,1769048,120,120,2,cudaLaunchKernel,  16  125  125,  32    4    4,"<unnamed>::step_kernel_interior(const double *, const double *, double *, const double *, const double *, int, int, int, int, int, int, int, double, double, bool)"
24040757004,12260,24040769264,10788,24040780052,4256,27304,118,118,0,cudaLaunchKernel, 977    1    1, 256    1    1,"<unnamed>::unpack_face_x(const double *, double *, int, int, int, int, int)"
24040768941,12584,24040781525,1534379,24042315904,5120,1552083,122,122,4,cudaLaunchKernel, 977    1    1, 256    1    1,"<unnamed>::unpack_face_x(const double *, double *, int, int, int, int, int)"
24040770173,11660,24040781833,3691,24040785524,2656,18007,118,118,0,cudaLaunchKernel, 977    1    1, 256    1    1,"<unnamed>::unpack_face_y(const double *, double *, int, int, int, int, int)"
24040782531,11892,24040794423,1528553,24042322976,2656,1543101,122,122,4,cudaLaunchKernel, 977    1    1, 256    1    1,"<unnamed>::unpack_face_y(const double *, double *, int, int, int, int, int)"
24040782773,10972,24040793745,1283,24040795028,15584,27839,118,118,0,cudaLaunchKernel, 977    1    1, 256    1    1,"<unnamed>::unpack_face_z(const double *, double *, int, int, int, int, int)"
24040795349,10459,24040805808,1521040,24042326848,15776,1547275,122,122,4,cudaLaunchKernel, 977    1    1, 256    1    1,"<unnamed>::unpack_face_z(const double *, double *, int, int, int, int, int)"
24040795524,9501,24040805025,6803,24040811828,13664,29968,118,118,0,cudaLaunchKernel,1954    1    1, 256    1    1,"<unnamed>::step_kernel_boundary_x_faces(const double *, const double *, double *, const double *, const double *, int, int, int, int, int, int, int, double, double, bool)"
24040805913,14243,24040820156,6680,24040826836,12832,33755,118,118,0,cudaLaunchKernel,1946    1    1, 256    1    1,"<unnamed>::step_kernel_boundary_y_faces(const double *, const double *, double *, const double *, const double *, int, int, int, int, int, int, int, double, double, bool)"
24040810762,13222,24040823984,1520112,24042344096,13376,1546710,122,122,4,cudaLaunchKernel,1954    1    1, 256    1    1,"<unnamed>::step_kernel_boundary_x_faces(const double *, const double *, double *, const double *, const double *, int, int, int, int, int, int, int, double, double, bool)"
24040821234,11759,24040832993,7731,24040840724,116192,135682,118,118,0,cudaLaunchKernel,1938    1    1, 256    1    1,"<unnamed>::step_kernel_boundary_z_faces(const double *, const double *, double *, const double *, const double *, int, int, int, int, int, int, int, double, double, bool)"
24040824911,17461,24040842372,1516444,24042358816,12799,1546704,122,122,4,cudaLaunchKernel,1946    1    1, 256    1    1,"<unnamed>::step_kernel_boundary_y_faces(const double *, const double *, double *, const double *, const double *, int, int, int, int, int, int, int, double, double, bool)"
24040841964,12175,24040854139,104409,24040958548,3423,120007,118,118,0,cudaLaunchKernel, 977    1    1, 256    1    1,"<unnamed>::pack_face_x(const double *, double *, int, int, int, int, int)"
24040843254,11779,24040855033,1517734,24042372767,116192,1645705,122,122,4,cudaLaunchKernel,1938    1    1, 256    1    1,"<unnamed>::step_kernel_boundary_z_faces(const double *, const double *, double *, const double *, const double *, int, int, int, int, int, int, int, double, double, bool)"
24040855125,5979,24040861104,101891,24040962995,2656,110526,118,118,0,cudaLaunchKernel, 977    1    1, 256    1    1,"<unnamed>::pack_face_y(const double *, double *, int, int, int, int, int)"
24040859411,5892,24040865303,1625256,24042490559,3072,1634220,122,122,4,cudaLaunchKernel, 977    1    1, 256    1    1,"<unnamed>::pack_face_x(const double *, double *, int, int, int, int, int)"
24040861502,10892,24040872394,94697,24040967091,14400,119989,118,118,0,cudaLaunchKernel, 977    1    1, 256    1    1,"<unnamed>::pack_face_z(const double *, double *, int, int, int, int, int)"
24040869542,8323,24040877865,1616918,24042494783,2720,1627961,122,122,4,cudaLaunchKernel, 977    1    1, 256    1    1,"<unnamed>::pack_face_y(const double *, double *, int, int, int, int, int)"
24040878413,10309,24040888722,1609997,24042498719,13888,1634194,122,122,4,cudaLaunchKernel, 977    1    1, 256    1    1,"<unnamed>::pack_face_z(const double *, double *, int, int, int, int, int)"
24041016108,12586,24041028694,1149,24041029843,1756375,1770110,118,118,0,cudaLaunchKernel,  16  125  125,  32    4    4,"<unnamed>::step_kernel_interior(const double *, const double *, double *, const double *, const double *, int, int, int, int, int, int, int, double, double, bool)"
24042293322,10581,24042303903,1510,24042305413,1754899,1766990,121,121,3,cudaLaunchKernel,  16  125  125,  32    4    4,"<unnamed>::step_kernel_interior(const double *, const double *, double *, const double *, const double *, int, int, int, int, int, int, int, double, double, bool)"
24042343389,10515,24042353904,72308,24042426212,5120,87943,119,119,1,cudaLaunchKernel, 977    1    1, 256    1    1,"<unnamed>::unpack_face_x(const double *, double *, int, int, int, int, int)"
24042354795,12017,24042366812,1345,24042368157,1755376,1768738,132,132,7,cudaLaunchKernel,  16  125  125,  32    4    4,"<unnamed>::step_kernel_interior(const double *, const double *, double *, const double *, const double *, int, int, int, int, int, int, int, double, double, bool)"
24042354865,10129,24042364994,67906,24042432900,2560,80595,119,119,1,cudaLaunchKernel, 977    1    1, 256    1    1,"<unnamed>::unpack_face_y(const double *, double *, int, int, int, int, int)"
24042363137,12658,24042375795,108868,24042484663,4800,126326,120,120,2,cudaLaunchKernel, 977    1    1, 256    1    1,"<unnamed>::unpack_face_x(const double *, double *, int, int, int, int, int)"
24042365917,9166,24042375083,61849,24042436932,15872,86887,119,119,1,cudaLaunchKernel, 977    1    1, 256    1    1,"<unnamed>::unpack_face_z(const double *, double *, int, int, int, int, int)"
24042376738,5806,24042382544,71508,24042454052,13664,90978,119,119,1,cudaLaunchKernel,1954    1    1, 256    1    1,"<unnamed>::step_kernel_boundary_x_faces(const double *, const double *, double *, const double *, const double *, int, int, int, int, int, int, int, double, double, bool)"
24042376838,5767,24042382605,108394,24042490999,2560,116721,120,120,2,cudaLaunchKernel, 977    1    1, 256    1    1,"<unnamed>::unpack_face_y(const double *, double *, int, int, int, int, int)"
24042382913,10128,24042393041,75699,24042468740,12896,98723,119,119,1,cudaLaunchKernel,1946    1    1, 256    1    1,"<unnamed>::step_kernel_boundary_y_faces(const double *, const double *, double *, const double *, const double *, int, int, int, int, int, int, int, double, double, bool)"
24042387229,7892,24042395121,100038,24042495159,16159,124089,120,120,2,cudaLaunchKernel, 977    1    1, 256    1    1,"<unnamed>::unpack_face_z(const double *, double *, int, int, int, int, int)"
24042393833,9380,24042403213,79543,24042482756,114880,203803,119,119,1,cudaLaunchKernel,1938    1    1, 256    1    1,"<unnamed>::step_kernel_boundary_z_faces(const double *, const double *, double *, const double *, const double *, int, int, int, int, int, int, int, double, double, bool)"
24042400554,9019,24042409573,103185,24042512758,13760,125964,120,120,2,cudaLaunchKernel,1954    1    1, 256    1    1,"<unnamed>::step_kernel_boundary_x_faces(const double *, const double *, double *, const double *, const double *, int, int, int, int, int, int, int, double, double, bool)"
24042407809,9542,24042417351,181629,24042598980,3040,194211,119,119,1,cudaLaunchKernel, 977    1    1, 256    1    1,"<unnamed>::pack_face_x(const double *, double *, int, int, int, int, int)"
24042409981,11525,24042421506,106356,24042527862,13792,131673,120,120,2,cudaLaunchKernel,1946    1    1, 256    1    1,"<unnamed>::step_kernel_boundary_y_faces(const double *, const double *, double *, const double *, const double *, int, int, int, int, int, int, int, double, double, bool)"
24042415658,6105,24042421763,16902,24042438665,4192,27199,124,124,6,cudaLaunchKernel, 977    1    1, 256    1    1,"<unnamed>::unpack_face_x(const double *, double *, int, int, int, int, int)"
24042418302,10087,24042428389,174751,24042603140,2720,187558,119,119,1,cudaLaunchKernel, 977    1    1, 256    1    1,"<unnamed>::pack_face_y(const double *, double *, int, int, int, int, int)"
24042422175,7774,24042429949,14188,24042444137,2592,24554,124,124,6,cudaLaunchKernel, 977    1    1, 256    1    1,"<unnamed>::unpack_face_y(const double *, double *, int, int, int, int, int)"
24042422430,11931,24042434361,108573,24042542934,115135,235639,120,120,2,cudaLaunchKernel,1938    1    1, 256    1    1,"<unnamed>::step_kernel_boundary_z_faces(const double *, const double *, double *, const double *, const double *, int, int, int, int, int, int, int, double, double, bool)"
24042429283,5733,24042435016,172092,24042607108,14432,192257,119,119,1,cudaLaunchKernel, 977    1    1, 256    1    1,"<unnamed>::pack_face_z(const double *, double *, int, int, int, int, int)"
24042430871,4416,24042435287,12882,24042448169,15776,33074,124,124,6,cudaLaunchKernel, 977    1    1, 256    1    1,"<unnamed>::unpack_face_z(const double *, double *, int, int, int, int, int)"
24042431913,12192,24042444105,25041,24042469146,4224,41457,123,123,5,cudaLaunchKernel, 977    1    1, 256    1    1,"<unnamed>::unpack_face_x(const double *, double *, int, int, int, int, int)"
24042436565,7518,24042444083,21302,24042465385,14176,42996,124,124,6,cudaLaunchKernel,1954    1    1, 256    1    1,"<unnamed>::step_kernel_boundary_x_faces(const double *, const double *, double *, const double *, const double *, int, int, int, int, int, int, int, double, double, bool)"
24042438849,15371,24042454220,205353,24042659573,3040,223764,120,120,2,cudaLaunchKernel, 977    1    1, 256    1    1,"<unnamed>::pack_face_x(const double *, double *, int, int, int, int, int)"
24042445051,11206,24042456257,18585,24042474842,2624,32415,123,123,5,cudaLaunchKernel, 977    1    1, 256    1    1,"<unnamed>::unpack_face_y(const double *, double *, int, int, int, int, int)"
24042445072,9324,24042454396,26285,24042480681,13152,48761,124,124,6,cudaLaunchKernel,1946    1    1, 256    1    1,"<unnamed>::step_kernel_boundary_y_faces(const double *, const double *, double *, const double *, const double *, int, int, int, int, int, int, int, double, double, bool)"
24042451525,7596,24042459121,1596103,24044055224,4480,1608179,121,121,3,cudaLaunchKernel, 977    1    1, 256    1    1,"<unnamed>::unpack_face_x(const double *, double *, int, int, int, int, int)"
24042452276,12242,24042464518,1653991,24044118509,4512,1670745,132,132,7,cudaLaunchKernel, 977    1    1, 256    1    1,"<unnamed>::unpack_face_x(const double *, double *, int, int, int, int, int)"
24042455259,4683,24042459942,35267,24042495209,115967,155917,124,124,6,cudaLaunchKernel,1938    1    1, 256    1    1,"<unnamed>::step_kernel_boundary_z_faces(const double *, const double *, double *, const double *, const double *, int, int, int, int, int, int, int, double, double, bool)"
24042455326,12428,24042467754,196011,24042663765,2720,211159,120,120,2,cudaLaunchKernel, 977    1    1, 256    1    1,"<unnamed>::pack_face_y(const double *, double *, int, int, int, int, int)"
24042457160,11652,24042468812,9774,24042478586,15648,37074,123,123,5,cudaLaunchKernel, 977    1    1, 256    1    1,"<unnamed>::unpack_face_z(const double *, double *, int, int, int, int, int)"
24042459801,8225,24042468026,1593310,24044061336,2688,1604223,121,121,3,cudaLaunchKernel, 977    1    1, 256    1    1,"<unnamed>::unpack_face_y(const double *, double *, int, int, int, int, int)"
24042465652,7447,24042473099,1651426,24044124525,2592,1661465,132,132,7,cudaLaunchKernel, 977    1    1, 256    1    1,"<unnamed>::unpack_face_y(const double *, double *, int, int, int, int, int)"
24042468067,5662,24042473729,139047,24042612776,2944,147653,124,124,6,cudaLaunchKernel, 977    1    1, 256    1    1,"<unnamed>::pack_face_x(const double *, double *, int, int, int, int, int)"
24042468693,6585,24042475278,192359,24042667637,14112,213056,120,120,2,cudaLaunchKernel, 977    1    1, 256    1    1,"<unnamed>::pack_face_z(const double *, double *, int, int, int, int, int)"
24042468913,5200,24042474113,1591095,24044065208,15392,1611687,121,121,3,cudaLaunchKernel, 977    1    1, 256    1    1,"<unnamed>::unpack_face_z(const double *, double *, int, int, int, int, int)"
24042470638,10603,24042481241,14145,24042495386,13536,38284,123,123,5,cudaLaunchKernel,1954    1    1, 256    1    1,"<unnamed>::step_kernel_boundary_x_faces(const double *, const double *, double *, const double *, const double *, int, int, int, int, int, int, int, double, double, bool)"
24042473531,10594,24042484125,1644208,24044128333,16256,1671058,132,132,7,cudaLaunchKernel, 977    1    1, 256    1    1,"<unnamed>::unpack_face_z(const double *, double *, int, int, int, int, int)"
24042474077,7763,24042481840,135160,24042617000,2752,145675,124,124,6,cudaLaunchKernel, 977    1    1, 256    1    1,"<unnamed>::pack_face_y(const double *, double *, int, int, int, int, int)"
24042475477,12840,24042488317,1593435,24044081752,13920,1620195,121,121,3,cudaLaunchKernel,1954    1    1, 256    1    1,"<unnamed>::step_kernel_boundary_x_faces(const double *, const double *, double *, const double *, const double *, int, int, int, int, int, int, int, double, double, bool)"
24042482101,11093,24042493194,16848,24042510042,14208,42149,123,123,5,cudaLaunchKernel,1946    1    1, 256    1    1,"<unnamed>::step_kernel_boundary_y_faces(const double *, const double *, double *, const double *, const double *, int, int, int, int, int, int, int, double, double, bool)"
24042482752,9211,24042491963,129229,24042621192,13984,152424,124,124,6,cudaLaunchKernel, 977    1    1, 256    1    1,"<unnamed>::pack_face_z(const double *, double *, int, int, int, int, int)"
24042489549,6801,24042496350,1649583,24044145933,13536,1669920,132,132,7,cudaLaunchKernel,1954    1    1, 256    1    1,"<unnamed>::step_kernel_boundary_x_faces(const double *, const double *, double *, const double *, const double *, int, int, int, int, int, int, int, double, double, bool)"
24042489599,6434,24042496033,1600759,24044096792,12832,1620025,121,121,3,cudaLaunchKernel,1946    1    1, 256    1    1,"<unnamed>::step_kernel_boundary_y_faces(const double *, const double *, double *, const double *, const double *, int, int, int, int, int, int, int, double, double, bool)"
24042494053,10304,24042504357,20949,24042525306,115007,146260,123,123,5,cudaLaunchKernel,1938    1    1, 256    1    1,"<unnamed>::step_kernel_boundary_z_faces(const double *, const double *, double *, const double *, const double *, int, int, int, int, int, int, int, double, double, bool)"
24042496397,9026,24042505423,1605353,24044110776,115999,1730378,121,121,3,cudaLaunchKernel,1938    1    1, 256    1    1,"<unnamed>::step_kernel_boundary_z_faces(const double *, const double *, double *, const double *, const double *, int, int, int, int, int, int, int, double, double, bool)"
24042496724,10191,24042506915,1653546,24044160461,13056,1676793,132,132,7,cudaLaunchKernel,1946    1    1, 256    1    1,"<unnamed>::step_kernel_boundary_y_faces(const double *, const double *, double *, const double *, const double *, int, int, int, int, int, int, int, double, double, bool)"
24042507816,6363,24042514179,1660714,24044174893,115359,1782436,132,132,7,cudaLaunchKernel,1938    1    1, 256    1    1,"<unnamed>::step_kernel_boundary_z_faces(const double *, const double *, double *, const double *, const double *, int, int, int, int, int, int, int, double, double, bool)"
24042509129,11160,24042520289,121304,24042641593,2976,135440,123,123,5,cudaLaunchKernel, 977    1    1, 256    1    1,"<unnamed>::pack_face_x(const double *, double *, int, int, int, int, int)"
24042509714,4728,24042514442,1713741,24044228183,3104,1721573,121,121,3,cudaLaunchKernel, 977    1    1, 256    1    1,"<unnamed>::pack_face_x(const double *, double *, int, int, int, int, int)"
24042514853,9861,24042524714,1707533,24044232247,2784,1720178,121,121,3,cudaLaunchKernel, 977    1    1, 256    1    1,"<unnamed>::pack_face_y(const double *, double *, int, int, int, int, int)"
24042521213,6122,24042527335,118354,24042645689,2688,127164,123,123,5,cudaLaunchKernel, 977    1    1, 256    1    1,"<unnamed>::pack_face_y(const double *, double *, int, int, int, int, int)"
24042522684,7546,24042530230,1761590,24044291820,3200,1772336,132,132,7,cudaLaunchKernel, 977    1    1, 256    1    1,"<unnamed>::pack_face_x(const double *, double *, int, int, int, int, int)"
24042525611,4878,24042530489,1705694,24044236183,14400,1724972,121,121,3,cudaLaunchKernel, 977    1    1, 256    1    1,"<unnamed>::pack_face_z(const double *, double *, int, int, int, int, int)"
24042527768,4964,24042532732,116701,24042649433,14176,135841,123,123,5,cudaLaunchKernel, 977    1    1, 256    1    1,"<unnamed>::pack_face_z(const double *, double *, int, int, int, int, int)"
24042530646,10565,24042541211,1754961,24044296172,2688,1768214,132,132,7,cudaLaunchKernel, 977    1    1, 256    1    1,"<unnamed>::pack_face_y(const double *, double *, int, int, int, int, int)"
24042537965,12812,,,24042549087,1754232,1765354,122,122,4,cudaLaunchKernel,  16  125  125,  32    4    4,"<unnamed>::step_kernel_interior(const double *, const double *, double *, const double *, const double *, int, int, int, int, int, int, int, double, double, bool)"
24042542163,10881,24042553044,1746936,24044299980,14272,1772089,132,132,7,cudaLaunchKernel, 977    1    1, 256    1    1,"<unnamed>::pack_face_z(const double *, double *, int, int, int, int, int)"
24042656632,10954,24042667586,1313,24042668899,1754555,1766822,119,119,1,cudaLaunchKernel,  16  125  125,  32    4    4,"<unnamed>::step_kernel_interior(const double *, const double *, double *, const double *, const double *, int, int, int, int, int, int, int, double, double, bool)"
24042660611,7204,24042667815,2336,24042670151,1754033,1763573,124,124,6,cudaLaunchKernel,  16  125  125,  32    4    4,"<unnamed>::step_kernel_interior(const double *, const double *, double *, const double *, const double *, int, int, int, int, int, int, int, double, double, bool)"
24042690678,8976,24042699654,2290,24042701944,1755121,1766387,123,123,5,cudaLaunchKernel,  16  125  125,  32    4    4,"<unnamed>::step_kernel_interior(const double *, const double *, double *, const double *, const double *, int, int, int, int, int, int, int, double, double, bool)"
24042720556,15655,,,24042734900,1753647,1767991,120,120,2,cudaLaunchKernel,  16  125  125,  32    4    4,"<unnamed>::step_kernel_interior(const double *, const double *, double *, const double *, const double *, int, int, int, int, int, int, int, double, double, bool)"
24042749330,8026,24042757356,1541131,24044298487,4320,1553477,122,122,4,cudaLaunchKernel, 977    1    1, 256    1    1,"<unnamed>::unpack_face_x(const double *, double *, int, int, int, int, int)"
24042758031,10650,24042768681,1535694,24044304375,2816,1549160,122,122,4,cudaLaunchKernel, 977    1    1, 256    1    1,"<unnamed>::unpack_face_y(const double *, double *, int, int, int, int, int)"
24042759156,13602,24042772758,8468,24042781226,3872,25942,118,118,0,cudaLaunchKernel, 977    1    1, 256    1    1,"<unnamed>::unpack_face_x(const double *, double *, int, int, int, int, int)"
24042772827,7969,24042780796,1527611,24044308407,15200,1550780,122,122,4,cudaLaunchKernel, 977    1    1, 256    1    1,"<unnamed>::unpack_face_z(const double *, double *, int, int, int, int, int)"
24042774129,8369,24042782498,4552,24042787050,2656,15577,118,118,0,cudaLaunchKernel, 977    1    1, 256    1    1,"<unnamed>::unpack_face_y(const double *, double *, int, int, int, int, int)"
24042782262,6376,24042788638,1536633,24044325271,13504,1556513,122,122,4,cudaLaunchKernel,1954    1    1, 256    1    1,"<unnamed>::step_kernel_boundary_x_faces(const double *, const double *, double *, const double *, const double *, int, int, int, int, int, int, int, double, double, bool)"
24042782930,4866,24042787796,3318,24042791114,16480,24664,118,118,0,cudaLaunchKernel, 977    1    1, 256    1    1,"<unnamed>::unpack_face_z(const double *, double *, int, int, int, int, int)"
24042789035,4933,24042793968,1545959,24044339927,13152,1564044,122,122,4,cudaLaunchKernel,1946    1    1, 256    1    1,"<unnamed>::step_kernel_boundary_y_faces(const double *, const double *, double *, const double *, const double *, int, int, int, int, int, int, int, double, double, bool)"
24042789209,4974,24042794183,15907,24042810090,13600,34481,118,118,0,cudaLaunchKernel,1954    1    1, 256    1    1,"<unnamed>::step_kernel_boundary_x_faces(const double *, const double *, double *, const double *, const double *, int, int, int, int, int, int, int, double, double, bool)"
24042794560,11669,24042806229,18741,24042824970,12896,43306,118,118,0,cudaLaunchKernel,1946    1    1, 256    1    1,"<unnamed>::step_kernel_boundary_y_faces(const double *, const double *, double *, const double *, const double *, int, int, int, int, int, int, int, double, double, bool)"
24042797042,9716,24042806758,1547761,24044354519,116896,1674373,122,122,4,cudaLaunchKernel,1938    1    1, 256    1    1,"<unnamed>::step_kernel_boundary_z_faces(const double *, const double *, double *, const double *, const double *, int, int, int, int, int, int, int, double, double, bool)"
24042807051,5466,24042812517,26597,24042839114,115167,147230,118,118,0,cudaLaunchKernel,1938    1    1, 256    1    1,"<unnamed>::step_kernel_boundary_z_faces(const double *, const double *, double *, const double *, const double *, int, int, int, int, int, int, int, double, double, bool)"
24042810995,5103,24042816098,1657077,24044473175,2944,1665124,122,122,4,cudaLaunchKernel, 977    1    1, 256    1    1,"<unnamed>::pack_face_x(const double *, double *, int, int, int, int, int)"
24042816384,15349,24042831733,124020,24042955753,2944,142313,118,118,0,cudaLaunchKernel, 977    1    1, 256    1    1,"<unnamed>::pack_face_x(const double *, double *, int, int, int, int, int)"
24042820384,11759,24042832143,1645448,24044477591,2944,1660151,122,122,4,cudaLaunchKernel, 977    1    1, 256    1    1,"<unnamed>::pack_face_y(const double *, double *, int, int, int, int, int)"
24042832666,7030,24042839696,120121,24042959817,2848,129999,118,118,0,cudaLaunchKernel, 977    1    1, 256    1    1,"<unnamed>::pack_face_y(const double *, double *, int, int, int, int, int)"
24042833092,6567,24042839659,1642316,24044481975,14016,1662899,122,122,4,cudaLaunchKernel, 977    1    1, 256    1    1,"<unnamed>::pack_face_z(const double *, double *, int, int, int, int, int)"
24042840129,4710,24042844839,119266,24042964105,13856,137832,118,118,0,cudaLaunchKernel, 977    1    1, 256    1    1,"<unnamed>::pack_face_z(const double *, double *, int, int, int, int, int)"
24043008210,7436,24043015646,2603,24043018249,1753366,1763405,118,118,0,cudaLaunchKernel,  16  125  125,  32    4    4,"<unnamed>::step_kernel_interior(const double *, const double *, double *, const double *, const double *, int, int, int, int, int, int, int, double, double, bool)"
24044271375,11415,24044282790,1393,24044284183,1752083,1764891,121,121,3,cudaLaunchKernel,  16  125  125,  32    4    4,"<unnamed>::step_kernel_interior(const double *, const double *, double *, const double *, const double *, int, int, int, int, int, int, int, double, double, bool)"
24044329312,10551,24044339863,78471,24044418334,4480,93502,119,119,1,cudaLaunchKernel, 977    1    1, 256    1    1,"<unnamed>::unpack_face_x(const double *, double *, int, int, int, int, int)"
24044340794,10532,24044351326,73056,24044424382,2624,86212,119,119,1,cudaLaunchKernel, 977    1    1, 256    1    1,"<unnamed>::unpack_face_y(const double *, double *, int, int, int, int, int)"
24044342527,13057,24044355584,1451,24044357035,1753744,1768252,132,132,7,cudaLaunchKernel,  16  125  125,  32    4    4,"<unnamed>::step_kernel_interior(const double *, const double *, double *, const double *, const double *, int, int, int, int, int, int, int, double, double, bool)"
24044352295,5215,24044357510,70712,24044428222,16288,92215,119,119,1,cudaLaunchKernel, 977    1    1, 256    1    1,"<unnamed>::unpack_face_z(const double *, double *, int, int, int, int, int)"
24044354217,11832,24044366049,117986,24044484035,3968,133786,120,120,2,cudaLaunchKernel, 977    1    1, 256    1    1,"<unnamed>::unpack_face_x(const double *, double *, int, int, int, int, int)"
24044358785,13267,24044372052,73546,24044445598,14208,101021,119,119,1,cudaLaunchKernel,1954    1    1, 256    1    1,"<unnamed>::step_kernel_boundary_x_faces(const double *, const double *, double *, const double *, const double *, int, int, int, int, int, int, int, double, double, bool)"
24044367159,10873,24044378032,111539,24044489571,2656,125068,120,120,2,cudaLaunchKernel, 977    1    1, 256    1    1,"<unnamed>::unpack_face_y(const double *, double *, int, int, int, int, int)"
24044373241,6152,24044379393,81469,24044460862,13151,100772,119,119,1,cudaLaunchKernel,1946    1    1, 256    1    1,"<unnamed>::step_kernel_boundary_y_faces(const double *, const double *, double *, const double *, const double *, int, int, int, int, int, int, int, double, double, bool)"
24044379032,11699,24044390731,102936,24044493667,16000,130635,120,120,2,cudaLaunchKernel, 977    1    1, 256    1    1,"<unnamed>::unpack_face_z(const double *, double *, int, int, int, int, int)"
24044379748,8200,24044387948,87249,24044475197,117952,213401,119,119,1,cudaLaunchKernel,1938    1    1, 256    1    1,"<unnamed>::step_kernel_boundary_z_faces(const double *, const double *, double *, const double *, const double *, int, int, int, int, int, int, int, double, double, bool)"
24044395336,13579,24044408915,185674,24044594589,2912,202165,119,119,1,cudaLaunchKernel, 977    1    1, 256    1    1,"<unnamed>::pack_face_x(const double *, double *, int, int, int, int, int)"
24044395744,7761,24044403505,107794,24044511299,14112,129667,120,120,2,cudaLaunchKernel,1954    1    1, 256    1    1,"<unnamed>::step_kernel_boundary_x_faces(const double *, const double *, double *, const double *, const double *, int, int, int, int, int, int, int, double, double, bool)"
24044404047,13980,24044418027,108472,24044526499,14207,136659,120,120,2,cudaLaunchKernel,1946    1    1, 256    1    1,"<unnamed>::step_kernel_boundary_y_faces(const double *, const double *, double *, const double *, const double *, int, int, int, int, int, int, int, double, double, bool)"
24044409881,9734,24044419615,179070,24044598685,2880,191684,119,119,1,cudaLaunchKernel, 977    1    1, 256    1    1,"<unnamed>::pack_face_y(const double *, double *, int, int, int, int, int)"
24044412395,9959,24044422354,1798,24044424152,2656,14413,124,124,6,cudaLaunchKernel, 977    1    1, 256    1    1,"<unnamed>::unpack_face_x(const double *, double *, int, int, int, int, int)"
24044419092,11395,24044430487,111531,24044542018,115711,238637,120,120,2,cudaLaunchKernel,1938    1    1, 256    1    1,"<unnamed>::step_kernel_boundary_z_faces(const double *, const double *, double *, const double *, const double *, int, int, int, int, int, int, int, double, double, bool)"
24044420515,9767,24044430282,172403,24044602685,14336,196506,119,119,1,cudaLaunchKernel, 977    1    1, 256    1    1,"<unnamed>::pack_face_z(const double *, double *, int, int, int, int, int)"
24044423317,10196,24044433513,1263,24044434776,2560,14019,124,124,6,cudaLaunchKernel, 977    1    1, 256    1    1,"<unnamed>::unpack_face_y(const double *, double *, int, int, int, int, int)"
24044426653,7716,24044434369,17832,24044452201,4256,29804,123,123,5,cudaLaunchKernel, 977    1    1, 256    1    1,"<unnamed>::unpack_face_x(const double *, double *, int, int, int, int, int)"
24044434430,8545,24044442975,1113,24044444088,15168,24826,124,124,6,cudaLaunchKernel, 977    1    1, 256    1    1,"<unnamed>::unpack_face_z(const double *, double *, int, int, int, int, int)"
24044435031,14987,24044450018,209407,24044659425,3072,227466,120,120,2,cudaLaunchKernel, 977    1    1, 256    1    1,"<unnamed>::pack_face_x(const double *, double *, int, int, int, int, int)"
24044438748,13669,24044452417,5192,24044457609,2688,21549,123,123,5,cudaLaunchKernel, 977    1    1, 256    1    1,"<unnamed>::unpack_face_y(const double *, double *, int, int, int, int, int)"
24044441824,9499,24044451323,1580719,24046032042,4736,1594954,121,121,3,cudaLaunchKernel, 977    1    1, 256    1    1,"<unnamed>::unpack_face_x(const double *, double *, int, int, int, int, int)"
24044442544,15635,24044458179,1648120,24046106299,5632,1669387,132,132,7,cudaLaunchKernel, 977    1    1, 256    1    1,"<unnamed>::unpack_face_x(const double *, double *, int, int, int, int, int)"
24044448338,10751,24044459089,3303,24044462392,13920,27974,124,124,6,cudaLaunchKernel,1954    1    1, 256    1    1,"<unnamed>::step_kernel_boundary_x_faces(const double *, const double *, double *, const double *, const double *, int, int, int, int, int, int, int, double, double, bool)"
24044450995,11142,24044462137,201800,24044663937,2816,215758,120,120,2,cudaLaunchKernel, 977    1    1, 256    1    1,"<unnamed>::pack_face_y(const double *, double *, int, int, int, int, int)"
24044452285,9980,24044462265,1576017,24046038282,2624,1588621,121,121,3,cudaLaunchKernel, 977    1    1, 256    1    1,"<unnamed>::unpack_face_y(const double *, double *, int, int, int, int, int)"
24044456451,7761,24044464212,2005,24044466217,15584,25350,123,123,5,cudaLaunchKernel, 977    1    1, 256    1    1,"<unnamed>::unpack_face_z(const double *, double *, int, int, int, int, int)"
24044459252,8657,24044467909,1645590,24046113499,2688,1656935,132,132,7,cudaLaunchKernel, 977    1    1, 256    1    1,"<unnamed>::unpack_face_y(const double *, double *, int, int, int, int, int)"
24044460030,5068,24044465098,12334,24044477432,12960,30362,124,124,6,cudaLaunchKernel,1946    1    1, 256    1    1,"<unnamed>::step_kernel_boundary_y_faces(const double *, const double *, double *, const double *, const double *, int, int, int, int, int, int, int, double, double, bool)"
24044463021,11768,24044474789,193404,24044668193,13600,218772,120,120,2,cudaLaunchKernel, 977    1    1, 256    1    1,"<unnamed>::pack_face_z(const double *, double *, int, int, int, int, int)"
24044463201,4307,24044467508,1575062,24046042570,15264,1594633,121,121,3,cudaLaunchKernel, 977    1    1, 256    1    1,"<unnamed>::unpack_face_z(const double *, double *, int, int, int, int, int)"
24044465452,3224,24044468676,23028,24044491704,115807,142059,124,124,6,cudaLaunchKernel,1938    1    1, 256    1    1,"<unnamed>::step_kernel_boundary_z_faces(const double *, const double *, double *, const double *, const double *, int, int, int, int, int, int, int, double, double, bool)"
24044465927,9498,24044475425,7368,24044482793,13696,30562,123,123,5,cudaLaunchKernel,1954    1    1, 256    1    1,"<unnamed>::step_kernel_boundary_x_faces(const double *, const double *, double *, const double *, const double *, int, int, int, int, int, int, int, double, double, bool)"
24044468738,13814,24044482552,1576978,24046059530,14688,1605480,121,121,3,cudaLaunchKernel,1954    1    1, 256    1    1,"<unnamed>::step_kernel_boundary_x_faces(const double *, const double *, double *, const double *, const double *, int, int, int, int, int, int, int, double, double, bool)"
24044471464,13216,24044484680,1632595,24046117275,15424,1661235,132,132,7,cudaLaunchKernel, 977    1    1, 256    1    1,"<unnamed>::unpack_face_z(const double *, double *, int, int, int, int, int)"
24044476421,11580,24044488001,9544,24044497545,13376,34500,123,123,5,cudaLaunchKernel,1946    1    1, 256    1    1,"<unnamed>::step_kernel_boundary_y_faces(const double *, const double *, double *, const double *, const double *, int, int, int, int, int, int, int, double, double, bool)"
24044476715,9709,24044486424,122687,24044609111,2943,135339,124,124,6,cudaLaunchKernel, 977    1    1, 256    1    1,"<unnamed>::pack_face_x(const double *, double *, int, int, int, int, int)"
24044483420,6024,24044489444,1585766,24046075210,12896,1604686,121,121,3,cudaLaunchKernel,1946    1    1, 256    1    1,"<unnamed>::step_kernel_boundary_y_faces(const double *, const double *, double *, const double *, const double *, int, int, int, int, int, int, int, double, double, bool)"
24044486402,6666,24044493068,1640655,24046133723,13536,1660857,132,132,7,cudaLaunchKernel,1954    1    1, 256    1    1,"<unnamed>::step_kernel_boundary_x_faces(const double *, const double *, double *, const double *, const double *, int, int, int, int, int, int, int, double, double, bool)"
24044487400,3895,24044491295,122199,24044613494,2912,129006,124,124,6,cudaLaunchKernel, 977    1    1, 256    1    1,"<unnamed>::pack_face_y(const double *, double *, int, int, int, int, int)"
24044488879,4096,24044492975,18938,24044511913,115199,138233,123,123,5,cudaLaunchKernel,1938    1    1, 256    1    1,"<unnamed>::step_kernel_boundary_z_faces(const double *, const double *, double *, const double *, const double *, int, int, int, int, int, int, int, double, double, bool)"
24044489803,3787,24044493590,1595636,24046089226,116063,1715486,121,121,3,cudaLaunchKernel,1938    1    1, 256    1    1,"<unnamed>::step_kernel_boundary_z_faces(const double *, const double *, double *, const double *, const double *, int, int, int, int, int, int, int, double, double, bool)"
24044491701,8424,24044500125,117721,24044617846,14048,140193,124,124,6,cudaLaunchKernel, 977    1    1, 256    1    1,"<unnamed>::pack_face_z(const double *, double *, int, int, int, int, int)"
24044497697,12274,24044509971,1638440,24046148411,13024,1663738,132,132,7,cudaLaunchKernel,1946    1    1, 256    1    1,"<unnamed>::step_kernel_boundary_y_faces(const double *, const double *, double *, const double *, const double *, int, int, int, int, int, int, int, double, double, bool)"
24044501580,12376,24044513956,114724,24044628680,2912,130012,123,123,5,cudaLaunchKernel, 977    1    1, 256    1    1,"<unnamed>::pack_face_x(const double *, double *, int, int, int, int, int)"
24044502028,10470,24044512498,1694231,24046206729,3040,1707741,121,121,3,cudaLaunchKernel, 977    1    1, 256    1    1,"<unnamed>::pack_face_x(const double *, double *, int, int, int, int, int)"
24044510834,5908,24044516742,1645845,24046162587,116511,1768264,132,132,7,cudaLaunchKernel,1938    1    1, 256    1    1,"<unnamed>::step_kernel_boundary_z_faces(const double *, const double *, double *, const double *, const double *, int, int, int, int, int, int, int, double, double, bool)"
24044513534,4701,24044518235,1692622,24046210857,3072,1700395,121,121,3,cudaLaunchKernel, 977    1    1, 256    1    1,"<unnamed>::pack_face_y(const double *, double *, int, int, int, int, int)"
24044514913,10855,24044525768,107520,24044633288,3264,121639,123,123,5,cudaLaunchKernel, 977    1    1, 256    1    1,"<unnamed>::pack_face_y(const double *, double *, int, int, int, int, int)"
24044518579,9756,24044528335,1686842,24046215177,14048,1710646,121,121,3,cudaLaunchKernel, 977    1    1, 256    1    1,"<unnamed>::pack_face_z(const double *, double *, int, int, int, int, int)"
24044523753,12544,24044536297,1229,24044537526,1749849,1763622,122,122,4,cudaLaunchKernel,  16  125  125,  32    4    4,"<unnamed>::step_kernel_interior(const double *, const double *, double *, const double *, const double *, int, int, int, int, int, int, int, double, double, bool)"
24044525375,13266,24044538641,1742217,24046280858,2976,1758459,132,132,7,cudaLaunchKernel, 977    1    1, 256    1    1,"<unnamed>::pack_face_x(const double *, double *, int, int, int, int, int)"
24044526726,12252,24044538978,98694,24044637672,14175,125121,123,123,5,cudaLaunchKernel, 977    1    1, 256    1    1,"<unnamed>::pack_face_z(const double *, double *, int, int, int, int, int)"
24044539587,15106,24044554693,1730293,24046284986,2943,1748342,132,132,7,cudaLaunchKernel, 977    1    1, 256    1    1,"<unnamed>::pack_face_y(const double *, double *, int, int, int, int, int)"
24044555625,11360,24044566985,1722064,24046289049,14272,1747696,132,132,7,cudaLaunchKernel, 977    1    1, 256    1    1,"<unnamed>::pack_face_z(const double *, double *, int, int, int, int, int)"
24044661103,7162,24044668265,2125,24044670390,1753137,1762424,124,124,6,cudaLaunchKernel,  16  125  125,  32    4    4,"<unnamed>::step_kernel_interior(const double *, const double *, double *, const double *, const double *, int, int, int, int, int, int, int, double, double, bool)"
24044662930,13203,24044676133,1272,24044677405,1751578,1766053,119,119,1,cudaLaunchKernel,  16  125  125,  32    4    4,"<unnamed>::step_kernel_interior(const double *, const double *, double *, const double *, const double *, int, int, int, int, int, int, int, double, double, bool)"
24044684256,11549,,,24044694055,1755281,1765080,123,123,5,cudaLaunchKernel,  16  125  125,  32    4    4,"<unnamed>::step_kernel_interior(const double *, const double *, double *, const double *, const double *, int, int, int, int, int, int, int, double, double, bool)"
24044726402,12823,24044739225,1639,24044740864,1752879,1767341,120,120,2,cudaLaunchKernel,  16  125  125,  32    4    4,"<unnamed>::step_kernel_interior(const double *, const double *, double *, const double *, const double *, int, int, int, int, int, int, int, double, double, bool)"
24044741934,13260,24044755194,1527989,24046283183,4704,1545953,122,122,4,cudaLaunchKernel, 977    1    1, 256    1    1,"<unnamed>::unpack_face_x(const double *, double *, int, int, int, int, int)"
24044756147,11205,24044767352,1523191,24046290543,2592,1536988,122,122,4,cudaLaunchKernel, 977    1    1, 256    1    1,"<unnamed>::unpack_face_y(const double *, double *, int, int, int, int, int)"
24044763333,12573,24044775906,1533,24044777439,2624,16730,118,118,0,cudaLaunchKernel, 977    1    1, 256    1    1,"<unnamed>::unpack_face_x(const double *, double *, int, int, int, int, int)"
24044771512,8735,24044780247,1513976,24046294223,15552,1538263,122,122,4,cudaLaunchKernel, 977    1    1, 256    1    1,"<unnamed>::unpack_face_z(const double *, double *, int, int, int, int, int)"
24044776828,10481,24044787309,2130,24044789439,2592,15203,118,118,0,cudaLaunchKernel, 977    1    1, 256    1    1,"<unnamed>::unpack_face_y(const double *, double *, int, int, int, int, int)"
24044785915,8314,24044794229,1516922,24046311151,13376,1538612,122,122,4,cudaLaunchKernel,1954    1    1, 256    1    1,"<unnamed>::step_kernel_boundary_x_faces(const double *, const double *, double *, const double *, const double *, int, int, int, int, int, int, int, double, double, bool)"
24044788236,6525,24044794761,2230,24044796991,16352,25107,118,118,0,cudaLaunchKernel, 977    1    1, 256    1    1,"<unnamed>::unpack_face_z(const double *, double *, int, int, int, int, int)"
24044794602,10211,24044804813,1520994,24046325807,13312,1544517,122,122,4,cudaLaunchKernel,1946    1    1, 256    1    1,"<unnamed>::step_kernel_boundary_y_faces(const double *, const double *, double *, const double *, const double *, int, int, int, int, int, int, int, double, double, bool)"
24044796181,9831,24044806012,8739,24044814751,13760,32330,118,118,0,cudaLaunchKernel,1954    1    1, 256    1    1,"<unnamed>::step_kernel_boundary_x_faces(const double *, const double *, double *, const double *, const double *, int, int, int, int, int, int, int, double, double, bool)"
24044805684,7578,24044813262,1527169,24046340431,116543,1651290,122,122,4,cudaLaunchKernel,1938    1    1, 256    1    1,"<unnamed>::step_kernel_boundary_z_faces(const double *, const double *, double *, const double *, const double *, int, int, int, int, int, int, int, double, double, bool)"
24044806900,6185,24044813085,16610,24044829695,13120,35915,118,118,0,cudaLaunchKernel,1946    1    1, 256    1    1,"<unnamed>::step_kernel_boundary_y_faces(const double *, const double *, double *, const double *, const double *, int, int, int, int, int, int, int, double, double, bool)"
24044813456,15660,24044829116,14755,24044843871,116895,147310,118,118,0,cudaLaunchKernel,1938    1    1, 256    1    1,"<unnamed>::step_kernel_boundary_z_faces(const double *, const double *, double *, const double *, const double *, int, int, int, int, int, int, int, double, double, bool)"
24046255839,10336,24046266175,1353,24046267528,1754900,1766589,121,121,3,cudaLaunchKernel,  16  125  125,  32    4    4,"<unnamed>::step_kernel_interior(const double *, const double *, double *, const double *, const double *, int, int, int, int, int, int, int, double, double, bool)"
24046311197,6703,24046317900,106635,24046424535,4960,118298,119,119,1,cudaLaunchKernel, 977    1    1, 256    1    1,"<unnamed>::unpack_face_x(const double *, double *, int, int, int, int, int)"
24046318551,3570,24046322121,108910,24046431031,2688,115168,119,119,1,cudaLaunchKernel, 977    1    1, 256    1    1,"<unnamed>::unpack_face_y(const double *, double *, int, int, int, int, int)"
24046322495,7886,24046330381,105066,24046435447,17088,130040,119,119,1,cudaLaunchKernel, 977    1    1, 256    1    1,"<unnamed>::unpack_face_z(const double *, double *, int, int, int, int, int)"
24046332130,5685,24046337815,115744,24046453559,14048,135477,119,119,1,cudaLaunchKernel,1954    1    1, 256    1    1,"<unnamed>::step_kernel_boundary_x_faces(const double *, const double *, double *, const double *, const double *, int, int, int, int, int, int, int, double, double, bool)"
24046334647,12608,24046347255,1442,24046348697,1753168,1767218,132,132,7,cudaLaunchKernel,  16  125  125,  32    4    4,"<unnamed>::step_kernel_interior(const double *, const double *, double *, const double *, const double *, int, int, int, int, int, int, int, double, double, bool)"
24046338218,3647,24046341865,126798,24046468663,12960,143405,119,119,1,cudaLaunchKernel,1946    1    1, 256    1    1,"<unnamed>::step_kernel_boundary_y_faces(const double *, const double *, double *, const double *, const double *, int, int, int, int, int, int, int, double, double, bool)"
24046340000,15293,24046355293,133202,24046488495,4544,153039,120,120,2,cudaLaunchKernel, 977    1    1, 256    1    1,"<unnamed>::unpack_face_x(const double *, double *, int, int, int, int, int)"
24046345949,10122,24046356071,126864,24046482935,116544,253530,119,119,1,cudaLaunchKernel,1938    1    1, 256    1    1,"<unnamed>::step_kernel_boundary_z_faces(const double *, const double *, double *, const double *, const double *, int, int, int, int, int, int, int, double, double, bool)"
24046356359,12081,24046368440,126103,24046494543,2688,140872,120,120,2,cudaLaunchKernel, 977    1    1, 256    1    1,"<unnamed>::unpack_face_y(const double *, double *, int, int, int, int, int)"
24046369442,14634,24046384076,114307,24046498383,15456,144397,120,120,2,cudaLaunchKernel, 977    1    1, 256    1    1,"<unnamed>::unpack_face_z(const double *, double *, int, int, int, int, int)"
24046386383,13429,24046399812,115147,24046514959,14016,142592,120,120,2,cudaLaunchKernel,1954    1    1, 256    1    1,"<unnamed>::step_kernel_boundary_x_faces(const double *, const double *, double *, const double *, const double *, int, int, int, int, int, int, int, double, double, bool)"
24046400887,12108,24046412995,117324,24046530319,14240,143672,120,120,2,cudaLaunchKernel,1946    1    1, 256    1    1,"<unnamed>::step_kernel_boundary_y_faces(const double *, const double *, double *, const double *, const double *, int, int, int, int, int, int, int, double, double, bool)"
24046406663,6305,24046412968,6303,24046419271,3744,16352,124,124,6,cudaLaunchKernel, 977    1    1, 256    1    1,"<unnamed>::unpack_face_x(const double *, double *, int, int, int, int, int)"
24046413580,3173,24046416753,7574,24046424327,2656,13403,124,124,6,cudaLaunchKernel, 977    1    1, 256    1    1,"<unnamed>::unpack_face_y(const double *, double *, int, int, int, int, int)"
24046413952,11700,24046425652,120027,24046545679,115230,246957,120,120,2,cudaLaunchKernel,1938    1    1, 256    1    1,"<unnamed>::step_kernel_boundary_z_faces(const double *, const double *, double *, const double *, const double *, int, int, int, int, int, int, int, double, double, bool)"
24046414903,12304,24046427207,17681,24046444888,3840,33825,123,123,5,cudaLaunchKernel, 977    1    1, 256    1    1,"<unnamed>::unpack_face_x(const double *, double *, int, int, int, int, int)"
24046417131,8367,24046425498,2829,24046428327,15296,26492,124,124,6,cudaLaunchKernel, 977    1    1, 256    1    1,"<unnamed>::unpack_face_z(const double *, double *, int, int, int, int, int)"
24046427193,8643,24046435836,9099,24046444935,13536,31278,124,124,6,cudaLaunchKernel,1954    1    1, 256    1    1,"<unnamed>::step_kernel_boundary_x_faces(const double *, const double *, double *, const double *, const double *, int, int, int, int, int, int, int, double, double, bool)"
24046428207,14665,24046442872,7040,24046449912,2592,24297,123,123,5,cudaLaunchKernel, 977    1    1, 256    1    1,"<unnamed>::unpack_face_y(const double *, double *, int, int, int, int, int)"
24046435905,10554,24046446459,1570881,24048017340,4448,1585883,121,121,3,cudaLaunchKernel, 977    1    1, 256    1    1,"<unnamed>::unpack_face_x(const double *, double *, int, int, int, int, int)"
24046436745,9742,24046446487,13264,24046459751,13375,36381,124,124,6,cudaLaunchKernel,1946    1    1, 256    1    1,"<unnamed>::step_kernel_boundary_y_faces(const double *, const double *, double *, const double *, const double *, int, int, int, int, int, int, int, double, double, bool)"
24046437244,11376,24046448620,1648669,24048097289,5088,1665133,132,132,7,cudaLaunchKernel, 977    1    1, 256    1    1,"<unnamed>::unpack_face_x(const double *, double *, int, int, int, int, int)"
24046443974,7632,24046451606,2402,24046454008,15552,25586,123,123,5,cudaLaunchKernel, 977    1    1, 256    1    1,"<unnamed>::unpack_face_z(const double *, double *, int, int, int, int, int)"
24046447360,4203,24046451563,23003,24046474566,117119,144325,124,124,6,cudaLaunchKernel,1938    1    1, 256    1    1,"<unnamed>::step_kernel_boundary_z_faces(const double *, const double *, double *, const double *, const double *, int, int, int, int, int, int, int, double, double, bool)"
24046447438,7637,24046455075,1568217,24048023292,2752,1578606,121,121,3,cudaLaunchKernel, 977    1    1, 256    1    1,"<unnamed>::unpack_face_y(const double *, double *, int, int, int, int, int)"
24046449732,10387,24046460119,1643698,24048103817,2560,1656645,132,132,7,cudaLaunchKernel, 977    1    1, 256    1    1,"<unnamed>::unpack_face_y(const double *, double *, int, int, int, int, int)"
24046456892,6874,24046463766,1563238,24048027004,15519,1585631,121,121,3,cudaLaunchKernel, 977    1    1, 256    1    1,"<unnamed>::unpack_face_z(const double *, double *, int, int, int, int, int)"
24046457014,12745,24046469759,857,24046470616,13855,27457,123,123,5,cudaLaunchKernel,1954    1    1, 256    1    1,"<unnamed>::step_kernel_boundary_x_faces(const double *, const double *, double *, const double *, const double *, int, int, int, int, int, int, int, double, double, bool)"
24046461100,19028,24046480128,1627241,24048107369,17024,1663293,132,132,7,cudaLaunchKernel, 977    1    1, 256    1    1,"<unnamed>::unpack_face_z(const double *, double *, int, int, int, int, int)"
24046468265,10783,24046479048,1564627,24048043675,13728,1589138,121,121,3,cudaLaunchKernel,1954    1    1, 256    1    1,"<unnamed>::step_kernel_boundary_x_faces(const double *, const double *, double *, const double *, const double *, int, int, int, int, int, int, int, double, double, bool)"
24046470640,10750,24046481390,4169,24046485559,13280,28199,123,123,5,cudaLaunchKernel,1946    1    1, 256    1    1,"<unnamed>::step_kernel_boundary_y_faces(const double *, const double *, double *, const double *, const double *, int, int, int, int, int, int, int, double, double, bool)"
24046480032,9840,24046489872,1568555,24048058427,13888,1592283,121,121,3,cudaLaunchKernel,1946    1    1, 256    1    1,"<unnamed>::step_kernel_boundary_y_faces(const double *, const double *, double *, const double *, const double *, int, int, int, int, int, int, int, double, double, bool)"
24046481864,10836,24046492700,1632749,24048125449,13407,1656992,132,132,7,cudaLaunchKernel,1954    1    1, 256    1    1,"<unnamed>::step_kernel_boundary_x_faces(const double *, const double *, double *, const double *, const double *, int, int, int, int, int, int, int, double, double, bool)"
24046482258,14111,24046496369,3590,24046499959,115935,133636,123,123,5,cudaLaunchKernel,1938    1    1, 256    1    1,"<unnamed>::step_kernel_boundary_z_faces(const double *, const double *, double *, const double *, const double *, int, int, int, int, int, int, int, double, double, bool)"
24046490719,10214,24046500933,1572790,24048073723,115423,1698427,121,121,3,cudaLaunchKernel,1938    1    1, 256    1    1,"<unnamed>::step_kernel_boundary_z_faces(const double *, const double *, double *, const double *, const double *, int, int, int, int, int, int, int, double, double, bool)"
24046496876,13068,24046509944,1630064,24048140008,13376,1656508,132,132,7,cudaLaunchKernel,1946    1    1, 256    1    1,"<unnamed>::step_kernel_boundary_y_faces(const double *, const double *, double *, const double *, const double *, int, int, int, int, int, int, int, double, double, bool)"
24046510905,13183,24046524088,1630288,24048154376,115711,1759182,132,132,7,cudaLaunchKernel,1938    1    1, 256    1    1,"<unnamed>::step_kernel_boundary_z_faces(const double *, const double *, double *, const double *, const double *, int, int, int, int, int, int, int, double, double, bool)"
